0.000000000000000000e+00 2.115507602691650391e+00
2.000000000000000000e+00 1.959479570388793945e+00
4.000000000000000000e+00 1.982476830482482910e+00
6.000000000000000000e+00 2.228626251220703125e+00
8.000000000000000000e+00 2.794968128204345703e+00
1.000000000000000000e+01 2.745568752288818359e+00
1.200000000000000000e+01 2.382521867752075195e+00
1.400000000000000000e+01 2.344597101211547852e+00
1.600000000000000000e+01 2.489913702011108398e+00
1.800000000000000000e+01 2.765151977539062500e+00
2.000000000000000000e+01 2.934891939163208008e+00
2.200000000000000000e+01 2.923700094223022461e+00
2.400000000000000000e+01 2.717398166656494141e+00
2.600000000000000000e+01 -3.117007255554199219e+00
2.800000000000000000e+01 3.094678878784179688e+00
3.000000000000000000e+01 -3.119988441467285156e+00
3.200000000000000000e+01 2.967819213867187500e+00
3.400000000000000000e+01 -3.137822628021240234e+00
3.600000000000000000e+01 -2.868706941604614258e+00
3.800000000000000000e+01 -2.861008167266845703e+00
4.000000000000000000e+01 -2.760905027389526367e+00
4.200000000000000000e+01 -3.107292413711547852e+00
4.400000000000000000e+01 2.882499933242797852e+00
4.600000000000000000e+01 2.977165222167968750e+00
4.800000000000000000e+01 2.872116804122924805e+00
5.000000000000000000e+01 2.880545139312744141e+00
5.200000000000000000e+01 2.902256488800048828e+00
5.400000000000000000e+01 2.727516174316406250e+00
5.600000000000000000e+01 2.916226863861083984e+00
5.800000000000000000e+01 2.974608182907104492e+00
6.000000000000000000e+01 2.809710741043090820e+00
6.200000000000000000e+01 2.798164606094360352e+00
6.400000000000000000e+01 2.686461210250854492e+00
6.600000000000000000e+01 2.928987026214599609e+00
6.800000000000000000e+01 2.858406066894531250e+00
7.000000000000000000e+01 2.925265073776245117e+00
7.200000000000000000e+01 2.843204975128173828e+00
7.400000000000000000e+01 2.909183502197265625e+00
7.600000000000000000e+01 2.975184917449951172e+00
7.800000000000000000e+01 2.957506656646728516e+00
8.000000000000000000e+01 3.071187734603881836e+00
8.200000000000000000e+01 2.880216121673583984e+00
8.400000000000000000e+01 3.038943052291870117e+00
8.600000000000000000e+01 2.806981325149536133e+00
8.800000000000000000e+01 2.914520740509033203e+00
9.000000000000000000e+01 2.935232162475585938e+00
9.200000000000000000e+01 2.957519769668579102e+00
9.400000000000000000e+01 2.813970327377319336e+00
9.600000000000000000e+01 2.629492998123168945e+00
9.800000000000000000e+01 2.702358961105346680e+00
1.000000000000000000e+02 2.707906961441040039e+00
1.020000000000000000e+02 2.660990715026855469e+00
1.040000000000000000e+02 2.968172311782836914e+00
1.060000000000000000e+02 2.886456727981567383e+00
1.080000000000000000e+02 3.108932733535766602e+00
1.100000000000000000e+02 2.529588222503662109e+00
1.120000000000000000e+02 2.343028068542480469e+00
1.140000000000000000e+02 -2.230118513107299805e+00
1.160000000000000000e+02 -2.364211082458496094e+00
1.180000000000000000e+02 -2.342051506042480469e+00
1.200000000000000000e+02 -2.354369163513183594e+00
1.220000000000000000e+02 -7.872883081436157227e-01
1.240000000000000000e+02 -8.123978376388549805e-01
1.260000000000000000e+02 -1.021828889846801758e+00
1.280000000000000000e+02 -1.115724325180053711e+00
1.300000000000000000e+02 -8.017556667327880859e-01
1.320000000000000000e+02 -5.456189513206481934e-01
1.340000000000000000e+02 -7.161383032798767090e-01
1.360000000000000000e+02 -3.365376889705657959e-01
1.380000000000000000e+02 -3.892634212970733643e-01
1.400000000000000000e+02 1.903038322925567627e-01
1.420000000000000000e+02 1.190002858638763428e-01
1.440000000000000000e+02 -1.114496141672134399e-01
1.460000000000000000e+02 -5.779161453247070312e-01
1.480000000000000000e+02 -4.898437559604644775e-01
1.500000000000000000e+02 -8.222727775573730469e-01
1.520000000000000000e+02 -1.005987524986267090e+00
1.540000000000000000e+02 -1.351927280426025391e+00
1.560000000000000000e+02 -1.522212028503417969e+00
1.580000000000000000e+02 -1.359670281410217285e+00
1.600000000000000000e+02 -1.335095882415771484e+00
1.620000000000000000e+02 -1.456278443336486816e+00
1.640000000000000000e+02 -1.334356307983398438e+00
1.660000000000000000e+02 -1.461227774620056152e+00
1.680000000000000000e+02 1.439684629440307617e+00
1.700000000000000000e+02 1.722659945487976074e+00
1.720000000000000000e+02 1.865030765533447266e+00
1.740000000000000000e+02 2.092888116836547852e+00
1.760000000000000000e+02 1.994419813156127930e+00
1.780000000000000000e+02 1.604655623435974121e+00
1.800000000000000000e+02 1.877068281173706055e+00
1.820000000000000000e+02 1.301593780517578125e+00
1.840000000000000000e+02 1.296315193176269531e+00
1.860000000000000000e+02 1.682699203491210938e+00
1.880000000000000000e+02 1.651595592498779297e+00
1.900000000000000000e+02 -1.603233337402343750e+00
1.920000000000000000e+02 -1.588600754737854004e+00
1.940000000000000000e+02 -1.360700726509094238e+00
1.960000000000000000e+02 -1.419932365417480469e+00
1.980000000000000000e+02 1.155564308166503906e+00
2.000000000000000000e+02 -1.308859586715698242e+00
2.020000000000000000e+02 -1.514418840408325195e+00
2.040000000000000000e+02 -1.417936444282531738e+00
2.060000000000000000e+02 -1.673877954483032227e+00
2.080000000000000000e+02 -1.594971299171447754e+00
2.100000000000000000e+02 -1.632909417152404785e+00
2.120000000000000000e+02 -1.730122923851013184e+00
2.140000000000000000e+02 1.758449673652648926e+00
2.160000000000000000e+02 -1.663060307502746582e+00
2.180000000000000000e+02 -1.711348176002502441e+00
2.200000000000000000e+02 -1.708738207817077637e+00
2.220000000000000000e+02 -2.044510602951049805e+00
2.240000000000000000e+02 -2.202423810958862305e+00
2.260000000000000000e+02 -1.933404088020324707e+00
2.280000000000000000e+02 1.847682714462280273e+00
2.300000000000000000e+02 1.795813679695129395e+00
2.320000000000000000e+02 1.658601403236389160e+00
2.340000000000000000e+02 1.582619309425354004e+00
2.360000000000000000e+02 1.593515515327453613e+00
2.380000000000000000e+02 1.371241569519042969e+00
2.400000000000000000e+02 1.806834936141967773e+00
2.420000000000000000e+02 1.508529663085937500e+00
2.440000000000000000e+02 1.483445286750793457e+00
2.460000000000000000e+02 1.673706054687500000e+00
2.480000000000000000e+02 1.508046030998229980e+00
2.500000000000000000e+02 1.791264533996582031e+00
2.520000000000000000e+02 2.092923879623413086e+00
2.540000000000000000e+02 2.179514646530151367e+00
2.560000000000000000e+02 2.130848884582519531e+00
2.580000000000000000e+02 -2.027528524398803711e+00
2.600000000000000000e+02 2.012282371520996094e+00
2.620000000000000000e+02 2.492735147476196289e+00
2.640000000000000000e+02 2.357079505920410156e+00
2.660000000000000000e+02 2.355321884155273438e+00
2.680000000000000000e+02 2.294956684112548828e+00
2.700000000000000000e+02 2.308953762054443359e+00
2.720000000000000000e+02 2.192948818206787109e+00
2.740000000000000000e+02 2.477959871292114258e+00
2.760000000000000000e+02 2.511508226394653320e+00
2.780000000000000000e+02 2.461876630783081055e+00
2.800000000000000000e+02 2.429575443267822266e+00
2.820000000000000000e+02 2.281069517135620117e+00
2.840000000000000000e+02 -2.140529394149780273e+00
2.860000000000000000e+02 2.178383111953735352e+00
2.880000000000000000e+02 2.258979797363281250e+00
2.900000000000000000e+02 2.310544490814208984e+00
2.920000000000000000e+02 1.999480843544006348e+00
2.940000000000000000e+02 2.116921424865722656e+00
2.960000000000000000e+02 2.067151784896850586e+00
2.980000000000000000e+02 -2.012441158294677734e+00
3.000000000000000000e+02 -2.104044198989868164e+00
3.020000000000000000e+02 -2.258048057556152344e+00
3.040000000000000000e+02 -2.277033329010009766e+00
3.060000000000000000e+02 -2.372608423233032227e+00
3.080000000000000000e+02 -2.308779239654541016e+00
3.100000000000000000e+02 -2.447012186050415039e+00
3.120000000000000000e+02 -2.280316352844238281e+00
3.140000000000000000e+02 -2.398208379745483398e+00
3.160000000000000000e+02 -2.422309637069702148e+00
3.180000000000000000e+02 -2.345109701156616211e+00
3.200000000000000000e+02 2.449878215789794922e+00
3.220000000000000000e+02 7.344099879264831543e-01
3.240000000000000000e+02 6.288397312164306641e-01
3.260000000000000000e+02 2.350591659545898438e+00
3.280000000000000000e+02 2.347891330718994141e+00
3.300000000000000000e+02 2.361972570419311523e+00
3.320000000000000000e+02 -2.193387746810913086e+00
3.340000000000000000e+02 8.402552604675292969e-01
3.360000000000000000e+02 -2.410425186157226562e+00
3.380000000000000000e+02 -2.330692052841186523e+00
3.400000000000000000e+02 2.192316770553588867e+00
3.420000000000000000e+02 -2.201222181320190430e+00
3.440000000000000000e+02 2.190392255783081055e+00
3.460000000000000000e+02 2.286544799804687500e+00
3.480000000000000000e+02 2.408340215682983398e+00
3.500000000000000000e+02 2.341222524642944336e+00
3.520000000000000000e+02 2.450262784957885742e+00
3.540000000000000000e+02 2.471161842346191406e+00
3.560000000000000000e+02 2.357734918594360352e+00
3.580000000000000000e+02 2.284389495849609375e+00
3.600000000000000000e+02 2.112756967544555664e+00
3.620000000000000000e+02 2.349295616149902344e+00
3.640000000000000000e+02 2.305706262588500977e+00
3.660000000000000000e+02 2.236505985260009766e+00
3.680000000000000000e+02 -2.170234918594360352e+00
3.700000000000000000e+02 -2.086900472640991211e+00
3.720000000000000000e+02 -2.087389707565307617e+00
3.740000000000000000e+02 -1.916748881340026855e+00
3.760000000000000000e+02 1.936802148818969727e+00
3.780000000000000000e+02 1.945353150367736816e+00
3.800000000000000000e+02 1.943391919136047363e+00
3.820000000000000000e+02 1.938785552978515625e+00
3.840000000000000000e+02 1.890031456947326660e+00
3.860000000000000000e+02 1.690680742263793945e+00
3.880000000000000000e+02 1.552106976509094238e+00
3.900000000000000000e+02 1.569619774818420410e+00
3.920000000000000000e+02 1.251933217048645020e+00
3.940000000000000000e+02 1.296881675720214844e+00
3.960000000000000000e+02 -1.474365234375000000e+00
3.980000000000000000e+02 -1.421651601791381836e+00
4.000000000000000000e+02 -1.381012082099914551e+00
4.020000000000000000e+02 -1.193151831626892090e+00
4.040000000000000000e+02 -1.155123710632324219e+00
4.060000000000000000e+02 1.085068821907043457e+00
4.080000000000000000e+02 1.043937444686889648e+00
4.100000000000000000e+02 9.000851511955261230e-01
4.120000000000000000e+02 -8.755649924278259277e-01
4.140000000000000000e+02 9.720516800880432129e-01
4.160000000000000000e+02 -1.000604391098022461e+00
4.180000000000000000e+02 -9.976353049278259277e-01
4.200000000000000000e+02 -9.387137889862060547e-01
4.220000000000000000e+02 -7.985283732414245605e-01
4.240000000000000000e+02 -7.969086170196533203e-01
4.260000000000000000e+02 9.111129641532897949e-01
4.280000000000000000e+02 8.224992156028747559e-01
4.300000000000000000e+02 -7.671283483505249023e-01
4.320000000000000000e+02 -9.140180945396423340e-01
4.340000000000000000e+02 -1.140649080276489258e+00
4.360000000000000000e+02 -1.222253084182739258e+00
4.380000000000000000e+02 -1.080380320549011230e+00
4.400000000000000000e+02 -1.213821053504943848e+00
4.420000000000000000e+02 -1.540578246116638184e+00
4.440000000000000000e+02 -1.513565063476562500e+00
4.460000000000000000e+02 -1.849541068077087402e+00
4.480000000000000000e+02 -2.009654045104980469e+00
4.500000000000000000e+02 -2.095619201660156250e+00
4.520000000000000000e+02 -1.947828173637390137e+00
4.540000000000000000e+02 -1.848204731941223145e+00
4.560000000000000000e+02 -1.944190144538879395e+00
4.580000000000000000e+02 -2.178109884262084961e+00
4.600000000000000000e+02 -2.388645172119140625e+00
4.620000000000000000e+02 -2.143405437469482422e+00
4.640000000000000000e+02 -2.081121921539306641e+00
4.660000000000000000e+02 -2.120771646499633789e+00
4.680000000000000000e+02 -2.163388490676879883e+00
4.700000000000000000e+02 -1.900199055671691895e+00
4.720000000000000000e+02 -1.755806565284729004e+00
4.740000000000000000e+02 -1.636961936950683594e+00
4.760000000000000000e+02 -1.573294162750244141e+00
4.780000000000000000e+02 -1.547721624374389648e+00
4.800000000000000000e+02 1.616219520568847656e+00
4.820000000000000000e+02 -1.562527418136596680e+00
4.840000000000000000e+02 -1.765132784843444824e+00
4.860000000000000000e+02 1.684134364128112793e+00
4.880000000000000000e+02 1.777197957038879395e+00
4.900000000000000000e+02 2.027440547943115234e+00
4.920000000000000000e+02 -2.062325239181518555e+00
4.940000000000000000e+02 -2.023535490036010742e+00
4.960000000000000000e+02 -1.827888965606689453e+00
4.980000000000000000e+02 -1.892782449722290039e+00
5.000000000000000000e+02 -1.807899713516235352e+00
5.020000000000000000e+02 1.747716069221496582e+00
5.040000000000000000e+02 -1.635887026786804199e+00
5.060000000000000000e+02 1.483258962631225586e+00
5.080000000000000000e+02 -1.516394495964050293e+00
5.100000000000000000e+02 -1.540815591812133789e+00
5.120000000000000000e+02 -1.048354268074035645e+00
5.140000000000000000e+02 -1.464442491531372070e+00
5.160000000000000000e+02 -1.189562439918518066e+00
5.180000000000000000e+02 -1.334734797477722168e+00
5.200000000000000000e+02 -1.423609614372253418e+00
5.220000000000000000e+02 -1.148841381072998047e+00
5.240000000000000000e+02 -1.372510552406311035e+00
5.260000000000000000e+02 -1.328658938407897949e+00
5.280000000000000000e+02 -1.384890794754028320e+00
5.300000000000000000e+02 -1.418613553047180176e+00
5.320000000000000000e+02 -1.248163700103759766e+00
5.340000000000000000e+02 -1.563917636871337891e+00
5.360000000000000000e+02 -1.598663687705993652e+00
5.380000000000000000e+02 -1.593083262443542480e+00
5.400000000000000000e+02 1.484905362129211426e+00
5.420000000000000000e+02 1.472048044204711914e+00
5.440000000000000000e+02 1.594850301742553711e+00
5.460000000000000000e+02 -1.651025652885437012e+00
5.480000000000000000e+02 -1.809153795242309570e+00
5.500000000000000000e+02 -1.452406167984008789e+00
5.520000000000000000e+02 -1.556759238243103027e+00
5.540000000000000000e+02 -1.615557909011840820e+00
5.560000000000000000e+02 -1.432413101196289062e+00
5.580000000000000000e+02 -1.589819908142089844e+00
5.600000000000000000e+02 1.405310511589050293e+00
5.620000000000000000e+02 1.239303350448608398e+00
5.640000000000000000e+02 -1.193603515625000000e+00
5.660000000000000000e+02 -1.278486728668212891e+00
5.680000000000000000e+02 -1.377946019172668457e+00
5.700000000000000000e+02 -1.413726091384887695e+00
5.720000000000000000e+02 -1.565663814544677734e+00
5.740000000000000000e+02 -1.605937957763671875e+00
5.760000000000000000e+02 -1.629865527153015137e+00
5.780000000000000000e+02 1.526297450065612793e+00
5.800000000000000000e+02 -1.170292615890502930e+00
5.820000000000000000e+02 -1.085586786270141602e+00
5.840000000000000000e+02 -1.069189190864562988e+00
5.860000000000000000e+02 -1.120422124862670898e+00
5.880000000000000000e+02 1.094079375267028809e+00
5.900000000000000000e+02 -9.937716722488403320e-01
5.920000000000000000e+02 -7.860779166221618652e-01
5.940000000000000000e+02 -9.630635976791381836e-01
5.960000000000000000e+02 -8.317907452583312988e-01
5.980000000000000000e+02 -8.194775581359863281e-01
6.000000000000000000e+02 -6.127016544342041016e-01
6.020000000000000000e+02 -6.645885705947875977e-01
6.040000000000000000e+02 -8.616824746131896973e-01
6.060000000000000000e+02 -5.209982395172119141e-01
6.080000000000000000e+02 -2.258501201868057251e-01
6.100000000000000000e+02 -3.360550403594970703e-01
6.120000000000000000e+02 -7.783805727958679199e-01
6.140000000000000000e+02 -1.893956959247589111e-01
6.160000000000000000e+02 -3.754155635833740234e-01
6.180000000000000000e+02 -1.541239738464355469e+00
6.200000000000000000e+02 -1.129244446754455566e+00
6.220000000000000000e+02 -8.816848397254943848e-01
6.240000000000000000e+02 -9.456290602684020996e-01
6.260000000000000000e+02 -6.289179325103759766e-01
6.280000000000000000e+02 -1.199291050434112549e-01
6.300000000000000000e+02 7.097005248069763184e-01
6.320000000000000000e+02 1.801721096038818359e+00
6.340000000000000000e+02 1.737154841423034668e+00
6.360000000000000000e+02 1.797316908836364746e+00
6.380000000000000000e+02 2.337286949157714844e+00
6.400000000000000000e+02 2.248590230941772461e+00
6.420000000000000000e+02 2.202650785446166992e+00
6.440000000000000000e+02 1.896911621093750000e+00
6.460000000000000000e+02 -1.974239468574523926e+00
6.480000000000000000e+02 -1.996502041816711426e+00
6.500000000000000000e+02 -2.108645200729370117e+00
6.520000000000000000e+02 -2.159836530685424805e+00
6.540000000000000000e+02 -2.155475378036499023e+00
6.560000000000000000e+02 -2.255608797073364258e+00
6.580000000000000000e+02 2.020535707473754883e+00
6.600000000000000000e+02 1.778118729591369629e+00
6.620000000000000000e+02 -2.078436136245727539e+00
6.640000000000000000e+02 1.856607198715209961e+00
6.660000000000000000e+02 1.910470128059387207e+00
6.680000000000000000e+02 1.959147334098815918e+00
6.700000000000000000e+02 1.735045194625854492e+00
6.720000000000000000e+02 -1.784225702285766602e+00
6.740000000000000000e+02 -2.157401800155639648e+00
6.760000000000000000e+02 -2.057453393936157227e+00
6.780000000000000000e+02 -2.344612121582031250e+00
6.800000000000000000e+02 -2.498275518417358398e+00
6.820000000000000000e+02 -2.319666147232055664e+00
6.840000000000000000e+02 -2.589256286621093750e+00
6.860000000000000000e+02 -2.394130468368530273e+00
6.880000000000000000e+02 -2.389534711837768555e+00
6.900000000000000000e+02 -2.256672620773315430e+00
6.920000000000000000e+02 -2.239223480224609375e+00
6.940000000000000000e+02 -2.464626550674438477e+00
6.960000000000000000e+02 -5.292763710021972656e-01
6.980000000000000000e+02 -4.975111782550811768e-01
7.000000000000000000e+02 -6.184010505676269531e-01
7.020000000000000000e+02 -4.518870115280151367e-01
7.040000000000000000e+02 -4.065770506858825684e-01
7.060000000000000000e+02 -4.094634056091308594e-01
7.080000000000000000e+02 -2.148153930902481079e-01
7.100000000000000000e+02 -1.416857540607452393e-01
7.120000000000000000e+02 -8.726322650909423828e-02
7.140000000000000000e+02 2.568060457706451416e-01
7.160000000000000000e+02 2.115462869405746460e-01
7.180000000000000000e+02 -1.244901195168495178e-01
7.200000000000000000e+02 -8.707465976476669312e-02
7.220000000000000000e+02 -1.824153810739517212e-01
7.240000000000000000e+02 -4.365108311176300049e-01
7.260000000000000000e+02 -5.714461207389831543e-01
7.280000000000000000e+02 -1.062209367752075195e+00
7.300000000000000000e+02 -1.036613941192626953e+00
7.320000000000000000e+02 -1.134409189224243164e+00
7.340000000000000000e+02 -5.600715279579162598e-01
7.360000000000000000e+02 -5.237377285957336426e-01
7.380000000000000000e+02 -5.997705459594726562e-01
7.400000000000000000e+02 -4.671975076198577881e-01
7.420000000000000000e+02 -5.550254583358764648e-01
7.440000000000000000e+02 -4.592088460922241211e-01
7.460000000000000000e+02 -2.507498025894165039e+00
7.480000000000000000e+02 -2.337328672409057617e+00
7.500000000000000000e+02 -2.610246419906616211e+00
7.520000000000000000e+02 -2.429136037826538086e+00
7.540000000000000000e+02 -2.317253112792968750e+00
7.560000000000000000e+02 -2.250760555267333984e+00
7.580000000000000000e+02 -2.170464277267456055e+00
7.600000000000000000e+02 -2.137733459472656250e+00
7.620000000000000000e+02 -2.233254432678222656e+00
7.640000000000000000e+02 -2.348586082458496094e+00
7.660000000000000000e+02 -2.523058652877807617e+00
7.680000000000000000e+02 -2.501934766769409180e+00
7.700000000000000000e+02 -2.492155313491821289e+00
7.720000000000000000e+02 -2.379698276519775391e+00
7.740000000000000000e+02 -2.141986131668090820e+00
7.760000000000000000e+02 -2.040904521942138672e+00
7.780000000000000000e+02 -2.364170551300048828e+00
7.800000000000000000e+02 -2.381013870239257812e+00
7.820000000000000000e+02 -2.713715553283691406e+00
7.840000000000000000e+02 -2.728519678115844727e+00
7.860000000000000000e+02 -2.889999389648437500e+00
7.880000000000000000e+02 -2.845947742462158203e+00
7.900000000000000000e+02 -2.593823909759521484e+00
7.920000000000000000e+02 -2.842320442199707031e+00
7.940000000000000000e+02 -2.916307926177978516e+00
7.960000000000000000e+02 -3.014246463775634766e+00
7.980000000000000000e+02 -4.526019468903541565e-02
8.000000000000000000e+02 -6.148287281394004822e-02
8.020000000000000000e+02 -1.523132771253585815e-01
8.040000000000000000e+02 -3.048891127109527588e-01
8.060000000000000000e+02 -3.090687096118927002e-01
8.080000000000000000e+02 -2.937717914581298828e+00
8.100000000000000000e+02 -2.809083223342895508e+00
8.120000000000000000e+02 -2.907478809356689453e+00
8.140000000000000000e+02 -2.770496368408203125e+00
8.160000000000000000e+02 -2.621511459350585938e+00
8.180000000000000000e+02 -2.957110881805419922e+00
8.200000000000000000e+02 -2.901488304138183594e+00
8.220000000000000000e+02 -2.797327280044555664e+00
8.240000000000000000e+02 -2.425293684005737305e+00
8.260000000000000000e+02 -2.924034595489501953e+00
8.280000000000000000e+02 -2.899943351745605469e+00
8.300000000000000000e+02 -3.009473323822021484e+00
8.320000000000000000e+02 3.099231719970703125e+00
8.340000000000000000e+02 -3.057359695434570312e+00
8.360000000000000000e+02 2.708452224731445312e+00
8.380000000000000000e+02 2.309716463088989258e+00
8.400000000000000000e+02 1.605496406555175781e-01
8.420000000000000000e+02 8.602577447891235352e-01
8.440000000000000000e+02 -5.139195919036865234e-01
8.460000000000000000e+02 -8.135597109794616699e-01
8.480000000000000000e+02 -9.738661646842956543e-01
8.500000000000000000e+02 -1.153945565223693848e+00
8.520000000000000000e+02 -1.055356264114379883e+00
8.540000000000000000e+02 -1.118760704994201660e+00
8.560000000000000000e+02 -1.190814018249511719e+00
8.580000000000000000e+02 -1.061158180236816406e+00
8.600000000000000000e+02 -1.213608384132385254e+00
8.620000000000000000e+02 -1.462270736694335938e+00
8.640000000000000000e+02 -1.366015076637268066e+00
8.660000000000000000e+02 -1.375746965408325195e+00
8.680000000000000000e+02 -1.553556680679321289e+00
8.700000000000000000e+02 -1.467006325721740723e+00
8.720000000000000000e+02 -1.459942102432250977e+00
8.740000000000000000e+02 -1.721379041671752930e+00
8.760000000000000000e+02 -1.567849516868591309e+00
8.780000000000000000e+02 -1.425560593605041504e+00
8.800000000000000000e+02 -1.453569769859313965e+00
8.820000000000000000e+02 -1.556511521339416504e+00
8.840000000000000000e+02 -1.182572245597839355e+00
8.860000000000000000e+02 -1.188382983207702637e+00
8.880000000000000000e+02 -1.410187125205993652e+00
8.900000000000000000e+02 -1.220237493515014648e+00
8.920000000000000000e+02 -1.298966646194458008e+00
8.940000000000000000e+02 -1.544456481933593750e+00
8.960000000000000000e+02 -2.156986474990844727e+00
8.980000000000000000e+02 -2.038115262985229492e+00
9.000000000000000000e+02 -2.115697860717773438e+00
9.020000000000000000e+02 -1.763582348823547363e+00
9.040000000000000000e+02 -1.891685128211975098e+00
9.060000000000000000e+02 -2.114598751068115234e+00
9.080000000000000000e+02 -2.072050571441650391e+00
9.100000000000000000e+02 -2.338895082473754883e+00
9.120000000000000000e+02 -2.878495216369628906e+00
9.140000000000000000e+02 -2.719087839126586914e+00
9.160000000000000000e+02 -2.639554977416992188e+00
9.180000000000000000e+02 -2.435980796813964844e+00
9.200000000000000000e+02 -2.331406354904174805e+00
9.220000000000000000e+02 -2.460657596588134766e+00
9.240000000000000000e+02 -2.359786033630371094e+00
9.260000000000000000e+02 -2.335002899169921875e+00
9.280000000000000000e+02 -2.408945560455322266e+00
9.300000000000000000e+02 -2.593904256820678711e+00
9.320000000000000000e+02 -2.833109378814697266e+00
9.340000000000000000e+02 3.036315679550170898e+00
9.360000000000000000e+02 -2.789217710494995117e+00
9.380000000000000000e+02 -2.957758188247680664e+00
9.400000000000000000e+02 -3.056936979293823242e+00
9.420000000000000000e+02 -2.859927415847778320e+00
9.440000000000000000e+02 2.900788068771362305e+00
9.460000000000000000e+02 2.969240188598632812e+00
9.480000000000000000e+02 2.950785636901855469e+00
9.500000000000000000e+02 2.847430467605590820e+00
9.520000000000000000e+02 2.707339525222778320e+00
9.540000000000000000e+02 2.897822618484497070e+00
9.560000000000000000e+02 3.034512042999267578e+00
9.580000000000000000e+02 -3.054740428924560547e+00
9.600000000000000000e+02 -2.872425079345703125e+00
9.620000000000000000e+02 -2.663505554199218750e+00
9.640000000000000000e+02 -3.093586683273315430e+00
9.660000000000000000e+02 2.750334024429321289e+00
9.680000000000000000e+02 2.412791013717651367e+00
9.700000000000000000e+02 1.944616913795471191e+00
9.720000000000000000e+02 1.719374537467956543e+00
9.740000000000000000e+02 1.634023547172546387e+00
9.760000000000000000e+02 1.386099338531494141e+00
9.780000000000000000e+02 1.192250609397888184e+00
9.800000000000000000e+02 1.957800745964050293e+00
9.820000000000000000e+02 2.148592472076416016e+00
9.840000000000000000e+02 2.271650791168212891e+00
9.860000000000000000e+02 2.109588384628295898e+00
9.880000000000000000e+02 1.962743878364562988e+00
9.900000000000000000e+02 1.856886744499206543e+00
9.920000000000000000e+02 1.942800521850585938e+00
9.940000000000000000e+02 2.026541948318481445e+00
9.960000000000000000e+02 2.203845977783203125e+00
9.980000000000000000e+02 2.154009342193603516e+00
1.000000000000000000e+03 1.813595056533813477e+00
1.002000000000000000e+03 1.354829907417297363e+00
1.004000000000000000e+03 2.128303050994873047e+00
1.006000000000000000e+03 2.671640872955322266e+00
1.008000000000000000e+03 2.484040737152099609e+00
1.010000000000000000e+03 2.479440689086914062e+00
1.012000000000000000e+03 2.086168766021728516e+00
1.014000000000000000e+03 2.544903516769409180e+00
1.016000000000000000e+03 2.610462427139282227e+00
1.018000000000000000e+03 2.745490789413452148e+00
1.020000000000000000e+03 2.160230636596679688e+00
1.022000000000000000e+03 2.173824071884155273e+00
1.024000000000000000e+03 2.036661386489868164e+00
1.026000000000000000e+03 1.936343550682067871e+00
1.028000000000000000e+03 2.590692996978759766e+00
1.030000000000000000e+03 2.263940095901489258e+00
1.032000000000000000e+03 2.087447404861450195e+00
1.034000000000000000e+03 2.177443027496337891e+00
1.036000000000000000e+03 2.051632404327392578e+00
1.038000000000000000e+03 1.928056240081787109e+00
1.040000000000000000e+03 1.842387318611145020e+00
1.042000000000000000e+03 1.918658971786499023e+00
1.044000000000000000e+03 -2.133011341094970703e+00
1.046000000000000000e+03 -2.187704324722290039e+00
1.048000000000000000e+03 -2.244626522064208984e+00
1.050000000000000000e+03 -2.130358457565307617e+00
1.052000000000000000e+03 -2.294964551925659180e+00
1.054000000000000000e+03 -2.362706899642944336e+00
1.056000000000000000e+03 -2.453921318054199219e+00
1.058000000000000000e+03 -2.753633737564086914e+00
1.060000000000000000e+03 -2.722090721130371094e+00
1.062000000000000000e+03 -2.879018783569335938e+00
1.064000000000000000e+03 -3.087212800979614258e+00
1.066000000000000000e+03 -2.734874010086059570e+00
1.068000000000000000e+03 -2.437311172485351562e+00
1.070000000000000000e+03 -2.622608900070190430e+00
1.072000000000000000e+03 -2.779924392700195312e+00
1.074000000000000000e+03 -2.655441522598266602e+00
1.076000000000000000e+03 -2.257551193237304688e+00
1.078000000000000000e+03 2.310425043106079102e+00
1.080000000000000000e+03 2.427913665771484375e+00
1.082000000000000000e+03 2.608906030654907227e+00
1.084000000000000000e+03 2.077100992202758789e+00
1.086000000000000000e+03 2.122855663299560547e+00
1.088000000000000000e+03 -2.081238746643066406e+00
1.090000000000000000e+03 -2.184280633926391602e+00
1.092000000000000000e+03 2.197345972061157227e+00
1.094000000000000000e+03 2.367221832275390625e+00
1.096000000000000000e+03 2.578089237213134766e+00
1.098000000000000000e+03 6.030490994453430176e-01
1.100000000000000000e+03 8.289663195610046387e-01
1.102000000000000000e+03 9.618119001388549805e-01
1.104000000000000000e+03 1.002722859382629395e+00
1.106000000000000000e+03 9.407307505607604980e-01
1.108000000000000000e+03 -8.843913674354553223e-01
1.110000000000000000e+03 -9.745007157325744629e-01
1.112000000000000000e+03 -1.000689506530761719e+00
1.114000000000000000e+03 -1.065244078636169434e+00
1.116000000000000000e+03 -1.336091995239257812e+00
1.118000000000000000e+03 -1.182570338249206543e+00
1.120000000000000000e+03 -1.193944931030273438e+00
1.122000000000000000e+03 -1.109120488166809082e+00
1.124000000000000000e+03 -1.229898691177368164e+00
1.126000000000000000e+03 -1.156792044639587402e+00
1.128000000000000000e+03 -9.188789129257202148e-01
1.130000000000000000e+03 -7.830562591552734375e-01
1.132000000000000000e+03 -8.179387450218200684e-01
1.134000000000000000e+03 -6.571896076202392578e-01
1.136000000000000000e+03 -7.539827227592468262e-01
1.138000000000000000e+03 -7.031770944595336914e-01
1.140000000000000000e+03 -6.607964634895324707e-01
1.142000000000000000e+03 -8.153105974197387695e-01
1.144000000000000000e+03 -8.467445373535156250e-01
1.146000000000000000e+03 -8.837738633155822754e-01
1.148000000000000000e+03 -9.644990563392639160e-01
1.150000000000000000e+03 -8.317184448242187500e-01
1.152000000000000000e+03 -8.371694684028625488e-01
1.154000000000000000e+03 -8.973847031593322754e-01
1.156000000000000000e+03 9.665029048919677734e-01
1.158000000000000000e+03 1.055723547935485840e+00
1.160000000000000000e+03 -9.836729764938354492e-01
1.162000000000000000e+03 8.340132236480712891e-01
1.164000000000000000e+03 1.004694938659667969e+00
1.166000000000000000e+03 -8.715662956237792969e-01
1.168000000000000000e+03 -7.320417165756225586e-01
1.170000000000000000e+03 -7.562978267669677734e-01
1.172000000000000000e+03 8.727226853370666504e-01
1.174000000000000000e+03 7.705237269401550293e-01
1.176000000000000000e+03 9.172306060791015625e-01
1.178000000000000000e+03 -7.211402654647827148e-01
1.180000000000000000e+03 -2.498091459274291992e+00
1.182000000000000000e+03 8.616793751716613770e-01
1.184000000000000000e+03 7.087624669075012207e-01
1.186000000000000000e+03 8.737896680831909180e-01
1.188000000000000000e+03 9.125058054924011230e-01
1.190000000000000000e+03 9.188338518142700195e-01
1.192000000000000000e+03 -1.039299607276916504e+00
1.194000000000000000e+03 -9.048988223075866699e-01
1.196000000000000000e+03 -9.822478890419006348e-01
1.198000000000000000e+03 -1.182264566421508789e+00
1.200000000000000000e+03 -9.351804852485656738e-01
1.202000000000000000e+03 -9.946150183677673340e-01
1.204000000000000000e+03 -1.093317270278930664e+00
1.206000000000000000e+03 -1.017225146293640137e+00
1.208000000000000000e+03 -1.262813091278076172e+00
1.210000000000000000e+03 -1.399417638778686523e+00
1.212000000000000000e+03 -1.770721554756164551e+00
1.214000000000000000e+03 -1.686450600624084473e+00
1.216000000000000000e+03 -1.728973150253295898e+00
1.218000000000000000e+03 -1.538042426109313965e+00
1.220000000000000000e+03 -1.270683765411376953e+00
1.222000000000000000e+03 -1.421701073646545410e+00
1.224000000000000000e+03 -1.274870276451110840e+00
1.226000000000000000e+03 -1.183864235877990723e+00
1.228000000000000000e+03 -7.964427471160888672e-01
1.230000000000000000e+03 -4.635560214519500732e-01
1.232000000000000000e+03 -5.948135852813720703e-01
1.234000000000000000e+03 -2.886168658733367920e-01
1.236000000000000000e+03 1.841769963502883911e-01
1.238000000000000000e+03 6.354609131813049316e-01
1.240000000000000000e+03 4.463115036487579346e-01
1.242000000000000000e+03 4.921938776969909668e-01
1.244000000000000000e+03 -1.380475759506225586e-01
1.246000000000000000e+03 -3.702017292380332947e-02
1.248000000000000000e+03 1.437059640884399414e-01
1.250000000000000000e+03 2.312027662992477417e-01
1.252000000000000000e+03 -6.960641592741012573e-02
1.254000000000000000e+03 1.710499227046966553e-01
1.256000000000000000e+03 -3.240705132484436035e-01
1.258000000000000000e+03 -3.278780877590179443e-01
1.260000000000000000e+03 -1.925661116838455200e-01
1.262000000000000000e+03 -3.677250742912292480e-01
1.264000000000000000e+03 -2.901218891143798828e+00
1.266000000000000000e+03 -9.697208553552627563e-02
1.268000000000000000e+03 -7.102917879819869995e-02
1.270000000000000000e+03 -6.199424341320991516e-02
1.272000000000000000e+03 -4.756211936473846436e-01
1.274000000000000000e+03 -6.973532438278198242e-01
1.276000000000000000e+03 -1.248235464096069336e+00
1.278000000000000000e+03 -1.417848706245422363e+00
1.280000000000000000e+03 -1.352793216705322266e+00
1.282000000000000000e+03 -1.684151649475097656e+00
1.284000000000000000e+03 -1.750769972801208496e+00
1.286000000000000000e+03 -1.627944350242614746e+00
1.288000000000000000e+03 -1.972145199775695801e+00
1.290000000000000000e+03 -1.692452192306518555e+00
1.292000000000000000e+03 -1.799863576889038086e+00
1.294000000000000000e+03 -1.620286226272583008e+00
1.296000000000000000e+03 -1.654761195182800293e+00
1.298000000000000000e+03 -1.332042813301086426e+00
1.300000000000000000e+03 -1.514666438102722168e+00
1.302000000000000000e+03 -1.372783541679382324e+00
1.304000000000000000e+03 -1.528168082237243652e+00
1.306000000000000000e+03 -1.668719053268432617e+00
1.308000000000000000e+03 -1.566226601600646973e+00
1.310000000000000000e+03 -1.616059184074401855e+00
1.312000000000000000e+03 -1.610249638557434082e+00
1.314000000000000000e+03 -1.674094319343566895e+00
1.316000000000000000e+03 -1.240117430686950684e+00
1.318000000000000000e+03 -1.282765865325927734e+00
1.320000000000000000e+03 -1.073561310768127441e+00
1.322000000000000000e+03 -1.066537499427795410e+00
1.324000000000000000e+03 9.776064753532409668e-01
1.326000000000000000e+03 -1.037596940994262695e+00
1.328000000000000000e+03 -9.979113936424255371e-01
1.330000000000000000e+03 -8.794085383415222168e-01
1.332000000000000000e+03 -7.910131216049194336e-01
1.334000000000000000e+03 -7.371676564216613770e-01
1.336000000000000000e+03 -6.948474645614624023e-01
1.338000000000000000e+03 -9.467473030090332031e-01
1.340000000000000000e+03 -1.059913277626037598e+00
1.342000000000000000e+03 -9.532866477966308594e-01
1.344000000000000000e+03 -7.033493518829345703e-01
1.346000000000000000e+03 -7.966796755790710449e-01
1.348000000000000000e+03 -8.887447714805603027e-01
1.350000000000000000e+03 -1.166110634803771973e+00
1.352000000000000000e+03 -1.075439214706420898e+00
1.354000000000000000e+03 -1.168535590171813965e+00
1.356000000000000000e+03 -1.214377522468566895e+00
1.358000000000000000e+03 -1.352127432823181152e+00
1.360000000000000000e+03 -1.356768727302551270e+00
1.362000000000000000e+03 -1.068705916404724121e+00
1.364000000000000000e+03 -1.064104199409484863e+00
1.366000000000000000e+03 -1.111376881599426270e+00
1.368000000000000000e+03 1.238892793655395508e+00
1.370000000000000000e+03 1.417609930038452148e+00
1.372000000000000000e+03 1.392886877059936523e+00
1.374000000000000000e+03 1.591735720634460449e+00
1.376000000000000000e+03 1.786025166511535645e+00
1.378000000000000000e+03 1.962534189224243164e+00
1.380000000000000000e+03 2.020210742950439453e+00
1.382000000000000000e+03 2.064540386199951172e+00
1.384000000000000000e+03 2.130670785903930664e+00
1.386000000000000000e+03 2.097256183624267578e+00
1.388000000000000000e+03 2.133336067199707031e+00
1.390000000000000000e+03 1.821662306785583496e+00
1.392000000000000000e+03 1.786066532135009766e+00
1.394000000000000000e+03 2.092923641204833984e+00
1.396000000000000000e+03 2.192137241363525391e+00
1.398000000000000000e+03 2.465249300003051758e+00
1.400000000000000000e+03 2.641682624816894531e+00
1.402000000000000000e+03 2.586747407913208008e+00
1.404000000000000000e+03 2.632853507995605469e+00
1.406000000000000000e+03 3.064843893051147461e+00
1.408000000000000000e+03 2.934615612030029297e+00
1.410000000000000000e+03 2.876762628555297852e+00
1.412000000000000000e+03 -2.630199193954467773e+00
1.414000000000000000e+03 2.572155714035034180e+00
1.416000000000000000e+03 2.748936176300048828e+00
1.418000000000000000e+03 2.974978208541870117e+00
1.420000000000000000e+03 2.768528938293457031e+00
1.422000000000000000e+03 1.874213337898254395e+00
1.424000000000000000e+03 2.964097499847412109e+00
1.426000000000000000e+03 2.848940610885620117e+00
1.428000000000000000e+03 2.391794919967651367e+00
1.430000000000000000e+03 2.785955905914306641e+00
1.432000000000000000e+03 1.971037387847900391e+00
1.434000000000000000e+03 1.093726634979248047e+00
1.436000000000000000e+03 1.310398578643798828e+00
1.438000000000000000e+03 1.013671994209289551e+00
1.440000000000000000e+03 1.343805789947509766e+00
1.442000000000000000e+03 2.376325607299804688e+00
1.444000000000000000e+03 1.958870410919189453e+00
1.446000000000000000e+03 1.579936861991882324e+00
1.448000000000000000e+03 1.795169472694396973e+00
1.450000000000000000e+03 1.672647118568420410e+00
1.452000000000000000e+03 2.172030925750732422e+00
1.454000000000000000e+03 1.524674892425537109e+00
1.456000000000000000e+03 -1.125989437103271484e+00
1.458000000000000000e+03 -1.320817708969116211e+00
1.460000000000000000e+03 -1.399954199790954590e+00
1.462000000000000000e+03 -1.261235475540161133e+00
1.464000000000000000e+03 -1.168389797210693359e+00
1.466000000000000000e+03 -1.085174322128295898e+00
1.468000000000000000e+03 -1.090941548347473145e+00
1.470000000000000000e+03 -1.870022535324096680e+00
1.472000000000000000e+03 -1.259265303611755371e+00
1.474000000000000000e+03 -1.421579599380493164e+00
1.476000000000000000e+03 -1.516469120979309082e+00
1.478000000000000000e+03 -1.594066619873046875e+00
1.480000000000000000e+03 -1.535787582397460938e+00
1.482000000000000000e+03 -1.597185373306274414e+00
1.484000000000000000e+03 -1.367432236671447754e+00
1.486000000000000000e+03 1.413370013236999512e+00
1.488000000000000000e+03 1.840407371520996094e+00
1.490000000000000000e+03 2.162243127822875977e+00
1.492000000000000000e+03 2.061043262481689453e+00
1.494000000000000000e+03 2.139424324035644531e+00
1.496000000000000000e+03 2.341350793838500977e+00
1.498000000000000000e+03 2.614568948745727539e+00
1.500000000000000000e+03 6.678158044815063477e-01
1.502000000000000000e+03 5.507680773735046387e-01
1.504000000000000000e+03 3.904840052127838135e-01
1.506000000000000000e+03 2.376231998205184937e-01
1.508000000000000000e+03 2.260080128908157349e-01
1.510000000000000000e+03 2.722308635711669922e+00
1.512000000000000000e+03 2.565912008285522461e+00
1.514000000000000000e+03 2.663941383361816406e+00
1.516000000000000000e+03 2.741900920867919922e+00
1.518000000000000000e+03 2.567730188369750977e+00
1.520000000000000000e+03 7.343891859054565430e-01
1.522000000000000000e+03 7.231497764587402344e-01
1.524000000000000000e+03 6.477458477020263672e-01
1.526000000000000000e+03 2.569288969039916992e+00
1.528000000000000000e+03 2.592639684677124023e+00
1.530000000000000000e+03 2.248213768005371094e+00
1.532000000000000000e+03 2.388956785202026367e+00
1.534000000000000000e+03 2.365553617477416992e+00
1.536000000000000000e+03 2.295422792434692383e+00
1.538000000000000000e+03 2.751282691955566406e+00
1.540000000000000000e+03 2.628416538238525391e+00
1.542000000000000000e+03 2.642083883285522461e+00
1.544000000000000000e+03 2.541486501693725586e+00
1.546000000000000000e+03 2.790731191635131836e+00
1.548000000000000000e+03 2.828255176544189453e+00
1.550000000000000000e+03 2.863049268722534180e+00
1.552000000000000000e+03 3.000402212142944336e+00
1.554000000000000000e+03 5.405231937766075134e-02
1.556000000000000000e+03 1.764036864042282104e-01
1.558000000000000000e+03 3.818980455398559570e-01
1.560000000000000000e+03 4.831744730472564697e-01
1.562000000000000000e+03 2.890279293060302734e-01
1.564000000000000000e+03 2.206109911203384399e-01
1.566000000000000000e+03 -6.798450648784637451e-02
1.568000000000000000e+03 -4.879342019557952881e-02
1.570000000000000000e+03 -2.939802110195159912e-01
1.572000000000000000e+03 -1.296705722808837891e+00
1.574000000000000000e+03 -1.542232632637023926e+00
1.576000000000000000e+03 -1.689386129379272461e+00
1.578000000000000000e+03 -1.813532471656799316e+00
1.580000000000000000e+03 -2.186645746231079102e+00
1.582000000000000000e+03 -1.857417583465576172e+00
1.584000000000000000e+03 -2.023252964019775391e+00
1.586000000000000000e+03 -1.548072934150695801e+00
1.588000000000000000e+03 -2.084594964981079102e+00
1.590000000000000000e+03 -2.137107133865356445e+00
1.592000000000000000e+03 -2.246266126632690430e+00
1.594000000000000000e+03 -2.015215396881103516e+00
1.596000000000000000e+03 -2.032352685928344727e+00
1.598000000000000000e+03 -1.798527956008911133e+00
1.600000000000000000e+03 -2.062093257904052734e+00
1.602000000000000000e+03 -2.122868537902832031e+00
1.604000000000000000e+03 -1.749077916145324707e+00
1.606000000000000000e+03 -1.140054821968078613e+00
1.608000000000000000e+03 -9.564546346664428711e-01
1.610000000000000000e+03 -1.360299944877624512e+00
1.612000000000000000e+03 -1.170002937316894531e+00
1.614000000000000000e+03 -7.374444603919982910e-01
1.616000000000000000e+03 -6.500569581985473633e-01
1.618000000000000000e+03 -8.114792704582214355e-01
1.620000000000000000e+03 -9.755073785781860352e-01
1.622000000000000000e+03 -1.018746495246887207e+00
1.624000000000000000e+03 -8.203213810920715332e-01
1.626000000000000000e+03 -6.125559806823730469e-01
1.628000000000000000e+03 -3.935049176216125488e-01
1.630000000000000000e+03 -2.162642925977706909e-01
1.632000000000000000e+03 -1.345929782837629318e-02
1.634000000000000000e+03 -7.126495987176895142e-02
1.636000000000000000e+03 -1.277594119310379028e-01
1.638000000000000000e+03 -3.289917707443237305e-01
1.640000000000000000e+03 2.699581980705261230e-01
1.642000000000000000e+03 -1.194305777549743652e+00
1.644000000000000000e+03 -8.862316012382507324e-01
1.646000000000000000e+03 -1.285779714584350586e+00
1.648000000000000000e+03 -8.332845568656921387e-01
1.650000000000000000e+03 -1.250761151313781738e+00
1.652000000000000000e+03 -9.430986642837524414e-01
1.654000000000000000e+03 -8.271232247352600098e-01
1.656000000000000000e+03 2.847326099872589111e-01
1.658000000000000000e+03 1.811568617820739746e+00
1.660000000000000000e+03 2.282992362976074219e+00
1.662000000000000000e+03 2.574522495269775391e+00
1.664000000000000000e+03 2.058768123388290405e-01
1.666000000000000000e+03 1.194248795509338379e+00
1.668000000000000000e+03 4.546248316764831543e-01
1.670000000000000000e+03 7.612167000770568848e-01
1.672000000000000000e+03 -1.303820013999938965e+00
1.674000000000000000e+03 -1.094162464141845703e+00
1.676000000000000000e+03 1.325817942619323730e+00
1.678000000000000000e+03 7.280839681625366211e-01
1.680000000000000000e+03 2.693139314651489258e-01
1.682000000000000000e+03 4.684474766254425049e-01
1.684000000000000000e+03 4.288715422153472900e-01
1.686000000000000000e+03 1.510564982891082764e-01
1.688000000000000000e+03 6.450361013412475586e-01
1.690000000000000000e+03 6.429012417793273926e-01
1.692000000000000000e+03 3.596944212913513184e-01
1.694000000000000000e+03 3.839010894298553467e-01
1.696000000000000000e+03 6.158859133720397949e-01
1.698000000000000000e+03 8.296900987625122070e-01
1.700000000000000000e+03 8.773429989814758301e-01
1.702000000000000000e+03 2.320002079010009766e+00
1.704000000000000000e+03 -2.371356964111328125e+00
1.706000000000000000e+03 2.315610408782958984e+00
1.708000000000000000e+03 2.472136020660400391e+00
1.710000000000000000e+03 7.169579267501831055e-01
1.712000000000000000e+03 2.358830213546752930e+00
1.714000000000000000e+03 2.296597957611083984e+00
1.716000000000000000e+03 -2.212966442108154297e+00
1.718000000000000000e+03 -2.174665212631225586e+00
1.720000000000000000e+03 -2.240511894226074219e+00
1.722000000000000000e+03 2.229278326034545898e+00
1.724000000000000000e+03 2.195246934890747070e+00
1.726000000000000000e+03 -2.245625495910644531e+00
1.728000000000000000e+03 2.120790958404541016e+00
1.730000000000000000e+03 -2.268225669860839844e+00
1.732000000000000000e+03 2.306353807449340820e+00
1.734000000000000000e+03 7.786325812339782715e-01
1.736000000000000000e+03 7.519959807395935059e-01
1.738000000000000000e+03 9.125801324844360352e-01
1.740000000000000000e+03 -9.008410573005676270e-01
1.742000000000000000e+03 -1.025588035583496094e+00
1.744000000000000000e+03 -9.128224849700927734e-01
1.746000000000000000e+03 -6.398844122886657715e-01
1.748000000000000000e+03 -6.443957686424255371e-01
1.750000000000000000e+03 -2.618149518966674805e+00
1.752000000000000000e+03 -2.567775249481201172e+00
1.754000000000000000e+03 -2.768486976623535156e+00
1.756000000000000000e+03 -2.877053022384643555e+00
1.758000000000000000e+03 -2.853200435638427734e+00
1.760000000000000000e+03 -2.577194452285766602e+00
1.762000000000000000e+03 -2.683608055114746094e+00
1.764000000000000000e+03 -3.137727975845336914e+00
1.766000000000000000e+03 2.884805917739868164e+00
1.768000000000000000e+03 2.661506175994873047e+00
1.770000000000000000e+03 2.398344755172729492e+00
1.772000000000000000e+03 2.509956359863281250e+00
1.774000000000000000e+03 3.112110614776611328e+00
1.776000000000000000e+03 2.443916797637939453e+00
1.778000000000000000e+03 1.629782795906066895e+00
1.780000000000000000e+03 2.117672681808471680e+00
1.782000000000000000e+03 1.921408176422119141e+00
1.784000000000000000e+03 2.020178556442260742e+00
1.786000000000000000e+03 2.216886997222900391e+00
1.788000000000000000e+03 -2.436423540115356445e+00
1.790000000000000000e+03 3.042486667633056641e+00
1.792000000000000000e+03 2.408777475357055664e+00
1.794000000000000000e+03 1.927543520927429199e+00
1.796000000000000000e+03 1.811668872833251953e+00
1.798000000000000000e+03 1.932318806648254395e+00
1.800000000000000000e+03 2.196184158325195312e+00
1.802000000000000000e+03 2.274432897567749023e+00
1.804000000000000000e+03 2.283507347106933594e+00
1.806000000000000000e+03 2.422685146331787109e+00
1.808000000000000000e+03 2.295548915863037109e+00
1.810000000000000000e+03 2.291479349136352539e+00
1.812000000000000000e+03 2.291322946548461914e+00
1.814000000000000000e+03 2.320472240447998047e+00
1.816000000000000000e+03 2.595232725143432617e+00
1.818000000000000000e+03 2.762831926345825195e+00
1.820000000000000000e+03 2.736234664916992188e+00
1.822000000000000000e+03 4.795669913291931152e-01
1.824000000000000000e+03 2.742094993591308594e+00
1.826000000000000000e+03 2.935363054275512695e+00
1.828000000000000000e+03 1.130132824182510376e-01
1.830000000000000000e+03 -9.823404252529144287e-04
1.832000000000000000e+03 2.238502800464630127e-01
1.834000000000000000e+03 6.358076333999633789e-01
1.836000000000000000e+03 2.611694335937500000e-01
1.838000000000000000e+03 2.567304611206054688e+00
1.840000000000000000e+03 2.527823209762573242e+00
1.842000000000000000e+03 2.465516567230224609e+00
1.844000000000000000e+03 2.506286621093750000e+00
1.846000000000000000e+03 2.299710512161254883e+00
1.848000000000000000e+03 2.241779327392578125e+00
1.850000000000000000e+03 2.247354745864868164e+00
1.852000000000000000e+03 -2.394075155258178711e+00
1.854000000000000000e+03 -2.324353456497192383e+00
1.856000000000000000e+03 -2.246783256530761719e+00
1.858000000000000000e+03 -2.181133747100830078e+00
1.860000000000000000e+03 2.098858356475830078e+00
1.862000000000000000e+03 -2.107012748718261719e+00
1.864000000000000000e+03 -2.061920881271362305e+00
1.866000000000000000e+03 -2.126776695251464844e+00
1.868000000000000000e+03 -2.323209047317504883e+00
1.870000000000000000e+03 -1.643712878227233887e+00
1.872000000000000000e+03 -1.522215962409973145e+00
1.874000000000000000e+03 -1.412362337112426758e+00
1.876000000000000000e+03 -1.187566995620727539e+00
1.878000000000000000e+03 -1.043325781822204590e+00
1.880000000000000000e+03 -9.006875753402709961e-01
1.882000000000000000e+03 -8.512682914733886719e-01
1.884000000000000000e+03 -8.794951438903808594e-01
1.886000000000000000e+03 -6.553593873977661133e-01
1.888000000000000000e+03 -6.607127785682678223e-01
1.890000000000000000e+03 -5.581706166267395020e-01
1.892000000000000000e+03 -5.558421015739440918e-01
1.894000000000000000e+03 -4.535239934921264648e-01
1.896000000000000000e+03 -4.355548620223999023e-01
1.898000000000000000e+03 -4.399211108684539795e-01
1.900000000000000000e+03 -3.219886124134063721e-01
1.902000000000000000e+03 -4.205709993839263916e-01
1.904000000000000000e+03 -5.215610861778259277e-01
1.906000000000000000e+03 -6.338889002799987793e-01
1.908000000000000000e+03 -7.378148436546325684e-01
1.910000000000000000e+03 -9.010476469993591309e-01
1.912000000000000000e+03 -9.640721678733825684e-01
1.914000000000000000e+03 -8.928262591361999512e-01
1.916000000000000000e+03 -1.001854658126831055e+00
1.918000000000000000e+03 -1.263657212257385254e+00
1.920000000000000000e+03 -9.280133247375488281e-01
1.922000000000000000e+03 -1.180913090705871582e+00
1.924000000000000000e+03 -1.275649666786193848e+00
1.926000000000000000e+03 1.496065378189086914e+00
1.928000000000000000e+03 -1.601959109306335449e+00
1.930000000000000000e+03 -1.597386002540588379e+00
1.932000000000000000e+03 -1.350172758102416992e+00
1.934000000000000000e+03 -1.033396601676940918e+00
1.936000000000000000e+03 -1.267641544342041016e+00
1.938000000000000000e+03 -6.756983399391174316e-01
1.940000000000000000e+03 -1.062608242034912109e+00
1.942000000000000000e+03 -4.116520285606384277e-01
1.944000000000000000e+03 -6.869620680809020996e-01
1.946000000000000000e+03 -6.310321688652038574e-01
1.948000000000000000e+03 -9.296274185180664062e-01
1.950000000000000000e+03 -6.493471264839172363e-01
1.952000000000000000e+03 -1.922614097595214844e+00
1.954000000000000000e+03 2.660701751708984375e+00
1.956000000000000000e+03 2.628168821334838867e+00
1.958000000000000000e+03 3.109126091003417969e+00
1.960000000000000000e+03 3.106847286224365234e+00
1.962000000000000000e+03 2.988667726516723633e+00
1.964000000000000000e+03 3.129400968551635742e+00
1.966000000000000000e+03 -3.056107759475708008e+00
1.968000000000000000e+03 2.991706848144531250e+00
1.970000000000000000e+03 -2.941855430603027344e+00
1.972000000000000000e+03 -2.705801248550415039e+00
1.974000000000000000e+03 -2.903107404708862305e+00
1.976000000000000000e+03 -2.608666658401489258e+00
1.978000000000000000e+03 -2.522554159164428711e+00
1.980000000000000000e+03 -2.632234573364257812e+00
1.982000000000000000e+03 -2.627986669540405273e+00
1.984000000000000000e+03 -2.438931941986083984e+00
1.986000000000000000e+03 -2.438077926635742188e+00
1.988000000000000000e+03 -2.592660188674926758e+00
1.990000000000000000e+03 -2.774624109268188477e+00
1.992000000000000000e+03 -2.905062437057495117e+00
1.994000000000000000e+03 -2.716430902481079102e+00
1.996000000000000000e+03 -1.905242204666137695e+00
1.998000000000000000e+03 -1.799325585365295410e+00
2.000000000000000000e+03 -2.027956724166870117e+00
2.002000000000000000e+03 -2.057398796081542969e+00
2.004000000000000000e+03 -1.970577120780944824e+00
2.006000000000000000e+03 -1.018991351127624512e+00
2.008000000000000000e+03 -1.085413336753845215e+00
2.010000000000000000e+03 1.709930777549743652e+00
2.012000000000000000e+03 2.524013042449951172e+00
2.014000000000000000e+03 -3.060394287109375000e+00
2.016000000000000000e+03 -2.485153913497924805e+00
2.018000000000000000e+03 -2.524665355682373047e+00
2.020000000000000000e+03 -2.380301952362060547e+00
2.022000000000000000e+03 -2.407308340072631836e+00
2.024000000000000000e+03 -2.376219749450683594e+00
2.026000000000000000e+03 -2.093728542327880859e+00
2.028000000000000000e+03 -2.167030572891235352e+00
2.030000000000000000e+03 -2.177674055099487305e+00
2.032000000000000000e+03 2.286071062088012695e+00
2.034000000000000000e+03 2.297716140747070312e+00
2.036000000000000000e+03 2.317758083343505859e+00
2.038000000000000000e+03 2.451539278030395508e+00
2.040000000000000000e+03 2.496678590774536133e+00
2.042000000000000000e+03 2.289545536041259766e+00
2.044000000000000000e+03 2.324117898941040039e+00
2.046000000000000000e+03 2.341661930084228516e+00
2.048000000000000000e+03 2.367705583572387695e+00
2.050000000000000000e+03 -2.337358474731445312e+00
2.052000000000000000e+03 -2.332513570785522461e+00
2.054000000000000000e+03 -2.290683507919311523e+00
2.056000000000000000e+03 2.258538961410522461e+00
2.058000000000000000e+03 2.253328561782836914e+00
2.060000000000000000e+03 2.299718141555786133e+00
2.062000000000000000e+03 2.292946100234985352e+00
2.064000000000000000e+03 2.357881546020507812e+00
2.066000000000000000e+03 -2.390786409378051758e+00
2.068000000000000000e+03 -2.397329092025756836e+00
2.070000000000000000e+03 -6.505964994430541992e-01
2.072000000000000000e+03 -2.263400554656982422e+00
2.074000000000000000e+03 -2.281377077102661133e+00
2.076000000000000000e+03 2.274685382843017578e+00
2.078000000000000000e+03 2.420435428619384766e+00
2.080000000000000000e+03 2.502948284149169922e+00
2.082000000000000000e+03 2.607425928115844727e+00
2.084000000000000000e+03 2.509417295455932617e+00
2.086000000000000000e+03 2.845681905746459961e+00
2.088000000000000000e+03 2.690952062606811523e+00
2.090000000000000000e+03 2.637685537338256836e+00
2.092000000000000000e+03 2.763400793075561523e+00
2.094000000000000000e+03 2.774547338485717773e+00
2.096000000000000000e+03 2.553083658218383789e+00
2.098000000000000000e+03 2.749228000640869141e+00
2.100000000000000000e+03 3.003849983215332031e+00
2.102000000000000000e+03 2.847511768341064453e+00
2.104000000000000000e+03 2.898482322692871094e+00
2.106000000000000000e+03 2.941587924957275391e+00
2.108000000000000000e+03 -3.099143743515014648e+00
2.110000000000000000e+03 2.776615142822265625e+00
2.112000000000000000e+03 2.669940233230590820e+00
2.114000000000000000e+03 2.939429283142089844e+00
2.116000000000000000e+03 3.086293458938598633e+00
2.118000000000000000e+03 3.114241600036621094e+00
2.120000000000000000e+03 1.476116180419921875e-01
2.122000000000000000e+03 9.768965095281600952e-02
2.124000000000000000e+03 4.093338549137115479e-02
2.126000000000000000e+03 -7.475090026855468750e-02
2.128000000000000000e+03 -1.802853792905807495e-01
2.130000000000000000e+03 -2.307605147361755371e-01
2.132000000000000000e+03 -1.297531723976135254e-01
2.134000000000000000e+03 -3.722488284111022949e-01
2.136000000000000000e+03 -2.884336709976196289e+00
2.138000000000000000e+03 -2.447184175252914429e-01
2.140000000000000000e+03 -6.714069098234176636e-02
2.142000000000000000e+03 -1.112641021609306335e-02
2.144000000000000000e+03 -1.158803105354309082e-01
2.146000000000000000e+03 -5.702335238456726074e-01
2.148000000000000000e+03 -5.519052743911743164e-01
2.150000000000000000e+03 -4.886375665664672852e-01
2.152000000000000000e+03 -7.225573062896728516e-01
2.154000000000000000e+03 -7.973536849021911621e-01
2.156000000000000000e+03 -8.180704712867736816e-01
2.158000000000000000e+03 -7.305753231048583984e-01
2.160000000000000000e+03 -2.461797952651977539e+00
2.162000000000000000e+03 -6.252736449241638184e-01
2.164000000000000000e+03 -2.584739446640014648e+00
2.166000000000000000e+03 -2.440407991409301758e+00
2.168000000000000000e+03 -2.625150203704833984e+00
2.170000000000000000e+03 -2.795136213302612305e+00
2.172000000000000000e+03 -2.920828104019165039e+00
2.174000000000000000e+03 -3.108347177505493164e+00
2.176000000000000000e+03 3.127800464630126953e+00
2.178000000000000000e+03 2.957220077514648438e+00
2.180000000000000000e+03 1.723735034465789795e-01
2.182000000000000000e+03 2.786422491073608398e+00
2.184000000000000000e+03 2.966234207153320312e+00
2.186000000000000000e+03 3.027454853057861328e+00
2.188000000000000000e+03 2.731005907058715820e+00
2.190000000000000000e+03 2.654550552368164062e+00
2.192000000000000000e+03 2.715283155441284180e+00
2.194000000000000000e+03 2.541613817214965820e+00
2.196000000000000000e+03 7.478544116020202637e-01
2.198000000000000000e+03 7.977105379104614258e-01
2.200000000000000000e+03 2.589627981185913086e+00
2.202000000000000000e+03 2.508516311645507812e+00
2.204000000000000000e+03 2.473888874053955078e+00
2.206000000000000000e+03 2.292181015014648438e+00
2.208000000000000000e+03 2.319748163223266602e+00
2.210000000000000000e+03 2.310126066207885742e+00
2.212000000000000000e+03 2.389540672302246094e+00
2.214000000000000000e+03 2.421566963195800781e+00
2.216000000000000000e+03 2.185953140258789062e+00
2.218000000000000000e+03 -2.256450891494750977e+00
2.220000000000000000e+03 2.507544994354248047e+00
2.222000000000000000e+03 2.590760231018066406e+00
2.224000000000000000e+03 4.871363043785095215e-01
2.226000000000000000e+03 5.628338456153869629e-01
2.228000000000000000e+03 6.804177761077880859e-01
2.230000000000000000e+03 2.557437896728515625e+00
2.232000000000000000e+03 2.619262039661407471e-01
2.234000000000000000e+03 2.718663692474365234e+00
2.236000000000000000e+03 4.984727203845977783e-01
2.238000000000000000e+03 6.059662103652954102e-01
2.240000000000000000e+03 4.344548583030700684e-01
2.242000000000000000e+03 2.621933698654174805e+00
2.244000000000000000e+03 2.744869470596313477e+00
2.246000000000000000e+03 2.736964941024780273e+00
2.248000000000000000e+03 2.674910783767700195e+00
2.250000000000000000e+03 2.721903562545776367e+00
2.252000000000000000e+03 2.680278301239013672e+00
2.254000000000000000e+03 5.834760665893554688e-01
2.256000000000000000e+03 2.466033458709716797e+00
2.258000000000000000e+03 5.213070511817932129e-01
2.260000000000000000e+03 6.564888954162597656e-01
2.262000000000000000e+03 6.555207371711730957e-01
2.264000000000000000e+03 1.087923049926757812e+00
2.266000000000000000e+03 5.960982441902160645e-01
2.268000000000000000e+03 3.457265794277191162e-01
2.270000000000000000e+03 -2.035377174615859985e-02
2.272000000000000000e+03 -8.784475922584533691e-02
2.274000000000000000e+03 -5.042840167880058289e-02
2.276000000000000000e+03 1.169956400990486145e-01
2.278000000000000000e+03 -3.109100580215454102e+00
2.280000000000000000e+03 3.522445559501647949e-01
2.282000000000000000e+03 2.894494056701660156e+00
2.284000000000000000e+03 2.832210063934326172e+00
2.286000000000000000e+03 7.059265673160552979e-02
2.288000000000000000e+03 2.976656146347522736e-02
2.290000000000000000e+03 -1.085675433278083801e-01
2.292000000000000000e+03 -8.226649463176727295e-02
2.294000000000000000e+03 3.025816917419433594e+00
2.296000000000000000e+03 -2.898760795593261719e+00
2.298000000000000000e+03 -4.283990561962127686e-01
2.300000000000000000e+03 -5.177029967308044434e-01
2.302000000000000000e+03 -2.582050323486328125e+00
2.304000000000000000e+03 -5.141590833663940430e-01
2.306000000000000000e+03 -2.519080638885498047e+00
2.308000000000000000e+03 -2.721935033798217773e+00
2.310000000000000000e+03 -2.775964021682739258e+00
2.312000000000000000e+03 -2.728098869323730469e+00
2.314000000000000000e+03 -2.637318134307861328e+00
2.316000000000000000e+03 -2.670982837677001953e+00
2.318000000000000000e+03 -2.472972154617309570e+00
2.320000000000000000e+03 -2.346554040908813477e+00
2.322000000000000000e+03 -2.371498823165893555e+00
2.324000000000000000e+03 -1.923084020614624023e+00
2.326000000000000000e+03 -2.114912986755371094e+00
2.328000000000000000e+03 -2.064419746398925781e+00
2.330000000000000000e+03 -2.185625553131103516e+00
2.332000000000000000e+03 -2.030294179916381836e+00
2.334000000000000000e+03 -2.056630134582519531e+00
2.336000000000000000e+03 -2.068021059036254883e+00
2.338000000000000000e+03 -2.200405597686767578e+00
2.340000000000000000e+03 -2.559991836547851562e+00
2.342000000000000000e+03 -2.504670381546020508e+00
2.344000000000000000e+03 -2.572279453277587891e+00
2.346000000000000000e+03 -2.378436803817749023e+00
2.348000000000000000e+03 -2.195781707763671875e+00
2.350000000000000000e+03 -2.342653989791870117e+00
2.352000000000000000e+03 -2.494648933410644531e+00
2.354000000000000000e+03 -6.138009428977966309e-01
2.356000000000000000e+03 -2.271707296371459961e+00
2.358000000000000000e+03 -2.300454854965209961e+00
2.360000000000000000e+03 -2.138337373733520508e+00
2.362000000000000000e+03 -2.193538904190063477e+00
2.364000000000000000e+03 -2.010715723037719727e+00
2.366000000000000000e+03 -2.109139680862426758e+00
2.368000000000000000e+03 -1.994438290596008301e+00
2.370000000000000000e+03 -1.936189055442810059e+00
2.372000000000000000e+03 -2.249941825866699219e+00
2.374000000000000000e+03 -2.461167335510253906e+00
2.376000000000000000e+03 -2.690708160400390625e+00
2.378000000000000000e+03 -2.970165491104125977e+00
2.380000000000000000e+03 -2.583364248275756836e+00
2.382000000000000000e+03 -2.517848014831542969e+00
2.384000000000000000e+03 -2.837742328643798828e+00
2.386000000000000000e+03 1.399269342422485352e+00
2.388000000000000000e+03 1.540491729974746704e-01
2.390000000000000000e+03 -9.835969656705856323e-03
2.392000000000000000e+03 -2.688434839248657227e+00
2.394000000000000000e+03 -5.780652761459350586e-01
2.396000000000000000e+03 -2.309402525424957275e-01
2.398000000000000000e+03 -2.668793313205242157e-02
2.400000000000000000e+03 7.388569712638854980e-01
2.402000000000000000e+03 -1.004942178726196289e+00
2.404000000000000000e+03 -2.795717954635620117e+00
2.406000000000000000e+03 2.840477228164672852e+00
2.408000000000000000e+03 2.188388347625732422e+00
2.410000000000000000e+03 2.888168573379516602e+00
2.412000000000000000e+03 2.326469182968139648e+00
2.414000000000000000e+03 1.789788365364074707e+00
2.416000000000000000e+03 1.357591748237609863e+00
2.418000000000000000e+03 1.058302283287048340e+00
2.420000000000000000e+03 1.955357074737548828e+00
2.422000000000000000e+03 1.555506944656372070e+00
2.424000000000000000e+03 1.818043112754821777e+00
2.426000000000000000e+03 1.684936761856079102e+00
2.428000000000000000e+03 1.664334774017333984e+00
2.430000000000000000e+03 1.812076091766357422e+00
2.432000000000000000e+03 1.387837290763854980e+00
2.434000000000000000e+03 1.244497895240783691e+00
2.436000000000000000e+03 8.879273533821105957e-01
2.438000000000000000e+03 1.411190032958984375e+00
2.440000000000000000e+03 1.755961537361145020e+00
2.442000000000000000e+03 1.999975323677062988e+00
2.444000000000000000e+03 -2.816475629806518555e+00
2.446000000000000000e+03 2.743069410324096680e+00
2.448000000000000000e+03 2.488022327423095703e+00
2.450000000000000000e+03 2.036935567855834961e+00
2.452000000000000000e+03 2.558173656463623047e+00
2.454000000000000000e+03 2.317674160003662109e+00
2.456000000000000000e+03 2.356194257736206055e+00
2.458000000000000000e+03 1.532841324806213379e+00
2.460000000000000000e+03 3.430243432521820068e-01
2.462000000000000000e+03 3.995643258094787598e-01
2.464000000000000000e+03 7.226008176803588867e-01
2.466000000000000000e+03 1.173716783523559570e+00
2.468000000000000000e+03 9.482184052467346191e-01
2.470000000000000000e+03 8.718161582946777344e-01
2.472000000000000000e+03 8.695979714393615723e-01
2.474000000000000000e+03 1.279603958129882812e+00
2.476000000000000000e+03 1.097412109375000000e+00
2.478000000000000000e+03 1.407608270645141602e+00
2.480000000000000000e+03 1.022422790527343750e+00
2.482000000000000000e+03 1.042458415031433105e+00
2.484000000000000000e+03 1.418706297874450684e+00
2.486000000000000000e+03 1.520362854003906250e+00
2.488000000000000000e+03 1.704251766204833984e+00
2.490000000000000000e+03 1.867641091346740723e+00
2.492000000000000000e+03 2.004404067993164062e+00
2.494000000000000000e+03 2.044090032577514648e+00
2.496000000000000000e+03 2.220603942871093750e+00
2.498000000000000000e+03 2.507728815078735352e+00
2.500000000000000000e+03 2.515771150588989258e+00
2.502000000000000000e+03 2.538095712661743164e+00
2.504000000000000000e+03 6.302599310874938965e-01
2.506000000000000000e+03 9.317430853843688965e-01
2.508000000000000000e+03 6.953551173210144043e-01
2.510000000000000000e+03 8.896980881690979004e-01
2.512000000000000000e+03 9.025546908378601074e-01
2.514000000000000000e+03 4.900791943073272705e-01
2.516000000000000000e+03 5.557116866111755371e-01
2.518000000000000000e+03 3.807609081268310547e-01
2.520000000000000000e+03 -1.007672399282455444e-01
2.522000000000000000e+03 1.201856359839439392e-01
2.524000000000000000e+03 -7.745037972927093506e-02
2.526000000000000000e+03 -3.162862658500671387e-01
2.528000000000000000e+03 -5.314287543296813965e-01
2.530000000000000000e+03 -4.096593260765075684e-01
2.532000000000000000e+03 -3.544943630695343018e-01
2.534000000000000000e+03 -2.629293501377105713e-01
2.536000000000000000e+03 -2.804597377777099609e+00
2.538000000000000000e+03 -2.674100875854492188e+00
2.540000000000000000e+03 -6.150481104850769043e-01
2.542000000000000000e+03 -7.394170165061950684e-01
2.544000000000000000e+03 -6.147994399070739746e-01
2.546000000000000000e+03 -4.449552595615386963e-01
2.548000000000000000e+03 -4.035669267177581787e-01
2.550000000000000000e+03 -7.110965251922607422e-01
2.552000000000000000e+03 -5.778262615203857422e-01
2.554000000000000000e+03 -3.665275275707244873e-01
2.556000000000000000e+03 -2.619834899902343750e+00
2.558000000000000000e+03 -4.089077413082122803e-01
2.560000000000000000e+03 -4.293391704559326172e-01
2.562000000000000000e+03 -4.420060217380523682e-01
2.564000000000000000e+03 -2.705413401126861572e-01
2.566000000000000000e+03 -4.453655481338500977e-01
2.568000000000000000e+03 -6.633913516998291016e-01
2.570000000000000000e+03 -8.331936597824096680e-01
2.572000000000000000e+03 -8.842484354972839355e-01
2.574000000000000000e+03 -8.375555872917175293e-01
2.576000000000000000e+03 -7.410321831703186035e-01
2.578000000000000000e+03 -7.077445983886718750e-01
2.580000000000000000e+03 -8.105832338333129883e-01
2.582000000000000000e+03 -9.507458806037902832e-01
2.584000000000000000e+03 -7.918999791145324707e-01
2.586000000000000000e+03 -8.262674808502197266e-01
2.588000000000000000e+03 -1.042799711227416992e+00
2.590000000000000000e+03 -9.129754304885864258e-01
2.592000000000000000e+03 -7.888168096542358398e-01
2.594000000000000000e+03 -2.856131494045257568e-01
2.596000000000000000e+03 -5.821374654769897461e-01
2.598000000000000000e+03 -7.827525138854980469e-01
2.600000000000000000e+03 -4.738967716693878174e-01
2.602000000000000000e+03 -5.315997600555419922e-01
2.604000000000000000e+03 -3.455205857753753662e-01
2.606000000000000000e+03 -4.795191586017608643e-01
2.608000000000000000e+03 -4.663214683532714844e-01
2.610000000000000000e+03 -4.551007449626922607e-01
2.612000000000000000e+03 -6.773445606231689453e-01
2.614000000000000000e+03 -5.994120836257934570e-01
2.616000000000000000e+03 -7.056225538253784180e-01
2.618000000000000000e+03 -6.582768559455871582e-01
2.620000000000000000e+03 -1.171047925949096680e+00
2.622000000000000000e+03 -1.260386705398559570e+00
2.624000000000000000e+03 -1.227466583251953125e+00
2.626000000000000000e+03 -1.623695015907287598e+00
2.628000000000000000e+03 -1.311040401458740234e+00
2.630000000000000000e+03 -1.640096902847290039e+00
2.632000000000000000e+03 -1.385577797889709473e+00
2.634000000000000000e+03 -1.508559465408325195e+00
2.636000000000000000e+03 -1.023677706718444824e+00
2.638000000000000000e+03 -1.340863823890686035e+00
2.640000000000000000e+03 -1.870967626571655273e+00
2.642000000000000000e+03 -1.659367203712463379e+00
2.644000000000000000e+03 -1.993312954902648926e+00
2.646000000000000000e+03 -2.281723737716674805e+00
2.648000000000000000e+03 -2.024418354034423828e+00
2.650000000000000000e+03 -2.223748207092285156e+00
2.652000000000000000e+03 -2.156268596649169922e+00
2.654000000000000000e+03 -1.989089727401733398e+00
2.656000000000000000e+03 -2.067219018936157227e+00
2.658000000000000000e+03 2.013169288635253906e+00
2.660000000000000000e+03 1.826151371002197266e+00
2.662000000000000000e+03 2.060814380645751953e+00
2.664000000000000000e+03 2.171059608459472656e+00
2.666000000000000000e+03 2.194879770278930664e+00
2.668000000000000000e+03 2.261879444122314453e+00
2.670000000000000000e+03 2.335985898971557617e+00
2.672000000000000000e+03 2.042325258255004883e+00
2.674000000000000000e+03 2.234005451202392578e+00
2.676000000000000000e+03 2.025631427764892578e+00
2.678000000000000000e+03 2.149197816848754883e+00
2.680000000000000000e+03 2.366583108901977539e+00
2.682000000000000000e+03 2.258510828018188477e+00
2.684000000000000000e+03 2.154662847518920898e+00
2.686000000000000000e+03 2.235671520233154297e+00
2.688000000000000000e+03 2.367359876632690430e+00
2.690000000000000000e+03 2.380988836288452148e+00
2.692000000000000000e+03 2.284051656723022461e+00
2.694000000000000000e+03 2.197753906250000000e+00
2.696000000000000000e+03 2.257768630981445312e+00
2.698000000000000000e+03 2.440309762954711914e+00
2.700000000000000000e+03 7.655658125877380371e-01
2.702000000000000000e+03 7.427771091461181641e-01
2.704000000000000000e+03 -2.439599514007568359e+00
2.706000000000000000e+03 -6.332115530967712402e-01
2.708000000000000000e+03 -2.233034610748291016e+00
2.710000000000000000e+03 -2.279481410980224609e+00
2.712000000000000000e+03 2.205842494964599609e+00
2.714000000000000000e+03 2.338947534561157227e+00
2.716000000000000000e+03 2.249763488769531250e+00
2.718000000000000000e+03 2.418562173843383789e+00
2.720000000000000000e+03 2.221349954605102539e+00
2.722000000000000000e+03 2.166883707046508789e+00
2.724000000000000000e+03 -2.160982370376586914e+00
2.726000000000000000e+03 -2.002935647964477539e+00
2.728000000000000000e+03 2.069810628890991211e+00
2.730000000000000000e+03 2.008260726928710938e+00
2.732000000000000000e+03 -2.261527061462402344e+00
2.734000000000000000e+03 2.185429573059082031e+00
2.736000000000000000e+03 2.297724485397338867e+00
2.738000000000000000e+03 2.034045934677124023e+00
2.740000000000000000e+03 2.388938188552856445e+00
2.742000000000000000e+03 2.334637165069580078e+00
2.744000000000000000e+03 2.297910451889038086e+00
2.746000000000000000e+03 2.290949583053588867e+00
2.748000000000000000e+03 2.256968975067138672e+00
2.750000000000000000e+03 2.300935268402099609e+00
2.752000000000000000e+03 2.067145347595214844e+00
2.754000000000000000e+03 2.302964210510253906e+00
2.756000000000000000e+03 2.341650009155273438e+00
2.758000000000000000e+03 2.408652305603027344e+00
2.760000000000000000e+03 2.385115385055541992e+00
2.762000000000000000e+03 -7.795554995536804199e-01
2.764000000000000000e+03 2.360896587371826172e+00
2.766000000000000000e+03 2.313485383987426758e+00
2.768000000000000000e+03 2.443617343902587891e+00
2.770000000000000000e+03 2.646520376205444336e+00
2.772000000000000000e+03 2.598338842391967773e+00
2.774000000000000000e+03 2.461752414703369141e+00
2.776000000000000000e+03 2.658556938171386719e+00
2.778000000000000000e+03 2.628643751144409180e+00
2.780000000000000000e+03 2.608447074890136719e+00
2.782000000000000000e+03 2.626583337783813477e+00
2.784000000000000000e+03 2.256104469299316406e+00
2.786000000000000000e+03 2.416193485260009766e+00
2.788000000000000000e+03 -2.360964298248291016e+00
2.790000000000000000e+03 8.246459960937500000e-01
2.792000000000000000e+03 -2.354523897171020508e+00
2.794000000000000000e+03 -2.462491989135742188e+00
2.796000000000000000e+03 -2.447492837905883789e+00
2.798000000000000000e+03 -2.311899185180664062e+00
2.800000000000000000e+03 -2.364814996719360352e+00
2.802000000000000000e+03 -2.118944883346557617e+00
2.804000000000000000e+03 -1.924601316452026367e+00
2.806000000000000000e+03 -1.818723559379577637e+00
2.808000000000000000e+03 -1.942247629165649414e+00
2.810000000000000000e+03 -1.955811381340026855e+00
2.812000000000000000e+03 -1.575516819953918457e+00
2.814000000000000000e+03 -1.487747788429260254e+00
2.816000000000000000e+03 -1.570796370506286621e+00
2.818000000000000000e+03 -1.748348593711853027e+00
2.820000000000000000e+03 -1.598055958747863770e+00
2.822000000000000000e+03 -1.216779828071594238e+00
2.824000000000000000e+03 -1.523687839508056641e+00
2.826000000000000000e+03 -1.497031927108764648e+00
2.828000000000000000e+03 -1.604938507080078125e+00
2.830000000000000000e+03 -1.401546120643615723e+00
2.832000000000000000e+03 -5.507280826568603516e-01
2.834000000000000000e+03 1.694750972092151642e-02
2.836000000000000000e+03 0.000000000000000000e+00
2.838000000000000000e+03 -1.756304800510406494e-01
2.840000000000000000e+03 -6.438721418380737305e-01
2.842000000000000000e+03 1.040005162358283997e-01
2.844000000000000000e+03 -2.915769815444946289e-01
2.846000000000000000e+03 4.377911984920501709e-01
2.848000000000000000e+03 1.067521333694458008e+00
2.850000000000000000e+03 7.160231471061706543e-01
2.852000000000000000e+03 7.828537225723266602e-01
2.854000000000000000e+03 2.305802345275878906e+00
2.856000000000000000e+03 1.978798747062683105e+00
2.858000000000000000e+03 2.612056255340576172e+00
2.860000000000000000e+03 2.256001949310302734e+00
2.862000000000000000e+03 2.105795145034790039e+00
2.864000000000000000e+03 1.764182329177856445e+00
2.866000000000000000e+03 2.732619047164916992e-01
2.868000000000000000e+03 1.352546930313110352e+00
2.870000000000000000e+03 1.291255950927734375e+00
2.872000000000000000e+03 1.037930965423583984e+00
2.874000000000000000e+03 1.169539928436279297e+00
2.876000000000000000e+03 9.370982646942138672e-01
2.878000000000000000e+03 6.937413811683654785e-01
2.880000000000000000e+03 6.609942317008972168e-01
2.882000000000000000e+03 6.146773099899291992e-01
2.884000000000000000e+03 7.678231000900268555e-01
2.886000000000000000e+03 7.888299822807312012e-01
2.888000000000000000e+03 9.777434468269348145e-01
2.890000000000000000e+03 8.249878287315368652e-01
2.892000000000000000e+03 6.863455176353454590e-01
2.894000000000000000e+03 5.108162760734558105e-01
2.896000000000000000e+03 4.268030822277069092e-01
2.898000000000000000e+03 3.700736761093139648e-01
2.900000000000000000e+03 3.532572090625762939e-01
2.902000000000000000e+03 2.383449673652648926e-01
2.904000000000000000e+03 5.973817110061645508e-01
2.906000000000000000e+03 6.217213273048400879e-01
2.908000000000000000e+03 9.743166565895080566e-01
2.910000000000000000e+03 3.514965474605560303e-01
2.912000000000000000e+03 4.496647119522094727e-01
2.914000000000000000e+03 1.469994187355041504e-01
2.916000000000000000e+03 5.097499489784240723e-01
2.918000000000000000e+03 2.546430826187133789e-01
2.920000000000000000e+03 3.787617385387420654e-01
2.922000000000000000e+03 2.486244291067123413e-01
2.924000000000000000e+03 3.894662559032440186e-01
2.926000000000000000e+03 1.627553582191467285e+00
2.928000000000000000e+03 1.393200993537902832e+00
2.930000000000000000e+03 1.811191797256469727e+00
2.932000000000000000e+03 2.436445474624633789e+00
2.934000000000000000e+03 1.875577449798583984e+00
2.936000000000000000e+03 1.651438832283020020e+00
2.938000000000000000e+03 -1.631647229194641113e+00
2.940000000000000000e+03 -1.299845337867736816e+00
2.942000000000000000e+03 -1.225149869918823242e+00
2.944000000000000000e+03 1.190457582473754883e+00
2.946000000000000000e+03 -1.264416217803955078e+00
2.948000000000000000e+03 1.072079539299011230e+00
2.950000000000000000e+03 1.005485653877258301e+00
2.952000000000000000e+03 1.040660023689270020e+00
2.954000000000000000e+03 1.112706065177917480e+00
2.956000000000000000e+03 1.185447216033935547e+00
2.958000000000000000e+03 1.095396637916564941e+00
2.960000000000000000e+03 1.239806294441223145e+00
2.962000000000000000e+03 -1.147184610366821289e+00
2.964000000000000000e+03 -8.554105758666992188e-01
2.966000000000000000e+03 -8.134483098983764648e-01
2.968000000000000000e+03 -2.516054391860961914e+00
2.970000000000000000e+03 -7.073503136634826660e-01
2.972000000000000000e+03 2.212600708007812500e+00
2.974000000000000000e+03 -2.376059532165527344e+00
2.976000000000000000e+03 -6.861684322357177734e-01
2.978000000000000000e+03 -7.821381688117980957e-01
2.980000000000000000e+03 -7.642316222190856934e-01
2.982000000000000000e+03 -2.163878440856933594e+00
2.984000000000000000e+03 -2.301477670669555664e+00
2.986000000000000000e+03 -2.224596977233886719e+00
2.988000000000000000e+03 -2.326983451843261719e+00
2.990000000000000000e+03 -6.569232344627380371e-01
2.992000000000000000e+03 -2.332048416137695312e+00
2.994000000000000000e+03 -2.622200012207031250e+00
2.996000000000000000e+03 -5.554937124252319336e-01
2.998000000000000000e+03 -5.779482722282409668e-01
3.000000000000000000e+03 -2.628868341445922852e+00
3.002000000000000000e+03 -4.396706819534301758e-01
3.004000000000000000e+03 -3.029874324798583984e+00
3.006000000000000000e+03 -2.823617696762084961e+00
3.008000000000000000e+03 -2.671062946319580078e+00
3.010000000000000000e+03 -2.738690614700317383e+00
3.012000000000000000e+03 -2.818381547927856445e+00
3.014000000000000000e+03 -2.960482358932495117e+00
3.016000000000000000e+03 -2.605290651321411133e+00
3.018000000000000000e+03 -2.795266389846801758e+00
3.020000000000000000e+03 -2.696133852005004883e+00
3.022000000000000000e+03 -2.721134424209594727e+00
3.024000000000000000e+03 -2.716643571853637695e+00
3.026000000000000000e+03 2.400956630706787109e+00
3.028000000000000000e+03 2.067254781723022461e+00
3.030000000000000000e+03 2.139224529266357422e+00
3.032000000000000000e+03 2.652309417724609375e+00
3.034000000000000000e+03 -2.730159044265747070e+00
3.036000000000000000e+03 2.998335123062133789e+00
3.038000000000000000e+03 2.955298423767089844e+00
3.040000000000000000e+03 -3.131538867950439453e+00
3.042000000000000000e+03 2.930770874023437500e+00
3.044000000000000000e+03 2.741787433624267578e+00
3.046000000000000000e+03 2.741062879562377930e+00
3.048000000000000000e+03 2.707106590270996094e+00
3.050000000000000000e+03 6.693902611732482910e-01
3.052000000000000000e+03 4.455862939357757568e-01
3.054000000000000000e+03 4.083350002765655518e-01
3.056000000000000000e+03 5.815044641494750977e-01
3.058000000000000000e+03 7.404168844223022461e-01
3.060000000000000000e+03 8.742561340332031250e-01
3.062000000000000000e+03 -8.569216728210449219e-01
3.064000000000000000e+03 -2.452849626541137695e+00
3.066000000000000000e+03 -2.449842929840087891e+00
3.068000000000000000e+03 -2.409367322921752930e+00
3.070000000000000000e+03 -2.311896085739135742e+00
3.072000000000000000e+03 2.586634397506713867e+00
3.074000000000000000e+03 2.528117895126342773e+00
3.076000000000000000e+03 2.618879795074462891e+00
3.078000000000000000e+03 2.585106372833251953e+00
3.080000000000000000e+03 2.487996101379394531e+00
3.082000000000000000e+03 2.711955547332763672e+00
3.084000000000000000e+03 2.219438552856445312e+00
3.086000000000000000e+03 2.075450658798217773e+00
3.088000000000000000e+03 2.497680664062500000e+00
3.090000000000000000e+03 2.397172927856445312e+00
3.092000000000000000e+03 2.558032512664794922e+00
3.094000000000000000e+03 2.981209516525268555e+00
3.096000000000000000e+03 2.912971258163452148e+00
3.098000000000000000e+03 2.682624340057373047e+00
3.100000000000000000e+03 2.863402605056762695e+00
3.102000000000000000e+03 2.464152097702026367e+00
3.104000000000000000e+03 2.372864723205566406e+00
3.106000000000000000e+03 1.975688099861145020e+00
3.108000000000000000e+03 2.189422130584716797e+00
3.110000000000000000e+03 -1.501765698194503784e-01
3.112000000000000000e+03 -8.724265098571777344e-01
3.114000000000000000e+03 -2.038937211036682129e-01
3.116000000000000000e+03 2.440561503171920776e-01
3.118000000000000000e+03 -6.003433465957641602e-02
3.120000000000000000e+03 1.492039207369089127e-02
3.122000000000000000e+03 1.072811558842658997e-01
3.124000000000000000e+03 1.471836864948272705e-01
3.126000000000000000e+03 4.243592619895935059e-01
3.128000000000000000e+03 5.589601993560791016e-01
3.130000000000000000e+03 7.262144684791564941e-01
3.132000000000000000e+03 1.212924003601074219e+00
3.134000000000000000e+03 -1.359850645065307617e+00
3.136000000000000000e+03 -1.122730135917663574e+00
3.138000000000000000e+03 -1.190460920333862305e+00
3.140000000000000000e+03 -1.038109660148620605e+00
3.142000000000000000e+03 -1.159305214881896973e+00
3.144000000000000000e+03 -1.241974353790283203e+00
3.146000000000000000e+03 1.372697591781616211e+00
3.148000000000000000e+03 1.413859367370605469e+00
3.150000000000000000e+03 -1.295823335647583008e+00
3.152000000000000000e+03 1.122820615768432617e+00
3.154000000000000000e+03 9.642809629440307617e-01
3.156000000000000000e+03 1.199821233749389648e+00
3.158000000000000000e+03 -1.550466418266296387e+00
3.160000000000000000e+03 -1.589381575584411621e+00
3.162000000000000000e+03 -1.433860421180725098e+00
3.164000000000000000e+03 -1.715819120407104492e+00
3.166000000000000000e+03 -1.436224699020385742e+00
3.168000000000000000e+03 -1.421236634254455566e+00
3.170000000000000000e+03 -1.755339145660400391e+00
3.172000000000000000e+03 -1.931706428527832031e+00
3.174000000000000000e+03 -1.875210762023925781e+00
3.176000000000000000e+03 -2.001609086990356445e+00
3.178000000000000000e+03 -1.821903705596923828e+00
3.180000000000000000e+03 -1.948837161064147949e+00
3.182000000000000000e+03 -2.176617145538330078e+00
3.184000000000000000e+03 -2.202212572097778320e+00
3.186000000000000000e+03 -2.279781818389892578e+00
3.188000000000000000e+03 -2.128688573837280273e+00
3.190000000000000000e+03 2.102230072021484375e+00
3.192000000000000000e+03 2.073277473449707031e+00
3.194000000000000000e+03 2.183827638626098633e+00
3.196000000000000000e+03 2.219791889190673828e+00
3.198000000000000000e+03 2.365002870559692383e+00
3.200000000000000000e+03 2.523221969604492188e+00
3.202000000000000000e+03 2.463143110275268555e+00
3.204000000000000000e+03 8.013783693313598633e-01
3.206000000000000000e+03 2.287519693374633789e+00
3.208000000000000000e+03 2.271948337554931641e+00
3.210000000000000000e+03 2.386492967605590820e+00
3.212000000000000000e+03 2.601599931716918945e+00
3.214000000000000000e+03 4.047375023365020752e-01
3.216000000000000000e+03 3.266673684120178223e-01
3.218000000000000000e+03 2.879806041717529297e+00
3.220000000000000000e+03 2.802485466003417969e+00
3.222000000000000000e+03 2.987996637821197510e-01
3.224000000000000000e+03 3.165783882141113281e-01
3.226000000000000000e+03 2.556537091732025146e-01
3.228000000000000000e+03 1.834707260131835938e-01
3.230000000000000000e+03 1.454728096723556519e-01
3.232000000000000000e+03 3.081008791923522949e-01
3.234000000000000000e+03 2.792415618896484375e-01
3.236000000000000000e+03 3.770275507122278214e-03
3.238000000000000000e+03 -1.888802498579025269e-01
3.240000000000000000e+03 -5.025436282157897949e-01
3.242000000000000000e+03 -6.946484446525573730e-01
3.244000000000000000e+03 -4.984813630580902100e-01
3.246000000000000000e+03 -1.721910834312438965e-01
3.248000000000000000e+03 3.116572201251983643e-01
3.250000000000000000e+03 1.160914003849029541e-01
3.252000000000000000e+03 2.501781284809112549e-02
3.254000000000000000e+03 1.948357373476028442e-02
3.256000000000000000e+03 -3.387133032083511353e-02
3.258000000000000000e+03 -1.672932505607604980e-01
3.260000000000000000e+03 -1.835229545831680298e-01
3.262000000000000000e+03 4.637048393487930298e-02
3.264000000000000000e+03 6.505454890429973602e-03
3.266000000000000000e+03 -1.276985704898834229e-01
3.268000000000000000e+03 -2.738420069217681885e-01
3.270000000000000000e+03 -6.988226175308227539e-01
3.272000000000000000e+03 -6.767887473106384277e-01
3.274000000000000000e+03 -9.053671956062316895e-01
3.276000000000000000e+03 -8.053290843963623047e-01
3.278000000000000000e+03 -7.819991707801818848e-01
3.280000000000000000e+03 -6.452884674072265625e-01
3.282000000000000000e+03 -7.132546305656433105e-01
3.284000000000000000e+03 -1.010719537734985352e+00
3.286000000000000000e+03 -9.974397420883178711e-01
3.288000000000000000e+03 9.071779847145080566e-01
3.290000000000000000e+03 -9.475674033164978027e-01
3.292000000000000000e+03 -9.225728511810302734e-01
3.294000000000000000e+03 2.341450691223144531e+00
3.296000000000000000e+03 8.411594033241271973e-01
3.298000000000000000e+03 -7.217410802841186523e-01
3.300000000000000000e+03 -6.698390841484069824e-01
3.302000000000000000e+03 -6.495493054389953613e-01
3.304000000000000000e+03 -5.400441884994506836e-01
3.306000000000000000e+03 -5.450789332389831543e-01
3.308000000000000000e+03 -3.542594015598297119e-01
3.310000000000000000e+03 -1.484620869159698486e-01
3.312000000000000000e+03 -2.837940454483032227e-01
3.314000000000000000e+03 -2.986833333969116211e+00
3.316000000000000000e+03 -6.840611249208450317e-02
3.318000000000000000e+03 -3.052647352218627930e+00
3.320000000000000000e+03 3.109173059463500977e+00
3.322000000000000000e+03 -3.082402706146240234e+00
3.324000000000000000e+03 3.010091543197631836e+00
3.326000000000000000e+03 2.877148151397705078e+00
3.328000000000000000e+03 2.559219121932983398e+00
3.330000000000000000e+03 2.618463039398193359e+00
3.332000000000000000e+03 2.807054042816162109e+00
3.334000000000000000e+03 2.803346633911132812e+00
3.336000000000000000e+03 2.836174726486206055e+00
3.338000000000000000e+03 2.366592645645141602e+00
3.340000000000000000e+03 2.609928846359252930e+00
3.342000000000000000e+03 -3.086344242095947266e+00
3.344000000000000000e+03 2.406955718994140625e+00
3.346000000000000000e+03 2.187014579772949219e+00
3.348000000000000000e+03 1.955582857131958008e+00
3.350000000000000000e+03 1.763673305511474609e+00
3.352000000000000000e+03 1.840545296669006348e+00
3.354000000000000000e+03 1.618834972381591797e+00
3.356000000000000000e+03 -1.588155865669250488e+00
3.358000000000000000e+03 -1.874210119247436523e+00
3.360000000000000000e+03 2.014125823974609375e+00
3.362000000000000000e+03 2.065486192703247070e+00
3.364000000000000000e+03 2.007100105285644531e+00
3.366000000000000000e+03 -2.012833595275878906e+00
3.368000000000000000e+03 -1.920412302017211914e+00
3.370000000000000000e+03 -1.849843502044677734e+00
3.372000000000000000e+03 -2.076666116714477539e+00
3.374000000000000000e+03 -2.152801513671875000e+00
3.376000000000000000e+03 -2.310367584228515625e+00
3.378000000000000000e+03 -2.024315118789672852e+00
3.380000000000000000e+03 -2.209422588348388672e+00
3.382000000000000000e+03 -2.356747865676879883e+00
3.384000000000000000e+03 -5.137674212455749512e-01
3.386000000000000000e+03 -6.727371215820312500e-01
3.388000000000000000e+03 -2.442338466644287109e+00
3.390000000000000000e+03 -2.332346200942993164e+00
3.392000000000000000e+03 -2.294737815856933594e+00
3.394000000000000000e+03 -2.643850564956665039e+00
3.396000000000000000e+03 -2.479878187179565430e+00
3.398000000000000000e+03 -2.467188358306884766e+00
3.400000000000000000e+03 -2.520478963851928711e+00
3.402000000000000000e+03 -5.393004417419433594e-01
3.404000000000000000e+03 -4.031942784786224365e-01
3.406000000000000000e+03 -4.151965379714965820e-01
3.408000000000000000e+03 -2.557801604270935059e-01
3.410000000000000000e+03 -3.760316967964172363e-01
3.412000000000000000e+03 -7.570961117744445801e-02
3.414000000000000000e+03 1.151598170399665833e-01
3.416000000000000000e+03 -1.161102950572967529e-01
3.418000000000000000e+03 -4.805152714252471924e-01
3.420000000000000000e+03 -5.628315806388854980e-01
3.422000000000000000e+03 -3.743833899497985840e-01
3.424000000000000000e+03 -2.670221805572509766e+00
3.426000000000000000e+03 -2.467824220657348633e+00
3.428000000000000000e+03 -2.437819004058837891e+00
3.430000000000000000e+03 -2.454796552658081055e+00
3.432000000000000000e+03 -2.670131206512451172e+00
3.434000000000000000e+03 -2.528092145919799805e+00
3.436000000000000000e+03 -2.527274608612060547e+00
3.438000000000000000e+03 -2.641741275787353516e+00
3.440000000000000000e+03 -3.132143020629882812e-01
3.442000000000000000e+03 -2.855546474456787109e+00
3.444000000000000000e+03 -3.627022802829742432e-01
3.446000000000000000e+03 -5.321968197822570801e-01
3.448000000000000000e+03 -6.918321847915649414e-01
3.450000000000000000e+03 -8.982177376747131348e-01
3.452000000000000000e+03 -1.060006380081176758e+00
3.454000000000000000e+03 -1.157957792282104492e+00
3.456000000000000000e+03 -9.769595265388488770e-01
3.458000000000000000e+03 -1.061905741691589355e+00
3.460000000000000000e+03 -1.145244836807250977e+00
3.462000000000000000e+03 -1.144063949584960938e+00
3.464000000000000000e+03 1.096047163009643555e+00
3.466000000000000000e+03 1.369612932205200195e+00
3.468000000000000000e+03 1.404175043106079102e+00
3.470000000000000000e+03 1.243853688240051270e+00
3.472000000000000000e+03 1.408865928649902344e+00
3.474000000000000000e+03 1.404963374137878418e+00
3.476000000000000000e+03 1.415001034736633301e+00
3.478000000000000000e+03 -1.604142546653747559e+00
3.480000000000000000e+03 1.301782011985778809e+00
3.482000000000000000e+03 1.520370364189147949e+00
3.484000000000000000e+03 1.839647173881530762e+00
3.486000000000000000e+03 1.993489742279052734e+00
3.488000000000000000e+03 2.064599514007568359e+00
3.490000000000000000e+03 2.154485464096069336e+00
3.492000000000000000e+03 2.153535842895507812e+00
3.494000000000000000e+03 -2.154119729995727539e+00
3.496000000000000000e+03 -2.230430364608764648e+00
3.498000000000000000e+03 -2.304826259613037109e+00
3.500000000000000000e+03 -2.404497623443603516e+00
3.502000000000000000e+03 -2.660944938659667969e+00
3.504000000000000000e+03 -2.696227073669433594e+00
3.506000000000000000e+03 -2.886697053909301758e+00
3.508000000000000000e+03 -2.747504711151123047e+00
3.510000000000000000e+03 -3.105079174041748047e+00
3.512000000000000000e+03 2.961013555526733398e+00
3.514000000000000000e+03 3.012008666992187500e+00
3.516000000000000000e+03 3.121331930160522461e+00
3.518000000000000000e+03 -3.010954141616821289e+00
3.520000000000000000e+03 3.118581771850585938e+00
3.522000000000000000e+03 -1.376146799884736538e-03
3.524000000000000000e+03 2.908521413803100586e+00
3.526000000000000000e+03 2.754787921905517578e+00
3.528000000000000000e+03 2.490725278854370117e+00
3.530000000000000000e+03 2.723491191864013672e+00
3.532000000000000000e+03 2.459587812423706055e+00
3.534000000000000000e+03 2.318420171737670898e+00
3.536000000000000000e+03 2.210925102233886719e+00
3.538000000000000000e+03 2.341089963912963867e+00
3.540000000000000000e+03 2.722588777542114258e+00
3.542000000000000000e+03 2.808772325515747070e+00
3.544000000000000000e+03 3.055409669876098633e+00
3.546000000000000000e+03 3.065979957580566406e+00
3.548000000000000000e+03 2.037689447402954102e+00
3.550000000000000000e+03 2.088358879089355469e+00
3.552000000000000000e+03 2.091872215270996094e+00
3.554000000000000000e+03 1.666506409645080566e+00
3.556000000000000000e+03 1.655579090118408203e+00
3.558000000000000000e+03 1.770310401916503906e+00
3.560000000000000000e+03 2.123038768768310547e+00
3.562000000000000000e+03 1.882759332656860352e+00
3.564000000000000000e+03 1.795977830886840820e+00
3.566000000000000000e+03 1.815089106559753418e+00
3.568000000000000000e+03 1.465273022651672363e+00
3.570000000000000000e+03 1.605472922325134277e+00
3.572000000000000000e+03 1.430599331855773926e+00
3.574000000000000000e+03 1.264683604240417480e+00
3.576000000000000000e+03 1.602295875549316406e+00
3.578000000000000000e+03 2.099154472351074219e+00
3.580000000000000000e+03 2.107435464859008789e+00
3.582000000000000000e+03 2.131687402725219727e+00
3.584000000000000000e+03 2.675650835037231445e+00
3.586000000000000000e+03 2.642133951187133789e+00
3.588000000000000000e+03 2.389611244201660156e+00
3.590000000000000000e+03 2.106104135513305664e+00
3.592000000000000000e+03 1.969907760620117188e+00
3.594000000000000000e+03 -2.177742004394531250e+00
3.596000000000000000e+03 2.288532018661499023e+00
3.598000000000000000e+03 2.455800771713256836e+00
3.600000000000000000e+03 5.238302350044250488e-01
3.602000000000000000e+03 2.516136169433593750e+00
3.604000000000000000e+03 3.959952890872955322e-01
3.606000000000000000e+03 3.507263362407684326e-01
3.608000000000000000e+03 2.222057878971099854e-01
3.610000000000000000e+03 6.467212736606597900e-02
3.612000000000000000e+03 1.049375087022781372e-01
3.614000000000000000e+03 1.432666480541229248e-01
3.616000000000000000e+03 3.693715333938598633e-01
3.618000000000000000e+03 2.932425141334533691e-01
3.620000000000000000e+03 2.589812576770782471e-01
3.622000000000000000e+03 4.785579442977905273e-01
3.624000000000000000e+03 6.242830157279968262e-01
3.626000000000000000e+03 -5.704424381256103516e-01
3.628000000000000000e+03 1.541553735733032227e-01
3.630000000000000000e+03 1.511625200510025024e-01
3.632000000000000000e+03 6.269669532775878906e-02
3.634000000000000000e+03 4.078423678874969482e-01
3.636000000000000000e+03 3.781208395957946777e-02
3.638000000000000000e+03 -1.188788041472434998e-01
3.640000000000000000e+03 -1.130533441901206970e-01
3.642000000000000000e+03 -1.651219725608825684e-01
3.644000000000000000e+03 -1.228241100907325745e-01
3.646000000000000000e+03 -1.320204287767410278e-01
3.648000000000000000e+03 7.524774223566055298e-02
3.650000000000000000e+03 -5.360531061887741089e-02
3.652000000000000000e+03 -2.859904766082763672e+00
3.654000000000000000e+03 -2.709935188293457031e+00
3.656000000000000000e+03 -2.716068267822265625e+00
3.658000000000000000e+03 -2.286296933889389038e-01
3.660000000000000000e+03 2.149802632629871368e-02
3.662000000000000000e+03 2.937494277954101562e+00
3.664000000000000000e+03 1.407663077116012573e-01
3.666000000000000000e+03 -2.868394553661346436e-01
3.668000000000000000e+03 -3.882856070995330811e-01
3.670000000000000000e+03 -4.235013127326965332e-01
3.672000000000000000e+03 -3.340849578380584717e-01
3.674000000000000000e+03 -5.939354300498962402e-01
3.676000000000000000e+03 -5.252884626388549805e-01
3.678000000000000000e+03 -5.193622708320617676e-01
3.680000000000000000e+03 -5.111832022666931152e-01
3.682000000000000000e+03 -5.089671611785888672e-01
3.684000000000000000e+03 -7.718912363052368164e-01
3.686000000000000000e+03 -1.018560528755187988e+00
3.688000000000000000e+03 -1.027926325798034668e+00
3.690000000000000000e+03 -9.026048183441162109e-01
3.692000000000000000e+03 -6.909931898117065430e-01
3.694000000000000000e+03 -7.606808841228485107e-02
3.696000000000000000e+03 6.511656641960144043e-01
3.698000000000000000e+03 7.099858522415161133e-01
3.700000000000000000e+03 9.212347120046615601e-02
3.702000000000000000e+03 8.603179454803466797e-02
3.704000000000000000e+03 -3.243732154369354248e-01
3.706000000000000000e+03 -1.925192773342132568e-01
3.708000000000000000e+03 -1.009071588516235352e+00
3.710000000000000000e+03 3.873215615749359131e-01
3.712000000000000000e+03 1.952796578407287598e-01
3.714000000000000000e+03 3.794867694377899170e-01
3.716000000000000000e+03 -7.847642153501510620e-02
3.718000000000000000e+03 -1.358766704797744751e-01
3.720000000000000000e+03 4.583593606948852539e-01
3.722000000000000000e+03 1.983589649200439453e+00
3.724000000000000000e+03 2.441555976867675781e+00
3.726000000000000000e+03 2.109468460083007812e+00
3.728000000000000000e+03 2.704830408096313477e+00
3.730000000000000000e+03 2.657907009124755859e+00
3.732000000000000000e+03 2.477207422256469727e+00
3.734000000000000000e+03 2.386638402938842773e+00
3.736000000000000000e+03 2.495851516723632812e+00
3.738000000000000000e+03 2.856738328933715820e+00
3.740000000000000000e+03 2.932911634445190430e+00
3.742000000000000000e+03 3.034383535385131836e+00
3.744000000000000000e+03 4.652647674083709717e-02
3.746000000000000000e+03 2.990321397781372070e+00
3.748000000000000000e+03 2.962440013885498047e+00
3.750000000000000000e+03 -3.004285573959350586e+00
3.752000000000000000e+03 -2.841540575027465820e+00
3.754000000000000000e+03 -2.559502840042114258e+00
3.756000000000000000e+03 -2.792883634567260742e+00
3.758000000000000000e+03 -2.809953689575195312e+00
3.760000000000000000e+03 -2.747312068939208984e+00
3.762000000000000000e+03 -2.629776477813720703e+00
3.764000000000000000e+03 -2.496941328048706055e+00
3.766000000000000000e+03 -2.647725105285644531e+00
3.768000000000000000e+03 -2.650635242462158203e+00
3.770000000000000000e+03 -2.547041416168212891e+00
3.772000000000000000e+03 -2.424617767333984375e+00
3.774000000000000000e+03 -2.328749418258666992e+00
3.776000000000000000e+03 -2.562122344970703125e+00
3.778000000000000000e+03 -1.856843471527099609e+00
3.780000000000000000e+03 2.663041114807128906e+00
3.782000000000000000e+03 2.945245265960693359e+00
3.784000000000000000e+03 2.486617326736450195e+00
3.786000000000000000e+03 2.283240556716918945e+00
3.788000000000000000e+03 2.180418491363525391e+00
3.790000000000000000e+03 3.938843309879302979e-02
3.792000000000000000e+03 1.255496442317962646e-01
3.794000000000000000e+03 1.250231146812438965e+00
3.796000000000000000e+03 -1.104502081871032715e+00
3.798000000000000000e+03 2.710282564163208008e+00
3.800000000000000000e+03 -3.087521553039550781e+00
3.802000000000000000e+03 -2.793034791946411133e+00
3.804000000000000000e+03 -2.831167221069335938e+00
3.806000000000000000e+03 3.093062877655029297e+00
3.808000000000000000e+03 -2.860848903656005859e+00
3.810000000000000000e+03 -3.077540874481201172e+00
3.812000000000000000e+03 -2.915354251861572266e+00
3.814000000000000000e+03 -2.638332843780517578e+00
3.816000000000000000e+03 -2.649051427841186523e+00
3.818000000000000000e+03 -2.597219467163085938e+00
3.820000000000000000e+03 -2.653075933456420898e+00
3.822000000000000000e+03 -4.157673120498657227e-01
3.824000000000000000e+03 -2.963857173919677734e+00
3.826000000000000000e+03 2.980349063873291016e+00
3.828000000000000000e+03 -1.259557902812957764e-01
3.830000000000000000e+03 -2.875271081924438477e+00
3.832000000000000000e+03 -3.006708383560180664e+00
3.834000000000000000e+03 -2.572675466537475586e+00
3.836000000000000000e+03 -2.387959480285644531e+00
3.838000000000000000e+03 -2.512137174606323242e+00
3.840000000000000000e+03 -2.467872858047485352e+00
3.842000000000000000e+03 -2.323356151580810547e+00
3.844000000000000000e+03 -2.219770431518554688e+00
3.846000000000000000e+03 -2.264827966690063477e+00
3.848000000000000000e+03 -2.251317501068115234e+00
3.850000000000000000e+03 -2.240728616714477539e+00
3.852000000000000000e+03 -2.249923229217529297e+00
3.854000000000000000e+03 -2.351441621780395508e+00
3.856000000000000000e+03 -2.411773204803466797e+00
3.858000000000000000e+03 -2.483081102371215820e+00
3.860000000000000000e+03 -2.534148216247558594e+00
3.862000000000000000e+03 -2.562944173812866211e+00
3.864000000000000000e+03 -2.494262456893920898e+00
3.866000000000000000e+03 -2.437232255935668945e+00
3.868000000000000000e+03 -2.313011646270751953e+00
3.870000000000000000e+03 -2.509733200073242188e+00
3.872000000000000000e+03 -2.352692842483520508e+00
3.874000000000000000e+03 -2.474480390548706055e+00
3.876000000000000000e+03 -2.518431901931762695e+00
3.878000000000000000e+03 -2.367399930953979492e+00
3.880000000000000000e+03 -2.169266700744628906e+00
3.882000000000000000e+03 -2.237228631973266602e+00
3.884000000000000000e+03 -2.347483873367309570e+00
3.886000000000000000e+03 -2.279127120971679688e+00
3.888000000000000000e+03 -2.442168474197387695e+00
3.890000000000000000e+03 -2.488529920578002930e+00
3.892000000000000000e+03 -2.360284328460693359e+00
3.894000000000000000e+03 -2.635251045227050781e+00
3.896000000000000000e+03 -2.725907087326049805e+00
3.898000000000000000e+03 -2.814136981964111328e+00
3.900000000000000000e+03 -2.781162738800048828e+00
3.902000000000000000e+03 -2.675721883773803711e+00
3.904000000000000000e+03 -2.773898601531982422e+00
3.906000000000000000e+03 -2.795347690582275391e+00
3.908000000000000000e+03 -5.020375251770019531e-01
3.910000000000000000e+03 -4.863317906856536865e-01
3.912000000000000000e+03 -2.520159006118774414e+00
3.914000000000000000e+03 -2.597746133804321289e+00
3.916000000000000000e+03 -2.566824913024902344e+00
3.918000000000000000e+03 -2.676123619079589844e+00
3.920000000000000000e+03 -2.588346004486083984e+00
3.922000000000000000e+03 -2.663164377212524414e+00
3.924000000000000000e+03 -2.575486660003662109e+00
3.926000000000000000e+03 -2.699527263641357422e+00
3.928000000000000000e+03 -2.913392305374145508e+00
3.930000000000000000e+03 -2.823360204696655273e+00
3.932000000000000000e+03 -2.994569540023803711e+00
3.934000000000000000e+03 -2.813732147216796875e+00
3.936000000000000000e+03 -2.785211324691772461e+00
3.938000000000000000e+03 -2.548590183258056641e+00
3.940000000000000000e+03 -2.825622558593750000e+00
3.942000000000000000e+03 9.974717497825622559e-01
3.944000000000000000e+03 -9.129074215888977051e-01
3.946000000000000000e+03 -2.504125356674194336e+00
3.948000000000000000e+03 -1.969545602798461914e+00
3.950000000000000000e+03 2.356192827224731445e+00
3.952000000000000000e+03 -1.892350792884826660e+00
3.954000000000000000e+03 -1.688817381858825684e+00
3.956000000000000000e+03 -2.514426946640014648e+00
3.958000000000000000e+03 -2.567564010620117188e+00
3.960000000000000000e+03 -2.553685188293457031e+00
3.962000000000000000e+03 -2.481320381164550781e+00
3.964000000000000000e+03 -2.397457599639892578e+00
3.966000000000000000e+03 -2.812755823135375977e+00
3.968000000000000000e+03 -2.757823705673217773e+00
3.970000000000000000e+03 2.943507432937622070e+00
3.972000000000000000e+03 2.808927297592163086e+00
3.974000000000000000e+03 2.837610721588134766e+00
3.976000000000000000e+03 -2.943743467330932617e+00
3.978000000000000000e+03 -3.094080209732055664e+00
3.980000000000000000e+03 2.920319557189941406e+00
3.982000000000000000e+03 2.182847023010253906e+00
3.984000000000000000e+03 2.344918727874755859e+00
3.986000000000000000e+03 1.914227366447448730e+00
3.988000000000000000e+03 1.777406096458435059e+00
3.990000000000000000e+03 2.170359373092651367e+00
3.992000000000000000e+03 1.771090865135192871e+00
3.994000000000000000e+03 1.538997054100036621e+00
3.996000000000000000e+03 1.918182253837585449e+00
3.998000000000000000e+03 1.618836164474487305e+00
4.000000000000000000e+03 1.572105169296264648e+00
4.002000000000000000e+03 1.432218790054321289e+00
4.004000000000000000e+03 1.645794987678527832e+00
4.006000000000000000e+03 1.810606360435485840e+00
4.008000000000000000e+03 1.897884368896484375e+00
4.010000000000000000e+03 1.525998830795288086e+00
4.012000000000000000e+03 -7.219383120536804199e-01
4.014000000000000000e+03 -5.812977552413940430e-01
4.016000000000000000e+03 -1.889832615852355957e+00
4.018000000000000000e+03 -1.484713912010192871e+00
4.020000000000000000e+03 -8.635726571083068848e-01
4.022000000000000000e+03 -1.811985015869140625e+00
4.024000000000000000e+03 -1.365320920944213867e+00
4.026000000000000000e+03 -1.029813885688781738e+00
4.028000000000000000e+03 -6.591007709503173828e-01
4.030000000000000000e+03 -5.611638426780700684e-01
4.032000000000000000e+03 7.766139507293701172e-02
4.034000000000000000e+03 -2.302894741296768188e-01
4.036000000000000000e+03 -1.365028619766235352e-01
4.038000000000000000e+03 -6.372545361518859863e-01
4.040000000000000000e+03 -2.001049816608428955e-01
4.042000000000000000e+03 9.232588410377502441e-01
4.044000000000000000e+03 1.155716061592102051e+00
4.046000000000000000e+03 4.824496507644653320e-01
4.048000000000000000e+03 1.139601230621337891e+00
4.050000000000000000e+03 -9.048300981521606445e-01
4.052000000000000000e+03 2.374331206083297729e-01
4.054000000000000000e+03 1.305806279182434082e+00
4.056000000000000000e+03 1.664231538772583008e+00
4.058000000000000000e+03 1.549122095108032227e+00
4.060000000000000000e+03 1.567456364631652832e+00
4.062000000000000000e+03 1.487296581268310547e+00
4.064000000000000000e+03 1.675572395324707031e+00
4.066000000000000000e+03 2.083124637603759766e+00
4.068000000000000000e+03 1.879715681076049805e+00
4.070000000000000000e+03 1.795565009117126465e+00
4.072000000000000000e+03 1.625939607620239258e+00
4.074000000000000000e+03 1.526152372360229492e+00
4.076000000000000000e+03 1.686529159545898438e+00
4.078000000000000000e+03 1.465579271316528320e+00
4.080000000000000000e+03 1.509173750877380371e+00
4.082000000000000000e+03 1.506543159484863281e+00
4.084000000000000000e+03 1.658677697181701660e+00
4.086000000000000000e+03 2.144279241561889648e+00
4.088000000000000000e+03 1.916862368583679199e+00
4.090000000000000000e+03 1.466595053672790527e+00
4.092000000000000000e+03 1.885424613952636719e+00
4.094000000000000000e+03 1.821033239364624023e+00
4.096000000000000000e+03 1.893329858779907227e+00
4.098000000000000000e+03 1.903015255928039551e+00
4.100000000000000000e+03 1.799876213073730469e+00
4.102000000000000000e+03 1.880828738212585449e+00
4.104000000000000000e+03 -1.790207624435424805e+00
4.106000000000000000e+03 1.470353722572326660e+00
4.108000000000000000e+03 1.628959894180297852e+00
4.110000000000000000e+03 -1.863117814064025879e+00
4.112000000000000000e+03 -2.021162748336791992e+00
4.114000000000000000e+03 -2.199908256530761719e+00
4.116000000000000000e+03 -1.726585745811462402e+00
4.118000000000000000e+03 -1.944234967231750488e+00
4.120000000000000000e+03 -1.974129676818847656e+00
4.122000000000000000e+03 -2.414731025695800781e+00
4.124000000000000000e+03 -2.309693336486816406e+00
4.126000000000000000e+03 -2.445368289947509766e+00
4.128000000000000000e+03 -6.647248864173889160e-01
4.130000000000000000e+03 2.363227605819702148e+00
4.132000000000000000e+03 7.822133898735046387e-01
4.134000000000000000e+03 -7.559363245964050293e-01
4.136000000000000000e+03 -7.778685688972473145e-01
4.138000000000000000e+03 -6.809864640235900879e-01
4.140000000000000000e+03 -7.516751289367675781e-01
4.142000000000000000e+03 -9.487353563308715820e-01
4.144000000000000000e+03 7.713390588760375977e-01
4.146000000000000000e+03 7.843446135520935059e-01
4.148000000000000000e+03 8.253372907638549805e-01
4.150000000000000000e+03 -7.797524929046630859e-01
4.152000000000000000e+03 -7.578889131546020508e-01
4.154000000000000000e+03 -2.453876495361328125e+00
4.156000000000000000e+03 -2.441614151000976562e+00
4.158000000000000000e+03 -2.417002201080322266e+00
4.160000000000000000e+03 -8.499304056167602539e-01
4.162000000000000000e+03 8.135423660278320312e-01
4.164000000000000000e+03 7.582119107246398926e-01
4.166000000000000000e+03 6.191593408584594727e-01
4.168000000000000000e+03 5.914956927299499512e-01
4.170000000000000000e+03 5.356979370117187500e-01
4.172000000000000000e+03 5.568770766258239746e-01
4.174000000000000000e+03 6.719476580619812012e-01
4.176000000000000000e+03 5.124967098236083984e-01
4.178000000000000000e+03 6.887392997741699219e-01
4.180000000000000000e+03 5.784095525741577148e-01
4.182000000000000000e+03 6.186295151710510254e-01
4.184000000000000000e+03 4.108055531978607178e-01
4.186000000000000000e+03 8.265966176986694336e-01
4.188000000000000000e+03 6.956275701522827148e-01
4.190000000000000000e+03 1.334012627601623535e+00
4.192000000000000000e+03 8.659220933914184570e-01
4.194000000000000000e+03 -1.174475193023681641e+00
4.196000000000000000e+03 1.969810575246810913e-01
4.198000000000000000e+03 1.991794705390930176e-01
4.200000000000000000e+03 -4.708938896656036377e-01
4.202000000000000000e+03 4.266984164714813232e-01
4.204000000000000000e+03 1.018007516860961914e+00
4.206000000000000000e+03 -5.992571115493774414e-01
4.208000000000000000e+03 -4.089078009128570557e-01
4.210000000000000000e+03 -7.564219236373901367e-01
4.212000000000000000e+03 -6.298735737800598145e-01
4.214000000000000000e+03 -6.472494006156921387e-01
4.216000000000000000e+03 -6.581888198852539062e-01
4.218000000000000000e+03 -8.498712182044982910e-01
4.220000000000000000e+03 -1.014601230621337891e+00
4.222000000000000000e+03 -1.027203321456909180e+00
4.224000000000000000e+03 -1.256880044937133789e+00
4.226000000000000000e+03 -1.272141814231872559e+00
4.228000000000000000e+03 -1.252334117889404297e+00
4.230000000000000000e+03 -1.099820852279663086e+00
4.232000000000000000e+03 -1.022772431373596191e+00
4.234000000000000000e+03 -1.438561677932739258e+00
4.236000000000000000e+03 -8.365088105201721191e-01
4.238000000000000000e+03 -1.072545886039733887e+00
4.240000000000000000e+03 1.330237388610839844e+00
4.242000000000000000e+03 -1.114545464515686035e+00
4.244000000000000000e+03 -9.867587089538574219e-01
4.246000000000000000e+03 -1.116545438766479492e+00
4.248000000000000000e+03 -1.051251292228698730e+00
4.250000000000000000e+03 -1.305735588073730469e+00
4.252000000000000000e+03 -1.317945122718811035e+00
4.254000000000000000e+03 -1.249111175537109375e+00
4.256000000000000000e+03 -1.371826291084289551e+00
4.258000000000000000e+03 -1.367032408714294434e+00
4.260000000000000000e+03 -1.362791538238525391e+00
4.262000000000000000e+03 -1.290027618408203125e+00
4.264000000000000000e+03 -9.386076331138610840e-01
4.266000000000000000e+03 -8.799936771392822266e-01
4.268000000000000000e+03 -6.750491857528686523e-01
4.270000000000000000e+03 -4.546349048614501953e-01
4.272000000000000000e+03 -1.751817166805267334e-01
4.274000000000000000e+03 -3.203749358654022217e-01
4.276000000000000000e+03 -5.536157488822937012e-01
4.278000000000000000e+03 -6.041886806488037109e-01
4.280000000000000000e+03 -5.934846401214599609e-01
4.282000000000000000e+03 -3.884626328945159912e-01
4.284000000000000000e+03 -2.472628504037857056e-01
4.286000000000000000e+03 2.120051346719264984e-02
4.288000000000000000e+03 4.882253408432006836e-01
4.290000000000000000e+03 4.147737026214599609e-01
4.292000000000000000e+03 3.552334308624267578e-01
4.294000000000000000e+03 3.334788084030151367e-01
4.296000000000000000e+03 4.969739168882369995e-02
4.298000000000000000e+03 -6.679922938346862793e-01
4.300000000000000000e+03 2.365628004074096680e+00
4.302000000000000000e+03 2.305687427520751953e+00
4.304000000000000000e+03 -2.499201059341430664e+00
4.306000000000000000e+03 -2.110247850418090820e+00
4.308000000000000000e+03 -1.653161048889160156e+00
4.310000000000000000e+03 -1.479561090469360352e+00
4.312000000000000000e+03 -1.936896681785583496e+00
4.314000000000000000e+03 1.205047965049743652e+00
4.316000000000000000e+03 -1.309982776641845703e+00
4.318000000000000000e+03 -2.055036067962646484e+00
4.320000000000000000e+03 -1.794272899627685547e+00
4.322000000000000000e+03 -2.343739748001098633e+00
4.324000000000000000e+03 -2.327630758285522461e+00
4.326000000000000000e+03 -2.352730274200439453e+00
4.328000000000000000e+03 -2.097373247146606445e+00
4.330000000000000000e+03 -2.173900127410888672e+00
4.332000000000000000e+03 -2.286410331726074219e+00
4.334000000000000000e+03 -2.331951856613159180e+00
4.336000000000000000e+03 -2.400225877761840820e+00
4.338000000000000000e+03 2.208945989608764648e+00
4.340000000000000000e+03 2.293534755706787109e+00
4.342000000000000000e+03 2.506447792053222656e+00
4.344000000000000000e+03 8.116692304611206055e-01
4.346000000000000000e+03 7.849522233009338379e-01
4.348000000000000000e+03 7.369965910911560059e-01
4.350000000000000000e+03 9.058461189270019531e-01
4.352000000000000000e+03 1.103530049324035645e+00
4.354000000000000000e+03 1.194094181060791016e+00
4.356000000000000000e+03 1.309124946594238281e+00
4.358000000000000000e+03 -1.689917922019958496e+00
4.360000000000000000e+03 -1.847618818283081055e+00
4.362000000000000000e+03 -1.783096194267272949e+00
4.364000000000000000e+03 -2.041316509246826172e+00
4.366000000000000000e+03 -2.299793481826782227e+00
4.368000000000000000e+03 -1.973901629447937012e+00
4.370000000000000000e+03 -1.721811532974243164e+00
4.372000000000000000e+03 -1.757485985755920410e+00
4.374000000000000000e+03 -1.583385944366455078e+00
4.376000000000000000e+03 -1.513052582740783691e+00
4.378000000000000000e+03 -1.487182140350341797e+00
4.380000000000000000e+03 -1.735243797302246094e+00
4.382000000000000000e+03 1.683605194091796875e+00
4.384000000000000000e+03 1.542998075485229492e+00
4.386000000000000000e+03 1.711611032485961914e+00
4.388000000000000000e+03 1.692229986190795898e+00
4.390000000000000000e+03 1.591880559921264648e+00
4.392000000000000000e+03 1.382643699645996094e+00
4.394000000000000000e+03 1.519765257835388184e+00
4.396000000000000000e+03 2.011574506759643555e+00
4.398000000000000000e+03 2.659624099731445312e+00
4.400000000000000000e+03 1.935938358306884766e+00
4.402000000000000000e+03 1.847465038299560547e+00
4.404000000000000000e+03 -4.148549437522888184e-01
4.406000000000000000e+03 -7.682569622993469238e-01
4.408000000000000000e+03 -1.252109646797180176e+00
4.410000000000000000e+03 -1.361918807029724121e+00
4.412000000000000000e+03 -1.283741116523742676e+00
4.414000000000000000e+03 -1.499811530113220215e+00
4.416000000000000000e+03 -1.422076702117919922e+00
4.418000000000000000e+03 -1.396861195564270020e+00
4.420000000000000000e+03 -1.632466435432434082e+00
4.422000000000000000e+03 -1.395965337753295898e+00
4.424000000000000000e+03 -1.509056806564331055e+00
4.426000000000000000e+03 -1.288840889930725098e+00
4.428000000000000000e+03 -1.312487483024597168e+00
4.430000000000000000e+03 -1.356135487556457520e+00
4.432000000000000000e+03 -1.350898742675781250e+00
4.434000000000000000e+03 -1.715437531471252441e+00
4.436000000000000000e+03 -1.943412065505981445e+00
4.438000000000000000e+03 -2.068765163421630859e+00
4.440000000000000000e+03 -2.034443855285644531e+00
4.442000000000000000e+03 -1.946046829223632812e+00
4.444000000000000000e+03 -2.018012523651123047e+00
4.446000000000000000e+03 -2.146541595458984375e+00
4.448000000000000000e+03 -2.535982131958007812e+00
4.450000000000000000e+03 -3.022582054138183594e+00
4.452000000000000000e+03 2.787098646163940430e+00
4.454000000000000000e+03 2.293252468109130859e+00
4.456000000000000000e+03 2.296403169631958008e+00
4.458000000000000000e+03 2.403113126754760742e+00
4.460000000000000000e+03 2.597362279891967773e+00
4.462000000000000000e+03 2.696376085281372070e+00
4.464000000000000000e+03 2.097942113876342773e+00
4.466000000000000000e+03 2.557046890258789062e+00
4.468000000000000000e+03 2.173749923706054688e+00
4.470000000000000000e+03 2.189530849456787109e+00
4.472000000000000000e+03 2.703435182571411133e+00
4.474000000000000000e+03 2.541840791702270508e+00
4.476000000000000000e+03 2.817374944686889648e+00
4.478000000000000000e+03 2.680562734603881836e+00
4.480000000000000000e+03 2.553071498870849609e+00
4.482000000000000000e+03 -3.101224660873413086e+00
4.484000000000000000e+03 -3.131812810897827148e+00
4.486000000000000000e+03 2.978998899459838867e+00
4.488000000000000000e+03 2.777278423309326172e+00
4.490000000000000000e+03 2.539903402328491211e+00
4.492000000000000000e+03 2.216278076171875000e+00
4.494000000000000000e+03 2.333767414093017578e+00
4.496000000000000000e+03 2.381757259368896484e+00
4.498000000000000000e+03 2.368381261825561523e+00
4.500000000000000000e+03 2.666716814041137695e+00
4.502000000000000000e+03 2.616032361984252930e+00
4.504000000000000000e+03 2.697232007980346680e+00
4.506000000000000000e+03 2.648258686065673828e+00
4.508000000000000000e+03 2.442770242691040039e+00
4.510000000000000000e+03 1.776004195213317871e+00
4.512000000000000000e+03 1.551846504211425781e+00
4.514000000000000000e+03 1.861094713211059570e+00
4.516000000000000000e+03 1.752557873725891113e+00
4.518000000000000000e+03 1.749985456466674805e+00
4.520000000000000000e+03 1.709634780883789062e+00
4.522000000000000000e+03 1.687235474586486816e+00
4.524000000000000000e+03 1.702081799507141113e+00
4.526000000000000000e+03 1.491318225860595703e+00
4.528000000000000000e+03 1.375851988792419434e+00
4.530000000000000000e+03 1.016087889671325684e+00
4.532000000000000000e+03 9.892715811729431152e-01
4.534000000000000000e+03 1.497370600700378418e+00
4.536000000000000000e+03 1.298843264579772949e+00
4.538000000000000000e+03 1.368778944015502930e+00
4.540000000000000000e+03 1.725598573684692383e+00
4.542000000000000000e+03 -1.720870733261108398e+00
4.544000000000000000e+03 -1.637301206588745117e+00
4.546000000000000000e+03 -1.438659191131591797e+00
4.548000000000000000e+03 -1.585765361785888672e+00
4.550000000000000000e+03 -1.299196720123291016e+00
4.552000000000000000e+03 -1.368743300437927246e+00
4.554000000000000000e+03 -1.365559816360473633e+00
4.556000000000000000e+03 -1.536296844482421875e+00
4.558000000000000000e+03 -1.309425830841064453e+00
4.560000000000000000e+03 -1.420552968978881836e+00
4.562000000000000000e+03 -1.179081678390502930e+00
4.564000000000000000e+03 -1.285215139389038086e+00
4.566000000000000000e+03 -1.155660152435302734e+00
4.568000000000000000e+03 -1.112018704414367676e+00
4.570000000000000000e+03 -1.260462880134582520e+00
4.572000000000000000e+03 1.089620351791381836e+00
4.574000000000000000e+03 1.028124332427978516e+00
4.576000000000000000e+03 9.920352101325988770e-01
4.578000000000000000e+03 1.175744771957397461e+00
4.580000000000000000e+03 -1.069848418235778809e+00
4.582000000000000000e+03 -1.079396009445190430e+00
4.584000000000000000e+03 -1.068962335586547852e+00
4.586000000000000000e+03 -1.188593745231628418e+00
4.588000000000000000e+03 -9.104080200195312500e-01
4.590000000000000000e+03 -1.031629800796508789e+00
4.592000000000000000e+03 -8.698323965072631836e-01
4.594000000000000000e+03 -1.111844778060913086e+00
4.596000000000000000e+03 1.031397700309753418e+00
4.598000000000000000e+03 9.116668105125427246e-01
4.600000000000000000e+03 9.881892800331115723e-01
4.602000000000000000e+03 1.143263816833496094e+00
4.604000000000000000e+03 -1.403952002525329590e+00
4.606000000000000000e+03 -1.641906380653381348e+00
4.608000000000000000e+03 -1.554431319236755371e+00
4.610000000000000000e+03 1.538395643234252930e+00
4.612000000000000000e+03 -1.623379349708557129e+00
4.614000000000000000e+03 -1.832821607589721680e+00
4.616000000000000000e+03 1.796162486076354980e+00
4.618000000000000000e+03 -1.894898772239685059e+00
4.620000000000000000e+03 -2.112597703933715820e+00
4.622000000000000000e+03 2.275821447372436523e+00
4.624000000000000000e+03 -2.108766317367553711e+00
4.626000000000000000e+03 -2.176518440246582031e+00
4.628000000000000000e+03 2.196853876113891602e+00
4.630000000000000000e+03 2.302455425262451172e+00
4.632000000000000000e+03 2.279607295989990234e+00
4.634000000000000000e+03 2.418628454208374023e+00
4.636000000000000000e+03 2.314523458480834961e+00
4.638000000000000000e+03 6.560416817665100098e-01
4.640000000000000000e+03 6.696078181266784668e-01
4.642000000000000000e+03 2.594825983047485352e+00
4.644000000000000000e+03 5.725694894790649414e-01
4.646000000000000000e+03 6.503918766975402832e-01
4.648000000000000000e+03 5.191114544868469238e-01
4.650000000000000000e+03 4.242888689041137695e-01
4.652000000000000000e+03 4.963823556900024414e-01
4.654000000000000000e+03 2.941114425659179688e+00
4.656000000000000000e+03 2.595233619213104248e-01
4.658000000000000000e+03 2.513928413391113281e-01
4.660000000000000000e+03 4.173260629177093506e-01
4.662000000000000000e+03 3.877715468406677246e-01
4.664000000000000000e+03 2.058342695236206055e-01
4.666000000000000000e+03 1.662824749946594238e-01
4.668000000000000000e+03 2.382796406745910645e-01
4.670000000000000000e+03 1.253889948129653931e-01
4.672000000000000000e+03 1.699989102780818939e-02
4.674000000000000000e+03 -1.233872398734092712e-01
4.676000000000000000e+03 4.337847232818603516e-02
4.678000000000000000e+03 -4.643454551696777344e-01
4.680000000000000000e+03 -5.382575988769531250e-01
4.682000000000000000e+03 -6.615270376205444336e-01
4.684000000000000000e+03 -4.461429640650749207e-02
4.686000000000000000e+03 1.655438303947448730e+00
4.688000000000000000e+03 1.418589115142822266e+00
4.690000000000000000e+03 1.123779892921447754e+00
4.692000000000000000e+03 7.832676768302917480e-01
4.694000000000000000e+03 8.245958089828491211e-01
4.696000000000000000e+03 6.924905180931091309e-01
4.698000000000000000e+03 6.691544055938720703e-01
4.700000000000000000e+03 3.690993189811706543e-01
4.702000000000000000e+03 4.742312133312225342e-01
4.704000000000000000e+03 7.370744645595550537e-02
4.706000000000000000e+03 -5.512169003486633301e-02
4.708000000000000000e+03 -1.744049340486526489e-01
4.710000000000000000e+03 -5.003038644790649414e-01
4.712000000000000000e+03 -2.427076101303100586e-01
4.714000000000000000e+03 -1.363221406936645508e-01
4.716000000000000000e+03 -2.887593507766723633e-01
4.718000000000000000e+03 -3.185669183731079102e-01
4.720000000000000000e+03 -6.957431435585021973e-01
4.722000000000000000e+03 -7.311924695968627930e-01
4.724000000000000000e+03 -6.144480705261230469e-01
4.726000000000000000e+03 -7.391460537910461426e-01
4.728000000000000000e+03 -9.755628705024719238e-01
4.730000000000000000e+03 -1.185401439666748047e+00
4.732000000000000000e+03 6.743352413177490234e-01
4.734000000000000000e+03 6.115395426750183105e-01
4.736000000000000000e+03 1.006227016448974609e+00
4.738000000000000000e+03 1.111395716667175293e+00
4.740000000000000000e+03 9.585536122322082520e-01
4.742000000000000000e+03 8.776823282241821289e-01
4.744000000000000000e+03 1.098590731620788574e+00
4.746000000000000000e+03 1.594830274581909180e+00
4.748000000000000000e+03 1.422363519668579102e+00
4.750000000000000000e+03 2.768888473510742188e+00
4.752000000000000000e+03 -2.527622222900390625e+00
4.754000000000000000e+03 -2.372382164001464844e+00
4.756000000000000000e+03 -2.399956941604614258e+00
4.758000000000000000e+03 -2.887731075286865234e+00
4.760000000000000000e+03 -3.106198549270629883e+00
4.762000000000000000e+03 -2.805699586868286133e+00
4.764000000000000000e+03 -3.061007499694824219e+00
4.766000000000000000e+03 3.037283420562744141e+00
4.768000000000000000e+03 2.905255794525146484e+00
4.770000000000000000e+03 2.547276973724365234e+00
4.772000000000000000e+03 2.760351181030273438e+00
4.774000000000000000e+03 2.707948446273803711e+00
4.776000000000000000e+03 2.814460039138793945e+00
4.778000000000000000e+03 4.798998832702636719e-01
4.780000000000000000e+03 4.385114014148712158e-01
4.782000000000000000e+03 2.623006820678710938e+00
4.784000000000000000e+03 2.668367624282836914e+00
4.786000000000000000e+03 2.556025505065917969e+00
4.788000000000000000e+03 7.639238834381103516e-01
4.790000000000000000e+03 7.235742211341857910e-01
4.792000000000000000e+03 2.374554872512817383e+00
4.794000000000000000e+03 -2.190716266632080078e+00
4.796000000000000000e+03 -2.258790493011474609e+00
4.798000000000000000e+03 -2.305088043212890625e+00
4.800000000000000000e+03 -2.314176082611083984e+00
4.802000000000000000e+03 -6.653082370758056641e-01
4.804000000000000000e+03 -5.169272422790527344e-01
4.806000000000000000e+03 -3.387683033943176270e-01
4.808000000000000000e+03 -2.942798852920532227e+00
4.810000000000000000e+03 -3.001239776611328125e+00
4.812000000000000000e+03 -2.887745380401611328e+00
4.814000000000000000e+03 -1.036277934908866882e-01
4.816000000000000000e+03 -2.982119083404541016e+00
4.818000000000000000e+03 -2.771421670913696289e+00
4.820000000000000000e+03 -2.629517316818237305e+00
4.822000000000000000e+03 -5.241669416427612305e-01
4.824000000000000000e+03 -2.616348981857299805e+00
4.826000000000000000e+03 -2.810580968856811523e+00
4.828000000000000000e+03 -2.960694074630737305e+00
4.830000000000000000e+03 -3.189571201801300049e-01
4.832000000000000000e+03 -4.523135125637054443e-01
4.834000000000000000e+03 -5.630766749382019043e-01
4.836000000000000000e+03 -7.042326331138610840e-01
4.838000000000000000e+03 -7.665636539459228516e-01
4.840000000000000000e+03 -6.931913495063781738e-01
4.842000000000000000e+03 -8.880891203880310059e-01
4.844000000000000000e+03 -1.133809089660644531e+00
4.846000000000000000e+03 -5.411368012428283691e-01
4.848000000000000000e+03 -1.006309270858764648e+00
4.850000000000000000e+03 -1.231428980827331543e+00
4.852000000000000000e+03 -1.426284313201904297e+00
4.854000000000000000e+03 -1.378773212432861328e+00
4.856000000000000000e+03 -1.774503827095031738e+00
4.858000000000000000e+03 -1.544676542282104492e+00
4.860000000000000000e+03 1.370410084724426270e+00
4.862000000000000000e+03 1.302167177200317383e+00
4.864000000000000000e+03 -1.568069100379943848e+00
4.866000000000000000e+03 -1.459240078926086426e+00
4.868000000000000000e+03 -1.615586876869201660e+00
4.870000000000000000e+03 -1.569806456565856934e+00
4.872000000000000000e+03 -1.634748697280883789e+00
4.874000000000000000e+03 -1.554220914840698242e+00
4.876000000000000000e+03 -1.525707125663757324e+00
4.878000000000000000e+03 -1.895210385322570801e+00
4.880000000000000000e+03 -1.988471627235412598e+00
4.882000000000000000e+03 -1.976011157035827637e+00
4.884000000000000000e+03 1.878183722496032715e+00
4.886000000000000000e+03 -1.800969123840332031e+00
4.888000000000000000e+03 -1.889322876930236816e+00
4.890000000000000000e+03 -2.025458812713623047e+00
4.892000000000000000e+03 -2.140731096267700195e+00
4.894000000000000000e+03 -2.021606683731079102e+00
4.896000000000000000e+03 -2.157798528671264648e+00
4.898000000000000000e+03 -2.099318981170654297e+00
4.900000000000000000e+03 -2.493637084960937500e+00
4.902000000000000000e+03 -2.307221651077270508e+00
4.904000000000000000e+03 -2.011660099029541016e+00
4.906000000000000000e+03 -2.062970638275146484e+00
4.908000000000000000e+03 -2.113440990447998047e+00
4.910000000000000000e+03 -2.493015766143798828e+00
4.912000000000000000e+03 -2.596136808395385742e+00
4.914000000000000000e+03 2.244465351104736328e+00
4.916000000000000000e+03 -2.238375663757324219e+00
4.918000000000000000e+03 2.928032875061035156e+00
4.920000000000000000e+03 1.661456227302551270e+00
4.922000000000000000e+03 3.974477052688598633e-01
4.924000000000000000e+03 3.104399144649505615e-01
4.926000000000000000e+03 4.914492368698120117e-02
4.928000000000000000e+03 2.554155886173248291e-01
4.930000000000000000e+03 3.363421857357025146e-01
4.932000000000000000e+03 3.544944226741790771e-01
4.934000000000000000e+03 4.145658910274505615e-01
4.936000000000000000e+03 3.555412590503692627e-01
4.938000000000000000e+03 3.705762028694152832e-01
4.940000000000000000e+03 2.556956052780151367e+00
4.942000000000000000e+03 2.550341367721557617e+00
4.944000000000000000e+03 2.234581470489501953e+00
4.946000000000000000e+03 1.995565652847290039e+00
4.948000000000000000e+03 1.969480395317077637e+00
4.950000000000000000e+03 -1.854327440261840820e+00
4.952000000000000000e+03 1.689724564552307129e+00
4.954000000000000000e+03 -1.942838668823242188e+00
4.956000000000000000e+03 -1.835358023643493652e+00
4.958000000000000000e+03 -1.745882868766784668e+00
4.960000000000000000e+03 -2.030364036560058594e+00
4.962000000000000000e+03 -2.298795223236083984e+00
4.964000000000000000e+03 -2.269350767135620117e+00
4.966000000000000000e+03 -2.239150285720825195e+00
4.968000000000000000e+03 -2.314361095428466797e+00
4.970000000000000000e+03 2.209410667419433594e+00
4.972000000000000000e+03 -2.210602998733520508e+00
4.974000000000000000e+03 -2.192641735076904297e+00
4.976000000000000000e+03 2.171329498291015625e+00
4.978000000000000000e+03 2.133373737335205078e+00
4.980000000000000000e+03 2.248074531555175781e+00
4.982000000000000000e+03 -2.313775062561035156e+00
4.984000000000000000e+03 -2.311973333358764648e+00
4.986000000000000000e+03 -2.530751466751098633e+00
4.988000000000000000e+03 -2.500062704086303711e+00
4.990000000000000000e+03 -2.678103208541870117e+00
4.992000000000000000e+03 -6.852508187294006348e-01
4.994000000000000000e+03 -8.892907500267028809e-01
4.996000000000000000e+03 -8.491414785385131836e-01
4.998000000000000000e+03 -3.462707400321960449e-01
5.000000000000000000e+03 -5.255389809608459473e-01
5.002000000000000000e+03 -3.152770400047302246e-01
5.004000000000000000e+03 -3.231373131275177002e-01
5.006000000000000000e+03 -2.468354254961013794e-01
5.008000000000000000e+03 -2.755415201187133789e+00
5.010000000000000000e+03 -3.481524586677551270e-01
5.012000000000000000e+03 -1.931636035442352295e-01
5.014000000000000000e+03 -2.669544219970703125e+00
5.016000000000000000e+03 -2.647110700607299805e+00
5.018000000000000000e+03 -2.726034402847290039e+00
5.020000000000000000e+03 -2.678761720657348633e+00
5.022000000000000000e+03 -2.730458259582519531e+00
5.024000000000000000e+03 -2.725818872451782227e+00
5.026000000000000000e+03 -2.403139829635620117e+00
5.028000000000000000e+03 -2.388862609863281250e+00
5.030000000000000000e+03 -2.448132991790771484e+00
5.032000000000000000e+03 -2.519508838653564453e+00
5.034000000000000000e+03 -2.432287216186523438e+00
5.036000000000000000e+03 -2.362997055053710938e+00
5.038000000000000000e+03 -2.290796756744384766e+00
5.040000000000000000e+03 2.410099029541015625e+00
5.042000000000000000e+03 2.394359350204467773e+00
5.044000000000000000e+03 2.226761579513549805e+00
5.046000000000000000e+03 2.048739433288574219e+00
5.048000000000000000e+03 2.132949829101562500e+00
5.050000000000000000e+03 1.901812434196472168e+00
5.052000000000000000e+03 1.712808370590209961e+00
5.054000000000000000e+03 1.656509041786193848e+00
5.056000000000000000e+03 1.882695913314819336e+00
5.058000000000000000e+03 1.927545309066772461e+00
5.060000000000000000e+03 2.344684600830078125e+00
5.062000000000000000e+03 2.541453361511230469e+00
5.064000000000000000e+03 2.471711635589599609e+00
5.066000000000000000e+03 -2.365687847137451172e+00
5.068000000000000000e+03 -2.292533159255981445e+00
5.070000000000000000e+03 2.230956792831420898e+00
5.072000000000000000e+03 2.455641269683837891e+00
5.074000000000000000e+03 6.588910818099975586e-01
5.076000000000000000e+03 6.434881091117858887e-01
5.078000000000000000e+03 9.753050804138183594e-01
5.080000000000000000e+03 9.404633045196533203e-01
5.082000000000000000e+03 9.447468519210815430e-01
5.084000000000000000e+03 8.593003153800964355e-01
5.086000000000000000e+03 -8.328381180763244629e-01
5.088000000000000000e+03 -9.160544872283935547e-01
5.090000000000000000e+03 8.565471172332763672e-01
5.092000000000000000e+03 8.239182233810424805e-01
5.094000000000000000e+03 8.516700863838195801e-01
5.096000000000000000e+03 9.204559922218322754e-01
5.098000000000000000e+03 9.430776238441467285e-01
5.100000000000000000e+03 8.222167491912841797e-01
5.102000000000000000e+03 8.615764975547790527e-01
5.104000000000000000e+03 9.640359878540039062e-01
5.106000000000000000e+03 8.468261957168579102e-01
5.108000000000000000e+03 -9.244919419288635254e-01
5.110000000000000000e+03 -7.184678912162780762e-01
5.112000000000000000e+03 -5.963020324707031250e-01
5.114000000000000000e+03 -2.603332519531250000e+00
5.116000000000000000e+03 -2.906456947326660156e+00
5.118000000000000000e+03 -2.898445129394531250e+00
5.120000000000000000e+03 -2.607126235961914062e+00
5.122000000000000000e+03 -2.552201271057128906e+00
5.124000000000000000e+03 -2.542481899261474609e+00
5.126000000000000000e+03 -2.562494993209838867e+00
5.128000000000000000e+03 -2.401919126510620117e+00
5.130000000000000000e+03 -2.295388936996459961e+00
5.132000000000000000e+03 -2.319450616836547852e+00
5.134000000000000000e+03 -2.423234224319458008e+00
5.136000000000000000e+03 -2.466333627700805664e+00
5.138000000000000000e+03 -2.420765161514282227e+00
5.140000000000000000e+03 -2.364625692367553711e+00
5.142000000000000000e+03 -2.536543846130371094e+00
5.144000000000000000e+03 -2.452259302139282227e+00
5.146000000000000000e+03 -4.959970414638519287e-01
5.148000000000000000e+03 -5.056240558624267578e-01
5.150000000000000000e+03 -6.764625906944274902e-01
5.152000000000000000e+03 -6.401213407516479492e-01
5.154000000000000000e+03 -8.155125975608825684e-01
5.156000000000000000e+03 -6.018532514572143555e-01
5.158000000000000000e+03 -7.394973635673522949e-01
5.160000000000000000e+03 -6.021761894226074219e-01
5.162000000000000000e+03 -5.549600124359130859e-01
5.164000000000000000e+03 -6.126350164413452148e-01
5.166000000000000000e+03 -6.384631395339965820e-01
5.168000000000000000e+03 -8.438139557838439941e-01
5.170000000000000000e+03 -8.811181783676147461e-01
5.172000000000000000e+03 -1.019410014152526855e+00
5.174000000000000000e+03 -1.218011975288391113e+00
5.176000000000000000e+03 -1.506707906723022461e+00
5.178000000000000000e+03 -1.282008051872253418e+00
5.180000000000000000e+03 -1.066097617149353027e+00
5.182000000000000000e+03 -9.834210276603698730e-01
5.184000000000000000e+03 -8.510783314704895020e-01
5.186000000000000000e+03 -1.229133844375610352e+00
5.188000000000000000e+03 -1.340998053550720215e+00
5.190000000000000000e+03 -1.175258040428161621e+00
5.192000000000000000e+03 -1.237223982810974121e+00
5.194000000000000000e+03 -1.466738700866699219e+00
5.196000000000000000e+03 -1.035778880119323730e+00
5.198000000000000000e+03 -1.029713749885559082e+00
5.200000000000000000e+03 -9.188280701637268066e-01
5.202000000000000000e+03 -9.737394452095031738e-01
5.204000000000000000e+03 -7.541878819465637207e-01
5.206000000000000000e+03 -1.145346641540527344e+00
5.208000000000000000e+03 -1.689880013465881348e+00
5.210000000000000000e+03 -1.571628928184509277e+00
5.212000000000000000e+03 1.598865151405334473e+00
5.214000000000000000e+03 1.618952631950378418e+00
5.216000000000000000e+03 1.674710035324096680e+00
5.218000000000000000e+03 1.914551615715026855e+00
5.220000000000000000e+03 1.808931350708007812e+00
5.222000000000000000e+03 1.232624053955078125e+00
5.224000000000000000e+03 1.152918100357055664e+00
5.226000000000000000e+03 1.435401201248168945e+00
5.228000000000000000e+03 1.619850993156433105e+00
5.230000000000000000e+03 1.084290623664855957e+00
5.232000000000000000e+03 1.101985216140747070e+00
5.234000000000000000e+03 1.180405139923095703e+00
5.236000000000000000e+03 9.331291913986206055e-01
5.238000000000000000e+03 6.082395911216735840e-01
5.240000000000000000e+03 4.987179636955261230e-01
5.242000000000000000e+03 4.842011332511901855e-01
5.244000000000000000e+03 4.962612092494964600e-01
5.246000000000000000e+03 2.735133886337280273e+00
5.248000000000000000e+03 4.503022432327270508e-01
5.250000000000000000e+03 2.758496999740600586e-02
5.252000000000000000e+03 2.443566322326660156e-01
5.254000000000000000e+03 -1.712046414613723755e-01
5.256000000000000000e+03 -2.994560480117797852e+00
5.258000000000000000e+03 3.053625583648681641e+00
5.260000000000000000e+03 1.284797787666320801e-01
5.262000000000000000e+03 2.716969490051269531e+00
5.264000000000000000e+03 2.265554428100585938e+00
5.266000000000000000e+03 2.170966863632202148e+00
5.268000000000000000e+03 -1.943209052085876465e+00
5.270000000000000000e+03 -1.805035114288330078e+00
5.272000000000000000e+03 1.681108593940734863e+00
5.274000000000000000e+03 2.049943685531616211e+00
5.276000000000000000e+03 1.996449708938598633e+00
5.278000000000000000e+03 2.035467147827148438e+00
5.280000000000000000e+03 1.831899404525756836e+00
5.282000000000000000e+03 2.120802640914916992e+00
5.284000000000000000e+03 2.345175266265869141e+00
5.286000000000000000e+03 2.185642004013061523e+00
5.288000000000000000e+03 2.481901884078979492e+00
5.290000000000000000e+03 2.489099264144897461e+00
5.292000000000000000e+03 2.472141027450561523e+00
5.294000000000000000e+03 2.307584524154663086e+00
5.296000000000000000e+03 2.116064786911010742e+00
5.298000000000000000e+03 2.576949596405029297e+00
5.300000000000000000e+03 2.467271804809570312e+00
5.302000000000000000e+03 3.018488407135009766e+00
5.304000000000000000e+03 2.790583848953247070e+00
5.306000000000000000e+03 2.515841484069824219e+00
5.308000000000000000e+03 -3.069224596023559570e+00
5.310000000000000000e+03 2.951559305191040039e+00
5.312000000000000000e+03 2.996349334716796875e+00
5.314000000000000000e+03 2.715031623840332031e+00
5.316000000000000000e+03 2.883379459381103516e+00
5.318000000000000000e+03 2.511972486972808838e-01
5.320000000000000000e+03 3.324634730815887451e-01
5.322000000000000000e+03 3.450252413749694824e-01
5.324000000000000000e+03 3.582627475261688232e-01
5.326000000000000000e+03 3.829347491264343262e-01
5.328000000000000000e+03 3.635769486427307129e-01
5.330000000000000000e+03 4.655005335807800293e-01
5.332000000000000000e+03 4.259739518165588379e-01
5.334000000000000000e+03 6.292665600776672363e-01
5.336000000000000000e+03 4.736084043979644775e-01
5.338000000000000000e+03 6.098305583000183105e-01
5.340000000000000000e+03 9.311791062355041504e-01
5.342000000000000000e+03 8.844990134239196777e-01
5.344000000000000000e+03 1.271264314651489258e+00
5.346000000000000000e+03 7.197988629341125488e-01
5.348000000000000000e+03 5.832294821739196777e-01
5.350000000000000000e+03 -2.341703891754150391e+00
5.352000000000000000e+03 3.039585590362548828e+00
5.354000000000000000e+03 -2.774109244346618652e-01
5.356000000000000000e+03 -3.706919401884078979e-02
5.358000000000000000e+03 -1.963613480329513550e-01
5.360000000000000000e+03 -9.609102457761764526e-02
5.362000000000000000e+03 -1.298358291387557983e-02
5.364000000000000000e+03 1.127674058079719543e-01
5.366000000000000000e+03 4.541367292404174805e-01
5.368000000000000000e+03 6.338682174682617188e-01
5.370000000000000000e+03 9.993261694908142090e-01
5.372000000000000000e+03 1.085080981254577637e+00
5.374000000000000000e+03 8.699368238449096680e-01
5.376000000000000000e+03 9.380767345428466797e-01
5.378000000000000000e+03 1.476665496826171875e+00
5.380000000000000000e+03 1.923730373382568359e+00
5.382000000000000000e+03 1.847923874855041504e+00
5.384000000000000000e+03 1.638226628303527832e+00
5.386000000000000000e+03 1.657347440719604492e+00
5.388000000000000000e+03 1.647281765937805176e+00
5.390000000000000000e+03 -1.601283311843872070e+00
5.392000000000000000e+03 -1.618879437446594238e+00
5.394000000000000000e+03 -1.752615928649902344e+00
5.396000000000000000e+03 -1.693547725677490234e+00
5.398000000000000000e+03 1.674497961997985840e+00
5.400000000000000000e+03 1.675840735435485840e+00
5.402000000000000000e+03 -1.515921831130981445e+00
5.404000000000000000e+03 -1.392703533172607422e+00
5.406000000000000000e+03 -1.131053447723388672e+00
5.408000000000000000e+03 -9.272953867912292480e-01
5.410000000000000000e+03 -7.653564214706420898e-01
5.412000000000000000e+03 -7.520978450775146484e-01
5.414000000000000000e+03 -8.310453295707702637e-01
5.416000000000000000e+03 -1.025658249855041504e+00
5.418000000000000000e+03 -1.022496819496154785e+00
5.420000000000000000e+03 -1.050094366073608398e+00
5.422000000000000000e+03 -1.329325079917907715e+00
5.424000000000000000e+03 -1.488950610160827637e+00
5.426000000000000000e+03 -1.787137150764465332e+00
5.428000000000000000e+03 -1.770480275154113770e+00
5.430000000000000000e+03 -1.684420943260192871e+00
5.432000000000000000e+03 -1.595241427421569824e+00
5.434000000000000000e+03 2.344167828559875488e-01
5.436000000000000000e+03 -2.488744258880615234e+00
5.438000000000000000e+03 -1.177345752716064453e+00
5.440000000000000000e+03 -1.393805742263793945e+00
5.442000000000000000e+03 -1.460781931877136230e+00
5.444000000000000000e+03 -5.295370817184448242e-01
5.446000000000000000e+03 -1.410069346427917480e+00
5.448000000000000000e+03 -4.400332272052764893e-01
5.450000000000000000e+03 6.548000127077102661e-02
5.452000000000000000e+03 2.837940156459808350e-01
5.454000000000000000e+03 4.926018416881561279e-01
5.456000000000000000e+03 6.502271890640258789e-01
5.458000000000000000e+03 2.250798463821411133e+00
5.460000000000000000e+03 -3.067534685134887695e+00
5.462000000000000000e+03 2.468127489089965820e+00
5.464000000000000000e+03 2.572962522506713867e+00
5.466000000000000000e+03 2.618314266204833984e+00
5.468000000000000000e+03 2.828572273254394531e+00
5.470000000000000000e+03 3.073795557022094727e+00
5.472000000000000000e+03 3.069907188415527344e+00
5.474000000000000000e+03 2.751027107238769531e+00
5.476000000000000000e+03 2.524128675460815430e+00
5.478000000000000000e+03 2.584718465805053711e+00
5.480000000000000000e+03 2.739309787750244141e+00
5.482000000000000000e+03 2.885254383087158203e+00
5.484000000000000000e+03 2.753574371337890625e+00
5.486000000000000000e+03 2.262501955032348633e+00
5.488000000000000000e+03 2.223843574523925781e+00
5.490000000000000000e+03 2.432936668395996094e+00
5.492000000000000000e+03 2.715842247009277344e+00
5.494000000000000000e+03 2.808780431747436523e+00
5.496000000000000000e+03 2.273010969161987305e+00
5.498000000000000000e+03 2.607627391815185547e+00
5.500000000000000000e+03 2.488668680191040039e+00
5.502000000000000000e+03 2.451444149017333984e+00
5.504000000000000000e+03 2.402095317840576172e+00
5.506000000000000000e+03 2.382128238677978516e+00
5.508000000000000000e+03 2.506872177124023438e+00
5.510000000000000000e+03 2.326984167098999023e+00
5.512000000000000000e+03 2.295724868774414062e+00
5.514000000000000000e+03 -2.377438068389892578e+00
5.516000000000000000e+03 -6.976305842399597168e-01
5.518000000000000000e+03 -2.482563495635986328e+00
5.520000000000000000e+03 -2.491097927093505859e+00
5.522000000000000000e+03 -7.756019830703735352e-01
5.524000000000000000e+03 -2.305832386016845703e+00
5.526000000000000000e+03 -2.099595069885253906e+00
5.528000000000000000e+03 -2.351463079452514648e+00
5.530000000000000000e+03 -2.306463003158569336e+00
5.532000000000000000e+03 -2.416380882263183594e+00
5.534000000000000000e+03 -2.224394321441650391e+00
5.536000000000000000e+03 -2.231013059616088867e+00
5.538000000000000000e+03 -2.409388303756713867e+00
5.540000000000000000e+03 -2.398853302001953125e+00
5.542000000000000000e+03 -2.306756734848022461e+00
5.544000000000000000e+03 -2.180543422698974609e+00
5.546000000000000000e+03 -2.180534362792968750e+00
5.548000000000000000e+03 -2.002070903778076172e+00
5.550000000000000000e+03 -1.893736958503723145e+00
5.552000000000000000e+03 -1.461707353591918945e+00
5.554000000000000000e+03 -1.142094850540161133e+00
5.556000000000000000e+03 -9.373523592948913574e-01
5.558000000000000000e+03 -9.656201601028442383e-01
5.560000000000000000e+03 -1.068928241729736328e+00
5.562000000000000000e+03 -1.040358543395996094e+00
5.564000000000000000e+03 1.090784549713134766e+00
5.566000000000000000e+03 1.151407480239868164e+00
5.568000000000000000e+03 1.191186904907226562e+00
5.570000000000000000e+03 1.148764491081237793e+00
5.572000000000000000e+03 9.405059814453125000e-01
5.574000000000000000e+03 -1.081057071685791016e+00
5.576000000000000000e+03 -8.011351823806762695e-01
5.578000000000000000e+03 -6.538864970207214355e-01
5.580000000000000000e+03 -7.130320668220520020e-01
5.582000000000000000e+03 -1.046917557716369629e+00
5.584000000000000000e+03 -1.099617362022399902e+00
5.586000000000000000e+03 -1.225910544395446777e+00
5.588000000000000000e+03 1.304603695869445801e+00
5.590000000000000000e+03 -1.366254210472106934e+00
5.592000000000000000e+03 -1.496691465377807617e+00
5.594000000000000000e+03 -1.574736237525939941e+00
5.596000000000000000e+03 -1.105710148811340332e+00
5.598000000000000000e+03 -8.172878026962280273e-01
5.600000000000000000e+03 -4.747478961944580078e-01
5.602000000000000000e+03 -6.974575519561767578e-01
5.604000000000000000e+03 -6.429297924041748047e-01
5.606000000000000000e+03 -6.510154604911804199e-01
5.608000000000000000e+03 -5.190272331237792969e-01
5.610000000000000000e+03 -2.513409137725830078e+00
5.612000000000000000e+03 -2.631347179412841797e+00
5.614000000000000000e+03 -2.610520124435424805e+00
5.616000000000000000e+03 -7.596440911293029785e-01
5.618000000000000000e+03 -6.889711022377014160e-01
5.620000000000000000e+03 -2.478075742721557617e+00
5.622000000000000000e+03 -2.612004995346069336e+00
5.624000000000000000e+03 -5.306398868560791016e-01
5.626000000000000000e+03 -7.152769565582275391e-01
5.628000000000000000e+03 -8.190155029296875000e-01
5.630000000000000000e+03 -8.534469604492187500e-01
5.632000000000000000e+03 -6.955397129058837891e-01
5.634000000000000000e+03 -8.093922138214111328e-01
5.636000000000000000e+03 -6.826170682907104492e-01
5.638000000000000000e+03 -6.343346834182739258e-01
5.640000000000000000e+03 -7.868707776069641113e-01
5.642000000000000000e+03 -7.584852576255798340e-01
5.644000000000000000e+03 -9.607595205307006836e-01
5.646000000000000000e+03 -1.034338712692260742e+00
5.648000000000000000e+03 -1.145680546760559082e+00
5.650000000000000000e+03 -1.240647912025451660e+00
5.652000000000000000e+03 -8.723318576812744141e-01
5.654000000000000000e+03 -1.194592952728271484e+00
5.656000000000000000e+03 -1.159677386283874512e+00
5.658000000000000000e+03 -1.106565713882446289e+00
5.660000000000000000e+03 -1.404355049133300781e+00
5.662000000000000000e+03 -1.405122876167297363e+00
5.664000000000000000e+03 -1.484115242958068848e+00
5.666000000000000000e+03 -1.572565793991088867e+00
5.668000000000000000e+03 -1.315964341163635254e+00
5.670000000000000000e+03 -1.249801397323608398e+00
5.672000000000000000e+03 -1.328463196754455566e+00
5.674000000000000000e+03 -1.232554793357849121e+00
5.676000000000000000e+03 -1.612036347389221191e+00
5.678000000000000000e+03 -2.102284908294677734e+00
5.680000000000000000e+03 -1.803622126579284668e+00
5.682000000000000000e+03 -1.990105748176574707e+00
5.684000000000000000e+03 -2.788444280624389648e+00
5.686000000000000000e+03 -3.017826557159423828e+00
5.688000000000000000e+03 -2.809875488281250000e+00
5.690000000000000000e+03 6.405844688415527344e-01
5.692000000000000000e+03 1.489264965057373047e+00
5.694000000000000000e+03 9.795386791229248047e-01
5.696000000000000000e+03 1.045173048973083496e+00
5.698000000000000000e+03 8.291655778884887695e-01
5.700000000000000000e+03 5.185921788215637207e-01
5.702000000000000000e+03 6.965570449829101562e-01
5.704000000000000000e+03 1.425117611885070801e+00
5.706000000000000000e+03 1.335510373115539551e+00
5.708000000000000000e+03 1.418146848678588867e+00
5.710000000000000000e+03 1.181919932365417480e+00
5.712000000000000000e+03 2.094796597957611084e-01
5.714000000000000000e+03 2.306939959526062012e-01
5.716000000000000000e+03 9.326606243848800659e-02
5.718000000000000000e+03 1.126377582550048828e+00
5.720000000000000000e+03 -1.340128302574157715e+00
5.722000000000000000e+03 -4.179887771606445312e-01
5.724000000000000000e+03 5.500745177268981934e-01
5.726000000000000000e+03 -9.872881770133972168e-01
5.728000000000000000e+03 -8.599812388420104980e-01
5.730000000000000000e+03 -1.147942543029785156e+00
5.732000000000000000e+03 -3.366747200489044189e-01
5.734000000000000000e+03 -4.135259985923767090e-01
5.736000000000000000e+03 -1.414728909730911255e-01
5.738000000000000000e+03 3.331069350242614746e-01
5.740000000000000000e+03 3.818284869194030762e-01
5.742000000000000000e+03 3.534398972988128662e-01
5.744000000000000000e+03 8.322893977165222168e-01
5.746000000000000000e+03 7.495471239089965820e-01
5.748000000000000000e+03 1.055917620658874512e+00
5.750000000000000000e+03 1.301036715507507324e+00
5.752000000000000000e+03 1.173086524009704590e+00
5.754000000000000000e+03 1.259915471076965332e+00
5.756000000000000000e+03 1.380436062812805176e+00
5.758000000000000000e+03 1.244212388992309570e+00
5.760000000000000000e+03 1.378803491592407227e+00
5.762000000000000000e+03 1.270161032676696777e+00
5.764000000000000000e+03 1.363627791404724121e+00
5.766000000000000000e+03 1.380581974983215332e+00
5.768000000000000000e+03 -1.288823485374450684e+00
5.770000000000000000e+03 1.008871555328369141e+00
5.772000000000000000e+03 1.176558971405029297e+00
5.774000000000000000e+03 9.476912021636962891e-01
5.776000000000000000e+03 1.015125036239624023e+00
5.778000000000000000e+03 9.972844719886779785e-01
5.780000000000000000e+03 1.073993206024169922e+00
5.782000000000000000e+03 1.117189645767211914e+00
5.784000000000000000e+03 1.085687994956970215e+00
5.786000000000000000e+03 8.807721734046936035e-01
5.788000000000000000e+03 5.557168126106262207e-01
5.790000000000000000e+03 -9.392563253641128540e-02
5.792000000000000000e+03 4.413879215717315674e-01
5.794000000000000000e+03 8.219665288925170898e-01
5.796000000000000000e+03 1.084431052207946777e+00
5.798000000000000000e+03 9.862633943557739258e-01
5.800000000000000000e+03 1.078325271606445312e+00
5.802000000000000000e+03 -1.047236680984497070e+00
5.804000000000000000e+03 -9.325941801071166992e-01
5.806000000000000000e+03 -1.000806927680969238e+00
5.808000000000000000e+03 -1.151653885841369629e+00
5.810000000000000000e+03 -7.686549425125122070e-01
5.812000000000000000e+03 -5.981685519218444824e-01
5.814000000000000000e+03 -4.670779705047607422e-01
5.816000000000000000e+03 -5.933253765106201172e-01
5.818000000000000000e+03 -4.873457551002502441e-01
5.820000000000000000e+03 -5.615639686584472656e-01
5.822000000000000000e+03 -5.867021083831787109e-01
5.824000000000000000e+03 -7.346431612968444824e-01
5.826000000000000000e+03 -7.644001841545104980e-01
5.828000000000000000e+03 -1.034955978393554688e+00
5.830000000000000000e+03 -8.246843218803405762e-01
5.832000000000000000e+03 -8.983493447303771973e-01
5.834000000000000000e+03 -8.449289202690124512e-01
5.836000000000000000e+03 -9.224744439125061035e-01
5.838000000000000000e+03 -7.970094084739685059e-01
5.840000000000000000e+03 -8.741508722305297852e-01
5.842000000000000000e+03 -7.052762508392333984e-01
5.844000000000000000e+03 2.470541477203369141e+00
5.846000000000000000e+03 2.505131006240844727e+00
5.848000000000000000e+03 2.767028808593750000e+00
5.850000000000000000e+03 1.816342175006866455e-01
5.852000000000000000e+03 3.049410820007324219e+00
5.854000000000000000e+03 3.067936658859252930e+00
5.856000000000000000e+03 9.650571644306182861e-02
5.858000000000000000e+03 1.311742663383483887e-01
5.860000000000000000e+03 2.835409939289093018e-01
5.862000000000000000e+03 3.018890380859375000e+00
5.864000000000000000e+03 2.933200597763061523e+00
5.866000000000000000e+03 2.968400955200195312e+00
5.868000000000000000e+03 2.964585542678833008e+00
5.870000000000000000e+03 2.955679655075073242e+00
5.872000000000000000e+03 -2.968597173690795898e+00
5.874000000000000000e+03 -2.958392143249511719e+00
5.876000000000000000e+03 -3.092660903930664062e+00
5.878000000000000000e+03 -1.063416525721549988e-01
5.880000000000000000e+03 -2.102573513984680176e-01
5.882000000000000000e+03 -2.372712641954421997e-01
5.884000000000000000e+03 -2.970628976821899414e+00
5.886000000000000000e+03 -3.035511016845703125e+00
5.888000000000000000e+03 -2.918627738952636719e+00
5.890000000000000000e+03 -2.906579256057739258e+00
5.892000000000000000e+03 -2.768224239349365234e+00
5.894000000000000000e+03 -3.014119625091552734e+00
5.896000000000000000e+03 -3.111953973770141602e+00
5.898000000000000000e+03 -9.923636168241500854e-02
5.900000000000000000e+03 -2.996963977813720703e+00
5.902000000000000000e+03 -2.665021657943725586e+00
5.904000000000000000e+03 -2.581097364425659180e+00
5.906000000000000000e+03 -2.748667001724243164e+00
5.908000000000000000e+03 -2.715095996856689453e+00
5.910000000000000000e+03 -2.798306941986083984e+00
5.912000000000000000e+03 -2.983390808105468750e+00
5.914000000000000000e+03 -2.060804367065429688e-01
5.916000000000000000e+03 -2.698790132999420166e-01
5.918000000000000000e+03 -2.847125291824340820e+00
5.920000000000000000e+03 -2.931437730789184570e+00
5.922000000000000000e+03 -2.704339921474456787e-01
5.924000000000000000e+03 -9.737258404493331909e-02
5.926000000000000000e+03 3.065253973007202148e+00
5.928000000000000000e+03 3.066578865051269531e+00
5.930000000000000000e+03 -3.046308517456054688e+00
5.932000000000000000e+03 -3.046464443206787109e+00
5.934000000000000000e+03 -3.043918848037719727e+00
5.936000000000000000e+03 -2.974747180938720703e+00
5.938000000000000000e+03 -2.939976215362548828e+00
5.940000000000000000e+03 -2.576247692108154297e+00
5.942000000000000000e+03 -2.171849966049194336e+00
5.944000000000000000e+03 -2.101205110549926758e+00
5.946000000000000000e+03 -1.782303571701049805e+00
5.948000000000000000e+03 -1.986893057823181152e+00
5.950000000000000000e+03 -1.870620727539062500e+00
5.952000000000000000e+03 -2.129604339599609375e+00
5.954000000000000000e+03 -2.132717609405517578e+00
5.956000000000000000e+03 -1.941793799400329590e+00
5.958000000000000000e+03 -2.573105096817016602e+00
5.960000000000000000e+03 -2.547126531600952148e+00
5.962000000000000000e+03 -2.605019330978393555e+00
5.964000000000000000e+03 -6.599237322807312012e-01
5.966000000000000000e+03 -2.575625181198120117e+00
5.968000000000000000e+03 -7.009384632110595703e-01
5.970000000000000000e+03 -8.112683892250061035e-01
5.972000000000000000e+03 -5.626603960990905762e-01
5.974000000000000000e+03 -5.901013016700744629e-01
5.976000000000000000e+03 -6.725044250488281250e-01
5.978000000000000000e+03 -3.190748691558837891e-01
5.980000000000000000e+03 -2.495447993278503418e-01
5.982000000000000000e+03 6.636451184749603271e-02
5.984000000000000000e+03 1.008675992488861084e-01
5.986000000000000000e+03 3.011372804641723633e+00
5.988000000000000000e+03 7.855492085218429565e-02
5.990000000000000000e+03 -6.235913187265396118e-02
5.992000000000000000e+03 3.006821393966674805e+00
5.994000000000000000e+03 2.717715978622436523e+00
5.996000000000000000e+03 2.713949918746948242e+00
5.998000000000000000e+03 2.718342304229736328e+00
6.000000000000000000e+03 2.330853223800659180e+00
6.002000000000000000e+03 2.455367803573608398e+00
6.004000000000000000e+03 2.396084785461425781e+00
6.006000000000000000e+03 2.854327917098999023e+00
6.008000000000000000e+03 2.746922492980957031e+00
6.010000000000000000e+03 2.741519451141357422e+00
6.012000000000000000e+03 2.651053905487060547e+00
6.014000000000000000e+03 2.715417385101318359e+00
6.016000000000000000e+03 2.880077600479125977e+00
6.018000000000000000e+03 2.786486387252807617e+00
6.020000000000000000e+03 2.726611614227294922e+00
6.022000000000000000e+03 2.770478487014770508e+00
6.024000000000000000e+03 2.648110628128051758e+00
6.026000000000000000e+03 2.561589956283569336e+00
6.028000000000000000e+03 2.682098627090454102e+00
6.030000000000000000e+03 2.960615873336791992e+00
6.032000000000000000e+03 2.838438034057617188e+00
6.034000000000000000e+03 2.332859277725219727e+00
6.036000000000000000e+03 2.322144746780395508e+00
6.038000000000000000e+03 2.284976005554199219e+00
6.040000000000000000e+03 2.600404977798461914e+00
6.042000000000000000e+03 2.660960674285888672e+00
6.044000000000000000e+03 2.328032970428466797e+00
6.046000000000000000e+03 1.927523374557495117e+00
6.048000000000000000e+03 1.835284709930419922e+00
6.050000000000000000e+03 2.154774904251098633e+00
6.052000000000000000e+03 1.984126925468444824e+00
6.054000000000000000e+03 1.388033866882324219e+00
6.056000000000000000e+03 1.891872525215148926e+00
6.058000000000000000e+03 2.003335475921630859e+00
6.060000000000000000e+03 1.875841975212097168e+00
6.062000000000000000e+03 1.756944894790649414e+00
6.064000000000000000e+03 1.130532264709472656e+00
6.066000000000000000e+03 1.147762298583984375e+00
6.068000000000000000e+03 1.404683709144592285e+00
6.070000000000000000e+03 1.344063043594360352e+00
6.072000000000000000e+03 1.191219806671142578e+00
6.074000000000000000e+03 1.088568210601806641e+00
6.076000000000000000e+03 1.461908459663391113e+00
6.078000000000000000e+03 1.571686148643493652e+00
6.080000000000000000e+03 1.833791136741638184e+00
6.082000000000000000e+03 2.090497493743896484e+00
6.084000000000000000e+03 2.299779653549194336e+00
6.086000000000000000e+03 2.156403779983520508e+00
6.088000000000000000e+03 2.041574001312255859e+00
6.090000000000000000e+03 2.030311584472656250e+00
6.092000000000000000e+03 1.562805652618408203e+00
6.094000000000000000e+03 1.064779877662658691e+00
6.096000000000000000e+03 9.641523361206054688e-01
6.098000000000000000e+03 1.207533597946166992e+00
6.100000000000000000e+03 1.154304623603820801e+00
6.102000000000000000e+03 1.206922292709350586e+00
6.104000000000000000e+03 1.068933367729187012e+00
6.106000000000000000e+03 1.267722964286804199e+00
6.108000000000000000e+03 1.322992444038391113e+00
6.110000000000000000e+03 1.512093901634216309e+00
6.112000000000000000e+03 1.822630524635314941e+00
6.114000000000000000e+03 1.698081254959106445e+00
6.116000000000000000e+03 1.758983612060546875e+00
6.118000000000000000e+03 1.538340926170349121e+00
6.120000000000000000e+03 1.748052597045898438e+00
6.122000000000000000e+03 1.780875921249389648e+00
6.124000000000000000e+03 -1.967523455619812012e+00
6.126000000000000000e+03 -2.074566841125488281e+00
6.128000000000000000e+03 -1.921606183052062988e+00
6.130000000000000000e+03 -1.959637284278869629e+00
6.132000000000000000e+03 -1.777698278427124023e+00
6.134000000000000000e+03 -1.854785323143005371e+00
6.136000000000000000e+03 -1.590850949287414551e+00
6.138000000000000000e+03 -1.666069984436035156e+00
6.140000000000000000e+03 -1.749280929565429688e+00
6.142000000000000000e+03 -1.361353397369384766e+00
6.144000000000000000e+03 -9.635502099990844727e-01
6.146000000000000000e+03 -5.919256806373596191e-01
6.148000000000000000e+03 -9.109479188919067383e-01
6.150000000000000000e+03 -1.100437283515930176e+00
6.152000000000000000e+03 -7.529841065406799316e-01
6.154000000000000000e+03 -5.103898644447326660e-01
6.156000000000000000e+03 -7.747602462768554688e-01
6.158000000000000000e+03 -8.528947234153747559e-01
6.160000000000000000e+03 -4.599939286708831787e-01
6.162000000000000000e+03 -6.489958763122558594e-01
6.164000000000000000e+03 -1.175881028175354004e+00
6.166000000000000000e+03 -1.064779996871948242e+00
6.168000000000000000e+03 -1.412944197654724121e+00
6.170000000000000000e+03 -7.396783828735351562e-01
6.172000000000000000e+03 -8.715792894363403320e-01
6.174000000000000000e+03 -7.634122967720031738e-01
6.176000000000000000e+03 -5.886995792388916016e-01
6.178000000000000000e+03 -5.934129953384399414e-01
6.180000000000000000e+03 -7.142033576965332031e-01
6.182000000000000000e+03 -5.436335206031799316e-01
6.184000000000000000e+03 -2.867245078086853027e-01
6.186000000000000000e+03 -2.569148242473602295e-01
6.188000000000000000e+03 -2.851551771163940430e-01
6.190000000000000000e+03 -2.934255897998809814e-01
6.192000000000000000e+03 -2.827079772949218750e+00
6.194000000000000000e+03 -3.001358509063720703e+00
6.196000000000000000e+03 2.888495922088623047e+00
6.198000000000000000e+03 -2.997312784194946289e+00
6.200000000000000000e+03 -3.073372602462768555e+00
6.202000000000000000e+03 -2.972434282302856445e+00
6.204000000000000000e+03 -2.990045070648193359e+00
6.206000000000000000e+03 -2.977010488510131836e+00
6.208000000000000000e+03 -2.800896883010864258e+00
6.210000000000000000e+03 -2.381718635559082031e+00
6.212000000000000000e+03 -2.490247011184692383e+00
6.214000000000000000e+03 -6.206685304641723633e-01
6.216000000000000000e+03 -7.659592032432556152e-01
6.218000000000000000e+03 -6.912208795547485352e-01
6.220000000000000000e+03 -8.048083186149597168e-01
6.222000000000000000e+03 -8.877712488174438477e-01
6.224000000000000000e+03 -7.643671631813049316e-01
6.226000000000000000e+03 -7.168342471122741699e-01
6.228000000000000000e+03 -8.320115804672241211e-01
6.230000000000000000e+03 -6.843327283859252930e-01
6.232000000000000000e+03 -4.775446355342864990e-01
6.234000000000000000e+03 -2.623304128646850586e-01
6.236000000000000000e+03 -3.255055099725723267e-02
6.238000000000000000e+03 2.814486980438232422e+00
6.240000000000000000e+03 3.045108914375305176e-01
6.242000000000000000e+03 2.412454932928085327e-01
6.244000000000000000e+03 2.791153192520141602e+00
6.246000000000000000e+03 2.907966673374176025e-01
6.248000000000000000e+03 2.672514617443084717e-01
6.250000000000000000e+03 2.493911981582641602e+00
6.252000000000000000e+03 2.700433492660522461e+00
6.254000000000000000e+03 2.701118469238281250e+00
6.256000000000000000e+03 2.422066211700439453e+00
6.258000000000000000e+03 2.467689752578735352e+00
6.260000000000000000e+03 2.358095884323120117e+00
6.262000000000000000e+03 2.389805793762207031e+00
6.264000000000000000e+03 4.836561679840087891e-01
6.266000000000000000e+03 2.636784791946411133e+00
6.268000000000000000e+03 2.644395112991333008e+00
6.270000000000000000e+03 2.583844184875488281e+00
6.272000000000000000e+03 2.658490419387817383e+00
6.274000000000000000e+03 2.623687028884887695e+00
6.276000000000000000e+03 2.683055639266967773e+00
6.278000000000000000e+03 3.624562621116638184e-01
6.280000000000000000e+03 4.005583226680755615e-01
6.282000000000000000e+03 5.054163932800292969e-01
6.284000000000000000e+03 7.251421213150024414e-01
6.286000000000000000e+03 7.433822154998779297e-01
6.288000000000000000e+03 6.759980320930480957e-01
6.290000000000000000e+03 8.466147184371948242e-01
6.292000000000000000e+03 2.791408896446228027e-01
6.294000000000000000e+03 3.095643818378448486e-01
6.296000000000000000e+03 -3.422324359416961670e-01
6.298000000000000000e+03 -4.143498539924621582e-01
6.300000000000000000e+03 -2.738640546798706055e+00
6.302000000000000000e+03 -5.349222421646118164e-01
6.304000000000000000e+03 -5.908012390136718750e-01
6.306000000000000000e+03 -2.381569623947143555e+00
6.308000000000000000e+03 -2.422360181808471680e+00
6.310000000000000000e+03 -2.303611278533935547e+00
6.312000000000000000e+03 -2.382103919982910156e+00
6.314000000000000000e+03 -2.327002048492431641e+00
6.316000000000000000e+03 -2.208242893218994141e+00
6.318000000000000000e+03 -2.106299400329589844e+00
6.320000000000000000e+03 1.956397533416748047e+00
6.322000000000000000e+03 -2.026767730712890625e+00
6.324000000000000000e+03 -2.041494846343994141e+00
6.326000000000000000e+03 -2.171676874160766602e+00
6.328000000000000000e+03 -1.983362436294555664e+00
6.330000000000000000e+03 -2.015028953552246094e+00
6.332000000000000000e+03 -1.920396566390991211e+00
6.334000000000000000e+03 -1.601199507713317871e+00
6.336000000000000000e+03 -1.586179733276367188e+00
6.338000000000000000e+03 -1.337865233421325684e+00
6.340000000000000000e+03 1.503431320190429688e+00
6.342000000000000000e+03 1.303180098533630371e+00
6.344000000000000000e+03 1.436607360839843750e+00
6.346000000000000000e+03 1.050568699836730957e+00
6.348000000000000000e+03 -2.910924851894378662e-01
6.350000000000000000e+03 8.771073818206787109e-01
6.352000000000000000e+03 1.288653373718261719e+00
6.354000000000000000e+03 1.110763311386108398e+00
6.356000000000000000e+03 1.310004591941833496e+00
6.358000000000000000e+03 1.305368304252624512e+00
6.360000000000000000e+03 1.490554809570312500e+00
6.362000000000000000e+03 -1.476226210594177246e+00
6.364000000000000000e+03 -1.394803285598754883e+00
6.366000000000000000e+03 -1.815991520881652832e+00
6.368000000000000000e+03 -1.831091642379760742e+00
6.370000000000000000e+03 -1.664077401161193848e+00
6.372000000000000000e+03 -1.970124721527099609e+00
6.374000000000000000e+03 -1.677944898605346680e+00
6.376000000000000000e+03 -1.711526513099670410e+00
6.378000000000000000e+03 1.871160030364990234e+00
6.380000000000000000e+03 1.733378648757934570e+00
6.382000000000000000e+03 1.803107619285583496e+00
6.384000000000000000e+03 2.049580574035644531e+00
6.386000000000000000e+03 2.077530145645141602e+00
6.388000000000000000e+03 2.137432098388671875e+00
6.390000000000000000e+03 2.078209877014160156e+00
6.392000000000000000e+03 2.130642414093017578e+00
6.394000000000000000e+03 -2.049191236495971680e+00
6.396000000000000000e+03 2.199389219284057617e+00
6.398000000000000000e+03 2.133070230484008789e+00
6.400000000000000000e+03 -2.045429229736328125e+00
6.402000000000000000e+03 -2.144608259201049805e+00
6.404000000000000000e+03 -2.175076484680175781e+00
6.406000000000000000e+03 -2.067591667175292969e+00
6.408000000000000000e+03 -2.041561365127563477e+00
6.410000000000000000e+03 -1.988572835922241211e+00
6.412000000000000000e+03 -2.033491134643554688e+00
6.414000000000000000e+03 -2.075821399688720703e+00
6.416000000000000000e+03 -1.827388882637023926e+00
6.418000000000000000e+03 -1.236444830894470215e+00
6.420000000000000000e+03 -1.003587722778320312e+00
6.422000000000000000e+03 -2.280544638633728027e-01
6.424000000000000000e+03 2.505284845829010010e-01
6.426000000000000000e+03 3.266073465347290039e-01
6.428000000000000000e+03 -1.371035128831863403e-01
6.430000000000000000e+03 4.436833038926124573e-02
6.432000000000000000e+03 1.878303885459899902e-01
6.434000000000000000e+03 3.295975327491760254e-01
6.436000000000000000e+03 3.300696313381195068e-01
6.438000000000000000e+03 3.713856637477874756e-01
6.440000000000000000e+03 6.146629452705383301e-01
6.442000000000000000e+03 4.558212161064147949e-01
6.444000000000000000e+03 7.213296890258789062e-01
6.446000000000000000e+03 6.834473013877868652e-01
6.448000000000000000e+03 5.127409696578979492e-01
6.450000000000000000e+03 1.129917740821838379e+00
6.452000000000000000e+03 1.229410290718078613e+00
6.454000000000000000e+03 1.208619356155395508e+00
6.456000000000000000e+03 6.738020181655883789e-01
6.458000000000000000e+03 5.657773017883300781e-01
6.460000000000000000e+03 6.738368868827819824e-01
6.462000000000000000e+03 9.673629403114318848e-01
6.464000000000000000e+03 1.339774370193481445e+00
6.466000000000000000e+03 1.009924411773681641e+00
6.468000000000000000e+03 1.400061130523681641e+00
6.470000000000000000e+03 1.899589300155639648e+00
6.472000000000000000e+03 8.847763538360595703e-01
6.474000000000000000e+03 4.920953810214996338e-01
6.476000000000000000e+03 3.904611766338348389e-01
6.478000000000000000e+03 -6.194555163383483887e-01
6.480000000000000000e+03 1.300312131643295288e-01
6.482000000000000000e+03 2.655782997608184814e-01
6.484000000000000000e+03 2.173925787210464478e-01
6.486000000000000000e+03 1.128515303134918213e-01
6.488000000000000000e+03 1.447772532701492310e-01
6.490000000000000000e+03 -3.787667304277420044e-02
6.492000000000000000e+03 -6.204553842544555664e-01
6.494000000000000000e+03 -1.385308742523193359e+00
6.496000000000000000e+03 -2.362422943115234375e+00
6.498000000000000000e+03 3.022264242172241211e+00
6.500000000000000000e+03 -2.903989315032958984e+00
6.502000000000000000e+03 -2.978081226348876953e+00
6.504000000000000000e+03 2.825751066207885742e+00
6.506000000000000000e+03 2.389513969421386719e+00
6.508000000000000000e+03 2.708162069320678711e+00
6.510000000000000000e+03 2.567083358764648438e+00
6.512000000000000000e+03 2.415064096450805664e+00
6.514000000000000000e+03 2.024850368499755859e+00
6.516000000000000000e+03 2.632737398147583008e+00
6.518000000000000000e+03 2.172680377960205078e+00
6.520000000000000000e+03 4.110180437564849854e-01
6.522000000000000000e+03 2.201356172561645508e+00
6.524000000000000000e+03 8.304128646850585938e-01
6.526000000000000000e+03 1.076486110687255859e+00
6.528000000000000000e+03 1.082062363624572754e+00
6.530000000000000000e+03 9.603487849235534668e-01
6.532000000000000000e+03 1.067586660385131836e+00
6.534000000000000000e+03 1.140099525451660156e+00
6.536000000000000000e+03 1.042338490486145020e+00
6.538000000000000000e+03 1.424920797348022461e+00
6.540000000000000000e+03 1.303855061531066895e+00
6.542000000000000000e+03 1.404519557952880859e+00
6.544000000000000000e+03 6.754456758499145508e-01
6.546000000000000000e+03 8.484136462211608887e-01
6.548000000000000000e+03 1.237273335456848145e+00
6.550000000000000000e+03 9.774079918861389160e-01
6.552000000000000000e+03 9.019339680671691895e-01
6.554000000000000000e+03 1.095231294631958008e+00
6.556000000000000000e+03 6.952441930770874023e-01
6.558000000000000000e+03 8.013207912445068359e-01
6.560000000000000000e+03 2.808334231376647949e-01
6.562000000000000000e+03 3.641682863235473633e-01
6.564000000000000000e+03 2.942151427268981934e-01
6.566000000000000000e+03 -2.520514726638793945e-01
6.568000000000000000e+03 -6.878646016120910645e-01
6.570000000000000000e+03 -3.691233098506927490e-01
6.572000000000000000e+03 -1.970746666193008423e-01
6.574000000000000000e+03 -1.014831438660621643e-01
6.576000000000000000e+03 -8.351773768663406372e-02
6.578000000000000000e+03 9.272912284359335899e-04
6.580000000000000000e+03 -2.367730997502803802e-02
6.582000000000000000e+03 2.402399033308029175e-01
6.584000000000000000e+03 3.528444468975067139e-01
6.586000000000000000e+03 4.810676574707031250e-01
6.588000000000000000e+03 4.293254613876342773e-01
6.590000000000000000e+03 2.265172600746154785e-01
6.592000000000000000e+03 2.240555137395858765e-01
6.594000000000000000e+03 1.042950600385665894e-01
6.596000000000000000e+03 3.250678777694702148e-01
6.598000000000000000e+03 -3.431996107101440430e-01
6.600000000000000000e+03 -1.400688886642456055e-01
6.602000000000000000e+03 -1.331637352705001831e-01
6.604000000000000000e+03 -3.954805433750152588e-01
6.606000000000000000e+03 -2.909764349460601807e-01
6.608000000000000000e+03 -4.634389281272888184e-01
6.610000000000000000e+03 -6.203799247741699219e-01
6.612000000000000000e+03 -9.992683529853820801e-01
6.614000000000000000e+03 -7.796194553375244141e-01
6.616000000000000000e+03 -8.348741531372070312e-01
6.618000000000000000e+03 -1.081615447998046875e+00
6.620000000000000000e+03 -1.171833395957946777e+00
6.622000000000000000e+03 -1.532366633415222168e+00
6.624000000000000000e+03 -6.075175404548645020e-01
6.626000000000000000e+03 -7.527737021446228027e-01
6.628000000000000000e+03 -2.564592599868774414e+00
6.630000000000000000e+03 -5.273526310920715332e-01
6.632000000000000000e+03 -5.939704179763793945e-01
6.634000000000000000e+03 -2.314253091812133789e+00
6.636000000000000000e+03 -2.405651569366455078e+00
6.638000000000000000e+03 -2.355026721954345703e+00
6.640000000000000000e+03 -2.307511806488037109e+00
6.642000000000000000e+03 -2.415810823440551758e+00
6.644000000000000000e+03 -2.362570285797119141e+00
6.646000000000000000e+03 -2.409458875656127930e+00
6.648000000000000000e+03 -2.427911996841430664e+00
6.650000000000000000e+03 -2.356914758682250977e+00
6.652000000000000000e+03 -2.321030139923095703e+00
6.654000000000000000e+03 -2.420676946640014648e+00
6.656000000000000000e+03 2.250696182250976562e+00
6.658000000000000000e+03 -2.213335037231445312e+00
6.660000000000000000e+03 -7.015759348869323730e-01
6.662000000000000000e+03 -6.976794600486755371e-01
6.664000000000000000e+03 -6.046633124351501465e-01
6.666000000000000000e+03 -6.502930521965026855e-01
6.668000000000000000e+03 -6.854962706565856934e-01
6.670000000000000000e+03 -2.620693683624267578e+00
6.672000000000000000e+03 -2.557535171508789062e+00
6.674000000000000000e+03 -5.020584464073181152e-01
6.676000000000000000e+03 -7.096431851387023926e-01
6.678000000000000000e+03 -7.978164553642272949e-01
6.680000000000000000e+03 -1.050281167030334473e+00
6.682000000000000000e+03 -1.058208227157592773e+00
6.684000000000000000e+03 -1.082991361618041992e+00
6.686000000000000000e+03 -9.748879671096801758e-01
6.688000000000000000e+03 -7.397492527961730957e-01
6.690000000000000000e+03 -6.829506158828735352e-01
6.692000000000000000e+03 -2.299015760421752930e+00
6.694000000000000000e+03 2.223826408386230469e+00
6.696000000000000000e+03 -2.367576599121093750e+00
6.698000000000000000e+03 -2.462052822113037109e+00
6.700000000000000000e+03 -2.488899707794189453e+00
6.702000000000000000e+03 -2.560867547988891602e+00
6.704000000000000000e+03 -2.553590059280395508e+00
6.706000000000000000e+03 -2.594216585159301758e+00
6.708000000000000000e+03 -2.719962358474731445e+00
6.710000000000000000e+03 -5.944672226905822754e-01
6.712000000000000000e+03 -6.505771279335021973e-01
6.714000000000000000e+03 -5.756018161773681641e-01
6.716000000000000000e+03 -4.176405370235443115e-01
6.718000000000000000e+03 -2.595560073852539062e+00
6.720000000000000000e+03 -5.222553014755249023e-01
6.722000000000000000e+03 -4.846602976322174072e-01
6.724000000000000000e+03 -2.462927997112274170e-01
6.726000000000000000e+03 -6.091634631156921387e-01
6.728000000000000000e+03 -4.955057799816131592e-01
6.730000000000000000e+03 -5.190386772155761719e-01
6.732000000000000000e+03 -7.015404701232910156e-01
6.734000000000000000e+03 -9.772133231163024902e-01
6.736000000000000000e+03 -8.309969305992126465e-01
6.738000000000000000e+03 -7.891439199447631836e-01
6.740000000000000000e+03 2.186689823865890503e-01
6.742000000000000000e+03 -2.295756489038467407e-01
6.744000000000000000e+03 3.849577605724334717e-01
6.746000000000000000e+03 5.185676217079162598e-01
6.748000000000000000e+03 2.311989665031433105e-01
6.750000000000000000e+03 2.218081206083297729e-01
6.752000000000000000e+03 -1.025305390357971191e+00
6.754000000000000000e+03 -1.231053352355957031e+00
6.756000000000000000e+03 -9.299821853637695312e-01
6.758000000000000000e+03 -6.992249488830566406e-01
6.760000000000000000e+03 -3.400532603263854980e-01
6.762000000000000000e+03 -4.055158793926239014e-01
6.764000000000000000e+03 -6.307119727134704590e-01
6.766000000000000000e+03 9.236962199211120605e-01
6.768000000000000000e+03 1.974515199661254883e+00
6.770000000000000000e+03 1.520609974861145020e+00
6.772000000000000000e+03 1.666394352912902832e+00
6.774000000000000000e+03 1.785648584365844727e+00
6.776000000000000000e+03 1.543085098266601562e+00
6.778000000000000000e+03 1.951892495155334473e+00
6.780000000000000000e+03 1.411891102790832520e+00
6.782000000000000000e+03 2.686337947845458984e+00
6.784000000000000000e+03 2.527649164199829102e+00
6.786000000000000000e+03 2.651581048965454102e+00
6.788000000000000000e+03 2.755219936370849609e+00
6.790000000000000000e+03 2.655248641967773438e+00
6.792000000000000000e+03 2.750173807144165039e+00
6.794000000000000000e+03 2.366765022277832031e+00
6.796000000000000000e+03 2.297934293746948242e+00
6.798000000000000000e+03 2.660835504531860352e+00
6.800000000000000000e+03 2.775802850723266602e+00
6.802000000000000000e+03 2.901801109313964844e+00
6.804000000000000000e+03 2.760440587997436523e+00
6.806000000000000000e+03 2.979789495468139648e+00
6.808000000000000000e+03 -2.942592620849609375e+00
6.810000000000000000e+03 2.399452924728393555e+00
6.812000000000000000e+03 2.476640462875366211e+00
6.814000000000000000e+03 -3.040539264678955078e+00
6.816000000000000000e+03 2.926777362823486328e+00
6.818000000000000000e+03 3.055117845535278320e+00
6.820000000000000000e+03 2.730076313018798828e+00
6.822000000000000000e+03 2.492597103118896484e+00
6.824000000000000000e+03 2.231911659240722656e+00
6.826000000000000000e+03 2.074409484863281250e+00
6.828000000000000000e+03 2.430321931838989258e+00
6.830000000000000000e+03 2.124452829360961914e+00
6.832000000000000000e+03 2.058683156967163086e+00
6.834000000000000000e+03 1.877178907394409180e+00
6.836000000000000000e+03 2.176227569580078125e+00
6.838000000000000000e+03 2.216633319854736328e+00
6.840000000000000000e+03 2.296741724014282227e+00
6.842000000000000000e+03 2.405658483505249023e+00
6.844000000000000000e+03 1.859995365142822266e+00
6.846000000000000000e+03 -2.120631456375122070e+00
6.848000000000000000e+03 -1.982027888298034668e+00
6.850000000000000000e+03 -2.102766752243041992e+00
6.852000000000000000e+03 -1.952510952949523926e+00
6.854000000000000000e+03 -2.247348070144653320e+00
6.856000000000000000e+03 -2.169378995895385742e+00
6.858000000000000000e+03 -1.907684564590454102e+00
6.860000000000000000e+03 -1.958250880241394043e+00
6.862000000000000000e+03 -2.075621843338012695e+00
6.864000000000000000e+03 -2.141902208328247070e+00
6.866000000000000000e+03 1.956094384193420410e+00
6.868000000000000000e+03 2.041325092315673828e+00
6.870000000000000000e+03 2.073390483856201172e+00
6.872000000000000000e+03 2.414180517196655273e+00
6.874000000000000000e+03 2.799990892410278320e+00
6.876000000000000000e+03 2.710855007171630859e+00
6.878000000000000000e+03 2.204019784927368164e+00
6.880000000000000000e+03 1.768515706062316895e+00
6.882000000000000000e+03 1.558519721031188965e+00
6.884000000000000000e+03 1.668635129928588867e+00
6.886000000000000000e+03 1.570796370506286621e+00
6.888000000000000000e+03 1.618763446807861328e+00
6.890000000000000000e+03 1.665114283561706543e+00
6.892000000000000000e+03 1.636227250099182129e+00
6.894000000000000000e+03 1.670674443244934082e+00
6.896000000000000000e+03 1.613769054412841797e+00
6.898000000000000000e+03 1.777872681617736816e+00
6.900000000000000000e+03 2.202870607376098633e+00
6.902000000000000000e+03 2.030865430831909180e+00
6.904000000000000000e+03 2.086888790130615234e+00
6.906000000000000000e+03 2.068383932113647461e+00
6.908000000000000000e+03 2.420727968215942383e+00
6.910000000000000000e+03 2.587208986282348633e+00
6.912000000000000000e+03 2.878719568252563477e+00
6.914000000000000000e+03 2.793453454971313477e+00
6.916000000000000000e+03 2.834368705749511719e+00
6.918000000000000000e+03 2.857439517974853516e+00
6.920000000000000000e+03 6.610430479049682617e-01
6.922000000000000000e+03 1.486095786094665527e+00
6.924000000000000000e+03 3.056962251663208008e+00
6.926000000000000000e+03 -2.507924795150756836e+00
6.928000000000000000e+03 -2.729734420776367188e+00
6.930000000000000000e+03 -2.318190097808837891e+00
6.932000000000000000e+03 -2.442498683929443359e+00
6.934000000000000000e+03 2.759017229080200195e+00
6.936000000000000000e+03 2.806760787963867188e+00
6.938000000000000000e+03 1.863882064819335938e+00
6.940000000000000000e+03 7.340115904808044434e-01
6.942000000000000000e+03 1.412581562995910645e+00
6.944000000000000000e+03 1.792229413986206055e+00
6.946000000000000000e+03 1.990399718284606934e+00
6.948000000000000000e+03 1.877526998519897461e+00
6.950000000000000000e+03 1.798604846000671387e+00
6.952000000000000000e+03 1.183174252510070801e+00
6.954000000000000000e+03 1.336374163627624512e+00
6.956000000000000000e+03 1.668624162673950195e+00
6.958000000000000000e+03 1.087822914123535156e+00
6.960000000000000000e+03 1.226272583007812500e+00
6.962000000000000000e+03 1.017576575279235840e+00
6.964000000000000000e+03 1.160098195075988770e+00
6.966000000000000000e+03 1.319721698760986328e+00
6.968000000000000000e+03 8.728430271148681641e-01
6.970000000000000000e+03 9.547362327575683594e-01
6.972000000000000000e+03 6.140800118446350098e-01
6.974000000000000000e+03 6.452299356460571289e-01
6.976000000000000000e+03 4.180999100208282471e-01
6.978000000000000000e+03 3.773865997791290283e-01
6.980000000000000000e+03 -3.361956775188446045e-01
6.982000000000000000e+03 -2.801350355148315430e-01
6.984000000000000000e+03 -2.782399393618106842e-02
6.986000000000000000e+03 1.672100424766540527e-01
6.988000000000000000e+03 4.862800538539886475e-01
6.990000000000000000e+03 2.912136912345886230e-01
6.992000000000000000e+03 4.636475443840026855e-01
6.994000000000000000e+03 1.757574677467346191e-01
6.996000000000000000e+03 -1.587639562785625458e-03
6.998000000000000000e+03 6.902848929166793823e-02
7.000000000000000000e+03 4.801390320062637329e-02
7.002000000000000000e+03 2.104668468236923218e-01
7.004000000000000000e+03 4.640876352787017822e-01
7.006000000000000000e+03 5.617715716361999512e-01
7.008000000000000000e+03 2.873114347457885742e-01
7.010000000000000000e+03 2.470652610063552856e-01
7.012000000000000000e+03 2.769944071769714355e-01
7.014000000000000000e+03 -2.490576915442943573e-02
7.016000000000000000e+03 2.682846039533615112e-02
7.018000000000000000e+03 -2.728968560695648193e-01
7.020000000000000000e+03 -6.733967363834381104e-02
7.022000000000000000e+03 -1.072540059685707092e-01
7.024000000000000000e+03 -1.036134734749794006e-01
7.026000000000000000e+03 -1.680259704589843750e-01
7.028000000000000000e+03 -6.676988005638122559e-01
7.030000000000000000e+03 -3.199198842048645020e-01
7.032000000000000000e+03 -5.318348407745361328e-01
7.034000000000000000e+03 -1.040860176086425781e+00
7.036000000000000000e+03 -1.152086496353149414e+00
7.038000000000000000e+03 -1.344727993011474609e+00
7.040000000000000000e+03 -7.983397841453552246e-01
7.042000000000000000e+03 -1.083536744117736816e+00
7.044000000000000000e+03 -4.050690233707427979e-01
7.046000000000000000e+03 4.819375276565551758e-01
7.048000000000000000e+03 1.924424767494201660e+00
7.050000000000000000e+03 1.113093137741088867e+00
7.052000000000000000e+03 1.157110929489135742e+00
7.054000000000000000e+03 1.217546582221984863e+00
7.056000000000000000e+03 4.492128491401672363e-01
7.058000000000000000e+03 8.843615651130676270e-01
7.060000000000000000e+03 1.234827637672424316e+00
7.062000000000000000e+03 7.602536082267761230e-01
7.064000000000000000e+03 2.615796029567718506e-01
7.066000000000000000e+03 8.333326876163482666e-02
7.068000000000000000e+03 4.326324760913848877e-01
7.070000000000000000e+03 6.190583705902099609e-01
7.072000000000000000e+03 3.357777297496795654e-01
7.074000000000000000e+03 3.423498272895812988e-01
7.076000000000000000e+03 2.397689223289489746e-01
7.078000000000000000e+03 3.743563592433929443e-02
7.080000000000000000e+03 -3.851573169231414795e-01
7.082000000000000000e+03 -9.248211979866027832e-02
7.084000000000000000e+03 2.984988689422607422e-01
7.086000000000000000e+03 1.802444756031036377e-01
7.088000000000000000e+03 9.398457407951354980e-02
7.090000000000000000e+03 4.939413070678710938e-01
7.092000000000000000e+03 8.434725403785705566e-01
7.094000000000000000e+03 4.763508737087249756e-01
7.096000000000000000e+03 1.491418361663818359e+00
7.098000000000000000e+03 7.059434056282043457e-01
7.100000000000000000e+03 1.297505944967269897e-01
7.102000000000000000e+03 -1.258783489465713501e-01
7.104000000000000000e+03 9.426523000001907349e-02
7.106000000000000000e+03 5.051670074462890625e-01
7.108000000000000000e+03 1.027368288487195969e-02
7.110000000000000000e+03 8.800644278526306152e-01
7.112000000000000000e+03 1.352964401245117188e+00
7.114000000000000000e+03 1.412575483322143555e+00
7.116000000000000000e+03 1.373781204223632812e+00
7.118000000000000000e+03 1.999263405799865723e+00
7.120000000000000000e+03 2.276111364364624023e+00
7.122000000000000000e+03 2.356966972351074219e+00
7.124000000000000000e+03 2.232828855514526367e+00
7.126000000000000000e+03 2.215711832046508789e+00
7.128000000000000000e+03 2.354893922805786133e+00
7.130000000000000000e+03 2.955369710922241211e+00
7.132000000000000000e+03 2.643737792968750000e+00
7.134000000000000000e+03 2.494884014129638672e+00
7.136000000000000000e+03 2.530821084976196289e+00
7.138000000000000000e+03 2.300266265869140625e+00
7.140000000000000000e+03 2.110017776489257812e+00
7.142000000000000000e+03 1.280663967132568359e+00
7.144000000000000000e+03 1.320070505142211914e+00
7.146000000000000000e+03 1.144773840904235840e+00
7.148000000000000000e+03 1.166936993598937988e+00
7.150000000000000000e+03 1.233830332756042480e+00
7.152000000000000000e+03 1.089945435523986816e+00
7.154000000000000000e+03 1.068070888519287109e+00
7.156000000000000000e+03 7.930471301078796387e-01
7.158000000000000000e+03 9.406222105026245117e-01
7.160000000000000000e+03 9.092509150505065918e-01
7.162000000000000000e+03 6.199719309806823730e-01
7.164000000000000000e+03 2.442323207855224609e+00
7.166000000000000000e+03 2.386795282363891602e+00
7.168000000000000000e+03 2.443030834197998047e+00
7.170000000000000000e+03 2.324786424636840820e+00
7.172000000000000000e+03 8.404170870780944824e-01
7.174000000000000000e+03 9.577282667160034180e-01
7.176000000000000000e+03 6.038403511047363281e-01
7.178000000000000000e+03 6.576225161552429199e-01
7.180000000000000000e+03 5.527139902114868164e-01
7.182000000000000000e+03 5.278275609016418457e-01
7.184000000000000000e+03 2.465954780578613281e+00
7.186000000000000000e+03 2.615528345108032227e+00
7.188000000000000000e+03 2.742040634155273438e+00
7.190000000000000000e+03 2.769714593887329102e+00
7.192000000000000000e+03 2.418635845184326172e+00
7.194000000000000000e+03 2.681360244750976562e+00
7.196000000000000000e+03 2.260005950927734375e+00
7.198000000000000000e+03 1.703698158264160156e+00
7.200000000000000000e+03 3.090855121612548828e+00
7.202000000000000000e+03 2.666833400726318359e+00
7.204000000000000000e+03 2.745895862579345703e+00
7.206000000000000000e+03 2.495270490646362305e+00
7.208000000000000000e+03 2.141940355300903320e+00
7.210000000000000000e+03 2.205897808074951172e+00
7.212000000000000000e+03 2.452224254608154297e+00
7.214000000000000000e+03 2.431500196456909180e+00
7.216000000000000000e+03 2.571384906768798828e+00
7.218000000000000000e+03 2.557314872741699219e+00
7.220000000000000000e+03 5.378819704055786133e-01
7.222000000000000000e+03 5.015373826026916504e-01
7.224000000000000000e+03 4.076165854930877686e-01
7.226000000000000000e+03 3.383465409278869629e-01
7.228000000000000000e+03 2.828355312347412109e+00
7.230000000000000000e+03 2.835516929626464844e+00
7.232000000000000000e+03 3.000083446502685547e+00
7.234000000000000000e+03 2.996705055236816406e+00
7.236000000000000000e+03 3.078289508819580078e+00
7.238000000000000000e+03 2.934342861175537109e+00
7.240000000000000000e+03 2.840319395065307617e+00
7.242000000000000000e+03 2.494770526885986328e+00
7.244000000000000000e+03 2.657025814056396484e+00
7.246000000000000000e+03 2.756755590438842773e+00
7.248000000000000000e+03 2.353447079658508301e-01
7.250000000000000000e+03 1.018424630165100098e-01
7.252000000000000000e+03 2.253841757774353027e-01
7.254000000000000000e+03 1.351827979087829590e-01
7.256000000000000000e+03 3.089307844638824463e-01
7.258000000000000000e+03 2.744875669479370117e+00
7.260000000000000000e+03 2.702006101608276367e+00
7.262000000000000000e+03 2.575646638870239258e+00
7.264000000000000000e+03 2.419817209243774414e+00
7.266000000000000000e+03 2.332948684692382812e+00
7.268000000000000000e+03 2.322339296340942383e+00
7.270000000000000000e+03 2.467180013656616211e+00
7.272000000000000000e+03 2.357342720031738281e+00
7.274000000000000000e+03 2.365933179855346680e+00
7.276000000000000000e+03 2.786975145339965820e+00
7.278000000000000000e+03 -2.565111398696899414e+00
7.280000000000000000e+03 -2.962188720703125000e+00
7.282000000000000000e+03 -3.007481575012207031e+00
7.284000000000000000e+03 2.943489789962768555e+00
7.286000000000000000e+03 2.822847127914428711e+00
7.288000000000000000e+03 1.520766615867614746e-01
7.290000000000000000e+03 2.805833145976066589e-02
7.292000000000000000e+03 -5.083825066685676575e-02
7.294000000000000000e+03 -1.009327843785285950e-01
7.296000000000000000e+03 1.892543137073516846e-01
7.298000000000000000e+03 2.236392498016357422e-01
7.300000000000000000e+03 1.104049682617187500e+00
7.302000000000000000e+03 1.062976568937301636e-01
7.304000000000000000e+03 -4.026046693325042725e-01
7.306000000000000000e+03 -7.685495167970657349e-02
7.308000000000000000e+03 -8.454375714063644409e-02
7.310000000000000000e+03 1.628789901733398438e-01
7.312000000000000000e+03 2.392822057008743286e-01
7.314000000000000000e+03 3.057054802775382996e-02
7.316000000000000000e+03 -1.053546518087387085e-01
7.318000000000000000e+03 1.958985924720764160e-01
7.320000000000000000e+03 2.132433354854583740e-01
7.322000000000000000e+03 8.508127331733703613e-01
7.324000000000000000e+03 7.314784526824951172e-01
7.326000000000000000e+03 8.316900134086608887e-01
7.328000000000000000e+03 7.192211151123046875e-01
7.330000000000000000e+03 9.728505015373229980e-01
7.332000000000000000e+03 5.401664376258850098e-01
7.334000000000000000e+03 5.985699892044067383e-01
7.336000000000000000e+03 6.332878470420837402e-01
7.338000000000000000e+03 6.993148326873779297e-01
7.340000000000000000e+03 6.722152233123779297e-01
7.342000000000000000e+03 5.044809579849243164e-01
7.344000000000000000e+03 5.748373270034790039e-01
7.346000000000000000e+03 9.278001785278320312e-01
7.348000000000000000e+03 9.727218151092529297e-01
7.350000000000000000e+03 8.563420772552490234e-01
7.352000000000000000e+03 1.209976434707641602e+00
7.354000000000000000e+03 1.144709110260009766e+00
7.356000000000000000e+03 1.056122541427612305e+00
7.358000000000000000e+03 -1.415888667106628418e+00
7.360000000000000000e+03 -1.009923219680786133e+00
7.362000000000000000e+03 -7.847860455513000488e-01
7.364000000000000000e+03 -1.040710449218750000e+00
7.366000000000000000e+03 -8.184987902641296387e-01
7.368000000000000000e+03 -1.016750335693359375e+00
7.370000000000000000e+03 -1.149157643318176270e+00
7.372000000000000000e+03 -8.130313158035278320e-01
7.374000000000000000e+03 -9.631863832473754883e-01
7.376000000000000000e+03 -1.155517339706420898e+00
7.378000000000000000e+03 -9.413564205169677734e-01
7.380000000000000000e+03 -1.035481214523315430e+00
7.382000000000000000e+03 -1.405928373336791992e+00
7.384000000000000000e+03 -1.428099274635314941e+00
7.386000000000000000e+03 -9.129750728607177734e-01
7.388000000000000000e+03 -1.002551317214965820e+00
7.390000000000000000e+03 -1.158438920974731445e+00
7.392000000000000000e+03 -1.377060651779174805e+00
7.394000000000000000e+03 -1.533421277999877930e+00
7.396000000000000000e+03 -1.501790404319763184e+00
7.398000000000000000e+03 -1.785331964492797852e+00
7.400000000000000000e+03 2.125553131103515625e+00
7.402000000000000000e+03 2.070344924926757812e+00
7.404000000000000000e+03 -1.893181324005126953e+00
7.406000000000000000e+03 -1.875208616256713867e+00
7.408000000000000000e+03 -1.978149414062500000e+00
7.410000000000000000e+03 -1.758265852928161621e+00
7.412000000000000000e+03 -1.690467953681945801e+00
7.414000000000000000e+03 -1.694465875625610352e+00
7.416000000000000000e+03 -1.686263918876647949e+00
7.418000000000000000e+03 -1.754249215126037598e+00
7.420000000000000000e+03 -1.999525904655456543e+00
7.422000000000000000e+03 -2.080606698989868164e+00
7.424000000000000000e+03 -1.744006395339965820e+00
7.426000000000000000e+03 -1.602593660354614258e+00
7.428000000000000000e+03 -1.628827810287475586e+00
7.430000000000000000e+03 1.591346263885498047e+00
7.432000000000000000e+03 -1.561889410018920898e+00
7.434000000000000000e+03 -1.784581422805786133e+00
7.436000000000000000e+03 -1.579120039939880371e+00
7.438000000000000000e+03 -1.482120990753173828e+00
7.440000000000000000e+03 1.404791116714477539e+00
7.442000000000000000e+03 1.216170907020568848e+00
7.444000000000000000e+03 1.085220456123352051e+00
7.446000000000000000e+03 1.117581725120544434e+00
7.448000000000000000e+03 1.165174722671508789e+00
7.450000000000000000e+03 1.434222698211669922e+00
7.452000000000000000e+03 1.392775535583496094e+00
7.454000000000000000e+03 -1.222748637199401855e+00
7.456000000000000000e+03 1.158141136169433594e+00
7.458000000000000000e+03 1.369182586669921875e+00
7.460000000000000000e+03 1.260753870010375977e+00
7.462000000000000000e+03 1.050790905952453613e+00
7.464000000000000000e+03 1.005105495452880859e+00
7.466000000000000000e+03 1.490188002586364746e+00
7.468000000000000000e+03 5.265835523605346680e-01
7.470000000000000000e+03 3.165870904922485352e-01
7.472000000000000000e+03 3.294382095336914062e-01
7.474000000000000000e+03 5.473768711090087891e-01
7.476000000000000000e+03 5.470107793807983398e-01
7.478000000000000000e+03 6.757723093032836914e-01
7.480000000000000000e+03 3.789088726043701172e-01
7.482000000000000000e+03 2.743834257125854492e+00
7.484000000000000000e+03 2.849736452102661133e+00
7.486000000000000000e+03 2.577392578125000000e+00
7.488000000000000000e+03 6.010881662368774414e-01
7.490000000000000000e+03 7.216548919677734375e-01
7.492000000000000000e+03 2.485725879669189453e+00
7.494000000000000000e+03 7.682751417160034180e-01
7.496000000000000000e+03 2.494828224182128906e+00
7.498000000000000000e+03 2.484361886978149414e+00
7.500000000000000000e+03 2.303506135940551758e+00
7.502000000000000000e+03 2.416394233703613281e+00
7.504000000000000000e+03 2.405257701873779297e+00
7.506000000000000000e+03 2.400228261947631836e+00
7.508000000000000000e+03 -2.284368753433227539e+00
7.510000000000000000e+03 2.344744682312011719e+00
7.512000000000000000e+03 2.459274768829345703e+00
7.514000000000000000e+03 2.193503856658935547e+00
7.516000000000000000e+03 -2.111893415451049805e+00
7.518000000000000000e+03 2.155240058898925781e+00
7.520000000000000000e+03 -2.078590154647827148e+00
7.522000000000000000e+03 -1.944473981857299805e+00
7.524000000000000000e+03 -1.884984493255615234e+00
7.526000000000000000e+03 -1.934177756309509277e+00
7.528000000000000000e+03 -1.862206578254699707e+00
7.530000000000000000e+03 1.663991332054138184e+00
7.532000000000000000e+03 -1.672872900962829590e+00
7.534000000000000000e+03 -1.763432383537292480e+00
7.536000000000000000e+03 1.738594532012939453e+00
7.538000000000000000e+03 -1.633992552757263184e+00
7.540000000000000000e+03 1.759510993957519531e+00
7.542000000000000000e+03 1.687490224838256836e+00
7.544000000000000000e+03 -1.634419322013854980e+00
7.546000000000000000e+03 -1.468909025192260742e+00
7.548000000000000000e+03 -1.841995239257812500e+00
7.550000000000000000e+03 -2.135760307312011719e+00
7.552000000000000000e+03 -1.977273464202880859e+00
7.554000000000000000e+03 -1.800257205963134766e+00
7.556000000000000000e+03 -2.143068790435791016e+00
7.558000000000000000e+03 -2.058057546615600586e+00
7.560000000000000000e+03 -2.376762151718139648e+00
7.562000000000000000e+03 -2.485844373703002930e+00
7.564000000000000000e+03 -2.795444726943969727e+00
7.566000000000000000e+03 -2.521089315414428711e+00
7.568000000000000000e+03 -2.518262624740600586e+00
7.570000000000000000e+03 -2.407065868377685547e+00
7.572000000000000000e+03 -2.305466175079345703e+00
7.574000000000000000e+03 -2.489505767822265625e+00
7.576000000000000000e+03 -2.493820428848266602e+00
7.578000000000000000e+03 -2.446450233459472656e+00
7.580000000000000000e+03 -2.377713680267333984e+00
7.582000000000000000e+03 -2.187346696853637695e+00
7.584000000000000000e+03 2.344313144683837891e+00
7.586000000000000000e+03 6.968313455581665039e-01
7.588000000000000000e+03 8.438331484794616699e-01
7.590000000000000000e+03 6.907835006713867188e-01
7.592000000000000000e+03 7.388390898704528809e-01
7.594000000000000000e+03 2.476316928863525391e+00
7.596000000000000000e+03 7.423600554466247559e-01
7.598000000000000000e+03 2.338652372360229492e+00
7.600000000000000000e+03 -2.345886468887329102e+00
7.602000000000000000e+03 8.096654415130615234e-01
7.604000000000000000e+03 -2.203214883804321289e+00
7.606000000000000000e+03 -2.263039112091064453e+00
7.608000000000000000e+03 2.112474441528320312e+00
7.610000000000000000e+03 2.239793062210083008e+00
7.612000000000000000e+03 2.482326984405517578e+00
7.614000000000000000e+03 6.970398426055908203e-01
7.616000000000000000e+03 7.785289883613586426e-01
7.618000000000000000e+03 8.953873515129089355e-01
7.620000000000000000e+03 8.236422538757324219e-01
7.622000000000000000e+03 8.578590154647827148e-01
7.624000000000000000e+03 9.519215822219848633e-01
7.626000000000000000e+03 7.482492327690124512e-01
7.628000000000000000e+03 8.133397698402404785e-01
7.630000000000000000e+03 5.705059170722961426e-01
7.632000000000000000e+03 2.528097867965698242e+00
7.634000000000000000e+03 5.375862121582031250e-01
7.636000000000000000e+03 6.274232268333435059e-01
7.638000000000000000e+03 6.654016375541687012e-01
7.640000000000000000e+03 5.412011742591857910e-01
7.642000000000000000e+03 5.369839668273925781e-01
7.644000000000000000e+03 2.633597135543823242e+00
7.646000000000000000e+03 3.602857887744903564e-01
7.648000000000000000e+03 3.424107134342193604e-01
7.650000000000000000e+03 -1.309929341077804565e-01
7.652000000000000000e+03 -3.343391716480255127e-01
7.654000000000000000e+03 -3.941540420055389404e-01
7.656000000000000000e+03 3.505469486117362976e-02
7.658000000000000000e+03 1.143082529306411743e-01
7.660000000000000000e+03 1.308974623680114746e-01
7.662000000000000000e+03 2.858412861824035645e-01
7.664000000000000000e+03 -2.088554054498672485e-01
7.666000000000000000e+03 -3.898154497146606445e-01
7.668000000000000000e+03 -6.306434273719787598e-01
7.670000000000000000e+03 -8.842754364013671875e-01
7.672000000000000000e+03 -8.414543867111206055e-01
7.674000000000000000e+03 -8.137710690498352051e-01
7.676000000000000000e+03 -7.699647545814514160e-01
7.678000000000000000e+03 -2.403714179992675781e+00
7.680000000000000000e+03 -2.333048582077026367e+00
7.682000000000000000e+03 -2.269967794418334961e+00
7.684000000000000000e+03 -2.465265512466430664e+00
7.686000000000000000e+03 -8.896394371986389160e-01
7.688000000000000000e+03 8.175485730171203613e-01
7.690000000000000000e+03 2.399431705474853516e+00
7.692000000000000000e+03 -7.047219872474670410e-01
7.694000000000000000e+03 -7.126933336257934570e-01
7.696000000000000000e+03 -5.577692389488220215e-01
7.698000000000000000e+03 -2.519806146621704102e+00
7.700000000000000000e+03 -2.501020431518554688e+00
7.702000000000000000e+03 -2.567075014114379883e+00
7.704000000000000000e+03 -2.644202947616577148e+00
7.706000000000000000e+03 -5.970245003700256348e-01
7.708000000000000000e+03 -6.943013072013854980e-01
7.710000000000000000e+03 -2.364406108856201172e+00
7.712000000000000000e+03 -5.305801033973693848e-01
7.714000000000000000e+03 -2.657081365585327148e+00
7.716000000000000000e+03 -2.659897804260253906e+00
7.718000000000000000e+03 -2.935404777526855469e+00
7.720000000000000000e+03 3.103394746780395508e+00
7.722000000000000000e+03 3.034000158309936523e+00
7.724000000000000000e+03 2.849933385848999023e+00
7.726000000000000000e+03 2.401569843292236328e+00
7.728000000000000000e+03 2.613609790802001953e+00
7.730000000000000000e+03 -3.042164802551269531e+00
7.732000000000000000e+03 -3.096889257431030273e+00
7.734000000000000000e+03 -2.776643276214599609e+00
7.736000000000000000e+03 2.949645757675170898e+00
7.738000000000000000e+03 3.017834186553955078e+00
7.740000000000000000e+03 -3.077052354812622070e+00
7.742000000000000000e+03 -2.853940248489379883e+00
7.744000000000000000e+03 -2.339282751083374023e+00
7.746000000000000000e+03 -2.314090967178344727e+00
7.748000000000000000e+03 -2.050108671188354492e+00
7.750000000000000000e+03 -1.519118309020996094e+00
7.752000000000000000e+03 -1.374271035194396973e+00
7.754000000000000000e+03 -1.268865823745727539e+00
7.756000000000000000e+03 -1.400960683822631836e+00
7.758000000000000000e+03 -1.108529090881347656e+00
7.760000000000000000e+03 -1.089646697044372559e+00
7.762000000000000000e+03 -1.317669630050659180e+00
7.764000000000000000e+03 -1.249045848846435547e+00
7.766000000000000000e+03 -1.809040904045104980e+00
7.768000000000000000e+03 -2.080950498580932617e+00
7.770000000000000000e+03 -2.318577766418457031e+00
7.772000000000000000e+03 -2.080955028533935547e+00
7.774000000000000000e+03 -1.980265259742736816e+00
7.776000000000000000e+03 -1.809041023254394531e+00
7.778000000000000000e+03 -1.252478241920471191e+00
7.780000000000000000e+03 -1.517696976661682129e+00
7.782000000000000000e+03 -1.233796358108520508e+00
7.784000000000000000e+03 -1.173543810844421387e+00
7.786000000000000000e+03 -1.256597876548767090e+00
7.788000000000000000e+03 -1.454253792762756348e+00
7.790000000000000000e+03 -1.951064229011535645e+00
7.792000000000000000e+03 -1.900560855865478516e+00
7.794000000000000000e+03 -1.357578635215759277e+00
7.796000000000000000e+03 -9.362593889236450195e-01
7.798000000000000000e+03 -1.354655861854553223e+00
7.800000000000000000e+03 -1.890154480934143066e+00
7.802000000000000000e+03 -1.559381008148193359e+00
7.804000000000000000e+03 -2.356194496154785156e+00
7.806000000000000000e+03 -2.446374654769897461e+00
7.808000000000000000e+03 -2.133255243301391602e+00
7.810000000000000000e+03 -1.267124772071838379e+00
7.812000000000000000e+03 -1.388200879096984863e+00
7.814000000000000000e+03 -1.780811190605163574e+00
7.816000000000000000e+03 -9.255262613296508789e-01
7.818000000000000000e+03 -1.226707577705383301e+00
7.820000000000000000e+03 -1.296565175056457520e+00
7.822000000000000000e+03 -1.251664161682128906e+00
7.824000000000000000e+03 -1.216165065765380859e+00
7.826000000000000000e+03 -1.122737765312194824e+00
7.828000000000000000e+03 -8.358603119850158691e-01
7.830000000000000000e+03 -7.925922870635986328e-01
7.832000000000000000e+03 -6.955873966217041016e-01
7.834000000000000000e+03 -3.992088139057159424e-01
7.836000000000000000e+03 -3.227290213108062744e-01
7.838000000000000000e+03 -4.968385100364685059e-01
7.840000000000000000e+03 -3.438002467155456543e-01
7.842000000000000000e+03 -5.483349561691284180e-01
7.844000000000000000e+03 -6.525815129280090332e-01
7.846000000000000000e+03 -6.847925782203674316e-01
7.848000000000000000e+03 -1.045605301856994629e+00
7.850000000000000000e+03 -8.260118365287780762e-01
7.852000000000000000e+03 -7.671735286712646484e-01
7.854000000000000000e+03 -2.452750205993652344e+00
7.856000000000000000e+03 -2.357618331909179688e+00
7.858000000000000000e+03 -2.387491941452026367e+00
7.860000000000000000e+03 -6.703394651412963867e-01
7.862000000000000000e+03 -6.438760161399841309e-01
7.864000000000000000e+03 -5.413442850112915039e-01
7.866000000000000000e+03 -2.140282094478607178e-01
7.868000000000000000e+03 -1.906817704439163208e-01
7.870000000000000000e+03 -1.649846434593200684e-01
7.872000000000000000e+03 -1.448815912008285522e-01
7.874000000000000000e+03 -1.103147044777870178e-01
7.876000000000000000e+03 -1.115771457552909851e-01
7.878000000000000000e+03 -2.498139441013336182e-01
7.880000000000000000e+03 1.589656062424182892e-02
7.882000000000000000e+03 -3.115957260131835938e+00
7.884000000000000000e+03 -2.981203556060791016e+00
7.886000000000000000e+03 -2.912189960479736328e+00
7.888000000000000000e+03 -2.820441722869873047e+00
7.890000000000000000e+03 3.038094043731689453e+00
7.892000000000000000e+03 -2.860754966735839844e+00
7.894000000000000000e+03 -2.751610279083251953e+00
7.896000000000000000e+03 -2.737764596939086914e+00
7.898000000000000000e+03 -2.864167928695678711e+00
7.900000000000000000e+03 -3.083480358123779297e+00
7.902000000000000000e+03 -3.121030092239379883e+00
7.904000000000000000e+03 -3.122650146484375000e+00
7.906000000000000000e+03 2.865681409835815430e+00
7.908000000000000000e+03 2.172081708908081055e+00
7.910000000000000000e+03 2.510997056961059570e+00
7.912000000000000000e+03 3.066465616226196289e+00
7.914000000000000000e+03 2.302910804748535156e+00
7.916000000000000000e+03 2.531401634216308594e+00
7.918000000000000000e+03 1.988007307052612305e+00
7.920000000000000000e+03 2.543771982192993164e+00
7.922000000000000000e+03 2.679269075393676758e+00
7.924000000000000000e+03 2.739121198654174805e+00
7.926000000000000000e+03 2.085501909255981445e+00
7.928000000000000000e+03 2.429941892623901367e+00
7.930000000000000000e+03 2.687870264053344727e+00
7.932000000000000000e+03 2.666479110717773438e+00
7.934000000000000000e+03 2.664213895797729492e+00
7.936000000000000000e+03 2.517171144485473633e+00
7.938000000000000000e+03 2.775171995162963867e+00
7.940000000000000000e+03 2.899444580078125000e+00
7.942000000000000000e+03 2.777730941772460938e+00
7.944000000000000000e+03 2.676878929138183594e+00
7.946000000000000000e+03 2.820812463760375977e+00
7.948000000000000000e+03 2.554624557495117188e+00
7.950000000000000000e+03 2.480188369750976562e+00
7.952000000000000000e+03 2.463931798934936523e+00
7.954000000000000000e+03 2.893869161605834961e+00
7.956000000000000000e+03 2.861623287200927734e+00
7.958000000000000000e+03 -3.020578861236572266e+00
7.960000000000000000e+03 -2.456158161163330078e+00
7.962000000000000000e+03 -2.363306760787963867e+00
7.964000000000000000e+03 -2.185061693191528320e+00
7.966000000000000000e+03 -2.134602546691894531e+00
7.968000000000000000e+03 -1.966693043708801270e+00
7.970000000000000000e+03 1.736866235733032227e+00
7.972000000000000000e+03 1.681685566902160645e+00
7.974000000000000000e+03 1.893228530883789062e+00
7.976000000000000000e+03 2.087578296661376953e+00
7.978000000000000000e+03 2.142702341079711914e+00
7.980000000000000000e+03 2.180428743362426758e+00
7.982000000000000000e+03 2.219030380249023438e+00
7.984000000000000000e+03 2.238108873367309570e+00
7.986000000000000000e+03 -2.182669401168823242e+00
7.988000000000000000e+03 -2.045584678649902344e+00
7.990000000000000000e+03 -2.178934335708618164e+00
7.992000000000000000e+03 -2.262324333190917969e+00
7.994000000000000000e+03 -2.310488224029541016e+00
7.996000000000000000e+03 -2.290692567825317383e+00
7.998000000000000000e+03 -2.333129167556762695e+00
8.000000000000000000e+03 -2.355005979537963867e+00
8.002000000000000000e+03 -7.140108346939086914e-01
8.004000000000000000e+03 -2.444089889526367188e+00
8.006000000000000000e+03 -2.425574779510498047e+00
8.008000000000000000e+03 2.195048332214355469e+00
8.010000000000000000e+03 2.304248571395874023e+00
8.012000000000000000e+03 2.433706998825073242e+00
8.014000000000000000e+03 2.388197660446166992e+00
8.016000000000000000e+03 7.016134262084960938e-01
8.018000000000000000e+03 8.114007115364074707e-01
8.020000000000000000e+03 6.846700906753540039e-01
8.022000000000000000e+03 -7.680053114891052246e-01
8.024000000000000000e+03 2.432459592819213867e+00
8.026000000000000000e+03 -2.255072116851806641e+00
8.028000000000000000e+03 -2.376337528228759766e+00
8.030000000000000000e+03 -2.346695661544799805e+00
8.032000000000000000e+03 -2.067922830581665039e+00
8.034000000000000000e+03 -2.163270950317382812e+00
8.036000000000000000e+03 -1.953007936477661133e+00
8.038000000000000000e+03 -1.884711146354675293e+00
8.040000000000000000e+03 -1.957081317901611328e+00
8.042000000000000000e+03 -1.900982141494750977e+00
8.044000000000000000e+03 -2.240934371948242188e+00
8.046000000000000000e+03 -2.411162614822387695e+00
8.048000000000000000e+03 -2.275230407714843750e+00
8.050000000000000000e+03 -2.554358959197998047e+00
8.052000000000000000e+03 -6.559250354766845703e-01
8.054000000000000000e+03 -2.387466669082641602e+00
8.056000000000000000e+03 -7.467260360717773438e-01
8.058000000000000000e+03 -2.527091979980468750e+00
8.060000000000000000e+03 -2.535074234008789062e+00
8.062000000000000000e+03 -2.620228528976440430e+00
8.064000000000000000e+03 -2.515134334564208984e+00
8.066000000000000000e+03 -2.410754919052124023e+00
8.068000000000000000e+03 -2.503723382949829102e+00
8.070000000000000000e+03 -2.458693027496337891e+00
8.072000000000000000e+03 -2.491309165954589844e+00
8.074000000000000000e+03 -2.313228845596313477e+00
8.076000000000000000e+03 -2.196865081787109375e+00
8.078000000000000000e+03 -2.187516689300537109e+00
8.080000000000000000e+03 -2.320757150650024414e+00
8.082000000000000000e+03 -2.488266944885253906e+00
8.084000000000000000e+03 -2.597299575805664062e+00
8.086000000000000000e+03 -2.435062408447265625e+00
8.088000000000000000e+03 -2.601000070571899414e+00
8.090000000000000000e+03 -2.639531850814819336e+00
8.092000000000000000e+03 -2.497834920883178711e+00
8.094000000000000000e+03 -2.561918497085571289e+00
8.096000000000000000e+03 -2.646029233932495117e+00
8.098000000000000000e+03 -2.957535505294799805e+00
8.100000000000000000e+03 -3.061629533767700195e+00
8.102000000000000000e+03 3.055600881576538086e+00
8.104000000000000000e+03 2.879732847213745117e+00
8.106000000000000000e+03 2.607373714447021484e+00
8.108000000000000000e+03 5.036498308181762695e-01
8.110000000000000000e+03 2.679534196853637695e+00
8.112000000000000000e+03 5.232543945312500000e-01
8.114000000000000000e+03 2.641370773315429688e+00
8.116000000000000000e+03 2.748119115829467773e+00
8.118000000000000000e+03 3.700254857540130615e-01
8.120000000000000000e+03 2.873435497283935547e+00
8.122000000000000000e+03 3.118134021759033203e+00
8.124000000000000000e+03 3.121506214141845703e+00
8.126000000000000000e+03 3.140656471252441406e+00
8.128000000000000000e+03 3.129624128341674805e+00
8.130000000000000000e+03 3.040208816528320312e+00
8.132000000000000000e+03 2.941591501235961914e+00
8.134000000000000000e+03 3.037650346755981445e+00
8.136000000000000000e+03 -2.798872709274291992e+00
8.138000000000000000e+03 2.987773180007934570e+00
8.140000000000000000e+03 2.816668033599853516e+00
8.142000000000000000e+03 1.887985944747924805e+00
8.144000000000000000e+03 2.281114816665649414e+00
8.146000000000000000e+03 -2.995728731155395508e+00
8.148000000000000000e+03 -2.652607440948486328e+00
8.150000000000000000e+03 -2.127759456634521484e+00
8.152000000000000000e+03 -1.721811532974243164e+00
8.154000000000000000e+03 -1.723845362663269043e+00
8.156000000000000000e+03 1.099018812179565430e+00
8.158000000000000000e+03 -5.298079922795295715e-02
8.160000000000000000e+03 1.994048804044723511e-01
8.162000000000000000e+03 -1.356017589569091797e-01
8.164000000000000000e+03 -6.456168889999389648e-01
8.166000000000000000e+03 5.021769925951957703e-02
8.168000000000000000e+03 -2.708077430725097656e-01
8.170000000000000000e+03 1.480880845338106155e-02
8.172000000000000000e+03 -2.640661597251892090e-01
8.174000000000000000e+03 -6.205656528472900391e-01
8.176000000000000000e+03 -1.420365869998931885e-01
8.178000000000000000e+03 -4.229233860969543457e-01
8.180000000000000000e+03 -7.692369818687438965e-01
8.182000000000000000e+03 -2.753171324729919434e-01
8.184000000000000000e+03 -2.421456873416900635e-01
8.186000000000000000e+03 -7.719340175390243530e-02
8.188000000000000000e+03 1.222654581069946289e-01
8.190000000000000000e+03 -2.799689769744873047e-01
8.192000000000000000e+03 -2.353982925415039062e-01
8.194000000000000000e+03 -4.901850819587707520e-01
8.196000000000000000e+03 -5.685192346572875977e-01
8.198000000000000000e+03 -4.565983712673187256e-01
8.200000000000000000e+03 -2.025398164987564087e-01
8.202000000000000000e+03 -3.286208212375640869e-01
8.204000000000000000e+03 -2.511177062988281250e+00
8.206000000000000000e+03 -2.667878389358520508e+00
8.208000000000000000e+03 -4.261445403099060059e-01
8.210000000000000000e+03 -3.081600666046142578e-01
8.212000000000000000e+03 -3.381931781768798828e-01
8.214000000000000000e+03 -2.743639945983886719e+00
8.216000000000000000e+03 -2.591480493545532227e+00
8.218000000000000000e+03 -2.613168478012084961e+00
8.220000000000000000e+03 -2.474334001541137695e+00
8.222000000000000000e+03 -2.864737033843994141e+00
8.224000000000000000e+03 -2.928826808929443359e+00
8.226000000000000000e+03 -2.896322488784790039e+00
8.228000000000000000e+03 -2.913063287734985352e+00
8.230000000000000000e+03 2.715995073318481445e+00
8.232000000000000000e+03 2.663057804107666016e+00
8.234000000000000000e+03 2.840161561965942383e+00
8.236000000000000000e+03 2.247193813323974609e+00
8.238000000000000000e+03 2.095592260360717773e+00
8.240000000000000000e+03 2.313058078289031982e-01
8.242000000000000000e+03 5.314893722534179688e-01
8.244000000000000000e+03 5.080354213714599609e-01
8.246000000000000000e+03 -1.732480078935623169e-01
8.248000000000000000e+03 -1.308578848838806152e-01
8.250000000000000000e+03 2.435518205165863037e-01
8.252000000000000000e+03 2.807487845420837402e-01
8.254000000000000000e+03 1.785883456468582153e-01
8.256000000000000000e+03 1.759458780288696289e-01
8.258000000000000000e+03 5.264574885368347168e-01
8.260000000000000000e+03 4.786359965801239014e-01
8.262000000000000000e+03 3.623962700366973877e-01
8.264000000000000000e+03 6.040576100349426270e-01
8.266000000000000000e+03 8.433411121368408203e-01
8.268000000000000000e+03 9.699209332466125488e-01
8.270000000000000000e+03 9.946156740188598633e-01
8.272000000000000000e+03 8.699795603752136230e-01
8.274000000000000000e+03 8.749700784683227539e-01
8.276000000000000000e+03 8.740426301956176758e-01
8.278000000000000000e+03 1.401956915855407715e+00
8.280000000000000000e+03 1.823524475097656250e+00
8.282000000000000000e+03 1.503782868385314941e+00
8.284000000000000000e+03 1.269699573516845703e+00
8.286000000000000000e+03 1.150132894515991211e+00
8.288000000000000000e+03 1.538938999176025391e+00
8.290000000000000000e+03 1.520897269248962402e+00
8.292000000000000000e+03 1.486881852149963379e+00
8.294000000000000000e+03 1.730524063110351562e+00
8.296000000000000000e+03 1.493686795234680176e+00
8.298000000000000000e+03 -2.960124254226684570e+00
8.300000000000000000e+03 2.381505250930786133e+00
8.302000000000000000e+03 1.735945105552673340e+00
8.304000000000000000e+03 2.668637990951538086e+00
8.306000000000000000e+03 2.393410921096801758e+00
8.308000000000000000e+03 2.571321964263916016e+00
8.310000000000000000e+03 2.960811138153076172e+00
8.312000000000000000e+03 2.294938087463378906e+00
8.314000000000000000e+03 2.494589805603027344e+00
8.316000000000000000e+03 2.857155084609985352e+00
8.318000000000000000e+03 2.449464321136474609e+00
8.320000000000000000e+03 2.545293092727661133e+00
8.322000000000000000e+03 2.516418457031250000e+00
8.324000000000000000e+03 2.887842178344726562e+00
8.326000000000000000e+03 2.830010175704956055e+00
8.328000000000000000e+03 2.848214387893676758e+00
8.330000000000000000e+03 3.132481098175048828e+00
8.332000000000000000e+03 2.845258474349975586e+00
8.334000000000000000e+03 2.643148422241210938e+00
8.336000000000000000e+03 2.958618164062500000e+00
8.338000000000000000e+03 -3.139972209930419922e+00
8.340000000000000000e+03 3.004025220870971680e+00
8.342000000000000000e+03 2.776129484176635742e+00
8.344000000000000000e+03 2.285853862762451172e+00
8.346000000000000000e+03 1.617570638656616211e+00
8.348000000000000000e+03 1.451161265373229980e+00
8.350000000000000000e+03 1.459138631820678711e+00
8.352000000000000000e+03 1.338047981262207031e+00
8.354000000000000000e+03 1.796672821044921875e+00
8.356000000000000000e+03 1.561800956726074219e+00
8.358000000000000000e+03 1.553004622459411621e+00
8.360000000000000000e+03 2.174070119857788086e+00
8.362000000000000000e+03 1.652595400810241699e+00
8.364000000000000000e+03 1.722921967506408691e+00
8.366000000000000000e+03 1.746173858642578125e+00
8.368000000000000000e+03 1.757645845413208008e+00
8.370000000000000000e+03 1.574784278869628906e+00
8.372000000000000000e+03 1.462846755981445312e+00
8.374000000000000000e+03 1.432815790176391602e+00
8.376000000000000000e+03 1.506298184394836426e+00
8.378000000000000000e+03 2.110398769378662109e+00
8.380000000000000000e+03 2.349649190902709961e+00
8.382000000000000000e+03 1.991092681884765625e+00
8.384000000000000000e+03 1.923282384872436523e+00
8.386000000000000000e+03 1.971952319145202637e+00
8.388000000000000000e+03 1.999572277069091797e+00
8.390000000000000000e+03 2.120497703552246094e+00
8.392000000000000000e+03 1.985417723655700684e+00
8.394000000000000000e+03 1.957536578178405762e+00
8.396000000000000000e+03 2.073230266571044922e+00
8.398000000000000000e+03 1.809946656227111816e+00
8.400000000000000000e+03 1.446441292762756348e+00
8.402000000000000000e+03 1.355250239372253418e+00
8.404000000000000000e+03 9.804674983024597168e-01
8.406000000000000000e+03 8.716040253639221191e-01
8.408000000000000000e+03 8.551526665687561035e-01
8.410000000000000000e+03 8.108776211738586426e-01
8.412000000000000000e+03 9.439417123794555664e-01
8.414000000000000000e+03 1.058408379554748535e+00
8.416000000000000000e+03 -9.923374652862548828e-01
8.418000000000000000e+03 -1.037904739379882812e+00
8.420000000000000000e+03 -1.273563981056213379e+00
8.422000000000000000e+03 -1.078163981437683105e+00
8.424000000000000000e+03 -1.008738398551940918e+00
8.426000000000000000e+03 -5.469580888748168945e-01
8.428000000000000000e+03 -4.177734851837158203e-01
8.430000000000000000e+03 -5.992237925529479980e-01
8.432000000000000000e+03 -4.780318737030029297e-01
8.434000000000000000e+03 -2.669757843017578125e+00
8.436000000000000000e+03 -3.136939704418182373e-01
8.438000000000000000e+03 -4.849833250045776367e-01
8.440000000000000000e+03 -9.766535162925720215e-01
8.442000000000000000e+03 -1.009895563125610352e+00
8.444000000000000000e+03 -6.662344932556152344e-01
8.446000000000000000e+03 -9.744789004325866699e-01
8.448000000000000000e+03 -8.823901414871215820e-01
8.450000000000000000e+03 -1.130800247192382812e+00
8.452000000000000000e+03 -1.361410975456237793e+00
8.454000000000000000e+03 -1.387116193771362305e+00
8.456000000000000000e+03 -1.381816506385803223e+00
8.458000000000000000e+03 -1.478905677795410156e+00
8.460000000000000000e+03 -1.468406081199645996e+00
8.462000000000000000e+03 1.442171216011047363e+00
8.464000000000000000e+03 1.486395001411437988e+00
8.466000000000000000e+03 1.583860993385314941e+00
8.468000000000000000e+03 1.590790033340454102e+00
8.470000000000000000e+03 1.417243123054504395e+00
8.472000000000000000e+03 1.456797599792480469e+00
8.474000000000000000e+03 1.132352471351623535e+00
8.476000000000000000e+03 1.253607034683227539e+00
8.478000000000000000e+03 1.200703978538513184e+00
8.480000000000000000e+03 1.243634343147277832e+00
8.482000000000000000e+03 1.278273701667785645e+00
8.484000000000000000e+03 1.298646092414855957e+00
8.486000000000000000e+03 1.370173335075378418e+00
8.488000000000000000e+03 1.443589806556701660e+00
8.490000000000000000e+03 1.548957467079162598e+00
8.492000000000000000e+03 1.439691781997680664e+00
8.494000000000000000e+03 1.909861087799072266e+00
8.496000000000000000e+03 1.738228082656860352e+00
8.498000000000000000e+03 1.561622381210327148e+00
8.500000000000000000e+03 1.517139315605163574e+00
8.502000000000000000e+03 1.513252973556518555e+00
8.504000000000000000e+03 1.436376094818115234e+00
8.506000000000000000e+03 1.728787183761596680e+00
8.508000000000000000e+03 1.707175970077514648e+00
8.510000000000000000e+03 1.892546772956848145e+00
8.512000000000000000e+03 1.854762315750122070e+00
8.514000000000000000e+03 1.705079793930053711e+00
8.516000000000000000e+03 1.988316893577575684e+00
8.518000000000000000e+03 1.829515337944030762e+00
8.520000000000000000e+03 1.489314198493957520e+00
8.522000000000000000e+03 1.438075661659240723e+00
8.524000000000000000e+03 1.009632706642150879e+00
8.526000000000000000e+03 1.826947927474975586e+00
8.528000000000000000e+03 2.460707664489746094e+00
8.530000000000000000e+03 2.229738473892211914e+00
8.532000000000000000e+03 2.135534524917602539e+00
8.534000000000000000e+03 2.238198280334472656e+00
8.536000000000000000e+03 2.385807991027832031e+00
8.538000000000000000e+03 2.089455842971801758e+00
8.540000000000000000e+03 2.249417066574096680e+00
8.542000000000000000e+03 2.301063060760498047e+00
8.544000000000000000e+03 2.370206117630004883e+00
8.546000000000000000e+03 2.890974760055541992e+00
8.548000000000000000e+03 2.729182004928588867e+00
8.550000000000000000e+03 -3.021798610687255859e+00
8.552000000000000000e+03 -2.688603878021240234e+00
8.554000000000000000e+03 -2.922923564910888672e+00
8.556000000000000000e+03 -3.136128425598144531e+00
8.558000000000000000e+03 -2.985652446746826172e+00
8.560000000000000000e+03 3.059924125671386719e+00
8.562000000000000000e+03 -2.970626115798950195e+00
8.564000000000000000e+03 -3.026583909988403320e+00
8.566000000000000000e+03 -2.335717082023620605e-01
8.568000000000000000e+03 -3.063515424728393555e+00
8.570000000000000000e+03 -3.084692001342773438e+00
8.572000000000000000e+03 -8.200322091579437256e-02
8.574000000000000000e+03 1.340819988399744034e-02
8.576000000000000000e+03 -2.708350419998168945e-01
8.578000000000000000e+03 -3.980109393596649170e-01
8.580000000000000000e+03 -3.369562327861785889e-01
8.582000000000000000e+03 -5.311390757560729980e-01
8.584000000000000000e+03 -6.895099282264709473e-01
8.586000000000000000e+03 -7.180516719818115234e-01
8.588000000000000000e+03 -6.079279184341430664e-01
8.590000000000000000e+03 -5.083734393119812012e-01
8.592000000000000000e+03 -6.703020930290222168e-01
8.594000000000000000e+03 -6.150895357131958008e-01
8.596000000000000000e+03 -7.579250335693359375e-01
8.598000000000000000e+03 -4.418471753597259521e-01
8.600000000000000000e+03 -6.531227231025695801e-01
8.602000000000000000e+03 -8.377313613891601562e-01
8.604000000000000000e+03 -9.626518487930297852e-01
8.606000000000000000e+03 -1.119461774826049805e+00
8.608000000000000000e+03 -9.849548339843750000e-01
8.610000000000000000e+03 -7.215616703033447266e-01
8.612000000000000000e+03 -8.293328881263732910e-01
8.614000000000000000e+03 -5.268456935882568359e-01
8.616000000000000000e+03 -5.861089825630187988e-01
8.618000000000000000e+03 -5.652793645858764648e-01
8.620000000000000000e+03 -2.442362606525421143e-01
8.622000000000000000e+03 -4.358618333935737610e-02
8.624000000000000000e+03 -7.307580858469009399e-02
8.626000000000000000e+03 -2.917120158672332764e-01
8.628000000000000000e+03 -1.924881190061569214e-01
8.630000000000000000e+03 -2.069921344518661499e-01
8.632000000000000000e+03 -1.966042071580886841e-01
8.634000000000000000e+03 -2.748028993606567383e+00
8.636000000000000000e+03 -2.507509708404541016e+00
8.638000000000000000e+03 -2.450985908508300781e+00
8.640000000000000000e+03 -2.301307201385498047e+00
8.642000000000000000e+03 -2.555828571319580078e+00
8.644000000000000000e+03 -2.693348169326782227e+00
8.646000000000000000e+03 -2.312743663787841797e+00
8.648000000000000000e+03 -2.186007261276245117e+00
8.650000000000000000e+03 -2.388116598129272461e+00
8.652000000000000000e+03 -2.634335041046142578e+00
8.654000000000000000e+03 -2.670485496520996094e+00
8.656000000000000000e+03 -2.794938087463378906e+00
8.658000000000000000e+03 -2.737131595611572266e+00
8.660000000000000000e+03 -2.631924867630004883e+00
8.662000000000000000e+03 -2.219162702560424805e+00
8.664000000000000000e+03 -2.393390417098999023e+00
8.666000000000000000e+03 -2.482786655426025391e+00
8.668000000000000000e+03 -1.306559920310974121e+00
8.670000000000000000e+03 -1.491354703903198242e+00
8.672000000000000000e+03 -1.755181074142456055e+00
8.674000000000000000e+03 -1.585275769233703613e+00
8.676000000000000000e+03 -1.612866997718811035e+00
8.678000000000000000e+03 -1.735653162002563477e+00
8.680000000000000000e+03 -1.683355927467346191e+00
8.682000000000000000e+03 1.737805366516113281e+00
8.684000000000000000e+03 1.982292771339416504e+00
8.686000000000000000e+03 1.999045014381408691e+00
8.688000000000000000e+03 1.882250070571899414e+00
8.690000000000000000e+03 1.848676323890686035e+00
8.692000000000000000e+03 1.691293239593505859e+00
8.694000000000000000e+03 -1.563022494316101074e+00
8.696000000000000000e+03 -1.198979854583740234e+00
8.698000000000000000e+03 -9.043178558349609375e-01
8.700000000000000000e+03 9.022173881530761719e-01
8.702000000000000000e+03 6.567710041999816895e-01
8.704000000000000000e+03 8.008200526237487793e-01
8.706000000000000000e+03 8.151009082794189453e-01
8.708000000000000000e+03 7.868832349777221680e-01
8.710000000000000000e+03 7.468889355659484863e-01
8.712000000000000000e+03 9.419102668762207031e-01
8.714000000000000000e+03 9.639917612075805664e-01
8.716000000000000000e+03 7.417687773704528809e-01
8.718000000000000000e+03 9.559492468833923340e-01
8.720000000000000000e+03 9.669084548950195312e-01
8.722000000000000000e+03 1.009182810783386230e+00
8.724000000000000000e+03 -1.000608444213867188e+00
8.726000000000000000e+03 1.079133510589599609e+00
8.728000000000000000e+03 7.955506443977355957e-01
8.730000000000000000e+03 6.595224142074584961e-01
8.732000000000000000e+03 6.360643506050109863e-01
8.734000000000000000e+03 6.689308285713195801e-01
8.736000000000000000e+03 7.329499125480651855e-01
8.738000000000000000e+03 7.955676317214965820e-01
8.740000000000000000e+03 5.505850315093994141e-01
8.742000000000000000e+03 4.094039797782897949e-01
8.744000000000000000e+03 2.855001091957092285e-01
8.746000000000000000e+03 3.737969994544982910e-01
8.748000000000000000e+03 2.547873854637145996e-01
8.750000000000000000e+03 3.037785768508911133e+00
8.752000000000000000e+03 3.039060115814208984e+00
8.754000000000000000e+03 1.063586920499801636e-01
8.756000000000000000e+03 5.391612276434898376e-02
8.758000000000000000e+03 2.787171304225921631e-01
8.760000000000000000e+03 2.494131773710250854e-01
8.762000000000000000e+03 3.731221854686737061e-01
8.764000000000000000e+03 4.564203619956970215e-01
8.766000000000000000e+03 2.646559774875640869e-01
8.768000000000000000e+03 8.156920224428176880e-02
8.770000000000000000e+03 -2.721009403467178345e-02
8.772000000000000000e+03 2.114133834838867188e-01
8.774000000000000000e+03 2.292592823505401611e-01
8.776000000000000000e+03 1.521603912115097046e-01
8.778000000000000000e+03 2.022499293088912964e-01
8.780000000000000000e+03 3.638868778944015503e-02
8.782000000000000000e+03 7.284363508224487305e-01
8.784000000000000000e+03 5.356877446174621582e-01
8.786000000000000000e+03 2.848491907119750977e+00
8.788000000000000000e+03 2.683983802795410156e+00
8.790000000000000000e+03 2.767945766448974609e+00
8.792000000000000000e+03 2.517636299133300781e+00
8.794000000000000000e+03 2.352056741714477539e+00
8.796000000000000000e+03 2.284457683563232422e+00
8.798000000000000000e+03 2.212039947509765625e+00
8.800000000000000000e+03 2.440087318420410156e+00
8.802000000000000000e+03 7.979555130004882812e-01
8.804000000000000000e+03 5.628443360328674316e-01
8.806000000000000000e+03 2.670427560806274414e+00
8.808000000000000000e+03 4.892789423465728760e-01
8.810000000000000000e+03 5.331205129623413086e-01
8.812000000000000000e+03 2.656396389007568359e+00
8.814000000000000000e+03 6.616854667663574219e-01
8.816000000000000000e+03 6.432483792304992676e-01
8.818000000000000000e+03 2.475424766540527344e+00
8.820000000000000000e+03 5.062532424926757812e-01
8.822000000000000000e+03 3.196471631526947021e-01
8.824000000000000000e+03 4.491158425807952881e-01
8.826000000000000000e+03 2.330466657876968384e-01
8.828000000000000000e+03 2.825398921966552734e+00
8.830000000000000000e+03 2.668535470962524414e+00
8.832000000000000000e+03 2.649226188659667969e+00
8.834000000000000000e+03 2.154931545257568359e+00
8.836000000000000000e+03 2.257569551467895508e+00
8.838000000000000000e+03 2.346214056015014648e+00
8.840000000000000000e+03 2.785601854324340820e+00
8.842000000000000000e+03 2.676093339920043945e+00
8.844000000000000000e+03 2.512185573577880859e+00
8.846000000000000000e+03 2.732809066772460938e+00
8.848000000000000000e+03 2.265048742294311523e+00
8.850000000000000000e+03 1.966075420379638672e+00
8.852000000000000000e+03 1.613674640655517578e+00
8.854000000000000000e+03 1.277282953262329102e+00
8.856000000000000000e+03 1.362867712974548340e+00
8.858000000000000000e+03 2.079118251800537109e+00
8.860000000000000000e+03 2.186575412750244141e+00
8.862000000000000000e+03 2.141780376434326172e+00
8.864000000000000000e+03 2.000973701477050781e+00
8.866000000000000000e+03 1.951614856719970703e+00
8.868000000000000000e+03 1.803173065185546875e+00
8.870000000000000000e+03 1.966912388801574707e+00
8.872000000000000000e+03 1.672554016113281250e+00
8.874000000000000000e+03 1.359759211540222168e+00
8.876000000000000000e+03 1.536628961563110352e+00
8.878000000000000000e+03 1.699208021163940430e+00
8.880000000000000000e+03 1.528941631317138672e+00
8.882000000000000000e+03 1.645414233207702637e+00
8.884000000000000000e+03 1.795351147651672363e+00
8.886000000000000000e+03 1.320084214210510254e+00
8.888000000000000000e+03 1.380097270011901855e+00
8.890000000000000000e+03 1.543364286422729492e+00
8.892000000000000000e+03 1.512598156929016113e+00
8.894000000000000000e+03 1.497709035873413086e+00
8.896000000000000000e+03 1.643465042114257812e+00
8.898000000000000000e+03 8.551413416862487793e-01
8.900000000000000000e+03 6.716064214706420898e-01
8.902000000000000000e+03 8.746835589408874512e-01
8.904000000000000000e+03 1.259541630744934082e+00
8.906000000000000000e+03 9.785384535789489746e-01
8.908000000000000000e+03 1.353641986846923828e+00
8.910000000000000000e+03 1.187018156051635742e+00
8.912000000000000000e+03 1.319938898086547852e+00
8.914000000000000000e+03 1.231806159019470215e+00
8.916000000000000000e+03 -1.132643461227416992e+00
8.918000000000000000e+03 -1.208715915679931641e+00
8.920000000000000000e+03 -1.037424564361572266e+00
8.922000000000000000e+03 -1.196516752243041992e+00
8.924000000000000000e+03 -1.082474708557128906e+00
8.926000000000000000e+03 -1.046758532524108887e+00
8.928000000000000000e+03 1.068069100379943848e+00
8.930000000000000000e+03 1.159617304801940918e+00
8.932000000000000000e+03 9.982990026473999023e-01
8.934000000000000000e+03 1.524134159088134766e+00
8.936000000000000000e+03 1.090420842170715332e+00
8.938000000000000000e+03 1.187995076179504395e+00
8.940000000000000000e+03 1.092637062072753906e+00
8.942000000000000000e+03 1.109072804450988770e+00
8.944000000000000000e+03 1.254307985305786133e+00
8.946000000000000000e+03 1.338578581809997559e+00
8.948000000000000000e+03 1.448388576507568359e+00
8.950000000000000000e+03 1.458190560340881348e+00
8.952000000000000000e+03 1.340593576431274414e+00
8.954000000000000000e+03 7.453674077987670898e-01
8.956000000000000000e+03 1.114960074424743652e+00
8.958000000000000000e+03 1.145971775054931641e+00
8.960000000000000000e+03 1.090995430946350098e+00
8.962000000000000000e+03 1.118501901626586914e+00
8.964000000000000000e+03 1.029293417930603027e+00
8.966000000000000000e+03 9.712008833885192871e-01
8.968000000000000000e+03 1.095862627029418945e+00
8.970000000000000000e+03 1.488696694374084473e+00
8.972000000000000000e+03 1.556587696075439453e+00
8.974000000000000000e+03 1.880564093589782715e+00
8.976000000000000000e+03 1.842659950256347656e+00
8.978000000000000000e+03 1.430574774742126465e+00
8.980000000000000000e+03 9.837536215782165527e-01
8.982000000000000000e+03 7.948120832443237305e-01
8.984000000000000000e+03 5.837698578834533691e-01
8.986000000000000000e+03 3.454678356647491455e-01
8.988000000000000000e+03 3.512715399265289307e-01
8.990000000000000000e+03 -3.206071630120277405e-02
8.992000000000000000e+03 -3.777697980403900146e-01
8.994000000000000000e+03 -4.503816068172454834e-01
8.996000000000000000e+03 -5.537835359573364258e-01
8.998000000000000000e+03 -4.627326726913452148e-01
9.000000000000000000e+03 -2.503346800804138184e-01
9.002000000000000000e+03 -2.822904825210571289e+00
9.004000000000000000e+03 -2.062415629625320435e-01
9.006000000000000000e+03 -2.302318215370178223e-01
9.008000000000000000e+03 -2.732584238052368164e+00
9.010000000000000000e+03 -2.891768455505371094e+00
9.012000000000000000e+03 -3.676393255591392517e-02
9.014000000000000000e+03 3.068729162216186523e+00
9.016000000000000000e+03 3.121187210083007812e+00
9.018000000000000000e+03 -3.114130973815917969e+00
9.020000000000000000e+03 3.138413190841674805e+00
9.022000000000000000e+03 2.916088819503784180e+00
9.024000000000000000e+03 -9.147253632545471191e-02
9.026000000000000000e+03 -1.949928253889083862e-01
9.028000000000000000e+03 -3.129905939102172852e+00
9.030000000000000000e+03 -3.063800573348999023e+00
9.032000000000000000e+03 1.020979136228561401e-01
9.034000000000000000e+03 3.011981248855590820e+00
9.036000000000000000e+03 2.913005828857421875e+00
9.038000000000000000e+03 2.907436132431030273e+00
9.040000000000000000e+03 2.871702909469604492e+00
9.042000000000000000e+03 2.783296346664428711e+00
9.044000000000000000e+03 2.659884691238403320e+00
9.046000000000000000e+03 2.695512771606445312e+00
9.048000000000000000e+03 5.620375275611877441e-01
9.050000000000000000e+03 5.555289983749389648e-01
9.052000000000000000e+03 2.438477277755737305e+00
9.054000000000000000e+03 2.596075057983398438e+00
9.056000000000000000e+03 2.670454502105712891e+00
9.058000000000000000e+03 2.711349010467529297e+00
9.060000000000000000e+03 2.788024663925170898e+00
9.062000000000000000e+03 1.834864616394042969e-01
9.064000000000000000e+03 2.956344842910766602e+00
9.066000000000000000e+03 1.935489922761917114e-01
9.068000000000000000e+03 4.336805343627929688e-01
9.070000000000000000e+03 4.822311103343963623e-01
9.072000000000000000e+03 2.567490637302398682e-01
9.074000000000000000e+03 2.453539818525314331e-01
9.076000000000000000e+03 3.059034943580627441e-01
9.078000000000000000e+03 2.673264145851135254e-01
9.080000000000000000e+03 2.196623384952545166e-02
9.082000000000000000e+03 -2.902508974075317383e+00
9.084000000000000000e+03 -3.474420011043548584e-01
9.086000000000000000e+03 -1.442610621452331543e-01
9.088000000000000000e+03 3.114557266235351562e+00
9.090000000000000000e+03 2.746301889419555664e-01
9.092000000000000000e+03 2.777798414230346680e+00
9.094000000000000000e+03 2.856942653656005859e+00
9.096000000000000000e+03 2.664991378784179688e+00
9.098000000000000000e+03 2.767003297805786133e+00
9.100000000000000000e+03 2.714284420013427734e+00
9.102000000000000000e+03 2.689924716949462891e+00
9.104000000000000000e+03 2.758607864379882812e+00
9.106000000000000000e+03 5.529749989509582520e-01
9.108000000000000000e+03 8.699884414672851562e-01
9.110000000000000000e+03 1.017041563987731934e+00
9.112000000000000000e+03 8.786309361457824707e-01
9.114000000000000000e+03 8.859463930130004883e-01
9.116000000000000000e+03 1.036517977714538574e+00
9.118000000000000000e+03 7.963174581527709961e-01
9.120000000000000000e+03 6.916293501853942871e-01
9.122000000000000000e+03 2.516922950744628906e+00
9.124000000000000000e+03 2.545376300811767578e+00
9.126000000000000000e+03 6.426371335983276367e-01
9.128000000000000000e+03 5.048031210899353027e-01
9.130000000000000000e+03 5.483003854751586914e-01
9.132000000000000000e+03 2.469249486923217773e+00
9.134000000000000000e+03 2.543548822402954102e+00
9.136000000000000000e+03 2.681933164596557617e+00
9.138000000000000000e+03 2.617049932479858398e+00
9.140000000000000000e+03 2.691031455993652344e+00
9.142000000000000000e+03 2.827893257141113281e+00
9.144000000000000000e+03 3.012823104858398438e+00
9.146000000000000000e+03 6.620206236839294434e-01
9.148000000000000000e+03 4.150971174240112305e-01
9.150000000000000000e+03 4.848355650901794434e-01
9.152000000000000000e+03 2.316045314073562622e-01
9.154000000000000000e+03 1.261769086122512817e-01
9.156000000000000000e+03 1.089683994650840759e-01
9.158000000000000000e+03 2.087701559066772461e-01
9.160000000000000000e+03 4.635808467864990234e-01
9.162000000000000000e+03 1.989521980285644531e-01
9.164000000000000000e+03 3.803484737873077393e-01
9.166000000000000000e+03 2.845619022846221924e-01
9.168000000000000000e+03 1.443739980459213257e-01
9.170000000000000000e+03 2.042009830474853516e-01
9.172000000000000000e+03 4.786809682846069336e-01
9.174000000000000000e+03 4.604230523109436035e-01
9.176000000000000000e+03 9.809498190879821777e-01
9.178000000000000000e+03 8.570982217788696289e-01
9.180000000000000000e+03 8.087856769561767578e-01
9.182000000000000000e+03 1.430474758148193359e+00
9.184000000000000000e+03 1.216907858848571777e+00
9.186000000000000000e+03 1.316171884536743164e+00
9.188000000000000000e+03 9.448916316032409668e-01
9.190000000000000000e+03 7.470081448554992676e-01
9.192000000000000000e+03 7.284941673278808594e-01
9.194000000000000000e+03 6.818438768386840820e-01
9.196000000000000000e+03 5.451353192329406738e-01
9.198000000000000000e+03 5.612341761589050293e-01
9.200000000000000000e+03 3.986187875270843506e-01
9.202000000000000000e+03 2.935736477375030518e-01
9.204000000000000000e+03 3.236641883850097656e-01
9.206000000000000000e+03 1.779004186391830444e-01
9.208000000000000000e+03 3.038475275039672852e+00
9.210000000000000000e+03 2.740987539291381836e+00
9.212000000000000000e+03 2.867791414260864258e+00
9.214000000000000000e+03 2.867402076721191406e+00
9.216000000000000000e+03 3.030272960662841797e+00
9.218000000000000000e+03 2.004092335700988770e-01
9.220000000000000000e+03 3.958020508289337158e-01
9.222000000000000000e+03 6.468834877014160156e-01
9.224000000000000000e+03 4.279145598411560059e-01
9.226000000000000000e+03 9.538040757179260254e-01
9.228000000000000000e+03 1.004384756088256836e+00
9.230000000000000000e+03 8.628252744674682617e-01
9.232000000000000000e+03 6.647610068321228027e-01
9.234000000000000000e+03 6.322971582412719727e-01
9.236000000000000000e+03 6.381787657737731934e-01
9.238000000000000000e+03 2.644271612167358398e+00
9.240000000000000000e+03 2.378121852874755859e+00
9.242000000000000000e+03 4.305917024612426758e-01
9.244000000000000000e+03 2.623314857482910156e+00
9.246000000000000000e+03 2.708888530731201172e+00
9.248000000000000000e+03 2.981303691864013672e+00
9.250000000000000000e+03 2.665572881698608398e+00
9.252000000000000000e+03 2.456658363342285156e+00
9.254000000000000000e+03 2.516929149627685547e+00
9.256000000000000000e+03 2.179079771041870117e+00
9.258000000000000000e+03 2.228437185287475586e+00
9.260000000000000000e+03 2.021083116531372070e+00
9.262000000000000000e+03 2.069615602493286133e+00
9.264000000000000000e+03 -2.156547307968139648e+00
9.266000000000000000e+03 -2.222029447555541992e+00
9.268000000000000000e+03 -2.111271619796752930e+00
9.270000000000000000e+03 -2.039041042327880859e+00
9.272000000000000000e+03 -1.576700448989868164e+00
9.274000000000000000e+03 -1.602450609207153320e+00
9.276000000000000000e+03 1.179019212722778320e+00
9.278000000000000000e+03 1.149749040603637695e+00
9.280000000000000000e+03 -1.224523663520812988e+00
9.282000000000000000e+03 1.159796118736267090e+00
9.284000000000000000e+03 9.982597827911376953e-01
9.286000000000000000e+03 -9.016551971435546875e-01
9.288000000000000000e+03 8.530517220497131348e-01
9.290000000000000000e+03 -7.777925133705139160e-01
9.292000000000000000e+03 2.317850112915039062e+00
9.294000000000000000e+03 2.278208494186401367e+00
9.296000000000000000e+03 -8.018578886985778809e-01
9.298000000000000000e+03 2.326811790466308594e+00
9.300000000000000000e+03 2.277801990509033203e+00
9.302000000000000000e+03 2.421532630920410156e+00
9.304000000000000000e+03 7.934041023254394531e-01
9.306000000000000000e+03 2.366788148880004883e+00
9.308000000000000000e+03 2.441256284713745117e+00
9.310000000000000000e+03 2.266570329666137695e+00
9.312000000000000000e+03 2.183414936065673828e+00
9.314000000000000000e+03 2.285621404647827148e+00
9.316000000000000000e+03 2.054903745651245117e+00
9.318000000000000000e+03 2.517240047454833984e+00
9.320000000000000000e+03 2.653614044189453125e+00
9.322000000000000000e+03 2.462592124938964844e+00
9.324000000000000000e+03 2.423395633697509766e+00
9.326000000000000000e+03 2.465965032577514648e+00
9.328000000000000000e+03 2.314342260360717773e+00
9.330000000000000000e+03 2.289514303207397461e+00
9.332000000000000000e+03 2.516361951828002930e+00
9.334000000000000000e+03 2.330443620681762695e+00
9.336000000000000000e+03 2.525095462799072266e+00
9.338000000000000000e+03 2.494870424270629883e+00
9.340000000000000000e+03 2.499521732330322266e+00
9.342000000000000000e+03 2.420220613479614258e+00
9.344000000000000000e+03 2.470545530319213867e+00
9.346000000000000000e+03 2.587793350219726562e+00
9.348000000000000000e+03 3.055110216140747070e+00
9.350000000000000000e+03 2.975260496139526367e+00
9.352000000000000000e+03 3.044085741043090820e+00
9.354000000000000000e+03 2.949701070785522461e+00
9.356000000000000000e+03 2.742531299591064453e+00
9.358000000000000000e+03 2.788163900375366211e+00
9.360000000000000000e+03 4.142709076404571533e-02
9.362000000000000000e+03 -7.368606328964233398e-02
9.364000000000000000e+03 -5.200584977865219116e-02
9.366000000000000000e+03 2.989214181900024414e+00
9.368000000000000000e+03 2.982807159423828125e+00
9.370000000000000000e+03 1.221472844481468201e-01
9.372000000000000000e+03 -2.931344985961914062e+00
9.374000000000000000e+03 -2.834948778152465820e+00
9.376000000000000000e+03 -2.958622932434082031e+00
9.378000000000000000e+03 3.026005268096923828e+00
9.380000000000000000e+03 -3.140443086624145508e+00
9.382000000000000000e+03 -3.098023414611816406e+00
9.384000000000000000e+03 2.887918710708618164e+00
9.386000000000000000e+03 2.770920753479003906e+00
9.388000000000000000e+03 3.087995767593383789e+00
9.390000000000000000e+03 -3.129222154617309570e+00
9.392000000000000000e+03 3.117597341537475586e+00
9.394000000000000000e+03 -3.138255596160888672e+00
9.396000000000000000e+03 -2.921178579330444336e+00
9.398000000000000000e+03 -2.775679349899291992e+00
9.400000000000000000e+03 -2.855064392089843750e+00
9.402000000000000000e+03 -2.848776102066040039e+00
9.404000000000000000e+03 -2.919953823089599609e+00
9.406000000000000000e+03 -2.866394042968750000e+00
9.408000000000000000e+03 -2.969329118728637695e+00
9.410000000000000000e+03 -2.735862970352172852e+00
9.412000000000000000e+03 -2.623917579650878906e+00
9.414000000000000000e+03 -2.826215028762817383e+00
9.416000000000000000e+03 -2.723784446716308594e+00
9.418000000000000000e+03 -2.793809652328491211e+00
9.420000000000000000e+03 -2.802195072174072266e+00
9.422000000000000000e+03 -2.753237009048461914e+00
9.424000000000000000e+03 -2.978443145751953125e+00
9.426000000000000000e+03 2.855774402618408203e+00
9.428000000000000000e+03 2.870409727096557617e+00
9.430000000000000000e+03 2.578942060470581055e+00
9.432000000000000000e+03 5.782344937324523926e-01
9.434000000000000000e+03 2.879400253295898438e+00
9.436000000000000000e+03 2.796945333480834961e+00
9.438000000000000000e+03 2.653972864151000977e+00
9.440000000000000000e+03 2.774163007736206055e+00
9.442000000000000000e+03 2.873258352279663086e+00
9.444000000000000000e+03 2.688968658447265625e+00
9.446000000000000000e+03 2.586818933486938477e+00
9.448000000000000000e+03 2.480289220809936523e+00
9.450000000000000000e+03 2.455284118652343750e+00
9.452000000000000000e+03 2.362155675888061523e+00
9.454000000000000000e+03 7.211726903915405273e-01
9.456000000000000000e+03 5.251981616020202637e-01
9.458000000000000000e+03 2.530338525772094727e+00
9.460000000000000000e+03 2.561725139617919922e+00
9.462000000000000000e+03 2.490305185317993164e+00
9.464000000000000000e+03 7.085129022598266602e-01
9.466000000000000000e+03 5.238853096961975098e-01
9.468000000000000000e+03 5.557692646980285645e-01
9.470000000000000000e+03 6.182438731193542480e-01
9.472000000000000000e+03 4.542714059352874756e-01
9.474000000000000000e+03 3.000308871269226074e-01
9.476000000000000000e+03 1.184636056423187256e-01
9.478000000000000000e+03 3.904193341732025146e-01
9.480000000000000000e+03 6.701807379722595215e-01
9.482000000000000000e+03 6.329989433288574219e-01
9.484000000000000000e+03 2.747578620910644531e+00
9.486000000000000000e+03 2.582744359970092773e+00
9.488000000000000000e+03 2.398447036743164062e+00
9.490000000000000000e+03 2.444772243499755859e+00
9.492000000000000000e+03 2.540050268173217773e+00
9.494000000000000000e+03 2.519330501556396484e+00
9.496000000000000000e+03 2.508195638656616211e+00
9.498000000000000000e+03 2.408532619476318359e+00
9.500000000000000000e+03 2.280903100967407227e+00
9.502000000000000000e+03 2.359290599822998047e+00
9.504000000000000000e+03 2.602435588836669922e+00
9.506000000000000000e+03 2.748865842819213867e+00
9.508000000000000000e+03 3.392783403396606445e-01
9.510000000000000000e+03 2.827103853225708008e+00
9.512000000000000000e+03 4.646399021148681641e-01
9.514000000000000000e+03 6.254872679710388184e-01
9.516000000000000000e+03 4.312057793140411377e-01
9.518000000000000000e+03 2.600977718830108643e-01
9.520000000000000000e+03 2.953266382217407227e+00
9.522000000000000000e+03 2.915187597274780273e+00
9.524000000000000000e+03 2.413643598556518555e+00
9.526000000000000000e+03 6.096820831298828125e-01
9.528000000000000000e+03 6.768093705177307129e-01
9.530000000000000000e+03 8.875735402107238770e-01
9.532000000000000000e+03 8.090392351150512695e-01
9.534000000000000000e+03 7.485840320587158203e-01
9.536000000000000000e+03 7.742820382118225098e-01
9.538000000000000000e+03 -6.375397443771362305e-01
9.540000000000000000e+03 -7.192064523696899414e-01
9.542000000000000000e+03 8.751394748687744141e-01
9.544000000000000000e+03 8.828606009483337402e-01
9.546000000000000000e+03 8.410691618919372559e-01
9.548000000000000000e+03 5.920471549034118652e-01
9.550000000000000000e+03 7.517892122268676758e-01
9.552000000000000000e+03 8.044422268867492676e-01
9.554000000000000000e+03 7.199250459671020508e-01
9.556000000000000000e+03 2.463269710540771484e+00
9.558000000000000000e+03 6.893187165260314941e-01
9.560000000000000000e+03 7.494646906852722168e-01
9.562000000000000000e+03 8.727206587791442871e-01
9.564000000000000000e+03 -9.638386368751525879e-01
9.566000000000000000e+03 -7.773616313934326172e-01
9.568000000000000000e+03 -5.792818665504455566e-01
9.570000000000000000e+03 -5.654225349426269531e-01
9.572000000000000000e+03 -3.795807361602783203e-01
9.574000000000000000e+03 -5.091932415962219238e-01
9.576000000000000000e+03 -6.167850494384765625e-01
9.578000000000000000e+03 -5.953518152236938477e-01
9.580000000000000000e+03 -4.542110562324523926e-01
9.582000000000000000e+03 -6.080657839775085449e-01
9.584000000000000000e+03 -7.761153578758239746e-01
9.586000000000000000e+03 -4.037840664386749268e-01
9.588000000000000000e+03 -9.385943412780761719e-01
9.590000000000000000e+03 -1.392230868339538574e+00
9.592000000000000000e+03 -2.018415927886962891e+00
9.594000000000000000e+03 -1.999825596809387207e+00
9.596000000000000000e+03 -2.474492073059082031e+00
9.598000000000000000e+03 -1.878624796867370605e+00
9.600000000000000000e+03 -1.650488257408142090e+00
9.602000000000000000e+03 -1.555903911590576172e+00
9.604000000000000000e+03 -1.108257293701171875e+00
9.606000000000000000e+03 -2.452893733978271484e+00
9.608000000000000000e+03 -1.451890707015991211e+00
9.610000000000000000e+03 5.152449011802673340e-01
9.612000000000000000e+03 3.522634506225585938e-01
9.614000000000000000e+03 5.388441085815429688e-01
9.616000000000000000e+03 3.923785686492919922e-01
9.618000000000000000e+03 4.346701800823211670e-01
9.620000000000000000e+03 5.696071982383728027e-01
9.622000000000000000e+03 1.565385311841964722e-01
9.624000000000000000e+03 -2.515276372432708740e-01
9.626000000000000000e+03 -4.610900878906250000e-01
9.628000000000000000e+03 -5.974392890930175781e-01
9.630000000000000000e+03 -1.771430224180221558e-01
9.632000000000000000e+03 -7.539766430854797363e-01
9.634000000000000000e+03 -3.352135419845581055e-01
9.636000000000000000e+03 -4.080021977424621582e-01
9.638000000000000000e+03 -1.300741910934448242e+00
9.640000000000000000e+03 1.347584962844848633e+00
9.642000000000000000e+03 1.138388872146606445e+00
9.644000000000000000e+03 2.568446993827819824e-01
9.646000000000000000e+03 -2.462870441377162933e-03
9.648000000000000000e+03 -6.802446208894252777e-03
9.650000000000000000e+03 -4.360303282737731934e-01
9.652000000000000000e+03 -7.796661555767059326e-02
9.654000000000000000e+03 6.835618019104003906e-01
9.656000000000000000e+03 1.548932313919067383e+00
9.658000000000000000e+03 1.791333913803100586e+00
9.660000000000000000e+03 1.389858365058898926e+00
9.662000000000000000e+03 5.895601511001586914e-01
9.664000000000000000e+03 6.212746500968933105e-01
9.666000000000000000e+03 0.000000000000000000e+00
9.668000000000000000e+03 3.241295218467712402e-01
9.670000000000000000e+03 1.814498305320739746e-01
9.672000000000000000e+03 2.796470373868942261e-02
9.674000000000000000e+03 -3.720131218433380127e-01
9.676000000000000000e+03 2.967411279678344727e-01
9.678000000000000000e+03 1.030037164688110352e+00
9.680000000000000000e+03 4.038324058055877686e-01
9.682000000000000000e+03 1.167543649673461914e+00
9.684000000000000000e+03 7.689428329467773438e-01
9.686000000000000000e+03 9.095507264137268066e-01
9.688000000000000000e+03 5.041885972023010254e-01
9.690000000000000000e+03 1.098103284835815430e+00
9.692000000000000000e+03 1.432727217674255371e+00
9.694000000000000000e+03 1.523079276084899902e+00
9.696000000000000000e+03 1.633948206901550293e+00
9.698000000000000000e+03 1.117832422256469727e+00
9.700000000000000000e+03 1.098962068557739258e+00
9.702000000000000000e+03 -1.726940870285034180e+00
9.704000000000000000e+03 3.082836866378784180e+00
9.706000000000000000e+03 -2.483167886734008789e+00
9.708000000000000000e+03 1.360695600509643555e+00
9.710000000000000000e+03 2.974591255187988281e+00
9.712000000000000000e+03 1.957206368446350098e+00
9.714000000000000000e+03 2.486882925033569336e+00
9.716000000000000000e+03 2.488049030303955078e+00
9.718000000000000000e+03 2.979225158691406250e+00
9.720000000000000000e+03 2.877061843872070312e+00
9.722000000000000000e+03 -2.817378997802734375e+00
9.724000000000000000e+03 -3.006927967071533203e+00
9.726000000000000000e+03 -3.098237276077270508e+00
9.728000000000000000e+03 3.112992763519287109e+00
9.730000000000000000e+03 3.046683073043823242e+00
9.732000000000000000e+03 8.367996662855148315e-03
9.734000000000000000e+03 -1.901444196701049805e-01
9.736000000000000000e+03 -2.754117548465728760e-01
9.738000000000000000e+03 -1.860498785972595215e-01
9.740000000000000000e+03 -1.143208965659141541e-01
9.742000000000000000e+03 -2.977544367313385010e-01
9.744000000000000000e+03 -6.421281099319458008e-01
9.746000000000000000e+03 -1.004675626754760742e+00
9.748000000000000000e+03 -1.034061312675476074e+00
9.750000000000000000e+03 -1.772013545036315918e+00
9.752000000000000000e+03 -1.881474852561950684e+00
9.754000000000000000e+03 -2.134074211120605469e+00
9.756000000000000000e+03 -2.394710540771484375e+00
9.758000000000000000e+03 -2.378152370452880859e+00
9.760000000000000000e+03 -1.793413758277893066e+00
9.762000000000000000e+03 -1.601424694061279297e+00
9.764000000000000000e+03 -1.813224911689758301e+00
9.766000000000000000e+03 -1.614522695541381836e+00
9.768000000000000000e+03 -2.056366205215454102e+00
9.770000000000000000e+03 -2.603975772857666016e+00
9.772000000000000000e+03 -2.732173919677734375e+00
9.774000000000000000e+03 -2.747965097427368164e+00
9.776000000000000000e+03 2.801851749420166016e+00
9.778000000000000000e+03 2.710993051528930664e+00
9.780000000000000000e+03 2.915574073791503906e+00
9.782000000000000000e+03 2.992372751235961914e+00
9.784000000000000000e+03 2.929353952407836914e+00
9.786000000000000000e+03 -3.066478490829467773e+00
9.788000000000000000e+03 -2.469549924135208130e-01
9.790000000000000000e+03 -4.594983756542205811e-01
9.792000000000000000e+03 -2.299869060516357422e+00
9.794000000000000000e+03 -2.428085327148437500e+00
9.796000000000000000e+03 -2.539731264114379883e+00
9.798000000000000000e+03 2.256809949874877930e+00
9.800000000000000000e+03 2.179459333419799805e+00
9.802000000000000000e+03 -2.201118946075439453e+00
9.804000000000000000e+03 -2.168521881103515625e+00
9.806000000000000000e+03 -1.944993853569030762e+00
9.808000000000000000e+03 -2.205446004867553711e+00
9.810000000000000000e+03 -2.195898294448852539e+00
9.812000000000000000e+03 -2.134678125381469727e+00
9.814000000000000000e+03 -2.214283704757690430e+00
9.816000000000000000e+03 -2.397561073303222656e+00
9.818000000000000000e+03 -2.438070535659790039e+00
9.820000000000000000e+03 -2.366393804550170898e+00
9.822000000000000000e+03 -2.264380931854248047e+00
9.824000000000000000e+03 2.205179452896118164e+00
9.826000000000000000e+03 2.345531463623046875e+00
9.828000000000000000e+03 2.287024736404418945e+00
9.830000000000000000e+03 2.207329750061035156e+00
9.832000000000000000e+03 -2.309437513351440430e+00
9.834000000000000000e+03 -2.198074817657470703e+00
9.836000000000000000e+03 -2.397105216979980469e+00
9.838000000000000000e+03 -6.294063925743103027e-01
9.840000000000000000e+03 -7.050747871398925781e-01
9.842000000000000000e+03 -8.260665535926818848e-01
9.844000000000000000e+03 9.912525415420532227e-01
9.846000000000000000e+03 1.073341012001037598e+00
9.848000000000000000e+03 1.016026854515075684e+00
9.850000000000000000e+03 9.324764609336853027e-01
9.852000000000000000e+03 8.843197226524353027e-01
9.854000000000000000e+03 1.095642685890197754e+00
9.856000000000000000e+03 -1.158529520034790039e+00
9.858000000000000000e+03 1.048325896263122559e+00
9.860000000000000000e+03 1.337010383605957031e+00
9.862000000000000000e+03 1.160094499588012695e+00
9.864000000000000000e+03 9.521633386611938477e-01
9.866000000000000000e+03 8.840529322624206543e-01
9.868000000000000000e+03 9.363417625427246094e-01
9.870000000000000000e+03 -1.036239624023437500e+00
9.872000000000000000e+03 -9.354227781295776367e-01
9.874000000000000000e+03 -8.495703935623168945e-01
9.876000000000000000e+03 -8.632200956344604492e-01
9.878000000000000000e+03 -7.730530500411987305e-01
9.880000000000000000e+03 -6.685417890548706055e-01
9.882000000000000000e+03 -1.022355914115905762e+00
9.884000000000000000e+03 -6.618312597274780273e-01
9.886000000000000000e+03 -7.838966250419616699e-01
9.888000000000000000e+03 -8.820453882217407227e-01
9.890000000000000000e+03 -5.079870820045471191e-01
9.892000000000000000e+03 -2.570264637470245361e-01
9.894000000000000000e+03 -8.579078316688537598e-02
9.896000000000000000e+03 -2.714361429214477539e+00
9.898000000000000000e+03 -2.657842874526977539e+00
9.900000000000000000e+03 -3.759274482727050781e-01
9.902000000000000000e+03 -2.730666637420654297e+00
9.904000000000000000e+03 -2.854097843170166016e+00
9.906000000000000000e+03 -2.742833137512207031e+00
9.908000000000000000e+03 -1.041203811764717102e-01
9.910000000000000000e+03 -2.205673456192016602e-01
9.912000000000000000e+03 -4.033223092555999756e-01
9.914000000000000000e+03 -2.810790061950683594e+00
9.916000000000000000e+03 -3.597369492053985596e-01
9.918000000000000000e+03 -2.994731903076171875e+00
9.920000000000000000e+03 -3.024230957031250000e+00
9.922000000000000000e+03 -2.727794408798217773e+00
9.924000000000000000e+03 -2.593696117401123047e+00
9.926000000000000000e+03 -2.095915555953979492e+00
9.928000000000000000e+03 -2.574349403381347656e+00
9.930000000000000000e+03 -2.798898935317993164e+00
9.932000000000000000e+03 -2.761460781097412109e+00
9.934000000000000000e+03 -2.717829942703247070e+00
9.936000000000000000e+03 -2.766339063644409180e+00
9.938000000000000000e+03 -2.940273761749267578e+00
9.940000000000000000e+03 -2.632702112197875977e+00
9.942000000000000000e+03 -2.321904420852661133e+00
9.944000000000000000e+03 -2.980987787246704102e+00
9.946000000000000000e+03 2.911688089370727539e+00
9.948000000000000000e+03 2.859037637710571289e+00
9.950000000000000000e+03 2.611242771148681641e+00
9.952000000000000000e+03 2.035795927047729492e+00
9.954000000000000000e+03 1.401715278625488281e+00
9.956000000000000000e+03 1.324617147445678711e+00
9.958000000000000000e+03 1.619728446006774902e+00
9.960000000000000000e+03 2.231403350830078125e+00
9.962000000000000000e+03 2.806082248687744141e+00
9.964000000000000000e+03 2.708928108215332031e+00
9.966000000000000000e+03 2.449018716812133789e+00
9.968000000000000000e+03 2.696825981140136719e+00
9.970000000000000000e+03 2.550136327743530273e+00
9.972000000000000000e+03 3.138767719268798828e+00
9.974000000000000000e+03 3.053585290908813477e+00
9.976000000000000000e+03 -2.958965778350830078e+00
9.978000000000000000e+03 -2.619779586791992188e+00
9.980000000000000000e+03 -2.931360483169555664e+00
9.982000000000000000e+03 -2.952430248260498047e+00
9.984000000000000000e+03 -2.786983728408813477e+00
9.986000000000000000e+03 -2.754563570022583008e+00
9.988000000000000000e+03 2.964696407318115234e+00
9.990000000000000000e+03 3.096270561218261719e+00
9.992000000000000000e+03 3.078263044357299805e+00
9.994000000000000000e+03 3.085378885269165039e+00
9.996000000000000000e+03 3.117964982986450195e+00
9.998000000000000000e+03 2.800455808639526367e+00
1.000000000000000000e+04 2.663131237030029297e+00
