0.000000000000000000e+00 2.385341882705688477e+00
2.000000000000000000e+00 7.751581668853759766e-01
4.000000000000000000e+00 7.853877544403076172e-01
6.000000000000000000e+00 7.194662094116210938e-01
8.000000000000000000e+00 6.569485068321228027e-01
1.000000000000000000e+01 5.543791055679321289e-01
1.200000000000000000e+01 8.228082656860351562e-01
1.400000000000000000e+01 8.817777037620544434e-01
1.600000000000000000e+01 1.160155296325683594e+00
1.800000000000000000e+01 9.011415243148803711e-01
2.000000000000000000e+01 1.039985060691833496e+00
2.200000000000000000e+01 1.144771099090576172e+00
2.400000000000000000e+01 1.256812691688537598e+00
2.600000000000000000e+01 1.129640460014343262e+00
2.800000000000000000e+01 1.389898419380187988e+00
3.000000000000000000e+01 1.638094544410705566e+00
3.200000000000000000e+01 1.553065061569213867e+00
3.400000000000000000e+01 1.698281288146972656e+00
3.600000000000000000e+01 1.669543504714965820e+00
3.800000000000000000e+01 1.687682032585144043e+00
4.000000000000000000e+01 1.674768567085266113e+00
4.200000000000000000e+01 1.683969259262084961e+00
4.400000000000000000e+01 1.399001598358154297e+00
4.600000000000000000e+01 1.506250619888305664e+00
4.800000000000000000e+01 1.523557662963867188e+00
5.000000000000000000e+01 1.434051275253295898e+00
5.200000000000000000e+01 1.565408706665039062e+00
5.400000000000000000e+01 1.890384912490844727e+00
5.600000000000000000e+01 1.599935293197631836e+00
5.800000000000000000e+01 1.444184899330139160e+00
6.000000000000000000e+01 1.187086462974548340e+00
6.200000000000000000e+01 1.197473406791687012e+00
6.400000000000000000e+01 1.292899489402770996e+00
6.600000000000000000e+01 1.029603600502014160e+00
6.800000000000000000e+01 1.361485481262207031e+00
7.000000000000000000e+01 1.491551995277404785e+00
7.200000000000000000e+01 1.341162204742431641e+00
7.400000000000000000e+01 1.473622441291809082e+00
7.600000000000000000e+01 1.624772667884826660e+00
7.800000000000000000e+01 1.530045270919799805e+00
8.000000000000000000e+01 1.212125897407531738e+00
8.200000000000000000e+01 8.411310911178588867e-01
8.400000000000000000e+01 1.082904815673828125e+00
8.600000000000000000e+01 1.204446434974670410e+00
8.800000000000000000e+01 1.294703364372253418e+00
9.000000000000000000e+01 1.505322337150573730e+00
9.200000000000000000e+01 1.345873713493347168e+00
9.400000000000000000e+01 1.277261495590209961e+00
9.600000000000000000e+01 1.328342676162719727e+00
9.800000000000000000e+01 1.423544168472290039e+00
1.000000000000000000e+02 1.424725651741027832e+00
1.020000000000000000e+02 1.325273513793945312e+00
1.040000000000000000e+02 1.482863783836364746e+00
1.060000000000000000e+02 1.553164839744567871e+00
1.080000000000000000e+02 1.607787489891052246e+00
1.100000000000000000e+02 1.445970773696899414e+00
1.120000000000000000e+02 1.309037923812866211e+00
1.140000000000000000e+02 1.290571093559265137e+00
1.160000000000000000e+02 1.258027553558349609e+00
1.180000000000000000e+02 9.517173767089843750e-01
1.200000000000000000e+02 1.052003741264343262e+00
1.220000000000000000e+02 1.076403737068176270e+00
1.240000000000000000e+02 9.647096395492553711e-01
1.260000000000000000e+02 8.861690759658813477e-01
1.280000000000000000e+02 8.819794058799743652e-01
1.300000000000000000e+02 9.704586863517761230e-01
1.320000000000000000e+02 7.860420346260070801e-01
1.340000000000000000e+02 9.549253582954406738e-01
1.360000000000000000e+02 8.907727599143981934e-01
1.380000000000000000e+02 8.260557055473327637e-01
1.400000000000000000e+02 1.086024165153503418e+00
1.420000000000000000e+02 7.301680445671081543e-01
1.440000000000000000e+02 5.761773586273193359e-01
1.460000000000000000e+02 5.886123180389404297e-01
1.480000000000000000e+02 8.410315513610839844e-01
1.500000000000000000e+02 9.972822070121765137e-01
1.520000000000000000e+02 8.987792730331420898e-01
1.540000000000000000e+02 7.867264151573181152e-01
1.560000000000000000e+02 6.748427152633666992e-01
1.580000000000000000e+02 1.200375437736511230e+00
1.600000000000000000e+02 1.036729812622070312e+00
1.620000000000000000e+02 1.051717877388000488e+00
1.640000000000000000e+02 8.504172563552856445e-01
1.660000000000000000e+02 7.897598743438720703e-01
1.680000000000000000e+02 8.593001961708068848e-01
1.700000000000000000e+02 9.494137763977050781e-01
1.720000000000000000e+02 8.067241311073303223e-01
1.740000000000000000e+02 8.897593021392822266e-01
1.760000000000000000e+02 8.371661305427551270e-01
1.780000000000000000e+02 9.487097859382629395e-01
1.800000000000000000e+02 1.117989659309387207e+00
1.820000000000000000e+02 1.322669148445129395e+00
1.840000000000000000e+02 9.173534512519836426e-01
1.860000000000000000e+02 1.006612420082092285e+00
1.880000000000000000e+02 8.008781671524047852e-01
1.900000000000000000e+02 8.129268884658813477e-01
1.920000000000000000e+02 8.478249311447143555e-01
1.940000000000000000e+02 6.794558763504028320e-01
1.960000000000000000e+02 2.340176820755004883e+00
1.980000000000000000e+02 2.241581201553344727e+00
2.000000000000000000e+02 2.377194881439208984e+00
2.020000000000000000e+02 2.241960525512695312e+00
2.040000000000000000e+02 2.139764785766601562e+00
2.060000000000000000e+02 1.795832276344299316e+00
2.080000000000000000e+02 2.130660057067871094e+00
2.100000000000000000e+02 2.049886465072631836e+00
2.120000000000000000e+02 2.207045555114746094e+00
2.140000000000000000e+02 8.271056413650512695e-01
2.160000000000000000e+02 2.300598382949829102e+00
2.180000000000000000e+02 7.561938166618347168e-01
2.200000000000000000e+02 2.374869823455810547e+00
2.220000000000000000e+02 2.331387042999267578e+00
2.240000000000000000e+02 2.361675262451171875e+00
2.260000000000000000e+02 2.181788444519042969e+00
2.280000000000000000e+02 2.186718225479125977e+00
2.300000000000000000e+02 2.149471044540405273e+00
2.320000000000000000e+02 1.761121749877929688e+00
2.340000000000000000e+02 2.076980352401733398e+00
2.360000000000000000e+02 2.246620178222656250e+00
2.380000000000000000e+02 2.345792770385742188e+00
2.400000000000000000e+02 2.196995019912719727e+00
2.420000000000000000e+02 2.506964206695556641e+00
2.440000000000000000e+02 2.462193965911865234e+00
2.460000000000000000e+02 2.576260089874267578e+00
2.480000000000000000e+02 2.433221340179443359e+00
2.500000000000000000e+02 2.543056488037109375e+00
2.520000000000000000e+02 2.650316238403320312e+00
2.540000000000000000e+02 2.473660230636596680e+00
2.560000000000000000e+02 2.201484441757202148e+00
2.580000000000000000e+02 2.042265415191650391e+00
2.600000000000000000e+02 2.200759410858154297e+00
2.620000000000000000e+02 2.325320482254028320e+00
2.640000000000000000e+02 2.048952579498291016e+00
2.660000000000000000e+02 2.141852140426635742e+00
2.680000000000000000e+02 2.096256256103515625e+00
2.700000000000000000e+02 2.136488914489746094e+00
2.720000000000000000e+02 2.045261144638061523e+00
2.740000000000000000e+02 2.290466547012329102e+00
2.760000000000000000e+02 8.572130799293518066e-01
2.780000000000000000e+02 7.877517342567443848e-01
2.800000000000000000e+02 1.112634778022766113e+00
2.820000000000000000e+02 1.050349593162536621e+00
2.840000000000000000e+02 9.449512958526611328e-01
2.860000000000000000e+02 9.823802113533020020e-01
2.880000000000000000e+02 1.000071644783020020e+00
2.900000000000000000e+02 9.957835078239440918e-01
2.920000000000000000e+02 1.053849458694458008e+00
2.940000000000000000e+02 9.941049814224243164e-01
2.960000000000000000e+02 1.107791066169738770e+00
2.980000000000000000e+02 1.077741384506225586e+00
3.000000000000000000e+02 8.446791172027587891e-01
3.020000000000000000e+02 8.830682039260864258e-01
3.040000000000000000e+02 2.224828004837036133e+00
3.060000000000000000e+02 2.119666099548339844e+00
3.080000000000000000e+02 2.167895078659057617e+00
3.100000000000000000e+02 2.219355583190917969e+00
3.120000000000000000e+02 2.218112468719482422e+00
3.140000000000000000e+02 8.902020454406738281e-01
3.160000000000000000e+02 9.050533771514892578e-01
3.180000000000000000e+02 9.220497012138366699e-01
3.200000000000000000e+02 2.177957773208618164e+00
3.220000000000000000e+02 2.125940561294555664e+00
3.240000000000000000e+02 2.175993919372558594e+00
3.260000000000000000e+02 2.170020580291748047e+00
3.280000000000000000e+02 2.194876432418823242e+00
3.300000000000000000e+02 9.196336865425109863e-01
3.320000000000000000e+02 9.464905261993408203e-01
3.340000000000000000e+02 1.021299004554748535e+00
3.360000000000000000e+02 1.070318579673767090e+00
3.380000000000000000e+02 1.221999168395996094e+00
3.400000000000000000e+02 1.395404100418090820e+00
3.420000000000000000e+02 1.321576237678527832e+00
3.440000000000000000e+02 1.369867205619812012e+00
3.460000000000000000e+02 1.449218630790710449e+00
3.480000000000000000e+02 1.591811180114746094e+00
3.500000000000000000e+02 1.614801764488220215e+00
3.520000000000000000e+02 1.649078011512756348e+00
3.540000000000000000e+02 1.631182909011840820e+00
3.560000000000000000e+02 1.594497561454772949e+00
3.580000000000000000e+02 1.469000458717346191e+00
3.600000000000000000e+02 1.656852245330810547e+00
3.620000000000000000e+02 1.712561845779418945e+00
3.640000000000000000e+02 1.801697611808776855e+00
3.660000000000000000e+02 1.682597875595092773e+00
3.680000000000000000e+02 1.668757677078247070e+00
3.700000000000000000e+02 1.742109179496765137e+00
3.720000000000000000e+02 1.861518740653991699e+00
3.740000000000000000e+02 1.955900192260742188e+00
3.760000000000000000e+02 2.100724697113037109e+00
3.780000000000000000e+02 1.889780640602111816e+00
3.800000000000000000e+02 1.635252118110656738e+00
3.820000000000000000e+02 1.693791866302490234e+00
3.840000000000000000e+02 1.865809559822082520e+00
3.860000000000000000e+02 1.782386898994445801e+00
3.880000000000000000e+02 1.508272051811218262e+00
3.900000000000000000e+02 1.529643297195434570e+00
3.920000000000000000e+02 1.397053718566894531e+00
3.940000000000000000e+02 1.482816934585571289e+00
3.960000000000000000e+02 1.332348704338073730e+00
3.980000000000000000e+02 1.552488327026367188e+00
4.000000000000000000e+02 1.345867276191711426e+00
4.020000000000000000e+02 1.254530549049377441e+00
4.040000000000000000e+02 1.270096778869628906e+00
4.060000000000000000e+02 1.280910491943359375e+00
4.080000000000000000e+02 1.193493008613586426e+00
4.100000000000000000e+02 1.142218470573425293e+00
4.120000000000000000e+02 1.276810169219970703e+00
4.140000000000000000e+02 1.297455906867980957e+00
4.160000000000000000e+02 1.155270457267761230e+00
4.180000000000000000e+02 1.404494524002075195e+00
4.200000000000000000e+02 1.359699249267578125e+00
4.220000000000000000e+02 1.262140750885009766e+00
4.240000000000000000e+02 1.156704545021057129e+00
4.260000000000000000e+02 1.241143822669982910e+00
4.280000000000000000e+02 1.257243037223815918e+00
4.300000000000000000e+02 1.210546374320983887e+00
4.320000000000000000e+02 9.606751799583435059e-01
4.340000000000000000e+02 1.036891937255859375e+00
4.360000000000000000e+02 9.198019504547119141e-01
4.380000000000000000e+02 7.120431065559387207e-01
4.400000000000000000e+02 6.702250242233276367e-01
4.420000000000000000e+02 8.776389956474304199e-01
4.440000000000000000e+02 7.988827824592590332e-01
4.460000000000000000e+02 6.528701782226562500e-01
4.480000000000000000e+02 7.593269944190979004e-01
4.500000000000000000e+02 8.873957991600036621e-01
4.520000000000000000e+02 1.097962975502014160e+00
4.540000000000000000e+02 9.514304995536804199e-01
4.560000000000000000e+02 9.659174680709838867e-01
4.580000000000000000e+02 9.022489190101623535e-01
4.600000000000000000e+02 9.235323667526245117e-01
4.620000000000000000e+02 8.237302899360656738e-01
4.640000000000000000e+02 7.507768869400024414e-01
4.660000000000000000e+02 8.680065870285034180e-01
4.680000000000000000e+02 8.625498414039611816e-01
4.700000000000000000e+02 1.023963093757629395e+00
4.720000000000000000e+02 8.340198397636413574e-01
4.740000000000000000e+02 9.054824113845825195e-01
4.760000000000000000e+02 1.107483029365539551e+00
4.780000000000000000e+02 1.172729015350341797e+00
4.800000000000000000e+02 1.027973413467407227e+00
4.820000000000000000e+02 1.164726614952087402e+00
4.840000000000000000e+02 9.738806486129760742e-01
4.860000000000000000e+02 1.205405473709106445e+00
4.880000000000000000e+02 1.132236957550048828e+00
4.900000000000000000e+02 1.250502705574035645e+00
4.920000000000000000e+02 1.278543710708618164e+00
4.940000000000000000e+02 1.246830344200134277e+00
4.960000000000000000e+02 9.937316179275512695e-01
4.980000000000000000e+02 9.970231056213378906e-01
5.000000000000000000e+02 1.179025173187255859e+00
5.020000000000000000e+02 1.098330378532409668e+00
5.040000000000000000e+02 1.018449306488037109e+00
5.060000000000000000e+02 9.256820678710937500e-01
5.080000000000000000e+02 1.195641040802001953e+00
5.100000000000000000e+02 1.205506086349487305e+00
5.120000000000000000e+02 8.021768927574157715e-01
5.140000000000000000e+02 8.914545774459838867e-01
5.160000000000000000e+02 8.067240715026855469e-01
5.180000000000000000e+02 1.146770715713500977e+00
5.200000000000000000e+02 1.311048150062561035e+00
5.220000000000000000e+02 1.350395917892456055e+00
5.240000000000000000e+02 1.319331645965576172e+00
5.260000000000000000e+02 1.415078997611999512e+00
5.280000000000000000e+02 1.527090549468994141e+00
5.300000000000000000e+02 1.400705099105834961e+00
5.320000000000000000e+02 1.282453656196594238e+00
5.340000000000000000e+02 1.373074531555175781e+00
5.360000000000000000e+02 1.445203185081481934e+00
5.380000000000000000e+02 1.425063252449035645e+00
5.400000000000000000e+02 1.590760946273803711e+00
5.420000000000000000e+02 1.404124617576599121e+00
5.440000000000000000e+02 1.815502762794494629e+00
5.460000000000000000e+02 1.620011329650878906e+00
5.480000000000000000e+02 1.716583490371704102e+00
5.500000000000000000e+02 1.972130060195922852e+00
5.520000000000000000e+02 1.760858178138732910e+00
5.540000000000000000e+02 1.842772722244262695e+00
5.560000000000000000e+02 2.023015975952148438e+00
5.580000000000000000e+02 1.934335231781005859e+00
5.600000000000000000e+02 1.920777201652526855e+00
5.620000000000000000e+02 1.999112844467163086e+00
5.640000000000000000e+02 1.964044332504272461e+00
5.660000000000000000e+02 2.086307048797607422e+00
5.680000000000000000e+02 2.065397977828979492e+00
5.700000000000000000e+02 2.251092910766601562e+00
5.720000000000000000e+02 2.274463891983032227e+00
5.740000000000000000e+02 2.229268789291381836e+00
5.760000000000000000e+02 2.229250192642211914e+00
5.780000000000000000e+02 2.289829730987548828e+00
5.800000000000000000e+02 2.293298721313476562e+00
5.820000000000000000e+02 2.172143697738647461e+00
5.840000000000000000e+02 2.065564632415771484e+00
5.860000000000000000e+02 2.001951456069946289e+00
5.880000000000000000e+02 1.752201437950134277e+00
5.900000000000000000e+02 1.745474815368652344e+00
5.920000000000000000e+02 1.921518802642822266e+00
5.940000000000000000e+02 1.894259095191955566e+00
5.960000000000000000e+02 1.958869457244873047e+00
5.980000000000000000e+02 2.009748458862304688e+00
6.000000000000000000e+02 2.009778261184692383e+00
6.020000000000000000e+02 6.993648409843444824e-01
6.040000000000000000e+02 6.427260637283325195e-01
6.060000000000000000e+02 2.602037906646728516e+00
6.080000000000000000e+02 2.472564935684204102e+00
6.100000000000000000e+02 2.684661388397216797e+00
6.120000000000000000e+02 2.856052398681640625e+00
6.140000000000000000e+02 2.600203990936279297e+00
6.160000000000000000e+02 2.726118564605712891e+00
6.180000000000000000e+02 4.111942350864410400e-01
6.200000000000000000e+02 5.576363205909729004e-01
6.220000000000000000e+02 5.792493820190429688e-01
6.240000000000000000e+02 3.016936779022216797e-01
6.260000000000000000e+02 2.743263006210327148e+00
6.280000000000000000e+02 2.524526357650756836e+00
6.300000000000000000e+02 2.699250221252441406e+00
6.320000000000000000e+02 2.842396259307861328e+00
6.340000000000000000e+02 2.948251724243164062e+00
6.360000000000000000e+02 2.744028568267822266e+00
6.380000000000000000e+02 4.121670424938201904e-01
6.400000000000000000e+02 4.579258561134338379e-01
6.420000000000000000e+02 2.289945840835571289e+00
6.440000000000000000e+02 2.233804464340209961e+00
6.460000000000000000e+02 2.360279560089111328e+00
6.480000000000000000e+02 7.411860823631286621e-01
6.500000000000000000e+02 7.688786983489990234e-01
6.520000000000000000e+02 6.788699626922607422e-01
6.540000000000000000e+02 8.316159844398498535e-01
6.560000000000000000e+02 2.282417058944702148e+00
6.580000000000000000e+02 2.225964546203613281e+00
6.600000000000000000e+02 2.316670656204223633e+00
6.620000000000000000e+02 2.296889305114746094e+00
6.640000000000000000e+02 2.237913846969604492e+00
6.660000000000000000e+02 2.299762964248657227e+00
6.680000000000000000e+02 2.392823219299316406e+00
6.700000000000000000e+02 2.320910453796386719e+00
6.720000000000000000e+02 2.283913373947143555e+00
6.740000000000000000e+02 2.223455190658569336e+00
6.760000000000000000e+02 8.222512602806091309e-01
6.780000000000000000e+02 2.569128274917602539e+00
6.800000000000000000e+02 2.376273155212402344e+00
6.820000000000000000e+02 2.500281810760498047e+00
6.840000000000000000e+02 6.532422900199890137e-01
6.860000000000000000e+02 6.824220418930053711e-01
6.880000000000000000e+02 7.986176609992980957e-01
6.900000000000000000e+02 9.842646121978759766e-01
6.920000000000000000e+02 1.133124232292175293e+00
6.940000000000000000e+02 8.061301708221435547e-01
6.960000000000000000e+02 9.964876174926757812e-01
6.980000000000000000e+02 2.243834972381591797e+00
7.000000000000000000e+02 2.389052152633666992e+00
7.020000000000000000e+02 2.429968118667602539e+00
7.040000000000000000e+02 7.138109803199768066e-01
7.060000000000000000e+02 2.365856409072875977e+00
7.080000000000000000e+02 2.138704299926757812e+00
7.100000000000000000e+02 2.185578346252441406e+00
7.120000000000000000e+02 2.213327884674072266e+00
7.140000000000000000e+02 2.140887737274169922e+00
7.160000000000000000e+02 2.393071174621582031e+00
7.180000000000000000e+02 2.554206848144531250e+00
7.200000000000000000e+02 2.320470571517944336e+00
7.220000000000000000e+02 2.169244766235351562e+00
7.240000000000000000e+02 2.431975603103637695e+00
7.260000000000000000e+02 2.343524217605590820e+00
7.280000000000000000e+02 2.661894083023071289e+00
7.300000000000000000e+02 2.665560722351074219e+00
7.320000000000000000e+02 2.581288814544677734e+00
7.340000000000000000e+02 5.469257235527038574e-01
7.360000000000000000e+02 7.925876975059509277e-01
7.380000000000000000e+02 8.928612470626831055e-01
7.400000000000000000e+02 2.291998147964477539e+00
7.420000000000000000e+02 6.991019248962402344e-01
7.440000000000000000e+02 2.324891805648803711e+00
7.460000000000000000e+02 8.281913399696350098e-01
7.480000000000000000e+02 9.425591826438903809e-01
7.500000000000000000e+02 8.541980385780334473e-01
7.520000000000000000e+02 8.076813220977783203e-01
7.540000000000000000e+02 7.516179084777832031e-01
7.560000000000000000e+02 9.093460440635681152e-01
7.580000000000000000e+02 7.692245244979858398e-01
7.600000000000000000e+02 7.685291171073913574e-01
7.620000000000000000e+02 2.329831838607788086e+00
7.640000000000000000e+02 7.538187503814697266e-01
7.660000000000000000e+02 9.074912667274475098e-01
7.680000000000000000e+02 2.234607696533203125e+00
7.700000000000000000e+02 2.303367137908935547e+00
7.720000000000000000e+02 2.325374841690063477e+00
7.740000000000000000e+02 2.310934543609619141e+00
7.760000000000000000e+02 2.455658435821533203e+00
7.780000000000000000e+02 2.099680900573730469e+00
7.800000000000000000e+02 2.306931734085083008e+00
7.820000000000000000e+02 2.395024776458740234e+00
7.840000000000000000e+02 2.403931379318237305e+00
7.860000000000000000e+02 5.521163344383239746e-01
7.880000000000000000e+02 2.563156366348266602e+00
7.900000000000000000e+02 2.551586627960205078e+00
7.920000000000000000e+02 2.239674091339111328e+00
7.940000000000000000e+02 2.376476764678955078e+00
7.960000000000000000e+02 2.429893732070922852e+00
7.980000000000000000e+02 2.370981454849243164e+00
8.000000000000000000e+02 8.670068383216857910e-01
8.020000000000000000e+02 8.359287977218627930e-01
8.040000000000000000e+02 7.983988523483276367e-01
8.060000000000000000e+02 7.732977271080017090e-01
8.080000000000000000e+02 2.403194665908813477e+00
8.100000000000000000e+02 8.595672249794006348e-01
8.120000000000000000e+02 2.424953699111938477e+00
8.140000000000000000e+02 2.452101469039916992e+00
8.160000000000000000e+02 2.323817253112792969e+00
8.180000000000000000e+02 7.595574855804443359e-01
8.200000000000000000e+02 7.834504246711730957e-01
8.220000000000000000e+02 7.176589965820312500e-01
8.240000000000000000e+02 7.175717353820800781e-01
8.260000000000000000e+02 4.915078580379486084e-01
8.280000000000000000e+02 7.057998180389404297e-01
8.300000000000000000e+02 6.939883828163146973e-01
8.320000000000000000e+02 4.369712173938751221e-01
8.340000000000000000e+02 5.182477235794067383e-01
8.360000000000000000e+02 4.446748793125152588e-01
8.380000000000000000e+02 3.551044464111328125e-01
8.400000000000000000e+02 2.959512710571289062e+00
8.420000000000000000e+02 3.015173912048339844e+00
8.440000000000000000e+02 2.921111583709716797e+00
8.460000000000000000e+02 2.900005340576171875e+00
8.480000000000000000e+02 2.740099668502807617e+00
8.500000000000000000e+02 3.854811191558837891e-01
8.520000000000000000e+02 2.544514179229736328e+00
8.540000000000000000e+02 2.451958179473876953e+00
8.560000000000000000e+02 2.677848339080810547e+00
8.580000000000000000e+02 2.509952306747436523e+00
8.600000000000000000e+02 2.461087465286254883e+00
8.620000000000000000e+02 5.961866974830627441e-01
8.640000000000000000e+02 2.610739469528198242e+00
8.660000000000000000e+02 5.231524705886840820e-01
8.680000000000000000e+02 6.214087605476379395e-01
8.700000000000000000e+02 2.440578222274780273e+00
8.720000000000000000e+02 2.414165973663330078e+00
8.740000000000000000e+02 2.510803937911987305e+00
8.760000000000000000e+02 2.495842933654785156e+00
8.780000000000000000e+02 6.160209774971008301e-01
8.800000000000000000e+02 6.534987092018127441e-01
8.820000000000000000e+02 2.491122007369995117e+00
8.840000000000000000e+02 5.605531930923461914e-01
8.860000000000000000e+02 2.568538665771484375e+00
8.880000000000000000e+02 2.576231718063354492e+00
8.900000000000000000e+02 5.285361409187316895e-01
8.920000000000000000e+02 2.513763189315795898e+00
8.940000000000000000e+02 2.452927589416503906e+00
8.960000000000000000e+02 2.497930765151977539e+00
8.980000000000000000e+02 2.532509088516235352e+00
9.000000000000000000e+02 7.694206237792968750e-01
9.020000000000000000e+02 8.492628335952758789e-01
9.040000000000000000e+02 1.022280812263488770e+00
9.060000000000000000e+02 8.824622035026550293e-01
9.080000000000000000e+02 8.383008241653442383e-01
9.100000000000000000e+02 8.377127051353454590e-01
9.120000000000000000e+02 4.402577280998229980e-01
9.140000000000000000e+02 4.386534392833709717e-01
9.160000000000000000e+02 3.711833357810974121e-01
9.180000000000000000e+02 1.001777172088623047e+00
9.200000000000000000e+02 9.300451278686523438e-01
9.220000000000000000e+02 1.137404322624206543e+00
9.240000000000000000e+02 1.473151087760925293e+00
9.260000000000000000e+02 1.430738449096679688e+00
9.280000000000000000e+02 1.642977952957153320e+00
9.300000000000000000e+02 1.634051322937011719e+00
9.320000000000000000e+02 1.625091910362243652e+00
9.340000000000000000e+02 1.395872831344604492e+00
9.360000000000000000e+02 1.499018192291259766e+00
9.380000000000000000e+02 1.493064165115356445e+00
9.400000000000000000e+02 1.461806297302246094e+00
9.420000000000000000e+02 1.635758280754089355e+00
9.440000000000000000e+02 1.540482640266418457e+00
9.460000000000000000e+02 1.716328859329223633e+00
9.480000000000000000e+02 1.799945235252380371e+00
9.500000000000000000e+02 1.876002550125122070e+00
9.520000000000000000e+02 1.858786344528198242e+00
9.540000000000000000e+02 1.816509008407592773e+00
9.560000000000000000e+02 1.879031896591186523e+00
9.580000000000000000e+02 2.124284267425537109e+00
9.600000000000000000e+02 2.560710430145263672e+00
9.620000000000000000e+02 2.546566009521484375e+00
9.640000000000000000e+02 2.706091642379760742e+00
9.660000000000000000e+02 3.634052872657775879e-01
9.680000000000000000e+02 2.806353092193603516e+00
9.700000000000000000e+02 5.981362462043762207e-01
9.720000000000000000e+02 6.776677966117858887e-01
9.740000000000000000e+02 5.894263982772827148e-01
9.760000000000000000e+02 7.046670317649841309e-01
9.780000000000000000e+02 2.655688524246215820e+00
9.800000000000000000e+02 2.589916229248046875e+00
9.820000000000000000e+02 6.237607002258300781e-01
9.840000000000000000e+02 2.357029914855957031e+00
9.860000000000000000e+02 7.570748329162597656e-01
9.880000000000000000e+02 2.337217092514038086e+00
9.900000000000000000e+02 2.126717567443847656e+00
9.920000000000000000e+02 2.247281789779663086e+00
9.940000000000000000e+02 2.368635416030883789e+00
9.960000000000000000e+02 1.856211900711059570e+00
9.980000000000000000e+02 1.793879389762878418e+00
1.000000000000000000e+03 1.859593391418457031e+00
1.002000000000000000e+03 1.413908004760742188e+00
1.004000000000000000e+03 1.973848819732666016e+00
1.006000000000000000e+03 2.170750379562377930e+00
1.008000000000000000e+03 2.549722671508789062e+00
1.010000000000000000e+03 2.078765392303466797e+00
1.012000000000000000e+03 2.001719236373901367e+00
1.014000000000000000e+03 1.795786619186401367e+00
1.016000000000000000e+03 1.662761569023132324e+00
1.018000000000000000e+03 1.907942056655883789e+00
1.020000000000000000e+03 2.032655477523803711e+00
1.022000000000000000e+03 2.182299852371215820e+00
1.024000000000000000e+03 2.051560640335083008e+00
1.026000000000000000e+03 1.794791340827941895e+00
1.028000000000000000e+03 1.652735829353332520e+00
1.030000000000000000e+03 1.884997010231018066e+00
1.032000000000000000e+03 1.881666779518127441e+00
1.034000000000000000e+03 1.867362499237060547e+00
1.036000000000000000e+03 1.909498810768127441e+00
1.038000000000000000e+03 1.845483541488647461e+00
1.040000000000000000e+03 1.843508243560791016e+00
1.042000000000000000e+03 1.844056248664855957e+00
1.044000000000000000e+03 1.755925774574279785e+00
1.046000000000000000e+03 1.612693190574645996e+00
1.048000000000000000e+03 1.630789995193481445e+00
1.050000000000000000e+03 1.858032345771789551e+00
1.052000000000000000e+03 1.804094433784484863e+00
1.054000000000000000e+03 1.800284981727600098e+00
1.056000000000000000e+03 1.900841712951660156e+00
1.058000000000000000e+03 1.881000518798828125e+00
1.060000000000000000e+03 2.033524513244628906e+00
1.062000000000000000e+03 2.433900594711303711e+00
1.064000000000000000e+03 2.155617475509643555e+00
1.066000000000000000e+03 2.211967706680297852e+00
1.068000000000000000e+03 2.225372791290283203e+00
1.070000000000000000e+03 2.270970344543457031e+00
1.072000000000000000e+03 2.427317857742309570e+00
1.074000000000000000e+03 2.362055540084838867e+00
1.076000000000000000e+03 2.400254726409912109e+00
1.078000000000000000e+03 8.574102520942687988e-01
1.080000000000000000e+03 7.943077087402343750e-01
1.082000000000000000e+03 6.374388337135314941e-01
1.084000000000000000e+03 2.637323141098022461e+00
1.086000000000000000e+03 2.265938520431518555e+00
1.088000000000000000e+03 2.207830667495727539e+00
1.090000000000000000e+03 2.337476015090942383e+00
1.092000000000000000e+03 9.047490954399108887e-01
1.094000000000000000e+03 9.614011645317077637e-01
1.096000000000000000e+03 9.685996174812316895e-01
1.098000000000000000e+03 1.055871844291687012e+00
1.100000000000000000e+03 1.135305285453796387e+00
1.102000000000000000e+03 1.014582276344299316e+00
1.104000000000000000e+03 9.170675277709960938e-01
1.106000000000000000e+03 9.942097663879394531e-01
1.108000000000000000e+03 9.671338796615600586e-01
1.110000000000000000e+03 8.952008485794067383e-01
1.112000000000000000e+03 8.668671250343322754e-01
1.114000000000000000e+03 8.366243839263916016e-01
1.116000000000000000e+03 7.870562076568603516e-01
1.118000000000000000e+03 9.491440057754516602e-01
1.120000000000000000e+03 8.053881525993347168e-01
1.122000000000000000e+03 8.962607979774475098e-01
1.124000000000000000e+03 9.805862307548522949e-01
1.126000000000000000e+03 7.160707116127014160e-01
1.128000000000000000e+03 8.803783059120178223e-01
1.130000000000000000e+03 9.367980360984802246e-01
1.132000000000000000e+03 8.349502682685852051e-01
1.134000000000000000e+03 8.697382211685180664e-01
1.136000000000000000e+03 9.484189748764038086e-01
1.138000000000000000e+03 9.019462466239929199e-01
1.140000000000000000e+03 8.587995171546936035e-01
1.142000000000000000e+03 9.186754226684570312e-01
1.144000000000000000e+03 8.901279568672180176e-01
1.146000000000000000e+03 9.724825620651245117e-01
1.148000000000000000e+03 1.030150532722473145e+00
1.150000000000000000e+03 8.186566233634948730e-01
1.152000000000000000e+03 9.021541476249694824e-01
1.154000000000000000e+03 9.690555930137634277e-01
1.156000000000000000e+03 1.062554955482482910e+00
1.158000000000000000e+03 1.143817782402038574e+00
1.160000000000000000e+03 1.405488729476928711e+00
1.162000000000000000e+03 1.481447100639343262e+00
1.164000000000000000e+03 1.505381941795349121e+00
1.166000000000000000e+03 1.662907600402832031e+00
1.168000000000000000e+03 1.614098072052001953e+00
1.170000000000000000e+03 1.633605122566223145e+00
1.172000000000000000e+03 1.419385790824890137e+00
1.174000000000000000e+03 1.495119690895080566e+00
1.176000000000000000e+03 1.524059534072875977e+00
1.178000000000000000e+03 1.664525151252746582e+00
1.180000000000000000e+03 1.548766016960144043e+00
1.182000000000000000e+03 1.315832972526550293e+00
1.184000000000000000e+03 1.304872393608093262e+00
1.186000000000000000e+03 1.155165553092956543e+00
1.188000000000000000e+03 1.037767052650451660e+00
1.190000000000000000e+03 1.116019368171691895e+00
1.192000000000000000e+03 1.060270190238952637e+00
1.194000000000000000e+03 1.044842958450317383e+00
1.196000000000000000e+03 1.049657702445983887e+00
1.198000000000000000e+03 1.021667957305908203e+00
1.200000000000000000e+03 9.246693849563598633e-01
1.202000000000000000e+03 1.061044573783874512e+00
1.204000000000000000e+03 9.642753601074218750e-01
1.206000000000000000e+03 8.588379025459289551e-01
1.208000000000000000e+03 5.484899282455444336e-01
1.210000000000000000e+03 5.341304540634155273e-01
1.212000000000000000e+03 3.777883648872375488e-01
1.214000000000000000e+03 3.983988761901855469e-01
1.216000000000000000e+03 4.016031920909881592e-01
1.218000000000000000e+03 2.642438888549804688e+00
1.220000000000000000e+03 2.522976875305175781e+00
1.222000000000000000e+03 2.472037792205810547e+00
1.224000000000000000e+03 2.404170036315917969e+00
1.226000000000000000e+03 2.353094100952148438e+00
1.228000000000000000e+03 7.488684058189392090e-01
1.230000000000000000e+03 7.270222306251525879e-01
1.232000000000000000e+03 3.418174684047698975e-01
1.234000000000000000e+03 4.708055257797241211e-01
1.236000000000000000e+03 4.377481341361999512e-01
1.238000000000000000e+03 8.001598715782165527e-01
1.240000000000000000e+03 9.264704585075378418e-01
1.242000000000000000e+03 7.281223535537719727e-01
1.244000000000000000e+03 6.428058743476867676e-01
1.246000000000000000e+03 6.838709115982055664e-01
1.248000000000000000e+03 9.045491218566894531e-01
1.250000000000000000e+03 8.996108770370483398e-01
1.252000000000000000e+03 8.277530670166015625e-01
1.254000000000000000e+03 8.298794031143188477e-01
1.256000000000000000e+03 7.455963492393493652e-01
1.258000000000000000e+03 8.305674195289611816e-01
1.260000000000000000e+03 1.061598181724548340e+00
1.262000000000000000e+03 7.787948250770568848e-01
1.264000000000000000e+03 8.670396208763122559e-01
1.266000000000000000e+03 8.213769197463989258e-01
1.268000000000000000e+03 9.111081957817077637e-01
1.270000000000000000e+03 9.168269038200378418e-01
1.272000000000000000e+03 7.592890262603759766e-01
1.274000000000000000e+03 6.811630725860595703e-01
1.276000000000000000e+03 2.306505918502807617e+00
1.278000000000000000e+03 2.049629688262939453e+00
1.280000000000000000e+03 2.247647523880004883e+00
1.282000000000000000e+03 2.291695117950439453e+00
1.284000000000000000e+03 2.387947559356689453e+00
1.286000000000000000e+03 2.326036691665649414e+00
1.288000000000000000e+03 2.275725603103637695e+00
1.290000000000000000e+03 2.280800580978393555e+00
1.292000000000000000e+03 2.393288135528564453e+00
1.294000000000000000e+03 2.380962133407592773e+00
1.296000000000000000e+03 2.356236696243286133e+00
1.298000000000000000e+03 2.289845228195190430e+00
1.300000000000000000e+03 2.053786277770996094e+00
1.302000000000000000e+03 2.072455883026123047e+00
1.304000000000000000e+03 2.376164674758911133e+00
1.306000000000000000e+03 2.257453441619873047e+00
1.308000000000000000e+03 2.140472173690795898e+00
1.310000000000000000e+03 2.218880414962768555e+00
1.312000000000000000e+03 2.301597356796264648e+00
1.314000000000000000e+03 2.363298654556274414e+00
1.316000000000000000e+03 2.254055261611938477e+00
1.318000000000000000e+03 2.144837617874145508e+00
1.320000000000000000e+03 2.343033313751220703e+00
1.322000000000000000e+03 2.326584815979003906e+00
1.324000000000000000e+03 2.230195283889770508e+00
1.326000000000000000e+03 2.291965961456298828e+00
1.328000000000000000e+03 9.931538701057434082e-01
1.330000000000000000e+03 2.187172412872314453e+00
1.332000000000000000e+03 2.084719896316528320e+00
1.334000000000000000e+03 2.325334072113037109e+00
1.336000000000000000e+03 2.314501047134399414e+00
1.338000000000000000e+03 2.206689357757568359e+00
1.340000000000000000e+03 2.149702548980712891e+00
1.342000000000000000e+03 2.188350439071655273e+00
1.344000000000000000e+03 2.173608064651489258e+00
1.346000000000000000e+03 2.236560344696044922e+00
1.348000000000000000e+03 2.277329921722412109e+00
1.350000000000000000e+03 2.352263212203979492e+00
1.352000000000000000e+03 2.442246913909912109e+00
1.354000000000000000e+03 2.393076181411743164e+00
1.356000000000000000e+03 2.428973674774169922e+00
1.358000000000000000e+03 2.356293678283691406e+00
1.360000000000000000e+03 2.372522115707397461e+00
1.362000000000000000e+03 2.474268913269042969e+00
1.364000000000000000e+03 2.429278612136840820e+00
1.366000000000000000e+03 8.597444891929626465e-01
1.368000000000000000e+03 2.292881488800048828e+00
1.370000000000000000e+03 2.255170583724975586e+00
1.372000000000000000e+03 7.701535224914550781e-01
1.374000000000000000e+03 2.438512086868286133e+00
1.376000000000000000e+03 2.260405302047729492e+00
1.378000000000000000e+03 2.235355615615844727e+00
1.380000000000000000e+03 2.455465078353881836e+00
1.382000000000000000e+03 6.675724387168884277e-01
1.384000000000000000e+03 2.355154991149902344e+00
1.386000000000000000e+03 7.848588824272155762e-01
1.388000000000000000e+03 7.244628071784973145e-01
1.390000000000000000e+03 4.240208268165588379e-01
1.392000000000000000e+03 4.719487130641937256e-01
1.394000000000000000e+03 6.788032650947570801e-01
1.396000000000000000e+03 4.423756897449493408e-01
1.398000000000000000e+03 3.779554665088653564e-01
1.400000000000000000e+03 7.064821720123291016e-01
1.402000000000000000e+03 6.286833882331848145e-01
1.404000000000000000e+03 5.464757680892944336e-01
1.406000000000000000e+03 7.241887450218200684e-01
1.408000000000000000e+03 5.784621834754943848e-01
1.410000000000000000e+03 5.169842839241027832e-01
1.412000000000000000e+03 4.050751030445098877e-01
1.414000000000000000e+03 8.368161320686340332e-01
1.416000000000000000e+03 8.849729299545288086e-01
1.418000000000000000e+03 9.775922298431396484e-01
1.420000000000000000e+03 7.112551331520080566e-01
1.422000000000000000e+03 3.642115294933319092e-01
1.424000000000000000e+03 9.639608860015869141e-01
1.426000000000000000e+03 7.009344696998596191e-01
1.428000000000000000e+03 3.362018465995788574e-01
1.430000000000000000e+03 7.925403118133544922e-01
1.432000000000000000e+03 5.480335354804992676e-01
1.434000000000000000e+03 1.318208575248718262e+00
1.436000000000000000e+03 1.359446763992309570e+00
1.438000000000000000e+03 1.516929864883422852e+00
1.440000000000000000e+03 6.673859357833862305e-01
1.442000000000000000e+03 7.110862731933593750e-01
1.444000000000000000e+03 1.276841163635253906e+00
1.446000000000000000e+03 1.013367056846618652e+00
1.448000000000000000e+03 8.020175099372863770e-01
1.450000000000000000e+03 1.028853058815002441e+00
1.452000000000000000e+03 6.782144308090209961e-01
1.454000000000000000e+03 5.091644525527954102e-01
1.456000000000000000e+03 5.269283652305603027e-01
1.458000000000000000e+03 4.372428357601165771e-01
1.460000000000000000e+03 6.771026253700256348e-01
1.462000000000000000e+03 7.664916515350341797e-01
1.464000000000000000e+03 9.290893077850341797e-01
1.466000000000000000e+03 1.224330186843872070e+00
1.468000000000000000e+03 1.520419836044311523e+00
1.470000000000000000e+03 1.824386596679687500e+00
1.472000000000000000e+03 1.914951086044311523e+00
1.474000000000000000e+03 2.031957864761352539e+00
1.476000000000000000e+03 1.696825861930847168e+00
1.478000000000000000e+03 1.571598649024963379e+00
1.480000000000000000e+03 1.890150427818298340e+00
1.482000000000000000e+03 1.891084790229797363e+00
1.484000000000000000e+03 1.793227314949035645e+00
1.486000000000000000e+03 2.054498434066772461e+00
1.488000000000000000e+03 1.959909200668334961e+00
1.490000000000000000e+03 1.973310947418212891e+00
1.492000000000000000e+03 1.941437005996704102e+00
1.494000000000000000e+03 2.140817403793334961e+00
1.496000000000000000e+03 2.329847335815429688e+00
1.498000000000000000e+03 2.125739336013793945e+00
1.500000000000000000e+03 2.035555124282836914e+00
1.502000000000000000e+03 2.220596313476562500e+00
1.504000000000000000e+03 2.083789587020874023e+00
1.506000000000000000e+03 1.987814426422119141e+00
1.508000000000000000e+03 1.927187204360961914e+00
1.510000000000000000e+03 2.266231060028076172e+00
1.512000000000000000e+03 2.217272520065307617e+00
1.514000000000000000e+03 2.156286954879760742e+00
1.516000000000000000e+03 2.198725700378417969e+00
1.518000000000000000e+03 1.971108913421630859e+00
1.520000000000000000e+03 1.942779898643493652e+00
1.522000000000000000e+03 2.055500268936157227e+00
1.524000000000000000e+03 1.971658945083618164e+00
1.526000000000000000e+03 2.164005994796752930e+00
1.528000000000000000e+03 2.013550758361816406e+00
1.530000000000000000e+03 1.771414518356323242e+00
1.532000000000000000e+03 2.000880479812622070e+00
1.534000000000000000e+03 1.971619367599487305e+00
1.536000000000000000e+03 1.588532686233520508e+00
1.538000000000000000e+03 1.601734042167663574e+00
1.540000000000000000e+03 1.823579311370849609e+00
1.542000000000000000e+03 2.028173923492431641e+00
1.544000000000000000e+03 2.147883892059326172e+00
1.546000000000000000e+03 2.330468177795410156e+00
1.548000000000000000e+03 2.161657333374023438e+00
1.550000000000000000e+03 2.027679681777954102e+00
1.552000000000000000e+03 1.941661477088928223e+00
1.554000000000000000e+03 1.854522228240966797e+00
1.556000000000000000e+03 1.767123103141784668e+00
1.558000000000000000e+03 1.920586347579956055e+00
1.560000000000000000e+03 2.023975610733032227e+00
1.562000000000000000e+03 1.873596310615539551e+00
1.564000000000000000e+03 1.624456882476806641e+00
1.566000000000000000e+03 1.555589079856872559e+00
1.568000000000000000e+03 9.201014637947082520e-01
1.570000000000000000e+03 9.129229187965393066e-01
1.572000000000000000e+03 6.011637449264526367e-01
1.574000000000000000e+03 5.015867352485656738e-01
1.576000000000000000e+03 4.579755365848541260e-01
1.578000000000000000e+03 2.980845272541046143e-01
1.580000000000000000e+03 4.740762412548065186e-01
1.582000000000000000e+03 7.118204236030578613e-01
1.584000000000000000e+03 4.737057685852050781e-01
1.586000000000000000e+03 3.490406274795532227e-01
1.588000000000000000e+03 2.906319499015808105e-01
1.590000000000000000e+03 4.858479797840118408e-01
1.592000000000000000e+03 9.978771209716796875e-01
1.594000000000000000e+03 1.024939417839050293e+00
1.596000000000000000e+03 9.879141449928283691e-01
1.598000000000000000e+03 1.229983687400817871e+00
1.600000000000000000e+03 9.691840410232543945e-01
1.602000000000000000e+03 1.105423688888549805e+00
1.604000000000000000e+03 8.709886670112609863e-01
1.606000000000000000e+03 8.035551309585571289e-01
1.608000000000000000e+03 1.234957456588745117e+00
1.610000000000000000e+03 1.221832633018493652e+00
1.612000000000000000e+03 1.360280752182006836e+00
1.614000000000000000e+03 1.448391199111938477e+00
1.616000000000000000e+03 1.616420388221740723e+00
1.618000000000000000e+03 1.603566765785217285e+00
1.620000000000000000e+03 1.789200067520141602e+00
1.622000000000000000e+03 1.591891169548034668e+00
1.624000000000000000e+03 1.972846746444702148e+00
1.626000000000000000e+03 1.963263034820556641e+00
1.628000000000000000e+03 2.152806282043457031e+00
1.630000000000000000e+03 1.968179345130920410e+00
1.632000000000000000e+03 2.439896345138549805e+00
1.634000000000000000e+03 2.766478538513183594e+00
1.636000000000000000e+03 2.378619670867919922e+00
1.638000000000000000e+03 2.720711946487426758e+00
1.640000000000000000e+03 2.834532260894775391e+00
1.642000000000000000e+03 3.039574861526489258e+00
1.644000000000000000e+03 2.929096460342407227e+00
1.646000000000000000e+03 2.467118203639984131e-01
1.648000000000000000e+03 4.204223752021789551e-01
1.650000000000000000e+03 3.887445032596588135e-01
1.652000000000000000e+03 4.413272440433502197e-01
1.654000000000000000e+03 3.714045882225036621e-01
1.656000000000000000e+03 3.551897406578063965e-02
1.658000000000000000e+03 2.744455039501190186e-01
1.660000000000000000e+03 5.473467111587524414e-01
1.662000000000000000e+03 2.761056721210479736e-01
1.664000000000000000e+03 2.678111195564270020e-01
1.666000000000000000e+03 4.897655844688415527e-01
1.668000000000000000e+03 2.175033837556838989e-01
1.670000000000000000e+03 3.683414757251739502e-01
1.672000000000000000e+03 1.098265200853347778e-01
1.674000000000000000e+03 3.105679750442504883e-01
1.676000000000000000e+03 1.601315736770629883e-01
1.678000000000000000e+03 3.205704987049102783e-01
1.680000000000000000e+03 2.806836366653442383e+00
1.682000000000000000e+03 2.669157505035400391e+00
1.684000000000000000e+03 2.619499683380126953e+00
1.686000000000000000e+03 2.608562946319580078e+00
1.688000000000000000e+03 2.661597251892089844e+00
1.690000000000000000e+03 2.805598020553588867e+00
1.692000000000000000e+03 2.504570484161376953e+00
1.694000000000000000e+03 2.214576721191406250e+00
1.696000000000000000e+03 2.009721517562866211e+00
1.698000000000000000e+03 2.109623193740844727e+00
1.700000000000000000e+03 2.068497657775878906e+00
1.702000000000000000e+03 1.987068295478820801e+00
1.704000000000000000e+03 2.023149728775024414e+00
1.706000000000000000e+03 1.911385655403137207e+00
1.708000000000000000e+03 2.000919580459594727e+00
1.710000000000000000e+03 1.947970628738403320e+00
1.712000000000000000e+03 1.864846110343933105e+00
1.714000000000000000e+03 1.874358654022216797e+00
1.716000000000000000e+03 1.772645473480224609e+00
1.718000000000000000e+03 1.866675376892089844e+00
1.720000000000000000e+03 1.846205472946166992e+00
1.722000000000000000e+03 1.836102724075317383e+00
1.724000000000000000e+03 1.822864055633544922e+00
1.726000000000000000e+03 1.877946376800537109e+00
1.728000000000000000e+03 1.982774972915649414e+00
1.730000000000000000e+03 1.967252373695373535e+00
1.732000000000000000e+03 1.777722001075744629e+00
1.734000000000000000e+03 1.698848962783813477e+00
1.736000000000000000e+03 1.668808937072753906e+00
1.738000000000000000e+03 1.667542099952697754e+00
1.740000000000000000e+03 1.457638025283813477e+00
1.742000000000000000e+03 1.442067146301269531e+00
1.744000000000000000e+03 1.328585624694824219e+00
1.746000000000000000e+03 1.283144593238830566e+00
1.748000000000000000e+03 1.104202270507812500e+00
1.750000000000000000e+03 8.930153846740722656e-01
1.752000000000000000e+03 8.285577893257141113e-01
1.754000000000000000e+03 8.486487269401550293e-01
1.756000000000000000e+03 1.240234136581420898e+00
1.758000000000000000e+03 1.014910221099853516e+00
1.760000000000000000e+03 1.184719681739807129e+00
1.762000000000000000e+03 6.827888488769531250e-01
1.764000000000000000e+03 8.009893298149108887e-01
1.766000000000000000e+03 7.544219493865966797e-01
1.768000000000000000e+03 8.496230840682983398e-01
1.770000000000000000e+03 9.264314770698547363e-01
1.772000000000000000e+03 7.769337892532348633e-01
1.774000000000000000e+03 9.656676650047302246e-01
1.776000000000000000e+03 4.899430274963378906e-01
1.778000000000000000e+03 6.950888633728027344e-01
1.780000000000000000e+03 6.256548166275024414e-01
1.782000000000000000e+03 8.350993394851684570e-01
1.784000000000000000e+03 8.208810687065124512e-01
1.786000000000000000e+03 6.332656145095825195e-01
1.788000000000000000e+03 2.926003634929656982e-01
1.790000000000000000e+03 4.246956110000610352e-01
1.792000000000000000e+03 7.002742886543273926e-01
1.794000000000000000e+03 7.057099938392639160e-01
1.796000000000000000e+03 5.072212815284729004e-01
1.798000000000000000e+03 6.536023616790771484e-01
1.800000000000000000e+03 6.744100451469421387e-01
1.802000000000000000e+03 8.484922051429748535e-01
1.804000000000000000e+03 1.030258297920227051e+00
1.806000000000000000e+03 9.814283251762390137e-01
1.808000000000000000e+03 1.183191299438476562e+00
1.810000000000000000e+03 1.101250529289245605e+00
1.812000000000000000e+03 1.043305993080139160e+00
1.814000000000000000e+03 9.883630871772766113e-01
1.816000000000000000e+03 1.050184011459350586e+00
1.818000000000000000e+03 1.173761963844299316e+00
1.820000000000000000e+03 1.242191076278686523e+00
1.822000000000000000e+03 1.433317661285400391e+00
1.824000000000000000e+03 1.334069490432739258e+00
1.826000000000000000e+03 1.271223187446594238e+00
1.828000000000000000e+03 1.077112078666687012e+00
1.830000000000000000e+03 1.038048863410949707e+00
1.832000000000000000e+03 8.508830070495605469e-01
1.834000000000000000e+03 8.730563521385192871e-01
1.836000000000000000e+03 8.926457762718200684e-01
1.838000000000000000e+03 1.082828402519226074e+00
1.840000000000000000e+03 1.168725490570068359e+00
1.842000000000000000e+03 1.279552340507507324e+00
1.844000000000000000e+03 1.225008010864257812e+00
1.846000000000000000e+03 1.620082974433898926e+00
1.848000000000000000e+03 1.798931479454040527e+00
1.850000000000000000e+03 1.681321501731872559e+00
1.852000000000000000e+03 1.853959679603576660e+00
1.854000000000000000e+03 1.630948305130004883e+00
1.856000000000000000e+03 1.814952731132507324e+00
1.858000000000000000e+03 1.941655278205871582e+00
1.860000000000000000e+03 1.834988951683044434e+00
1.862000000000000000e+03 2.009869098663330078e+00
1.864000000000000000e+03 2.194148540496826172e+00
1.866000000000000000e+03 2.192564249038696289e+00
1.868000000000000000e+03 2.284565448760986328e+00
1.870000000000000000e+03 2.331879377365112305e+00
1.872000000000000000e+03 2.451226472854614258e+00
1.874000000000000000e+03 2.354333639144897461e+00
1.876000000000000000e+03 2.423942089080810547e+00
1.878000000000000000e+03 2.458762168884277344e+00
1.880000000000000000e+03 2.480387687683105469e+00
1.882000000000000000e+03 7.960517406463623047e-01
1.884000000000000000e+03 8.790456652641296387e-01
1.886000000000000000e+03 2.321429967880249023e+00
1.888000000000000000e+03 2.118471384048461914e+00
1.890000000000000000e+03 2.111798524856567383e+00
1.892000000000000000e+03 1.904854655265808105e+00
1.894000000000000000e+03 1.982514500617980957e+00
1.896000000000000000e+03 1.858223199844360352e+00
1.898000000000000000e+03 1.899553179740905762e+00
1.900000000000000000e+03 1.867662072181701660e+00
1.902000000000000000e+03 2.112560510635375977e+00
1.904000000000000000e+03 2.303121089935302734e+00
1.906000000000000000e+03 2.362910985946655273e+00
1.908000000000000000e+03 2.650146007537841797e+00
1.910000000000000000e+03 2.491653680801391602e+00
1.912000000000000000e+03 1.917651653289794922e+00
1.914000000000000000e+03 1.948867321014404297e+00
1.916000000000000000e+03 1.892629623413085938e+00
1.918000000000000000e+03 2.099798202514648438e+00
1.920000000000000000e+03 2.233650922775268555e+00
1.922000000000000000e+03 2.022035837173461914e+00
1.924000000000000000e+03 2.236556291580200195e+00
1.926000000000000000e+03 2.131792306900024414e+00
1.928000000000000000e+03 2.035888671875000000e+00
1.930000000000000000e+03 2.377357721328735352e+00
1.932000000000000000e+03 2.343266963958740234e+00
1.934000000000000000e+03 2.508321046829223633e+00
1.936000000000000000e+03 2.637381076812744141e+00
1.938000000000000000e+03 2.701132535934448242e+00
1.940000000000000000e+03 2.657441616058349609e+00
1.942000000000000000e+03 2.675408601760864258e+00
1.944000000000000000e+03 2.510654211044311523e+00
1.946000000000000000e+03 2.671381711959838867e+00
1.948000000000000000e+03 2.610577583312988281e+00
1.950000000000000000e+03 2.684144735336303711e+00
1.952000000000000000e+03 2.970134973526000977e+00
1.954000000000000000e+03 3.123011589050292969e+00
1.956000000000000000e+03 2.860856533050537109e+00
1.958000000000000000e+03 2.649742364883422852e+00
1.960000000000000000e+03 2.776595354080200195e+00
1.962000000000000000e+03 2.433872699737548828e+00
1.964000000000000000e+03 2.418322086334228516e+00
1.966000000000000000e+03 2.423119783401489258e+00
1.968000000000000000e+03 2.563145875930786133e+00
1.970000000000000000e+03 2.486386299133300781e+00
1.972000000000000000e+03 2.724349260330200195e+00
1.974000000000000000e+03 2.574810981750488281e+00
1.976000000000000000e+03 2.506637811660766602e+00
1.978000000000000000e+03 2.359331846237182617e+00
1.980000000000000000e+03 2.210511445999145508e+00
1.982000000000000000e+03 2.222899675369262695e+00
1.984000000000000000e+03 7.402406930923461914e-01
1.986000000000000000e+03 2.552833080291748047e+00
1.988000000000000000e+03 5.440422296524047852e-01
1.990000000000000000e+03 2.647975444793701172e+00
1.992000000000000000e+03 4.611805081367492676e-01
1.994000000000000000e+03 3.122963905334472656e-01
1.996000000000000000e+03 3.938541114330291748e-01
1.998000000000000000e+03 5.473860502243041992e-01
2.000000000000000000e+03 4.104152917861938477e-01
2.002000000000000000e+03 2.749501764774322510e-01
2.004000000000000000e+03 2.133321762084960938e-01
2.006000000000000000e+03 2.806137561798095703e+00
2.008000000000000000e+03 3.029378890991210938e+00
2.010000000000000000e+03 2.639739751815795898e+00
2.012000000000000000e+03 2.551865816116333008e+00
2.014000000000000000e+03 2.556614875793457031e+00
2.016000000000000000e+03 2.326922416687011719e+00
2.018000000000000000e+03 2.222651958465576172e+00
2.020000000000000000e+03 8.444615602493286133e-01
2.022000000000000000e+03 2.269330501556396484e+00
2.024000000000000000e+03 2.036427497863769531e+00
2.026000000000000000e+03 1.951352357864379883e+00
2.028000000000000000e+03 1.755640864372253418e+00
2.030000000000000000e+03 1.827006101608276367e+00
2.032000000000000000e+03 1.847647666931152344e+00
2.034000000000000000e+03 2.006906986236572266e+00
2.036000000000000000e+03 2.046738624572753906e+00
2.038000000000000000e+03 1.908062934875488281e+00
2.040000000000000000e+03 1.905917406082153320e+00
2.042000000000000000e+03 1.775995612144470215e+00
2.044000000000000000e+03 1.713972449302673340e+00
2.046000000000000000e+03 1.599282503128051758e+00
2.048000000000000000e+03 1.672539591789245605e+00
2.050000000000000000e+03 1.834742188453674316e+00
2.052000000000000000e+03 1.835189342498779297e+00
2.054000000000000000e+03 1.744035005569458008e+00
2.056000000000000000e+03 1.814885973930358887e+00
2.058000000000000000e+03 1.997616529464721680e+00
2.060000000000000000e+03 2.051274061203002930e+00
2.062000000000000000e+03 1.874104857444763184e+00
2.064000000000000000e+03 1.811469316482543945e+00
2.066000000000000000e+03 1.724377155303955078e+00
2.068000000000000000e+03 1.765765070915222168e+00
2.070000000000000000e+03 1.778425216674804688e+00
2.072000000000000000e+03 1.751014232635498047e+00
2.074000000000000000e+03 1.835887551307678223e+00
2.076000000000000000e+03 1.828177452087402344e+00
2.078000000000000000e+03 1.777414679527282715e+00
2.080000000000000000e+03 2.010946989059448242e+00
2.082000000000000000e+03 2.175014734268188477e+00
2.084000000000000000e+03 2.057408332824707031e+00
2.086000000000000000e+03 2.086809158325195312e+00
2.088000000000000000e+03 2.161825656890869141e+00
2.090000000000000000e+03 1.996018767356872559e+00
2.092000000000000000e+03 2.111084461212158203e+00
2.094000000000000000e+03 2.206188678741455078e+00
2.096000000000000000e+03 2.057095527648925781e+00
2.098000000000000000e+03 1.898588061332702637e+00
2.100000000000000000e+03 1.782748103141784668e+00
2.102000000000000000e+03 1.788233399391174316e+00
2.104000000000000000e+03 2.028828382492065430e+00
2.106000000000000000e+03 2.031076669692993164e+00
2.108000000000000000e+03 1.969780087471008301e+00
2.110000000000000000e+03 2.134608268737792969e+00
2.112000000000000000e+03 1.778418064117431641e+00
2.114000000000000000e+03 1.801612377166748047e+00
2.116000000000000000e+03 1.879977345466613770e+00
2.118000000000000000e+03 1.854407072067260742e+00
2.120000000000000000e+03 1.658238887786865234e+00
2.122000000000000000e+03 1.784047961235046387e+00
2.124000000000000000e+03 1.903036117553710938e+00
2.126000000000000000e+03 2.133380889892578125e+00
2.128000000000000000e+03 2.351451396942138672e+00
2.130000000000000000e+03 2.396628618240356445e+00
2.132000000000000000e+03 2.231497526168823242e+00
2.134000000000000000e+03 1.718971133232116699e+00
2.136000000000000000e+03 1.670372247695922852e+00
2.138000000000000000e+03 1.375637292861938477e+00
2.140000000000000000e+03 1.475245118141174316e+00
2.142000000000000000e+03 1.501765489578247070e+00
2.144000000000000000e+03 1.407021045684814453e+00
2.146000000000000000e+03 1.477561473846435547e+00
2.148000000000000000e+03 1.257904410362243652e+00
2.150000000000000000e+03 1.348813295364379883e+00
2.152000000000000000e+03 1.480911493301391602e+00
2.154000000000000000e+03 1.448306322097778320e+00
2.156000000000000000e+03 1.511021137237548828e+00
2.158000000000000000e+03 1.542142629623413086e+00
2.160000000000000000e+03 1.618263363838195801e+00
2.162000000000000000e+03 1.675990223884582520e+00
2.164000000000000000e+03 1.504844665527343750e+00
2.166000000000000000e+03 1.143107891082763672e+00
2.168000000000000000e+03 1.187260985374450684e+00
2.170000000000000000e+03 1.096767663955688477e+00
2.172000000000000000e+03 1.118205070495605469e+00
2.174000000000000000e+03 1.155936241149902344e+00
2.176000000000000000e+03 1.060742259025573730e+00
2.178000000000000000e+03 1.182964801788330078e+00
2.180000000000000000e+03 1.211809873580932617e+00
2.182000000000000000e+03 1.210705757141113281e+00
2.184000000000000000e+03 1.396864414215087891e+00
2.186000000000000000e+03 1.308381915092468262e+00
2.188000000000000000e+03 1.458774328231811523e+00
2.190000000000000000e+03 1.409147500991821289e+00
2.192000000000000000e+03 1.428623914718627930e+00
2.194000000000000000e+03 1.464894533157348633e+00
2.196000000000000000e+03 1.531452178955078125e+00
2.198000000000000000e+03 1.655012369155883789e+00
2.200000000000000000e+03 1.922655701637268066e+00
2.202000000000000000e+03 1.965760827064514160e+00
2.204000000000000000e+03 1.909657001495361328e+00
2.206000000000000000e+03 1.941681623458862305e+00
2.208000000000000000e+03 2.044609069824218750e+00
2.210000000000000000e+03 2.235398292541503906e+00
2.212000000000000000e+03 2.141577959060668945e+00
2.214000000000000000e+03 1.992969751358032227e+00
2.216000000000000000e+03 2.173466920852661133e+00
2.218000000000000000e+03 2.055831432342529297e+00
2.220000000000000000e+03 2.064625501632690430e+00
2.222000000000000000e+03 2.045597791671752930e+00
2.224000000000000000e+03 2.273595333099365234e+00
2.226000000000000000e+03 2.240972995758056641e+00
2.228000000000000000e+03 2.049702405929565430e+00
2.230000000000000000e+03 2.118831157684326172e+00
2.232000000000000000e+03 2.158232927322387695e+00
2.234000000000000000e+03 2.006152629852294922e+00
2.236000000000000000e+03 1.679220318794250488e+00
2.238000000000000000e+03 1.546684980392456055e+00
2.240000000000000000e+03 1.528369784355163574e+00
2.242000000000000000e+03 1.391377568244934082e+00
2.244000000000000000e+03 1.307733893394470215e+00
2.246000000000000000e+03 1.353763103485107422e+00
2.248000000000000000e+03 1.481468558311462402e+00
2.250000000000000000e+03 1.488215446472167969e+00
2.252000000000000000e+03 1.519163727760314941e+00
2.254000000000000000e+03 1.555265426635742188e+00
2.256000000000000000e+03 1.599181294441223145e+00
2.258000000000000000e+03 1.576280951499938965e+00
2.260000000000000000e+03 1.399291276931762695e+00
2.262000000000000000e+03 1.094966411590576172e+00
2.264000000000000000e+03 9.467084407806396484e-01
2.266000000000000000e+03 7.393959760665893555e-01
2.268000000000000000e+03 9.420353174209594727e-01
2.270000000000000000e+03 7.839360833168029785e-01
2.272000000000000000e+03 7.131992578506469727e-01
2.274000000000000000e+03 6.359397172927856445e-01
2.276000000000000000e+03 8.918927907943725586e-01
2.278000000000000000e+03 9.580943584442138672e-01
2.280000000000000000e+03 8.112419843673706055e-01
2.282000000000000000e+03 9.854102134704589844e-01
2.284000000000000000e+03 1.012682676315307617e+00
2.286000000000000000e+03 1.095301747322082520e+00
2.288000000000000000e+03 1.014450311660766602e+00
2.290000000000000000e+03 1.241841793060302734e+00
2.292000000000000000e+03 1.167727231979370117e+00
2.294000000000000000e+03 1.389548659324645996e+00
2.296000000000000000e+03 1.407774806022644043e+00
2.298000000000000000e+03 1.489196062088012695e+00
2.300000000000000000e+03 1.112896203994750977e+00
2.302000000000000000e+03 9.819933772087097168e-01
2.304000000000000000e+03 1.008254885673522949e+00
2.306000000000000000e+03 1.185447096824645996e+00
2.308000000000000000e+03 1.193937420845031738e+00
2.310000000000000000e+03 1.366015434265136719e+00
2.312000000000000000e+03 1.452574491500854492e+00
2.314000000000000000e+03 1.695648908615112305e+00
2.316000000000000000e+03 1.621845006942749023e+00
2.318000000000000000e+03 1.611404538154602051e+00
2.320000000000000000e+03 1.596436977386474609e+00
2.322000000000000000e+03 1.559336304664611816e+00
2.324000000000000000e+03 1.791685938835144043e+00
2.326000000000000000e+03 1.567250609397888184e+00
2.328000000000000000e+03 1.289464950561523438e+00
2.330000000000000000e+03 1.257171630859375000e+00
2.332000000000000000e+03 9.737363457679748535e-01
2.334000000000000000e+03 1.411180615425109863e+00
2.336000000000000000e+03 1.309491753578186035e+00
2.338000000000000000e+03 1.045814275741577148e+00
2.340000000000000000e+03 7.067741751670837402e-01
2.342000000000000000e+03 5.995442867279052734e-01
2.344000000000000000e+03 6.104962825775146484e-01
2.346000000000000000e+03 7.916687726974487305e-01
2.348000000000000000e+03 9.113840460777282715e-01
2.350000000000000000e+03 8.818268179893493652e-01
2.352000000000000000e+03 2.280991792678833008e+00
2.354000000000000000e+03 2.185168504714965820e+00
2.356000000000000000e+03 8.937119841575622559e-01
2.358000000000000000e+03 8.764646649360656738e-01
2.360000000000000000e+03 8.001496195793151855e-01
2.362000000000000000e+03 8.085313439369201660e-01
2.364000000000000000e+03 8.479296565055847168e-01
2.366000000000000000e+03 2.504814863204956055e+00
2.368000000000000000e+03 5.628700852394104004e-01
2.370000000000000000e+03 6.131030321121215820e-01
2.372000000000000000e+03 2.437886953353881836e+00
2.374000000000000000e+03 2.361304283142089844e+00
2.376000000000000000e+03 2.219852209091186523e+00
2.378000000000000000e+03 2.344417810440063477e+00
2.380000000000000000e+03 2.359168052673339844e+00
2.382000000000000000e+03 2.482370138168334961e+00
2.384000000000000000e+03 2.918858051300048828e+00
2.386000000000000000e+03 2.845822334289550781e+00
2.388000000000000000e+03 2.803901433944702148e+00
2.390000000000000000e+03 2.643600225448608398e+00
2.392000000000000000e+03 2.933573246002197266e+00
2.394000000000000000e+03 2.827784061431884766e+00
2.396000000000000000e+03 2.781004667282104492e+00
2.398000000000000000e+03 2.557507991790771484e+00
2.400000000000000000e+03 2.750154018402099609e+00
2.402000000000000000e+03 2.593196868896484375e+00
2.404000000000000000e+03 1.741455078125000000e+00
2.406000000000000000e+03 2.441219568252563477e+00
2.408000000000000000e+03 1.974094271659851074e+00
2.410000000000000000e+03 1.501263499259948730e+00
2.412000000000000000e+03 1.011442661285400391e+00
2.414000000000000000e+03 9.952930212020874023e-01
2.416000000000000000e+03 1.455438375473022461e+00
2.418000000000000000e+03 1.173609733581542969e+00
2.420000000000000000e+03 1.415253400802612305e+00
2.422000000000000000e+03 1.342460155487060547e+00
2.424000000000000000e+03 2.013333082199096680e+00
2.426000000000000000e+03 1.597073078155517578e+00
2.428000000000000000e+03 1.069113135337829590e+00
2.430000000000000000e+03 1.541995286941528320e+00
2.432000000000000000e+03 1.040662288665771484e+00
2.434000000000000000e+03 6.531704664230346680e-01
2.436000000000000000e+03 7.462553977966308594e-01
2.438000000000000000e+03 5.329478979110717773e-01
2.440000000000000000e+03 5.100287199020385742e-01
2.442000000000000000e+03 2.074101120233535767e-01
2.444000000000000000e+03 1.087783128023147583e-01
2.446000000000000000e+03 1.515367478132247925e-01
2.448000000000000000e+03 3.040198385715484619e-01
2.450000000000000000e+03 5.815905928611755371e-01
2.452000000000000000e+03 4.307783246040344238e-01
2.454000000000000000e+03 3.472282290458679199e-01
2.456000000000000000e+03 5.763305425643920898e-01
2.458000000000000000e+03 1.357011348009109497e-01
2.460000000000000000e+03 5.838703513145446777e-01
2.462000000000000000e+03 7.155951261520385742e-01
2.464000000000000000e+03 6.960904598236083984e-01
2.466000000000000000e+03 5.586574673652648926e-01
2.468000000000000000e+03 6.411561965942382812e-01
2.470000000000000000e+03 5.250412225723266602e-01
2.472000000000000000e+03 5.384569168090820312e-01
2.474000000000000000e+03 5.904535055160522461e-01
2.476000000000000000e+03 5.224836468696594238e-01
2.478000000000000000e+03 6.353024244308471680e-01
2.480000000000000000e+03 1.028908014297485352e+00
2.482000000000000000e+03 1.058292150497436523e+00
2.484000000000000000e+03 6.740583181381225586e-01
2.486000000000000000e+03 8.401943445205688477e-01
2.488000000000000000e+03 8.123051524162292480e-01
2.490000000000000000e+03 1.185981869697570801e+00
2.492000000000000000e+03 1.139677762985229492e+00
2.494000000000000000e+03 1.192373871803283691e+00
2.496000000000000000e+03 1.282759785652160645e+00
2.498000000000000000e+03 1.439801335334777832e+00
2.500000000000000000e+03 1.325005173683166504e+00
2.502000000000000000e+03 1.253673076629638672e+00
2.504000000000000000e+03 1.296598315238952637e+00
2.506000000000000000e+03 1.241038680076599121e+00
2.508000000000000000e+03 1.216592788696289062e+00
2.510000000000000000e+03 1.311728835105895996e+00
2.512000000000000000e+03 1.021952867507934570e+00
2.514000000000000000e+03 1.078755259513854980e+00
2.516000000000000000e+03 7.740792036056518555e-01
2.518000000000000000e+03 1.090411067008972168e+00
2.520000000000000000e+03 1.397132396697998047e+00
2.522000000000000000e+03 1.410819411277770996e+00
2.524000000000000000e+03 1.621597409248352051e+00
2.526000000000000000e+03 1.429859519004821777e+00
2.528000000000000000e+03 1.161715745925903320e+00
2.530000000000000000e+03 1.065875649452209473e+00
2.532000000000000000e+03 9.251940250396728516e-01
2.534000000000000000e+03 1.067616581916809082e+00
2.536000000000000000e+03 1.067986607551574707e+00
2.538000000000000000e+03 1.128682851791381836e+00
2.540000000000000000e+03 1.092019796371459961e+00
2.542000000000000000e+03 1.106567621231079102e+00
2.544000000000000000e+03 1.035967350006103516e+00
2.546000000000000000e+03 8.920595049858093262e-01
2.548000000000000000e+03 1.135639429092407227e+00
2.550000000000000000e+03 9.119170904159545898e-01
2.552000000000000000e+03 8.480393290519714355e-01
2.554000000000000000e+03 7.085837721824645996e-01
2.556000000000000000e+03 8.815150856971740723e-01
2.558000000000000000e+03 9.217041134834289551e-01
2.560000000000000000e+03 8.460998535156250000e-01
2.562000000000000000e+03 1.106106162071228027e+00
2.564000000000000000e+03 9.365524649620056152e-01
2.566000000000000000e+03 8.753502368927001953e-01
2.568000000000000000e+03 9.419500231742858887e-01
2.570000000000000000e+03 9.839914441108703613e-01
2.572000000000000000e+03 9.593524336814880371e-01
2.574000000000000000e+03 9.814804792404174805e-01
2.576000000000000000e+03 1.082822561264038086e+00
2.578000000000000000e+03 9.479719400405883789e-01
2.580000000000000000e+03 1.162734389305114746e+00
2.582000000000000000e+03 1.042490363121032715e+00
2.584000000000000000e+03 1.340485334396362305e+00
2.586000000000000000e+03 1.235196948051452637e+00
2.588000000000000000e+03 1.553500056266784668e+00
2.590000000000000000e+03 1.665658354759216309e+00
2.592000000000000000e+03 1.680349826812744141e+00
2.594000000000000000e+03 1.408080816268920898e+00
2.596000000000000000e+03 1.227564692497253418e+00
2.598000000000000000e+03 1.698241114616394043e+00
2.600000000000000000e+03 1.778975248336791992e+00
2.602000000000000000e+03 1.765040755271911621e+00
2.604000000000000000e+03 1.391791105270385742e+00
2.606000000000000000e+03 1.285711646080017090e+00
2.608000000000000000e+03 9.453024864196777344e-01
2.610000000000000000e+03 1.132581591606140137e+00
2.612000000000000000e+03 1.296338319778442383e+00
2.614000000000000000e+03 1.398571133613586426e+00
2.616000000000000000e+03 1.563068509101867676e+00
2.618000000000000000e+03 1.376552581787109375e+00
2.620000000000000000e+03 1.517775177955627441e+00
2.622000000000000000e+03 1.276611924171447754e+00
2.624000000000000000e+03 1.748583793640136719e+00
2.626000000000000000e+03 1.883447647094726562e+00
2.628000000000000000e+03 1.756198883056640625e+00
2.630000000000000000e+03 1.911422252655029297e+00
2.632000000000000000e+03 1.496218323707580566e+00
2.634000000000000000e+03 1.338891625404357910e+00
2.636000000000000000e+03 9.076054096221923828e-01
2.638000000000000000e+03 7.925391197204589844e-01
2.640000000000000000e+03 7.142714262008666992e-01
2.642000000000000000e+03 5.567557811737060547e-01
2.644000000000000000e+03 2.562789201736450195e+00
2.646000000000000000e+03 2.451978921890258789e+00
2.648000000000000000e+03 7.965955138206481934e-01
2.650000000000000000e+03 7.612609863281250000e-01
2.652000000000000000e+03 8.782125711441040039e-01
2.654000000000000000e+03 9.495543837547302246e-01
2.656000000000000000e+03 1.119851350784301758e+00
2.658000000000000000e+03 1.336747169494628906e+00
2.660000000000000000e+03 1.134823322296142578e+00
2.662000000000000000e+03 1.204466342926025391e+00
2.664000000000000000e+03 1.584572553634643555e+00
2.666000000000000000e+03 1.514265298843383789e+00
2.668000000000000000e+03 1.732128262519836426e+00
2.670000000000000000e+03 1.417576551437377930e+00
2.672000000000000000e+03 1.368530631065368652e+00
2.674000000000000000e+03 1.224887967109680176e+00
2.676000000000000000e+03 1.438406109809875488e+00
2.678000000000000000e+03 1.439263463020324707e+00
2.680000000000000000e+03 1.446625471115112305e+00
2.682000000000000000e+03 1.593746662139892578e+00
2.684000000000000000e+03 1.648653268814086914e+00
2.686000000000000000e+03 1.581014752388000488e+00
2.688000000000000000e+03 1.549969315528869629e+00
2.690000000000000000e+03 1.202838420867919922e+00
2.692000000000000000e+03 1.121757626533508301e+00
2.694000000000000000e+03 1.181426405906677246e+00
2.696000000000000000e+03 1.089109778404235840e+00
2.698000000000000000e+03 1.174594044685363770e+00
2.700000000000000000e+03 1.096608042716979980e+00
2.702000000000000000e+03 1.090647101402282715e+00
2.704000000000000000e+03 1.202318191528320312e+00
2.706000000000000000e+03 1.271827697753906250e+00
2.708000000000000000e+03 1.258721947669982910e+00
2.710000000000000000e+03 1.393191933631896973e+00
2.712000000000000000e+03 1.310401916503906250e+00
2.714000000000000000e+03 1.354742288589477539e+00
2.716000000000000000e+03 1.328239917755126953e+00
2.718000000000000000e+03 1.155496835708618164e+00
2.720000000000000000e+03 1.117165088653564453e+00
2.722000000000000000e+03 1.164264917373657227e+00
2.724000000000000000e+03 1.220149278640747070e+00
2.726000000000000000e+03 1.182925462722778320e+00
2.728000000000000000e+03 9.690225124359130859e-01
2.730000000000000000e+03 9.419993758201599121e-01
2.732000000000000000e+03 1.048848509788513184e+00
2.734000000000000000e+03 1.181664109230041504e+00
2.736000000000000000e+03 1.385620951652526855e+00
2.738000000000000000e+03 1.536983251571655273e+00
2.740000000000000000e+03 1.513666749000549316e+00
2.742000000000000000e+03 1.324753046035766602e+00
2.744000000000000000e+03 1.373143792152404785e+00
2.746000000000000000e+03 1.372613191604614258e+00
2.748000000000000000e+03 1.493034839630126953e+00
2.750000000000000000e+03 1.467428326606750488e+00
2.752000000000000000e+03 1.347858071327209473e+00
2.754000000000000000e+03 1.194718837738037109e+00
2.756000000000000000e+03 1.083223700523376465e+00
2.758000000000000000e+03 1.067980408668518066e+00
2.760000000000000000e+03 1.190201401710510254e+00
2.762000000000000000e+03 1.274572372436523438e+00
2.764000000000000000e+03 1.408214807510375977e+00
2.766000000000000000e+03 1.319029808044433594e+00
2.768000000000000000e+03 1.401904940605163574e+00
2.770000000000000000e+03 1.202366113662719727e+00
2.772000000000000000e+03 1.216843366622924805e+00
2.774000000000000000e+03 1.242441654205322266e+00
2.776000000000000000e+03 1.301123023033142090e+00
2.778000000000000000e+03 1.204102635383605957e+00
2.780000000000000000e+03 1.218120217323303223e+00
2.782000000000000000e+03 1.466254591941833496e+00
2.784000000000000000e+03 1.382058620452880859e+00
2.786000000000000000e+03 1.505429267883300781e+00
2.788000000000000000e+03 1.510161042213439941e+00
2.790000000000000000e+03 1.417391777038574219e+00
2.792000000000000000e+03 1.214442849159240723e+00
2.794000000000000000e+03 1.303976893424987793e+00
2.796000000000000000e+03 1.252211093902587891e+00
2.798000000000000000e+03 1.567741632461547852e+00
2.800000000000000000e+03 1.426529169082641602e+00
2.802000000000000000e+03 9.581989645957946777e-01
2.804000000000000000e+03 1.320434093475341797e+00
2.806000000000000000e+03 1.403768301010131836e+00
2.808000000000000000e+03 1.481502294540405273e+00
2.810000000000000000e+03 1.241027355194091797e+00
2.812000000000000000e+03 1.060432672500610352e+00
2.814000000000000000e+03 1.235708236694335938e+00
2.816000000000000000e+03 1.314729094505310059e+00
2.818000000000000000e+03 1.170027613639831543e+00
2.820000000000000000e+03 1.224693298339843750e+00
2.822000000000000000e+03 1.294348835945129395e+00
2.824000000000000000e+03 1.184149384498596191e+00
2.826000000000000000e+03 1.110939621925354004e+00
2.828000000000000000e+03 1.059617400169372559e+00
2.830000000000000000e+03 7.071982026100158691e-01
2.832000000000000000e+03 5.443134903907775879e-01
2.834000000000000000e+03 5.846787095069885254e-01
2.836000000000000000e+03 7.092312574386596680e-01
2.838000000000000000e+03 8.462018370628356934e-01
2.840000000000000000e+03 7.321492433547973633e-01
2.842000000000000000e+03 6.634890437126159668e-01
2.844000000000000000e+03 8.187206983566284180e-01
2.846000000000000000e+03 2.526076734066009521e-01
2.848000000000000000e+03 1.916496902704238892e-01
2.850000000000000000e+03 2.865511476993560791e-01
2.852000000000000000e+03 3.857906460762023926e-01
2.854000000000000000e+03 5.498491525650024414e-01
2.856000000000000000e+03 4.390021264553070068e-01
2.858000000000000000e+03 4.006036221981048584e-01
2.860000000000000000e+03 6.653256416320800781e-01
2.862000000000000000e+03 7.257884740829467773e-01
2.864000000000000000e+03 4.136476516723632812e-01
2.866000000000000000e+03 2.529413402080535889e-01
2.868000000000000000e+03 3.948548138141632080e-01
2.870000000000000000e+03 4.698647558689117432e-01
2.872000000000000000e+03 2.558953285217285156e+00
2.874000000000000000e+03 2.444173336029052734e+00
2.876000000000000000e+03 2.403940439224243164e+00
2.878000000000000000e+03 2.450899124145507812e+00
2.880000000000000000e+03 7.004660964012145996e-01
2.882000000000000000e+03 2.557527780532836914e+00
2.884000000000000000e+03 2.437868118286132812e+00
2.886000000000000000e+03 2.353446006774902344e+00
2.888000000000000000e+03 2.219258069992065430e+00
2.890000000000000000e+03 2.178537607192993164e+00
2.892000000000000000e+03 2.282679080963134766e+00
2.894000000000000000e+03 2.313488960266113281e+00
2.896000000000000000e+03 2.289807558059692383e+00
2.898000000000000000e+03 2.333904981613159180e+00
2.900000000000000000e+03 2.100621700286865234e+00
2.902000000000000000e+03 2.061746120452880859e+00
2.904000000000000000e+03 2.010679960250854492e+00
2.906000000000000000e+03 2.503049850463867188e+00
2.908000000000000000e+03 1.964700579643249512e+00
2.910000000000000000e+03 2.433275222778320312e+00
2.912000000000000000e+03 2.634266853332519531e+00
2.914000000000000000e+03 2.592584609985351562e+00
2.916000000000000000e+03 2.499638557434082031e+00
2.918000000000000000e+03 2.493978738784790039e+00
2.920000000000000000e+03 2.578437089920043945e+00
2.922000000000000000e+03 2.720876455307006836e+00
2.924000000000000000e+03 2.963470697402954102e+00
2.926000000000000000e+03 2.986190557479858398e+00
2.928000000000000000e+03 2.952747106552124023e+00
2.930000000000000000e+03 2.949596881866455078e+00
2.932000000000000000e+03 3.238565325736999512e-01
2.934000000000000000e+03 4.517417550086975098e-01
2.936000000000000000e+03 2.427442789077758789e+00
2.938000000000000000e+03 2.433445930480957031e+00
2.940000000000000000e+03 7.431014776229858398e-01
2.942000000000000000e+03 7.262195944786071777e-01
2.944000000000000000e+03 9.279319643974304199e-01
2.946000000000000000e+03 1.147872686386108398e+00
2.948000000000000000e+03 1.337566256523132324e+00
2.950000000000000000e+03 1.401632666587829590e+00
2.952000000000000000e+03 1.458519339561462402e+00
2.954000000000000000e+03 1.497829437255859375e+00
2.956000000000000000e+03 1.203761935234069824e+00
2.958000000000000000e+03 1.161034226417541504e+00
2.960000000000000000e+03 1.043648600578308105e+00
2.962000000000000000e+03 8.284704089164733887e-01
2.964000000000000000e+03 2.346077442169189453e+00
2.966000000000000000e+03 9.198026657104492188e-01
2.968000000000000000e+03 8.623282313346862793e-01
2.970000000000000000e+03 2.222037076950073242e+00
2.972000000000000000e+03 2.227500915527343750e+00
2.974000000000000000e+03 2.278677940368652344e+00
2.976000000000000000e+03 9.372622966766357422e-01
2.978000000000000000e+03 9.553191065788269043e-01
2.980000000000000000e+03 9.845865964889526367e-01
2.982000000000000000e+03 2.347614288330078125e+00
2.984000000000000000e+03 2.156698942184448242e+00
2.986000000000000000e+03 9.169795513153076172e-01
2.988000000000000000e+03 8.688578605651855469e-01
2.990000000000000000e+03 8.927571177482604980e-01
2.992000000000000000e+03 9.804041981697082520e-01
2.994000000000000000e+03 9.324621558189392090e-01
2.996000000000000000e+03 8.785797953605651855e-01
2.998000000000000000e+03 2.316147804260253906e+00
3.000000000000000000e+03 2.275182723999023438e+00
3.002000000000000000e+03 8.974751830101013184e-01
3.004000000000000000e+03 8.857933282852172852e-01
3.006000000000000000e+03 9.377728104591369629e-01
3.008000000000000000e+03 9.570677280426025391e-01
3.010000000000000000e+03 1.232116699218750000e+00
3.012000000000000000e+03 1.168402910232543945e+00
3.014000000000000000e+03 1.263229131698608398e+00
3.016000000000000000e+03 8.976509571075439453e-01
3.018000000000000000e+03 8.082175850868225098e-01
3.020000000000000000e+03 8.344414830207824707e-01
3.022000000000000000e+03 6.790119409561157227e-01
3.024000000000000000e+03 3.583317995071411133e-01
3.026000000000000000e+03 2.516362667083740234e-01
3.028000000000000000e+03 3.710331320762634277e-01
3.030000000000000000e+03 1.635940968990325928e-01
3.032000000000000000e+03 1.576904356479644775e-01
3.034000000000000000e+03 3.799510598182678223e-01
3.036000000000000000e+03 3.407482206821441650e-01
3.038000000000000000e+03 2.841015160083770752e-01
3.040000000000000000e+03 2.684598445892333984e+00
3.042000000000000000e+03 2.514258861541748047e+00
3.044000000000000000e+03 2.293063879013061523e+00
3.046000000000000000e+03 2.281378746032714844e+00
3.048000000000000000e+03 2.206279039382934570e+00
3.050000000000000000e+03 2.184373855590820312e+00
3.052000000000000000e+03 2.136479377746582031e+00
3.054000000000000000e+03 2.106884241104125977e+00
3.056000000000000000e+03 1.980157494544982910e+00
3.058000000000000000e+03 1.960793018341064453e+00
3.060000000000000000e+03 1.919530153274536133e+00
3.062000000000000000e+03 1.809597134590148926e+00
3.064000000000000000e+03 1.838277816772460938e+00
3.066000000000000000e+03 2.012511968612670898e+00
3.068000000000000000e+03 2.041907310485839844e+00
3.070000000000000000e+03 2.080796957015991211e+00
3.072000000000000000e+03 2.209561586380004883e+00
3.074000000000000000e+03 2.109465837478637695e+00
3.076000000000000000e+03 2.137186765670776367e+00
3.078000000000000000e+03 2.075732946395874023e+00
3.080000000000000000e+03 2.390258550643920898e+00
3.082000000000000000e+03 2.867297887802124023e+00
3.084000000000000000e+03 2.742532491683959961e+00
3.086000000000000000e+03 2.697391510009765625e+00
3.088000000000000000e+03 2.789526700973510742e+00
3.090000000000000000e+03 2.587726354598999023e+00
3.092000000000000000e+03 2.453318357467651367e+00
3.094000000000000000e+03 2.335395574569702148e+00
3.096000000000000000e+03 2.226481676101684570e+00
3.098000000000000000e+03 2.261599779129028320e+00
3.100000000000000000e+03 2.361389636993408203e+00
3.102000000000000000e+03 2.299034595489501953e+00
3.104000000000000000e+03 2.317911148071289062e+00
3.106000000000000000e+03 2.692719697952270508e+00
3.108000000000000000e+03 2.749112844467163086e+00
3.110000000000000000e+03 2.955380439758300781e+00
3.112000000000000000e+03 3.042335033416748047e+00
3.114000000000000000e+03 1.906775832176208496e-01
3.116000000000000000e+03 5.293092727661132812e-01
3.118000000000000000e+03 8.236929178237915039e-01
3.120000000000000000e+03 7.097542881965637207e-01
3.122000000000000000e+03 8.499450683593750000e-01
3.124000000000000000e+03 8.161549568176269531e-01
3.126000000000000000e+03 9.882330298423767090e-01
3.128000000000000000e+03 1.860482573509216309e+00
3.130000000000000000e+03 2.043243169784545898e+00
3.132000000000000000e+03 1.942533016204833984e+00
3.134000000000000000e+03 2.134802103042602539e+00
3.136000000000000000e+03 2.202056884765625000e+00
3.138000000000000000e+03 2.195191144943237305e+00
3.140000000000000000e+03 2.087928295135498047e+00
3.142000000000000000e+03 1.868294954299926758e+00
3.144000000000000000e+03 1.797048330307006836e+00
3.146000000000000000e+03 2.022715330123901367e+00
3.148000000000000000e+03 2.022886037826538086e+00
3.150000000000000000e+03 2.135850429534912109e+00
3.152000000000000000e+03 2.079574823379516602e+00
3.154000000000000000e+03 2.022849082946777344e+00
3.156000000000000000e+03 1.994167804718017578e+00
3.158000000000000000e+03 2.067949295043945312e+00
3.160000000000000000e+03 1.969832301139831543e+00
3.162000000000000000e+03 1.983554959297180176e+00
3.164000000000000000e+03 1.857641816139221191e+00
3.166000000000000000e+03 1.635242462158203125e+00
3.168000000000000000e+03 1.721048593521118164e+00
3.170000000000000000e+03 1.363296389579772949e+00
3.172000000000000000e+03 1.434549808502197266e+00
3.174000000000000000e+03 1.593780755996704102e+00
3.176000000000000000e+03 1.625390172004699707e+00
3.178000000000000000e+03 1.908947110176086426e+00
3.180000000000000000e+03 1.721013784408569336e+00
3.182000000000000000e+03 1.802917361259460449e+00
3.184000000000000000e+03 1.547560811042785645e+00
3.186000000000000000e+03 1.471116900444030762e+00
3.188000000000000000e+03 1.453690409660339355e+00
3.190000000000000000e+03 1.246232509613037109e+00
3.192000000000000000e+03 1.531282424926757812e+00
3.194000000000000000e+03 1.639032840728759766e+00
3.196000000000000000e+03 1.572965264320373535e+00
3.198000000000000000e+03 1.841971874237060547e+00
3.200000000000000000e+03 1.808538198471069336e+00
3.202000000000000000e+03 1.781888127326965332e+00
3.204000000000000000e+03 1.767738103866577148e+00
3.206000000000000000e+03 1.655320644378662109e+00
3.208000000000000000e+03 1.747552156448364258e+00
3.210000000000000000e+03 1.869600892066955566e+00
3.212000000000000000e+03 1.961647748947143555e+00
3.214000000000000000e+03 2.028905630111694336e+00
3.216000000000000000e+03 1.977577567100524902e+00
3.218000000000000000e+03 2.120260238647460938e+00
3.220000000000000000e+03 1.862114667892456055e+00
3.222000000000000000e+03 2.149376153945922852e+00
3.224000000000000000e+03 2.117724895477294922e+00
3.226000000000000000e+03 2.209680080413818359e+00
3.228000000000000000e+03 2.241185903549194336e+00
3.230000000000000000e+03 2.073255777359008789e+00
3.232000000000000000e+03 2.389188051223754883e+00
3.234000000000000000e+03 2.516812086105346680e+00
3.236000000000000000e+03 2.325716495513916016e+00
3.238000000000000000e+03 2.454308986663818359e+00
3.240000000000000000e+03 2.405683279037475586e+00
3.242000000000000000e+03 2.380863189697265625e+00
3.244000000000000000e+03 2.426108360290527344e+00
3.246000000000000000e+03 2.523719310760498047e+00
3.248000000000000000e+03 2.546621084213256836e+00
3.250000000000000000e+03 2.361591815948486328e+00
3.252000000000000000e+03 2.462509393692016602e+00
3.254000000000000000e+03 2.453753948211669922e+00
3.256000000000000000e+03 7.219393849372863770e-01
3.258000000000000000e+03 7.386885285377502441e-01
3.260000000000000000e+03 7.985627651214599609e-01
3.262000000000000000e+03 2.401463270187377930e+00
3.264000000000000000e+03 6.570210456848144531e-01
3.266000000000000000e+03 6.670879721641540527e-01
3.268000000000000000e+03 8.065438270568847656e-01
3.270000000000000000e+03 9.002955555915832520e-01
3.272000000000000000e+03 7.781640291213989258e-01
3.274000000000000000e+03 7.877357006072998047e-01
3.276000000000000000e+03 8.228614926338195801e-01
3.278000000000000000e+03 7.652234435081481934e-01
3.280000000000000000e+03 7.907897233963012695e-01
3.282000000000000000e+03 8.777226209640502930e-01
3.284000000000000000e+03 8.128683567047119141e-01
3.286000000000000000e+03 2.278235912322998047e+00
3.288000000000000000e+03 8.614678978919982910e-01
3.290000000000000000e+03 2.259175777435302734e+00
3.292000000000000000e+03 2.210368633270263672e+00
3.294000000000000000e+03 2.160277605056762695e+00
3.296000000000000000e+03 2.140945434570312500e+00
3.298000000000000000e+03 2.236104726791381836e+00
3.300000000000000000e+03 2.348469972610473633e+00
3.302000000000000000e+03 7.581098079681396484e-01
3.304000000000000000e+03 2.210965156555175781e+00
3.306000000000000000e+03 2.211024522781372070e+00
3.308000000000000000e+03 2.241698741912841797e+00
3.310000000000000000e+03 2.271115779876708984e+00
3.312000000000000000e+03 2.224632024765014648e+00
3.314000000000000000e+03 2.103824853897094727e+00
3.316000000000000000e+03 2.247673749923706055e+00
3.318000000000000000e+03 2.211274623870849609e+00
3.320000000000000000e+03 2.171141386032104492e+00
3.322000000000000000e+03 2.062902688980102539e+00
3.324000000000000000e+03 2.293200016021728516e+00
3.326000000000000000e+03 2.334691047668457031e+00
3.328000000000000000e+03 2.122305631637573242e+00
3.330000000000000000e+03 2.120642900466918945e+00
3.332000000000000000e+03 1.938056230545043945e+00
3.334000000000000000e+03 1.995978116989135742e+00
3.336000000000000000e+03 2.096064567565917969e+00
3.338000000000000000e+03 2.079430580139160156e+00
3.340000000000000000e+03 1.727411031723022461e+00
3.342000000000000000e+03 1.972547531127929688e+00
3.344000000000000000e+03 2.176855802536010742e+00
3.346000000000000000e+03 2.206228733062744141e+00
3.348000000000000000e+03 2.153143644332885742e+00
3.350000000000000000e+03 2.165137529373168945e+00
3.352000000000000000e+03 2.297798633575439453e+00
3.354000000000000000e+03 2.311599731445312500e+00
3.356000000000000000e+03 2.116239547729492188e+00
3.358000000000000000e+03 2.181900739669799805e+00
3.360000000000000000e+03 2.189558506011962891e+00
3.362000000000000000e+03 2.358201265335083008e+00
3.364000000000000000e+03 2.360039710998535156e+00
3.366000000000000000e+03 2.110592126846313477e+00
3.368000000000000000e+03 2.228405714035034180e+00
3.370000000000000000e+03 2.343220233917236328e+00
3.372000000000000000e+03 2.223088979721069336e+00
3.374000000000000000e+03 2.259311676025390625e+00
3.376000000000000000e+03 2.318499326705932617e+00
3.378000000000000000e+03 1.895487189292907715e+00
3.380000000000000000e+03 1.864210724830627441e+00
3.382000000000000000e+03 1.855013847351074219e+00
3.384000000000000000e+03 1.842744350433349609e+00
3.386000000000000000e+03 1.996590137481689453e+00
3.388000000000000000e+03 1.860658168792724609e+00
3.390000000000000000e+03 2.023783206939697266e+00
3.392000000000000000e+03 2.213384628295898438e+00
3.394000000000000000e+03 2.312013387680053711e+00
3.396000000000000000e+03 2.236867427825927734e+00
3.398000000000000000e+03 2.375340223312377930e+00
3.400000000000000000e+03 2.259359836578369141e+00
3.402000000000000000e+03 2.206152915954589844e+00
3.404000000000000000e+03 2.238145828247070312e+00
3.406000000000000000e+03 2.213946342468261719e+00
3.408000000000000000e+03 2.224825620651245117e+00
3.410000000000000000e+03 2.243776321411132812e+00
3.412000000000000000e+03 2.107908725738525391e+00
3.414000000000000000e+03 2.233950853347778320e+00
3.416000000000000000e+03 2.073493957519531250e+00
3.418000000000000000e+03 1.902745127677917480e+00
3.420000000000000000e+03 1.946919441223144531e+00
3.422000000000000000e+03 1.991470575332641602e+00
3.424000000000000000e+03 2.065351486206054688e+00
3.426000000000000000e+03 2.134435176849365234e+00
3.428000000000000000e+03 2.031485557556152344e+00
3.430000000000000000e+03 1.921316981315612793e+00
3.432000000000000000e+03 1.769552946090698242e+00
3.434000000000000000e+03 2.011190652847290039e+00
3.436000000000000000e+03 2.161702871322631836e+00
3.438000000000000000e+03 2.186716318130493164e+00
3.440000000000000000e+03 2.048330545425415039e+00
3.442000000000000000e+03 1.941491723060607910e+00
3.444000000000000000e+03 2.079032897949218750e+00
3.446000000000000000e+03 1.980414032936096191e+00
3.448000000000000000e+03 1.686198353767395020e+00
3.450000000000000000e+03 1.773894906044006348e+00
3.452000000000000000e+03 2.050964117050170898e+00
3.454000000000000000e+03 2.094894409179687500e+00
3.456000000000000000e+03 2.016532421112060547e+00
3.458000000000000000e+03 2.158975839614868164e+00
3.460000000000000000e+03 1.966315507888793945e+00
3.462000000000000000e+03 1.999104619026184082e+00
3.464000000000000000e+03 1.963078975677490234e+00
3.466000000000000000e+03 2.055644750595092773e+00
3.468000000000000000e+03 2.082526445388793945e+00
3.470000000000000000e+03 2.055361032485961914e+00
3.472000000000000000e+03 2.193147897720336914e+00
3.474000000000000000e+03 2.120634555816650391e+00
3.476000000000000000e+03 2.294576644897460938e+00
3.478000000000000000e+03 2.193329811096191406e+00
3.480000000000000000e+03 2.115235328674316406e+00
3.482000000000000000e+03 1.963958978652954102e+00
3.484000000000000000e+03 2.265875101089477539e+00
3.486000000000000000e+03 2.320773363113403320e+00
3.488000000000000000e+03 2.341188430786132812e+00
3.490000000000000000e+03 2.244267940521240234e+00
3.492000000000000000e+03 2.147853612899780273e+00
3.494000000000000000e+03 2.101792335510253906e+00
3.496000000000000000e+03 2.123730421066284180e+00
3.498000000000000000e+03 2.064502716064453125e+00
3.500000000000000000e+03 1.980970740318298340e+00
3.502000000000000000e+03 1.761028528213500977e+00
3.504000000000000000e+03 1.560192227363586426e+00
3.506000000000000000e+03 1.652391314506530762e+00
3.508000000000000000e+03 1.738973498344421387e+00
3.510000000000000000e+03 2.002660751342773438e+00
3.512000000000000000e+03 2.217792510986328125e+00
3.514000000000000000e+03 2.181027650833129883e+00
3.516000000000000000e+03 2.498721599578857422e+00
3.518000000000000000e+03 2.418292999267578125e+00
3.520000000000000000e+03 5.830294489860534668e-01
3.522000000000000000e+03 8.656011819839477539e-01
3.524000000000000000e+03 2.401576757431030273e+00
3.526000000000000000e+03 2.313968420028686523e+00
3.528000000000000000e+03 6.100137233734130859e-01
3.530000000000000000e+03 5.083135366439819336e-01
3.532000000000000000e+03 6.150490641593933105e-01
3.534000000000000000e+03 8.923206925392150879e-01
3.536000000000000000e+03 9.823591113090515137e-01
3.538000000000000000e+03 6.619031429290771484e-01
3.540000000000000000e+03 4.456969797611236572e-01
3.542000000000000000e+03 5.377260446548461914e-01
3.544000000000000000e+03 5.704681277275085449e-01
3.546000000000000000e+03 7.146785259246826172e-01
3.548000000000000000e+03 5.670933723449707031e-01
3.550000000000000000e+03 6.718501448631286621e-01
3.552000000000000000e+03 6.237639784812927246e-01
3.554000000000000000e+03 7.706364989280700684e-01
3.556000000000000000e+03 9.588294029235839844e-01
3.558000000000000000e+03 1.265052556991577148e+00
3.560000000000000000e+03 1.412808418273925781e+00
3.562000000000000000e+03 1.217901110649108887e+00
3.564000000000000000e+03 1.188824176788330078e+00
3.566000000000000000e+03 1.590073466300964355e+00
3.568000000000000000e+03 1.727972745895385742e+00
3.570000000000000000e+03 1.821434736251831055e+00
3.572000000000000000e+03 1.586584687232971191e+00
3.574000000000000000e+03 1.544684886932373047e+00
3.576000000000000000e+03 1.612481117248535156e+00
3.578000000000000000e+03 1.349908113479614258e+00
3.580000000000000000e+03 1.439365863800048828e+00
3.582000000000000000e+03 1.434042692184448242e+00
3.584000000000000000e+03 1.418579101562500000e+00
3.586000000000000000e+03 1.684599876403808594e+00
3.588000000000000000e+03 1.995010495185852051e+00
3.590000000000000000e+03 2.154544115066528320e+00
3.592000000000000000e+03 1.940932393074035645e+00
3.594000000000000000e+03 1.943794012069702148e+00
3.596000000000000000e+03 1.847699046134948730e+00
3.598000000000000000e+03 1.954253673553466797e+00
3.600000000000000000e+03 2.109598875045776367e+00
3.602000000000000000e+03 2.342577934265136719e+00
3.604000000000000000e+03 8.566770553588867188e-01
3.606000000000000000e+03 2.357007503509521484e+00
3.608000000000000000e+03 2.466589927673339844e+00
3.610000000000000000e+03 2.414567947387695312e+00
3.612000000000000000e+03 2.225015401840209961e+00
3.614000000000000000e+03 2.221664190292358398e+00
3.616000000000000000e+03 2.115735054016113281e+00
3.618000000000000000e+03 2.255026340484619141e+00
3.620000000000000000e+03 2.376281499862670898e+00
3.622000000000000000e+03 2.650890827178955078e+00
3.624000000000000000e+03 2.775477647781372070e+00
3.626000000000000000e+03 2.688930511474609375e+00
3.628000000000000000e+03 2.787382841110229492e+00
3.630000000000000000e+03 5.141798853874206543e-01
3.632000000000000000e+03 2.721161842346191406e+00
3.634000000000000000e+03 6.252518296241760254e-01
3.636000000000000000e+03 7.086991071701049805e-01
3.638000000000000000e+03 5.677542686462402344e-01
3.640000000000000000e+03 2.398658275604248047e+00
3.642000000000000000e+03 2.215465307235717773e+00
3.644000000000000000e+03 2.265484809875488281e+00
3.646000000000000000e+03 2.415428638458251953e+00
3.648000000000000000e+03 2.347404479980468750e+00
3.650000000000000000e+03 7.532379031181335449e-01
3.652000000000000000e+03 2.332143068313598633e+00
3.654000000000000000e+03 2.243023872375488281e+00
3.656000000000000000e+03 2.320914268493652344e+00
3.658000000000000000e+03 2.206857681274414062e+00
3.660000000000000000e+03 2.287600755691528320e+00
3.662000000000000000e+03 2.334219694137573242e+00
3.664000000000000000e+03 8.669219613075256348e-01
3.666000000000000000e+03 8.953899741172790527e-01
3.668000000000000000e+03 9.146015048027038574e-01
3.670000000000000000e+03 7.375314235687255859e-01
3.672000000000000000e+03 7.731980681419372559e-01
3.674000000000000000e+03 2.382834434509277344e+00
3.676000000000000000e+03 2.497022867202758789e+00
3.678000000000000000e+03 2.528009891510009766e+00
3.680000000000000000e+03 4.064632654190063477e-01
3.682000000000000000e+03 6.211802959442138672e-01
3.684000000000000000e+03 6.147170662879943848e-01
3.686000000000000000e+03 9.721850752830505371e-01
3.688000000000000000e+03 1.169313430786132812e+00
3.690000000000000000e+03 9.539775848388671875e-01
3.692000000000000000e+03 1.192753911018371582e+00
3.694000000000000000e+03 9.306653141975402832e-01
3.696000000000000000e+03 9.854921698570251465e-01
3.698000000000000000e+03 8.461686968803405762e-01
3.700000000000000000e+03 1.119479537010192871e+00
3.702000000000000000e+03 1.121083617210388184e+00
3.704000000000000000e+03 1.356531023979187012e+00
3.706000000000000000e+03 7.201104760169982910e-01
3.708000000000000000e+03 6.185684800148010254e-01
3.710000000000000000e+03 8.719000220298767090e-01
3.712000000000000000e+03 8.553432226181030273e-01
3.714000000000000000e+03 1.302382946014404297e+00
3.716000000000000000e+03 1.011785507202148438e+00
3.718000000000000000e+03 1.192328333854675293e+00
3.720000000000000000e+03 8.244284391403198242e-01
3.722000000000000000e+03 2.770284414291381836e-01
3.724000000000000000e+03 6.580415368080139160e-01
3.726000000000000000e+03 5.991863608360290527e-01
3.728000000000000000e+03 4.846211373805999756e-01
3.730000000000000000e+03 5.736372470855712891e-01
3.732000000000000000e+03 5.749039053916931152e-01
3.734000000000000000e+03 6.111779212951660156e-01
3.736000000000000000e+03 6.422324776649475098e-01
3.738000000000000000e+03 5.547479987144470215e-01
3.740000000000000000e+03 8.717877268791198730e-01
3.742000000000000000e+03 1.166374683380126953e+00
3.744000000000000000e+03 1.176142930984497070e+00
3.746000000000000000e+03 1.203416466712951660e+00
3.748000000000000000e+03 1.316195130348205566e+00
3.750000000000000000e+03 1.675898075103759766e+00
3.752000000000000000e+03 1.800367593765258789e+00
3.754000000000000000e+03 1.697533845901489258e+00
3.756000000000000000e+03 1.508606910705566406e+00
3.758000000000000000e+03 1.411384224891662598e+00
3.760000000000000000e+03 1.281155705451965332e+00
3.762000000000000000e+03 1.445143103599548340e+00
3.764000000000000000e+03 1.419118404388427734e+00
3.766000000000000000e+03 1.583182692527770996e+00
3.768000000000000000e+03 1.540448188781738281e+00
3.770000000000000000e+03 1.382725119590759277e+00
3.772000000000000000e+03 1.372541308403015137e+00
3.774000000000000000e+03 1.335981607437133789e+00
3.776000000000000000e+03 1.863607168197631836e+00
3.778000000000000000e+03 2.957185268402099609e+00
3.780000000000000000e+03 2.353033781051635742e+00
3.782000000000000000e+03 2.426893711090087891e+00
3.784000000000000000e+03 2.161288022994995117e+00
3.786000000000000000e+03 2.237872600555419922e+00
3.788000000000000000e+03 2.593595504760742188e+00
3.790000000000000000e+03 2.904356718063354492e+00
3.792000000000000000e+03 2.944945335388183594e+00
3.794000000000000000e+03 3.087285280227661133e+00
3.796000000000000000e+03 2.914400815963745117e+00
3.798000000000000000e+03 2.530606269836425781e+00
3.800000000000000000e+03 2.538509130477905273e+00
3.802000000000000000e+03 2.583995342254638672e+00
3.804000000000000000e+03 2.721335887908935547e+00
3.806000000000000000e+03 2.235652923583984375e+00
3.808000000000000000e+03 2.163140773773193359e+00
3.810000000000000000e+03 2.225535869598388672e+00
3.812000000000000000e+03 2.349736690521240234e+00
3.814000000000000000e+03 2.296335220336914062e+00
3.816000000000000000e+03 2.318781852722167969e+00
3.818000000000000000e+03 2.281400203704833984e+00
3.820000000000000000e+03 2.193736314773559570e+00
3.822000000000000000e+03 2.279402494430541992e+00
3.824000000000000000e+03 2.340672969818115234e+00
3.826000000000000000e+03 2.435014724731445312e+00
3.828000000000000000e+03 2.325851202011108398e+00
3.830000000000000000e+03 2.380373954772949219e+00
3.832000000000000000e+03 2.299965381622314453e+00
3.834000000000000000e+03 2.247901439666748047e+00
3.836000000000000000e+03 2.145894289016723633e+00
3.838000000000000000e+03 2.056741237640380859e+00
3.840000000000000000e+03 1.740491390228271484e+00
3.842000000000000000e+03 1.778085947036743164e+00
3.844000000000000000e+03 1.990030288696289062e+00
3.846000000000000000e+03 1.948503851890563965e+00
3.848000000000000000e+03 1.974090456962585449e+00
3.850000000000000000e+03 1.870656967163085938e+00
3.852000000000000000e+03 1.771492481231689453e+00
3.854000000000000000e+03 1.688547015190124512e+00
3.856000000000000000e+03 1.493755459785461426e+00
3.858000000000000000e+03 1.262037515640258789e+00
3.860000000000000000e+03 1.292800664901733398e+00
3.862000000000000000e+03 1.170986533164978027e+00
3.864000000000000000e+03 1.259758949279785156e+00
3.866000000000000000e+03 1.282016158103942871e+00
3.868000000000000000e+03 1.437038421630859375e+00
3.870000000000000000e+03 1.559768080711364746e+00
3.872000000000000000e+03 1.497353196144104004e+00
3.874000000000000000e+03 1.587755203247070312e+00
3.876000000000000000e+03 1.775817036628723145e+00
3.878000000000000000e+03 1.907367467880249023e+00
3.880000000000000000e+03 2.140276193618774414e+00
3.882000000000000000e+03 1.960428595542907715e+00
3.884000000000000000e+03 2.098370790481567383e+00
3.886000000000000000e+03 1.919351577758789062e+00
3.888000000000000000e+03 1.614020586013793945e+00
3.890000000000000000e+03 1.956116914749145508e+00
3.892000000000000000e+03 1.638654708862304688e+00
3.894000000000000000e+03 1.557163238525390625e+00
3.896000000000000000e+03 1.883720993995666504e+00
3.898000000000000000e+03 1.724064707756042480e+00
3.900000000000000000e+03 1.795399785041809082e+00
3.902000000000000000e+03 1.885833740234375000e+00
3.904000000000000000e+03 2.226732730865478516e+00
3.906000000000000000e+03 2.152966737747192383e+00
3.908000000000000000e+03 2.206217288970947266e+00
3.910000000000000000e+03 2.110951900482177734e+00
3.912000000000000000e+03 1.908264756202697754e+00
3.914000000000000000e+03 2.136182308197021484e+00
3.916000000000000000e+03 2.305860042572021484e+00
3.918000000000000000e+03 2.220857620239257812e+00
3.920000000000000000e+03 2.006934642791748047e+00
3.922000000000000000e+03 2.181129693984985352e+00
3.924000000000000000e+03 2.420019149780273438e+00
3.926000000000000000e+03 2.298548698425292969e+00
3.928000000000000000e+03 2.161928176879882812e+00
3.930000000000000000e+03 2.389060974121093750e+00
3.932000000000000000e+03 2.413674354553222656e+00
3.934000000000000000e+03 2.607718944549560547e+00
3.936000000000000000e+03 2.559650897979736328e+00
3.938000000000000000e+03 2.722660303115844727e+00
3.940000000000000000e+03 2.905347585678100586e+00
3.942000000000000000e+03 2.984437942504882812e+00
3.944000000000000000e+03 2.997662305831909180e+00
3.946000000000000000e+03 2.779999732971191406e+00
3.948000000000000000e+03 2.882029294967651367e+00
3.950000000000000000e+03 3.111557722091674805e+00
3.952000000000000000e+03 2.772902250289916992e+00
3.954000000000000000e+03 2.550445079803466797e+00
3.956000000000000000e+03 2.384657859802246094e+00
3.958000000000000000e+03 2.191860675811767578e+00
3.960000000000000000e+03 1.804496884346008301e+00
3.962000000000000000e+03 1.747875213623046875e+00
3.964000000000000000e+03 1.759120225906372070e+00
3.966000000000000000e+03 1.635295152664184570e+00
3.968000000000000000e+03 1.001389145851135254e+00
3.970000000000000000e+03 7.623398303985595703e-01
3.972000000000000000e+03 7.603594660758972168e-01
3.974000000000000000e+03 8.024777770042419434e-01
3.976000000000000000e+03 5.821168422698974609e-01
3.978000000000000000e+03 4.474276602268218994e-01
3.980000000000000000e+03 3.658587634563446045e-01
3.982000000000000000e+03 2.639855146408081055e+00
3.984000000000000000e+03 2.876355946063995361e-01
3.986000000000000000e+03 4.452535510063171387e-01
3.988000000000000000e+03 2.701063871383666992e+00
3.990000000000000000e+03 4.574427008628845215e-01
3.992000000000000000e+03 2.508562088012695312e+00
3.994000000000000000e+03 2.376399993896484375e+00
3.996000000000000000e+03 2.266085624694824219e+00
3.998000000000000000e+03 2.134778499603271484e+00
4.000000000000000000e+03 2.093318462371826172e+00
4.002000000000000000e+03 1.975931406021118164e+00
4.004000000000000000e+03 1.924607038497924805e+00
4.006000000000000000e+03 2.176647186279296875e+00
4.008000000000000000e+03 2.405720710754394531e+00
4.010000000000000000e+03 2.424608469009399414e+00
4.012000000000000000e+03 2.693756818771362305e+00
4.014000000000000000e+03 2.753860712051391602e+00
4.016000000000000000e+03 2.413443326950073242e+00
4.018000000000000000e+03 2.274718046188354492e+00
4.020000000000000000e+03 2.059963941574096680e+00
4.022000000000000000e+03 1.851178169250488281e+00
4.024000000000000000e+03 1.703418493270874023e+00
4.026000000000000000e+03 1.759682416915893555e+00
4.028000000000000000e+03 1.919788122177124023e+00
4.030000000000000000e+03 1.724188446998596191e+00
4.032000000000000000e+03 1.914648413658142090e+00
4.034000000000000000e+03 1.756204366683959961e+00
4.036000000000000000e+03 2.242669582366943359e+00
4.038000000000000000e+03 2.624141931533813477e+00
4.040000000000000000e+03 2.749972105026245117e+00
4.042000000000000000e+03 2.777658462524414062e+00
4.044000000000000000e+03 2.839859247207641602e+00
4.046000000000000000e+03 2.832006216049194336e+00
4.048000000000000000e+03 2.918866395950317383e+00
4.050000000000000000e+03 3.087266206741333008e+00
4.052000000000000000e+03 2.734941482543945312e+00
4.054000000000000000e+03 4.019956886768341064e-01
4.056000000000000000e+03 2.795621871948242188e+00
4.058000000000000000e+03 2.630645275115966797e+00
4.060000000000000000e+03 2.444267749786376953e+00
4.062000000000000000e+03 2.498861789703369141e+00
4.064000000000000000e+03 2.339955806732177734e+00
4.066000000000000000e+03 2.387605428695678711e+00
4.068000000000000000e+03 2.581314563751220703e+00
4.070000000000000000e+03 2.627651691436767578e+00
4.072000000000000000e+03 2.489440441131591797e+00
4.074000000000000000e+03 2.459206104278564453e+00
4.076000000000000000e+03 2.482737779617309570e+00
4.078000000000000000e+03 2.459105730056762695e+00
4.080000000000000000e+03 5.841922163963317871e-01
4.082000000000000000e+03 2.463301897048950195e+00
4.084000000000000000e+03 2.523665189743041992e+00
4.086000000000000000e+03 5.386667847633361816e-01
4.088000000000000000e+03 4.402005374431610107e-01
4.090000000000000000e+03 3.402908444404602051e-01
4.092000000000000000e+03 3.823414742946624756e-01
4.094000000000000000e+03 2.595949172973632812e+00
4.096000000000000000e+03 2.360749006271362305e+00
4.098000000000000000e+03 2.371310472488403320e+00
4.100000000000000000e+03 2.363193511962890625e+00
4.102000000000000000e+03 2.318974971771240234e+00
4.104000000000000000e+03 2.307117938995361328e+00
4.106000000000000000e+03 2.256588935852050781e+00
4.108000000000000000e+03 2.240649461746215820e+00
4.110000000000000000e+03 2.295162916183471680e+00
4.112000000000000000e+03 2.415187120437622070e+00
4.114000000000000000e+03 6.327300667762756348e-01
4.116000000000000000e+03 6.755309104919433594e-01
4.118000000000000000e+03 7.795130610466003418e-01
4.120000000000000000e+03 9.760394692420959473e-01
4.122000000000000000e+03 9.959661364555358887e-01
4.124000000000000000e+03 8.738271594047546387e-01
4.126000000000000000e+03 1.041458368301391602e+00
4.128000000000000000e+03 1.066321849822998047e+00
4.130000000000000000e+03 1.053872585296630859e+00
4.132000000000000000e+03 1.256482362747192383e+00
4.134000000000000000e+03 1.126090407371520996e+00
4.136000000000000000e+03 1.161400794982910156e+00
4.138000000000000000e+03 1.147796630859375000e+00
4.140000000000000000e+03 1.012495875358581543e+00
4.142000000000000000e+03 1.127526640892028809e+00
4.144000000000000000e+03 1.134618163108825684e+00
4.146000000000000000e+03 1.248666644096374512e+00
4.148000000000000000e+03 1.187975645065307617e+00
4.150000000000000000e+03 1.146955966949462891e+00
4.152000000000000000e+03 1.148436307907104492e+00
4.154000000000000000e+03 1.160073518753051758e+00
4.156000000000000000e+03 1.152650833129882812e+00
4.158000000000000000e+03 1.080385923385620117e+00
4.160000000000000000e+03 9.545273780822753906e-01
4.162000000000000000e+03 2.239433050155639648e+00
4.164000000000000000e+03 2.177407026290893555e+00
4.166000000000000000e+03 2.108030796051025391e+00
4.168000000000000000e+03 1.979418039321899414e+00
4.170000000000000000e+03 2.119429588317871094e+00
4.172000000000000000e+03 2.176118612289428711e+00
4.174000000000000000e+03 2.110607624053955078e+00
4.176000000000000000e+03 2.225537538528442383e+00
4.178000000000000000e+03 2.189566612243652344e+00
4.180000000000000000e+03 2.184109449386596680e+00
4.182000000000000000e+03 2.049385309219360352e+00
4.184000000000000000e+03 2.017622232437133789e+00
4.186000000000000000e+03 2.015083551406860352e+00
4.188000000000000000e+03 1.940306305885314941e+00
4.190000000000000000e+03 2.803913593292236328e+00
4.192000000000000000e+03 2.777673721313476562e+00
4.194000000000000000e+03 2.956035614013671875e+00
4.196000000000000000e+03 2.702149868011474609e+00
4.198000000000000000e+03 2.686710119247436523e+00
4.200000000000000000e+03 2.802541971206665039e+00
4.202000000000000000e+03 2.552295923233032227e+00
4.204000000000000000e+03 2.700397491455078125e+00
4.206000000000000000e+03 2.655580282211303711e+00
4.208000000000000000e+03 2.606391668319702148e+00
4.210000000000000000e+03 2.240127801895141602e+00
4.212000000000000000e+03 1.984954714775085449e+00
4.214000000000000000e+03 1.841825366020202637e+00
4.216000000000000000e+03 1.778867959976196289e+00
4.218000000000000000e+03 1.749088764190673828e+00
4.220000000000000000e+03 1.836529254913330078e+00
4.222000000000000000e+03 1.612408638000488281e+00
4.224000000000000000e+03 1.673071861267089844e+00
4.226000000000000000e+03 1.932987451553344727e+00
4.228000000000000000e+03 1.615825533866882324e+00
4.230000000000000000e+03 1.583400011062622070e+00
4.232000000000000000e+03 1.787913441658020020e+00
4.234000000000000000e+03 1.583980441093444824e+00
4.236000000000000000e+03 1.667217850685119629e+00
4.238000000000000000e+03 1.905805468559265137e+00
4.240000000000000000e+03 1.871207356452941895e+00
4.242000000000000000e+03 1.638224124908447266e+00
4.244000000000000000e+03 1.482251882553100586e+00
4.246000000000000000e+03 1.529093146324157715e+00
4.248000000000000000e+03 1.465072989463806152e+00
4.250000000000000000e+03 1.350124955177307129e+00
4.252000000000000000e+03 1.076022267341613770e+00
4.254000000000000000e+03 1.060040593147277832e+00
4.256000000000000000e+03 9.793328642845153809e-01
4.258000000000000000e+03 1.262122988700866699e+00
4.260000000000000000e+03 1.169274926185607910e+00
4.262000000000000000e+03 9.702411293983459473e-01
4.264000000000000000e+03 1.191118359565734863e+00
4.266000000000000000e+03 1.755901813507080078e+00
4.268000000000000000e+03 2.196443319320678711e+00
4.270000000000000000e+03 2.021938323974609375e+00
4.272000000000000000e+03 2.237911939620971680e+00
4.274000000000000000e+03 1.991722583770751953e+00
4.276000000000000000e+03 2.191264390945434570e+00
4.278000000000000000e+03 2.176430940628051758e+00
4.280000000000000000e+03 2.352598667144775391e+00
4.282000000000000000e+03 2.443789482116699219e+00
4.284000000000000000e+03 2.262225627899169922e+00
4.286000000000000000e+03 2.006514072418212891e+00
4.288000000000000000e+03 1.756658673286437988e+00
4.290000000000000000e+03 1.718999385833740234e+00
4.292000000000000000e+03 2.339879751205444336e+00
4.294000000000000000e+03 2.270672559738159180e+00
4.296000000000000000e+03 2.188974618911743164e+00
4.298000000000000000e+03 2.384728193283081055e+00
4.300000000000000000e+03 2.571814537048339844e+00
4.302000000000000000e+03 2.176292657852172852e+00
4.304000000000000000e+03 1.797946214675903320e+00
4.306000000000000000e+03 1.848487377166748047e+00
4.308000000000000000e+03 1.913812637329101562e+00
4.310000000000000000e+03 1.937002301216125488e+00
4.312000000000000000e+03 2.503597736358642578e+00
4.314000000000000000e+03 3.023720741271972656e+00
4.316000000000000000e+03 2.408022642135620117e+00
4.318000000000000000e+03 2.412138462066650391e+00
4.320000000000000000e+03 2.656800985336303711e+00
4.322000000000000000e+03 2.394432306289672852e+00
4.324000000000000000e+03 2.333644628524780273e+00
4.326000000000000000e+03 2.142528057098388672e+00
4.328000000000000000e+03 2.163276433944702148e+00
4.330000000000000000e+03 1.928286075592041016e+00
4.332000000000000000e+03 1.733074784278869629e+00
4.334000000000000000e+03 1.592070937156677246e+00
4.336000000000000000e+03 1.503906846046447754e+00
4.338000000000000000e+03 1.638639330863952637e+00
4.340000000000000000e+03 1.335789680480957031e+00
4.342000000000000000e+03 1.275010585784912109e+00
4.344000000000000000e+03 1.317105054855346680e+00
4.346000000000000000e+03 1.231328129768371582e+00
4.348000000000000000e+03 1.218900799751281738e+00
4.350000000000000000e+03 1.221900463104248047e+00
4.352000000000000000e+03 1.502123594284057617e+00
4.354000000000000000e+03 1.486701607704162598e+00
4.356000000000000000e+03 1.596717357635498047e+00
4.358000000000000000e+03 1.458946824073791504e+00
4.360000000000000000e+03 1.361418128013610840e+00
4.362000000000000000e+03 1.502967238426208496e+00
4.364000000000000000e+03 1.770935416221618652e+00
4.366000000000000000e+03 1.754545211791992188e+00
4.368000000000000000e+03 1.559037446975708008e+00
4.370000000000000000e+03 1.982785463333129883e+00
4.372000000000000000e+03 1.982553362846374512e+00
4.374000000000000000e+03 1.809783458709716797e+00
4.376000000000000000e+03 1.915909290313720703e+00
4.378000000000000000e+03 1.834133386611938477e+00
4.380000000000000000e+03 1.653488397598266602e+00
4.382000000000000000e+03 1.908735036849975586e+00
4.384000000000000000e+03 1.932374119758605957e+00
4.386000000000000000e+03 1.464028000831604004e+00
4.388000000000000000e+03 1.733112573623657227e+00
4.390000000000000000e+03 1.650520324707031250e+00
4.392000000000000000e+03 1.325465321540832520e+00
4.394000000000000000e+03 1.950158834457397461e+00
4.396000000000000000e+03 2.193147182464599609e+00
4.398000000000000000e+03 2.151738405227661133e+00
4.400000000000000000e+03 2.311552762985229492e+00
4.402000000000000000e+03 2.693134069442749023e+00
4.404000000000000000e+03 2.538166999816894531e+00
4.406000000000000000e+03 1.608485341072082520e+00
4.408000000000000000e+03 2.055422782897949219e+00
4.410000000000000000e+03 1.832971453666687012e+00
4.412000000000000000e+03 1.555974006652832031e+00
4.414000000000000000e+03 9.409554600715637207e-01
4.416000000000000000e+03 1.052942633628845215e+00
4.418000000000000000e+03 1.016320109367370605e+00
4.420000000000000000e+03 1.237177491188049316e+00
4.422000000000000000e+03 1.374752402305603027e+00
4.424000000000000000e+03 1.111112594604492188e+00
4.426000000000000000e+03 1.181964516639709473e+00
4.428000000000000000e+03 1.382626056671142578e+00
4.430000000000000000e+03 9.218149781227111816e-01
4.432000000000000000e+03 1.047845602035522461e+00
4.434000000000000000e+03 9.518159627914428711e-01
4.436000000000000000e+03 9.063646197319030762e-01
4.438000000000000000e+03 1.075674772262573242e+00
4.440000000000000000e+03 1.037899971008300781e+00
4.442000000000000000e+03 9.316797852516174316e-01
4.444000000000000000e+03 2.387954235076904297e+00
4.446000000000000000e+03 2.344844341278076172e+00
4.448000000000000000e+03 2.391377925872802734e+00
4.450000000000000000e+03 2.256239652633666992e+00
4.452000000000000000e+03 2.521971464157104492e+00
4.454000000000000000e+03 2.525178194046020508e+00
4.456000000000000000e+03 2.396183252334594727e+00
4.458000000000000000e+03 2.402848720550537109e+00
4.460000000000000000e+03 2.184482574462890625e+00
4.462000000000000000e+03 2.399242401123046875e+00
4.464000000000000000e+03 2.512927055358886719e+00
4.466000000000000000e+03 2.273212432861328125e+00
4.468000000000000000e+03 2.257871150970458984e+00
4.470000000000000000e+03 2.275825262069702148e+00
4.472000000000000000e+03 2.177383899688720703e+00
4.474000000000000000e+03 2.290108203887939453e+00
4.476000000000000000e+03 2.022374153137207031e+00
4.478000000000000000e+03 1.996682286262512207e+00
4.480000000000000000e+03 1.706405282020568848e+00
4.482000000000000000e+03 1.914267301559448242e+00
4.484000000000000000e+03 2.023609399795532227e+00
4.486000000000000000e+03 2.095539569854736328e+00
4.488000000000000000e+03 1.943307995796203613e+00
4.490000000000000000e+03 1.802641034126281738e+00
4.492000000000000000e+03 1.574922323226928711e+00
4.494000000000000000e+03 1.550148129463195801e+00
4.496000000000000000e+03 1.709796547889709473e+00
4.498000000000000000e+03 1.396609663963317871e+00
4.500000000000000000e+03 1.497631072998046875e+00
4.502000000000000000e+03 1.358067631721496582e+00
4.504000000000000000e+03 1.251883864402770996e+00
4.506000000000000000e+03 1.561827301979064941e+00
4.508000000000000000e+03 1.459606766700744629e+00
4.510000000000000000e+03 1.386011242866516113e+00
4.512000000000000000e+03 1.318791270256042480e+00
4.514000000000000000e+03 8.873558640480041504e-01
4.516000000000000000e+03 1.029059648513793945e+00
4.518000000000000000e+03 8.596900701522827148e-01
4.520000000000000000e+03 5.911278128623962402e-01
4.522000000000000000e+03 6.949837803840637207e-01
4.524000000000000000e+03 6.861063838005065918e-01
4.526000000000000000e+03 8.165802955627441406e-01
4.528000000000000000e+03 6.391089558601379395e-01
4.530000000000000000e+03 7.366629838943481445e-01
4.532000000000000000e+03 8.748756647109985352e-01
4.534000000000000000e+03 9.858208298683166504e-01
4.536000000000000000e+03 9.533995985984802246e-01
4.538000000000000000e+03 1.100365638732910156e+00
4.540000000000000000e+03 1.015917897224426270e+00
4.542000000000000000e+03 9.586442112922668457e-01
4.544000000000000000e+03 8.883822560310363770e-01
4.546000000000000000e+03 7.536506652832031250e-01
4.548000000000000000e+03 8.963370919227600098e-01
4.550000000000000000e+03 8.939472436904907227e-01
4.552000000000000000e+03 1.046489953994750977e+00
4.554000000000000000e+03 8.745495676994323730e-01
4.556000000000000000e+03 1.022723555564880371e+00
4.558000000000000000e+03 1.252081990242004395e+00
4.560000000000000000e+03 1.079728364944458008e+00
4.562000000000000000e+03 1.001419067382812500e+00
4.564000000000000000e+03 1.103528857231140137e+00
4.566000000000000000e+03 1.276620268821716309e+00
4.568000000000000000e+03 1.320448517799377441e+00
4.570000000000000000e+03 1.188719511032104492e+00
4.572000000000000000e+03 9.926732182502746582e-01
4.574000000000000000e+03 9.374582171440124512e-01
4.576000000000000000e+03 9.780529737472534180e-01
4.578000000000000000e+03 9.017224907875061035e-01
4.580000000000000000e+03 2.217406272888183594e+00
4.582000000000000000e+03 2.357634782791137695e+00
4.584000000000000000e+03 8.474796414375305176e-01
4.586000000000000000e+03 7.971686720848083496e-01
4.588000000000000000e+03 8.905987143516540527e-01
4.590000000000000000e+03 8.117606043815612793e-01
4.592000000000000000e+03 8.077020645141601562e-01
4.594000000000000000e+03 8.750910162925720215e-01
4.596000000000000000e+03 8.327855467796325684e-01
4.598000000000000000e+03 8.363883495330810547e-01
4.600000000000000000e+03 1.168118000030517578e+00
4.602000000000000000e+03 1.364383816719055176e+00
4.604000000000000000e+03 1.447017669677734375e+00
4.606000000000000000e+03 1.460310935974121094e+00
4.608000000000000000e+03 1.336870789527893066e+00
4.610000000000000000e+03 1.427261471748352051e+00
4.612000000000000000e+03 1.363402962684631348e+00
4.614000000000000000e+03 1.318442940711975098e+00
4.616000000000000000e+03 1.471035480499267578e+00
4.618000000000000000e+03 1.327424049377441406e+00
4.620000000000000000e+03 1.467093586921691895e+00
4.622000000000000000e+03 1.426627755165100098e+00
4.624000000000000000e+03 1.245164275169372559e+00
4.626000000000000000e+03 1.162406086921691895e+00
4.628000000000000000e+03 1.213592767715454102e+00
4.630000000000000000e+03 1.134235262870788574e+00
4.632000000000000000e+03 1.148962736129760742e+00
4.634000000000000000e+03 1.006886839866638184e+00
4.636000000000000000e+03 9.494825601577758789e-01
4.638000000000000000e+03 8.867582678794860840e-01
4.640000000000000000e+03 9.168131351470947266e-01
4.642000000000000000e+03 8.799142837524414062e-01
4.644000000000000000e+03 9.571983218193054199e-01
4.646000000000000000e+03 8.419144749641418457e-01
4.648000000000000000e+03 8.268016576766967773e-01
4.650000000000000000e+03 7.549927830696105957e-01
4.652000000000000000e+03 7.912254333496093750e-01
4.654000000000000000e+03 2.352262258529663086e+00
4.656000000000000000e+03 7.643426656723022461e-01
4.658000000000000000e+03 7.396180033683776855e-01
4.660000000000000000e+03 6.708691716194152832e-01
4.662000000000000000e+03 2.530553817749023438e+00
4.664000000000000000e+03 2.962554991245269775e-01
4.666000000000000000e+03 3.818658888339996338e-01
4.668000000000000000e+03 3.390576839447021484e-01
4.670000000000000000e+03 2.013506591320037842e-01
4.672000000000000000e+03 4.927346706390380859e-01
4.674000000000000000e+03 2.866879701614379883e+00
4.676000000000000000e+03 2.639477968215942383e+00
4.678000000000000000e+03 2.520709753036499023e+00
4.680000000000000000e+03 2.476336956024169922e+00
4.682000000000000000e+03 2.496154546737670898e+00
4.684000000000000000e+03 2.978897809982299805e+00
4.686000000000000000e+03 2.555458545684814453e+00
4.688000000000000000e+03 2.026731967926025391e+00
4.690000000000000000e+03 1.791043519973754883e+00
4.692000000000000000e+03 1.363120198249816895e+00
4.694000000000000000e+03 9.019196033477783203e-01
4.696000000000000000e+03 1.041097521781921387e+00
4.698000000000000000e+03 1.029806494712829590e+00
4.700000000000000000e+03 1.460504174232482910e+00
4.702000000000000000e+03 1.341740131378173828e+00
4.704000000000000000e+03 1.488722801208496094e+00
4.706000000000000000e+03 1.633355617523193359e+00
4.708000000000000000e+03 1.398089289665222168e+00
4.710000000000000000e+03 1.702936530113220215e+00
4.712000000000000000e+03 1.892181158065795898e+00
4.714000000000000000e+03 1.737300038337707520e+00
4.716000000000000000e+03 1.680916309356689453e+00
4.718000000000000000e+03 2.020940065383911133e+00
4.720000000000000000e+03 2.154102087020874023e+00
4.722000000000000000e+03 2.033238172531127930e+00
4.724000000000000000e+03 2.057247161865234375e+00
4.726000000000000000e+03 2.003036260604858398e+00
4.728000000000000000e+03 2.206951379776000977e+00
4.730000000000000000e+03 2.309257268905639648e+00
4.732000000000000000e+03 7.205178737640380859e-01
4.734000000000000000e+03 7.056417465209960938e-01
4.736000000000000000e+03 2.357608079910278320e+00
4.738000000000000000e+03 8.138284087181091309e-01
4.740000000000000000e+03 9.005787968635559082e-01
4.742000000000000000e+03 5.576548576354980469e-01
4.744000000000000000e+03 2.610668897628784180e+00
4.746000000000000000e+03 2.995758354663848877e-01
4.748000000000000000e+03 3.190116882324218750e-01
4.750000000000000000e+03 1.415340304374694824e-01
4.752000000000000000e+03 3.023989498615264893e-01
4.754000000000000000e+03 7.280952930450439453e-01
4.756000000000000000e+03 6.093024611473083496e-01
4.758000000000000000e+03 6.438167691230773926e-01
4.760000000000000000e+03 1.061169862747192383e+00
4.762000000000000000e+03 1.570796370506286621e+00
4.764000000000000000e+03 2.219161748886108398e+00
4.766000000000000000e+03 2.218098402023315430e+00
4.768000000000000000e+03 2.132203578948974609e+00
4.770000000000000000e+03 1.907134652137756348e+00
4.772000000000000000e+03 2.291859149932861328e+00
4.774000000000000000e+03 2.316438913345336914e+00
4.776000000000000000e+03 2.180606603622436523e+00
4.778000000000000000e+03 2.207772254943847656e+00
4.780000000000000000e+03 2.140704870223999023e+00
4.782000000000000000e+03 1.995005726814270020e+00
4.784000000000000000e+03 2.128276586532592773e+00
4.786000000000000000e+03 2.153637886047363281e+00
4.788000000000000000e+03 2.194995880126953125e+00
4.790000000000000000e+03 2.179687500000000000e+00
4.792000000000000000e+03 2.079341411590576172e+00
4.794000000000000000e+03 2.011090040206909180e+00
4.796000000000000000e+03 1.874232411384582520e+00
4.798000000000000000e+03 1.921684622764587402e+00
4.800000000000000000e+03 1.954054594039916992e+00
4.802000000000000000e+03 1.911011576652526855e+00
4.804000000000000000e+03 1.822992086410522461e+00
4.806000000000000000e+03 1.660056114196777344e+00
4.808000000000000000e+03 1.632033348083496094e+00
4.810000000000000000e+03 1.603539943695068359e+00
4.812000000000000000e+03 1.793997049331665039e+00
4.814000000000000000e+03 1.832198381423950195e+00
4.816000000000000000e+03 1.957624554634094238e+00
4.818000000000000000e+03 1.970414519309997559e+00
4.820000000000000000e+03 1.894032597541809082e+00
4.822000000000000000e+03 1.960665345191955566e+00
4.824000000000000000e+03 1.855921626091003418e+00
4.826000000000000000e+03 1.730147957801818848e+00
4.828000000000000000e+03 1.640002846717834473e+00
4.830000000000000000e+03 1.686891198158264160e+00
4.832000000000000000e+03 1.627939224243164062e+00
4.834000000000000000e+03 1.671190619468688965e+00
4.836000000000000000e+03 1.836939454078674316e+00
4.838000000000000000e+03 2.074781417846679688e+00
4.840000000000000000e+03 2.104325532913208008e+00
4.842000000000000000e+03 2.171311616897583008e+00
4.844000000000000000e+03 2.007226705551147461e+00
4.846000000000000000e+03 2.145750761032104492e+00
4.848000000000000000e+03 2.098421573638916016e+00
4.850000000000000000e+03 2.301004409790039062e+00
4.852000000000000000e+03 2.393038511276245117e+00
4.854000000000000000e+03 2.467676401138305664e+00
4.856000000000000000e+03 2.371903419494628906e+00
4.858000000000000000e+03 2.189310073852539062e+00
4.860000000000000000e+03 2.198998212814331055e+00
4.862000000000000000e+03 2.200682163238525391e+00
4.864000000000000000e+03 2.207277297973632812e+00
4.866000000000000000e+03 2.217320680618286133e+00
4.868000000000000000e+03 1.996363759040832520e+00
4.870000000000000000e+03 2.124116659164428711e+00
4.872000000000000000e+03 2.120268583297729492e+00
4.874000000000000000e+03 2.312068939208984375e+00
4.876000000000000000e+03 2.621957540512084961e+00
4.878000000000000000e+03 2.587394714355468750e+00
4.880000000000000000e+03 2.406947612762451172e+00
4.882000000000000000e+03 7.480677962303161621e-01
4.884000000000000000e+03 2.315490722656250000e+00
4.886000000000000000e+03 7.923337817192077637e-01
4.888000000000000000e+03 8.048256635665893555e-01
4.890000000000000000e+03 2.209855794906616211e+00
4.892000000000000000e+03 2.254084348678588867e+00
4.894000000000000000e+03 6.439407467842102051e-01
4.896000000000000000e+03 2.199514865875244141e+00
4.898000000000000000e+03 2.131489992141723633e+00
4.900000000000000000e+03 2.182732582092285156e+00
4.902000000000000000e+03 2.344081640243530273e+00
4.904000000000000000e+03 2.359927892684936523e+00
4.906000000000000000e+03 2.566022872924804688e+00
4.908000000000000000e+03 2.605164527893066406e+00
4.910000000000000000e+03 2.854244232177734375e+00
4.912000000000000000e+03 2.908863544464111328e+00
4.914000000000000000e+03 3.023267507553100586e+00
4.916000000000000000e+03 2.671871185302734375e+00
4.918000000000000000e+03 3.039987802505493164e+00
4.920000000000000000e+03 2.835080385208129883e+00
4.922000000000000000e+03 2.607176780700683594e+00
4.924000000000000000e+03 2.396559000015258789e+00
4.926000000000000000e+03 2.043510437011718750e+00
4.928000000000000000e+03 1.890709161758422852e+00
4.930000000000000000e+03 1.984933376312255859e+00
4.932000000000000000e+03 2.060058832168579102e+00
4.934000000000000000e+03 2.075410842895507812e+00
4.936000000000000000e+03 1.976401209831237793e+00
4.938000000000000000e+03 2.000727415084838867e+00
4.940000000000000000e+03 1.606033682823181152e+00
4.942000000000000000e+03 1.601791381835937500e+00
4.944000000000000000e+03 1.656746864318847656e+00
4.946000000000000000e+03 1.891743302345275879e+00
4.948000000000000000e+03 1.965733885765075684e+00
4.950000000000000000e+03 1.966484546661376953e+00
4.952000000000000000e+03 1.916043758392333984e+00
4.954000000000000000e+03 1.848104357719421387e+00
4.956000000000000000e+03 1.997262239456176758e+00
4.958000000000000000e+03 1.899861097335815430e+00
4.960000000000000000e+03 1.998428821563720703e+00
4.962000000000000000e+03 1.977080583572387695e+00
4.964000000000000000e+03 1.887317180633544922e+00
4.966000000000000000e+03 1.870438337326049805e+00
4.968000000000000000e+03 1.931734442710876465e+00
4.970000000000000000e+03 1.801846265792846680e+00
4.972000000000000000e+03 2.062188863754272461e+00
4.974000000000000000e+03 2.242709159851074219e+00
4.976000000000000000e+03 2.149526357650756836e+00
4.978000000000000000e+03 1.994555950164794922e+00
4.980000000000000000e+03 1.914080739021301270e+00
4.982000000000000000e+03 2.023670673370361328e+00
4.984000000000000000e+03 2.133281946182250977e+00
4.986000000000000000e+03 2.077316284179687500e+00
4.988000000000000000e+03 2.231694459915161133e+00
4.990000000000000000e+03 1.966533899307250977e+00
4.992000000000000000e+03 1.876128673553466797e+00
4.994000000000000000e+03 1.945950269699096680e+00
4.996000000000000000e+03 1.583307623863220215e+00
4.998000000000000000e+03 1.486150979995727539e+00
5.000000000000000000e+03 1.485457658767700195e+00
5.002000000000000000e+03 1.545235037803649902e+00
5.004000000000000000e+03 1.174229741096496582e+00
5.006000000000000000e+03 1.162149906158447266e+00
5.008000000000000000e+03 1.357597351074218750e+00
5.010000000000000000e+03 1.311287641525268555e+00
5.012000000000000000e+03 1.200365304946899414e+00
5.014000000000000000e+03 1.152652740478515625e+00
5.016000000000000000e+03 9.835417866706848145e-01
5.018000000000000000e+03 9.121450185775756836e-01
5.020000000000000000e+03 1.143283963203430176e+00
5.022000000000000000e+03 1.311568379402160645e+00
5.024000000000000000e+03 1.181945443153381348e+00
5.026000000000000000e+03 1.385364770889282227e+00
5.028000000000000000e+03 1.390644550323486328e+00
5.030000000000000000e+03 1.455824851989746094e+00
5.032000000000000000e+03 1.576995491981506348e+00
5.034000000000000000e+03 1.587355136871337891e+00
5.036000000000000000e+03 1.598518252372741699e+00
5.038000000000000000e+03 1.621702075004577637e+00
5.040000000000000000e+03 1.607751488685607910e+00
5.042000000000000000e+03 1.463572621345520020e+00
5.044000000000000000e+03 1.559339523315429688e+00
5.046000000000000000e+03 1.631413459777832031e+00
5.048000000000000000e+03 1.765043020248413086e+00
5.050000000000000000e+03 1.954534769058227539e+00
5.052000000000000000e+03 2.075554847717285156e+00
5.054000000000000000e+03 1.944049239158630371e+00
5.056000000000000000e+03 2.290325880050659180e+00
5.058000000000000000e+03 2.357383489608764648e+00
5.060000000000000000e+03 2.270377874374389648e+00
5.062000000000000000e+03 2.008559226989746094e+00
5.064000000000000000e+03 1.850809335708618164e+00
5.066000000000000000e+03 1.489550471305847168e+00
5.068000000000000000e+03 1.595364809036254883e+00
5.070000000000000000e+03 1.696876168251037598e+00
5.072000000000000000e+03 1.551153302192687988e+00
5.074000000000000000e+03 1.485365271568298340e+00
5.076000000000000000e+03 1.487814664840698242e+00
5.078000000000000000e+03 1.691026210784912109e+00
5.080000000000000000e+03 1.729640126228332520e+00
5.082000000000000000e+03 1.594396471977233887e+00
5.084000000000000000e+03 1.625912308692932129e+00
5.086000000000000000e+03 1.730293631553649902e+00
5.088000000000000000e+03 1.636306524276733398e+00
5.090000000000000000e+03 1.804839968681335449e+00
5.092000000000000000e+03 1.839552283287048340e+00
5.094000000000000000e+03 1.721813678741455078e+00
5.096000000000000000e+03 1.593684434890747070e+00
5.098000000000000000e+03 1.584849238395690918e+00
5.100000000000000000e+03 1.517436861991882324e+00
5.102000000000000000e+03 1.775833487510681152e+00
5.104000000000000000e+03 1.935929775238037109e+00
5.106000000000000000e+03 1.743896007537841797e+00
5.108000000000000000e+03 1.654748916625976562e+00
5.110000000000000000e+03 1.697146892547607422e+00
5.112000000000000000e+03 1.778608202934265137e+00
5.114000000000000000e+03 2.028956890106201172e+00
5.116000000000000000e+03 2.149768114089965820e+00
5.118000000000000000e+03 2.197418689727783203e+00
5.120000000000000000e+03 2.099709033966064453e+00
5.122000000000000000e+03 1.924025535583496094e+00
5.124000000000000000e+03 2.096925735473632812e+00
5.126000000000000000e+03 2.064777374267578125e+00
5.128000000000000000e+03 2.119743108749389648e+00
5.130000000000000000e+03 2.209305047988891602e+00
5.132000000000000000e+03 2.293188095092773438e+00
5.134000000000000000e+03 2.247864484786987305e+00
5.136000000000000000e+03 2.307186365127563477e+00
5.138000000000000000e+03 2.377507209777832031e+00
5.140000000000000000e+03 2.421321153640747070e+00
5.142000000000000000e+03 7.779957056045532227e-01
5.144000000000000000e+03 7.805101275444030762e-01
5.146000000000000000e+03 8.947442770004272461e-01
5.148000000000000000e+03 8.091004490852355957e-01
5.150000000000000000e+03 9.134880304336547852e-01
5.152000000000000000e+03 8.243346810340881348e-01
5.154000000000000000e+03 7.806439995765686035e-01
5.156000000000000000e+03 8.549005389213562012e-01
5.158000000000000000e+03 2.332884550094604492e+00
5.160000000000000000e+03 2.357493400573730469e+00
5.162000000000000000e+03 2.319833040237426758e+00
5.164000000000000000e+03 2.302224636077880859e+00
5.166000000000000000e+03 9.818813800811767578e-01
5.168000000000000000e+03 9.700428843498229980e-01
5.170000000000000000e+03 1.063613414764404297e+00
5.172000000000000000e+03 9.137041568756103516e-01
5.174000000000000000e+03 6.613237857818603516e-01
5.176000000000000000e+03 2.468170881271362305e+00
5.178000000000000000e+03 2.492873907089233398e+00
5.180000000000000000e+03 2.220494747161865234e+00
5.182000000000000000e+03 2.399865627288818359e+00
5.184000000000000000e+03 2.262552022933959961e+00
5.186000000000000000e+03 2.204946041107177734e+00
5.188000000000000000e+03 2.271449327468872070e+00
5.190000000000000000e+03 2.208118677139282227e+00
5.192000000000000000e+03 2.467504501342773438e+00
5.194000000000000000e+03 2.670324802398681641e+00
5.196000000000000000e+03 3.415516614913940430e-01
5.198000000000000000e+03 2.507525205612182617e+00
5.200000000000000000e+03 2.978896617889404297e+00
5.202000000000000000e+03 2.751281261444091797e+00
5.204000000000000000e+03 2.642269611358642578e+00
5.206000000000000000e+03 2.549644470214843750e+00
5.208000000000000000e+03 2.417183160781860352e+00
5.210000000000000000e+03 2.243095397949218750e+00
5.212000000000000000e+03 2.085824966430664062e+00
5.214000000000000000e+03 2.059457778930664062e+00
5.216000000000000000e+03 2.093018531799316406e+00
5.218000000000000000e+03 2.300701618194580078e+00
5.220000000000000000e+03 2.442107439041137695e+00
5.222000000000000000e+03 2.830212593078613281e+00
5.224000000000000000e+03 2.857164382934570312e+00
5.226000000000000000e+03 2.577170610427856445e+00
5.228000000000000000e+03 2.686928272247314453e+00
5.230000000000000000e+03 2.435211896896362305e+00
5.232000000000000000e+03 2.186536312103271484e+00
5.234000000000000000e+03 2.166060209274291992e+00
5.236000000000000000e+03 2.268861293792724609e+00
5.238000000000000000e+03 2.387876987457275391e+00
5.240000000000000000e+03 2.222203969955444336e+00
5.242000000000000000e+03 2.399529933929443359e+00
5.244000000000000000e+03 8.694679141044616699e-01
5.246000000000000000e+03 8.800712823867797852e-01
5.248000000000000000e+03 7.497813701629638672e-01
5.250000000000000000e+03 2.394956588745117188e+00
5.252000000000000000e+03 2.284992933273315430e+00
5.254000000000000000e+03 2.399817228317260742e+00
5.256000000000000000e+03 2.252144575119018555e+00
5.258000000000000000e+03 2.418135881423950195e+00
5.260000000000000000e+03 2.302817106246948242e+00
5.262000000000000000e+03 2.349235057830810547e+00
5.264000000000000000e+03 2.327747106552124023e+00
5.266000000000000000e+03 2.394516468048095703e+00
5.268000000000000000e+03 2.320020437240600586e+00
5.270000000000000000e+03 2.340859889984130859e+00
5.272000000000000000e+03 8.449150919914245605e-01
5.274000000000000000e+03 9.515761733055114746e-01
5.276000000000000000e+03 7.598818540573120117e-01
5.278000000000000000e+03 7.118822932243347168e-01
5.280000000000000000e+03 7.056074738502502441e-01
5.282000000000000000e+03 2.488367319107055664e+00
5.284000000000000000e+03 2.529241323471069336e+00
5.286000000000000000e+03 2.427244901657104492e+00
5.288000000000000000e+03 2.439006328582763672e+00
5.290000000000000000e+03 5.788563489913940430e-01
5.292000000000000000e+03 5.354079604148864746e-01
5.294000000000000000e+03 6.187052726745605469e-01
5.296000000000000000e+03 2.471577167510986328e+00
5.298000000000000000e+03 2.612557888031005859e+00
5.300000000000000000e+03 2.482013940811157227e+00
5.302000000000000000e+03 2.113275527954101562e+00
5.304000000000000000e+03 2.282445907592773438e+00
5.306000000000000000e+03 2.186197280883789062e+00
5.308000000000000000e+03 1.994350671768188477e+00
5.310000000000000000e+03 1.979368090629577637e+00
5.312000000000000000e+03 1.355443835258483887e+00
5.314000000000000000e+03 1.466502785682678223e+00
5.316000000000000000e+03 1.453789591789245605e+00
5.318000000000000000e+03 1.448902249336242676e+00
5.320000000000000000e+03 1.529506683349609375e+00
5.322000000000000000e+03 1.352753162384033203e+00
5.324000000000000000e+03 1.515305280685424805e+00
5.326000000000000000e+03 1.388812422752380371e+00
5.328000000000000000e+03 1.441753268241882324e+00
5.330000000000000000e+03 1.362545728683471680e+00
5.332000000000000000e+03 1.512959241867065430e+00
5.334000000000000000e+03 1.564399003982543945e+00
5.336000000000000000e+03 1.280939698219299316e+00
5.338000000000000000e+03 1.352455735206604004e+00
5.340000000000000000e+03 1.638150811195373535e+00
5.342000000000000000e+03 1.476896286010742188e+00
5.344000000000000000e+03 1.446980237960815430e+00
5.346000000000000000e+03 1.830065131187438965e+00
5.348000000000000000e+03 2.286279678344726562e+00
5.350000000000000000e+03 2.964085578918457031e+00
5.352000000000000000e+03 2.748655796051025391e+00
5.354000000000000000e+03 2.650921583175659180e+00
5.356000000000000000e+03 2.386028528213500977e+00
5.358000000000000000e+03 2.094825029373168945e+00
5.360000000000000000e+03 2.187101840972900391e+00
5.362000000000000000e+03 2.130096435546875000e+00
5.364000000000000000e+03 2.217443466186523438e+00
5.366000000000000000e+03 2.172193050384521484e+00
5.368000000000000000e+03 2.122940063476562500e+00
5.370000000000000000e+03 2.377937316894531250e+00
5.372000000000000000e+03 2.392452239990234375e+00
5.374000000000000000e+03 6.984112262725830078e-01
5.376000000000000000e+03 6.791256666183471680e-01
5.378000000000000000e+03 5.533383488655090332e-01
5.380000000000000000e+03 9.343062639236450195e-01
5.382000000000000000e+03 9.858494997024536133e-01
5.384000000000000000e+03 1.321374297142028809e+00
5.386000000000000000e+03 1.304466485977172852e+00
5.388000000000000000e+03 1.403138160705566406e+00
5.390000000000000000e+03 1.494385123252868652e+00
5.392000000000000000e+03 1.397564649581909180e+00
5.394000000000000000e+03 1.476764559745788574e+00
5.396000000000000000e+03 1.676117062568664551e+00
5.398000000000000000e+03 1.740485310554504395e+00
5.400000000000000000e+03 1.714066386222839355e+00
5.402000000000000000e+03 1.885539650917053223e+00
5.404000000000000000e+03 2.007786273956298828e+00
5.406000000000000000e+03 1.926337957382202148e+00
5.408000000000000000e+03 1.916186451911926270e+00
5.410000000000000000e+03 1.790992856025695801e+00
5.412000000000000000e+03 1.829257130622863770e+00
5.414000000000000000e+03 1.796495318412780762e+00
5.416000000000000000e+03 1.693631649017333984e+00
5.418000000000000000e+03 1.751006484031677246e+00
5.420000000000000000e+03 1.662276506423950195e+00
5.422000000000000000e+03 1.483811736106872559e+00
5.424000000000000000e+03 1.607800245285034180e+00
5.426000000000000000e+03 1.134484410285949707e+00
5.428000000000000000e+03 7.486239671707153320e-01
5.430000000000000000e+03 6.370213627815246582e-01
5.432000000000000000e+03 4.712124466896057129e-01
5.434000000000000000e+03 9.038984775543212891e-02
5.436000000000000000e+03 1.183383464813232422e-01
5.438000000000000000e+03 9.699139595031738281e-01
5.440000000000000000e+03 1.368533253669738770e+00
5.442000000000000000e+03 1.130993485450744629e+00
5.444000000000000000e+03 8.290400505065917969e-01
5.446000000000000000e+03 7.542017698287963867e-01
5.448000000000000000e+03 2.077826499938964844e+00
5.450000000000000000e+03 2.653006315231323242e+00
5.452000000000000000e+03 2.169411182403564453e+00
5.454000000000000000e+03 1.896791815757751465e+00
5.456000000000000000e+03 2.185712814331054688e+00
5.458000000000000000e+03 2.092975616455078125e+00
5.460000000000000000e+03 1.477773666381835938e+00
5.462000000000000000e+03 2.563702344894409180e+00
5.464000000000000000e+03 2.490065097808837891e+00
5.466000000000000000e+03 2.489737749099731445e+00
5.468000000000000000e+03 2.675056457519531250e+00
5.470000000000000000e+03 2.874756336212158203e+00
5.472000000000000000e+03 2.595302104949951172e+00
5.474000000000000000e+03 2.283604383468627930e+00
5.476000000000000000e+03 2.108694791793823242e+00
5.478000000000000000e+03 2.408297538757324219e+00
5.480000000000000000e+03 5.257488489151000977e-01
5.482000000000000000e+03 4.404738247394561768e-01
5.484000000000000000e+03 2.678122282028198242e+00
5.486000000000000000e+03 5.153354406356811523e-01
5.488000000000000000e+03 5.974574685096740723e-01
5.490000000000000000e+03 5.905669331550598145e-01
5.492000000000000000e+03 1.920582950115203857e-01
5.494000000000000000e+03 4.597381353378295898e-01
5.496000000000000000e+03 6.765749454498291016e-01
5.498000000000000000e+03 7.921041846275329590e-01
5.500000000000000000e+03 9.732821583747863770e-01
5.502000000000000000e+03 1.002294778823852539e+00
5.504000000000000000e+03 9.087554812431335449e-01
5.506000000000000000e+03 8.442596793174743652e-01
5.508000000000000000e+03 9.167302250862121582e-01
5.510000000000000000e+03 9.919127225875854492e-01
5.512000000000000000e+03 1.124121665954589844e+00
5.514000000000000000e+03 1.190309762954711914e+00
5.516000000000000000e+03 1.207034349441528320e+00
5.518000000000000000e+03 1.054369568824768066e+00
5.520000000000000000e+03 1.178012609481811523e+00
5.522000000000000000e+03 1.300502419471740723e+00
5.524000000000000000e+03 1.272110104560852051e+00
5.526000000000000000e+03 1.268641114234924316e+00
5.528000000000000000e+03 1.232508182525634766e+00
5.530000000000000000e+03 1.396252751350402832e+00
5.532000000000000000e+03 1.229888796806335449e+00
5.534000000000000000e+03 1.053629994392395020e+00
5.536000000000000000e+03 1.161767244338989258e+00
5.538000000000000000e+03 1.107555747032165527e+00
5.540000000000000000e+03 1.065275192260742188e+00
5.542000000000000000e+03 1.144546389579772949e+00
5.544000000000000000e+03 1.112811923027038574e+00
5.546000000000000000e+03 1.041526317596435547e+00
5.548000000000000000e+03 9.443064928054809570e-01
5.550000000000000000e+03 9.806032776832580566e-01
5.552000000000000000e+03 1.052069783210754395e+00
5.554000000000000000e+03 9.331502318382263184e-01
5.556000000000000000e+03 9.135665297508239746e-01
5.558000000000000000e+03 9.326213598251342773e-01
5.560000000000000000e+03 8.117442131042480469e-01
5.562000000000000000e+03 1.001853942871093750e+00
5.564000000000000000e+03 9.972375631332397461e-01
5.566000000000000000e+03 8.714960217475891113e-01
5.568000000000000000e+03 8.932567834854125977e-01
5.570000000000000000e+03 9.584593772888183594e-01
5.572000000000000000e+03 8.113145828247070312e-01
5.574000000000000000e+03 9.929553866386413574e-01
5.576000000000000000e+03 1.070618748664855957e+00
5.578000000000000000e+03 9.160236716270446777e-01
5.580000000000000000e+03 1.026631236076354980e+00
5.582000000000000000e+03 6.887117624282836914e-01
5.584000000000000000e+03 9.674116969108581543e-01
5.586000000000000000e+03 1.005174756050109863e+00
5.588000000000000000e+03 1.106740593910217285e+00
5.590000000000000000e+03 1.075313925743103027e+00
5.592000000000000000e+03 1.601388931274414062e+00
5.594000000000000000e+03 1.562916398048400879e+00
5.596000000000000000e+03 1.893539667129516602e+00
5.598000000000000000e+03 2.123938083648681641e+00
5.600000000000000000e+03 2.395560741424560547e+00
5.602000000000000000e+03 1.944800615310668945e+00
5.604000000000000000e+03 1.929714441299438477e+00
5.606000000000000000e+03 1.984899163246154785e+00
5.608000000000000000e+03 2.084741830825805664e+00
5.610000000000000000e+03 1.699681282043457031e+00
5.612000000000000000e+03 1.584707379341125488e+00
5.614000000000000000e+03 1.725721597671508789e+00
5.616000000000000000e+03 1.579784750938415527e+00
5.618000000000000000e+03 1.516508936882019043e+00
5.620000000000000000e+03 1.318477034568786621e+00
5.622000000000000000e+03 1.147757172584533691e+00
5.624000000000000000e+03 1.197945237159729004e+00
5.626000000000000000e+03 1.046974420547485352e+00
5.628000000000000000e+03 1.179237961769104004e+00
5.630000000000000000e+03 1.111712932586669922e+00
5.632000000000000000e+03 1.263227224349975586e+00
5.634000000000000000e+03 1.283815860748291016e+00
5.636000000000000000e+03 1.392525792121887207e+00
5.638000000000000000e+03 1.502878308296203613e+00
5.640000000000000000e+03 1.722579121589660645e+00
5.642000000000000000e+03 1.792342424392700195e+00
5.644000000000000000e+03 1.634754180908203125e+00
5.646000000000000000e+03 1.586708188056945801e+00
5.648000000000000000e+03 1.513577461242675781e+00
5.650000000000000000e+03 1.471998095512390137e+00
5.652000000000000000e+03 1.175129413604736328e+00
5.654000000000000000e+03 1.482276201248168945e+00
5.656000000000000000e+03 1.436674356460571289e+00
5.658000000000000000e+03 1.678452491760253906e+00
5.660000000000000000e+03 1.597793817520141602e+00
5.662000000000000000e+03 1.716075897216796875e+00
5.664000000000000000e+03 1.804303884506225586e+00
5.666000000000000000e+03 1.967900514602661133e+00
5.668000000000000000e+03 1.962882399559020996e+00
5.670000000000000000e+03 2.035378456115722656e+00
5.672000000000000000e+03 1.954045891761779785e+00
5.674000000000000000e+03 1.999750852584838867e+00
5.676000000000000000e+03 2.383373737335205078e+00
5.678000000000000000e+03 1.947922348976135254e+00
5.680000000000000000e+03 2.064663171768188477e+00
5.682000000000000000e+03 2.546569108963012695e+00
5.684000000000000000e+03 2.776101827621459961e+00
5.686000000000000000e+03 2.576283454895019531e+00
5.688000000000000000e+03 2.647383451461791992e+00
5.690000000000000000e+03 3.060893297195434570e+00
5.692000000000000000e+03 2.779254674911499023e+00
5.694000000000000000e+03 2.499686241149902344e+00
5.696000000000000000e+03 2.666953563690185547e+00
5.698000000000000000e+03 2.631953716278076172e+00
5.700000000000000000e+03 2.519211053848266602e+00
5.702000000000000000e+03 2.564628124237060547e+00
5.704000000000000000e+03 2.009009599685668945e+00
5.706000000000000000e+03 1.997654557228088379e+00
5.708000000000000000e+03 2.247808218002319336e+00
5.710000000000000000e+03 2.600047588348388672e+00
5.712000000000000000e+03 2.445095539093017578e+00
5.714000000000000000e+03 2.172036886215209961e+00
5.716000000000000000e+03 2.185605525970458984e+00
5.718000000000000000e+03 2.725425004959106445e+00
5.720000000000000000e+03 2.696160316467285156e+00
5.722000000000000000e+03 2.261051177978515625e+00
5.724000000000000000e+03 2.470721006393432617e+00
5.726000000000000000e+03 2.715618371963500977e+00
5.728000000000000000e+03 2.356183052062988281e+00
5.730000000000000000e+03 2.131422996520996094e+00
5.732000000000000000e+03 2.842822790145874023e+00
5.734000000000000000e+03 2.673029184341430664e+00
5.736000000000000000e+03 2.781092882156372070e+00
5.738000000000000000e+03 2.600770235061645508e+00
5.740000000000000000e+03 2.708805322647094727e+00
5.742000000000000000e+03 2.897337913513183594e+00
5.744000000000000000e+03 2.380202770233154297e+00
5.746000000000000000e+03 2.331577777862548828e+00
5.748000000000000000e+03 2.076961517333984375e+00
5.750000000000000000e+03 2.334003925323486328e+00
5.752000000000000000e+03 2.168484687805175781e+00
5.754000000000000000e+03 2.359885931015014648e+00
5.756000000000000000e+03 2.198854684829711914e+00
5.758000000000000000e+03 2.167886734008789062e+00
5.760000000000000000e+03 7.534232735633850098e-01
5.762000000000000000e+03 7.831516265869140625e-01
5.764000000000000000e+03 8.654381632804870605e-01
5.766000000000000000e+03 9.856342673301696777e-01
5.768000000000000000e+03 9.539476037025451660e-01
5.770000000000000000e+03 9.145457744598388672e-01
5.772000000000000000e+03 8.779334425926208496e-01
5.774000000000000000e+03 9.940316081047058105e-01
5.776000000000000000e+03 9.822728037834167480e-01
5.778000000000000000e+03 8.701360821723937988e-01
5.780000000000000000e+03 8.810344338417053223e-01
5.782000000000000000e+03 8.100776672363281250e-01
5.784000000000000000e+03 7.085630297660827637e-01
5.786000000000000000e+03 7.220185995101928711e-01
5.788000000000000000e+03 2.526423454284667969e+00
5.790000000000000000e+03 2.484991788864135742e+00
5.792000000000000000e+03 2.599507331848144531e+00
5.794000000000000000e+03 2.449830055236816406e+00
5.796000000000000000e+03 2.461944341659545898e+00
5.798000000000000000e+03 2.503955602645874023e+00
5.800000000000000000e+03 2.246744155883789062e+00
5.802000000000000000e+03 2.232058763504028320e+00
5.804000000000000000e+03 2.069818973541259766e+00
5.806000000000000000e+03 2.380449771881103516e+00
5.808000000000000000e+03 2.522969722747802734e+00
5.810000000000000000e+03 2.308678150177001953e+00
5.812000000000000000e+03 1.913283586502075195e+00
5.814000000000000000e+03 1.981455922126770020e+00
5.816000000000000000e+03 1.801355361938476562e+00
5.818000000000000000e+03 1.865086317062377930e+00
5.820000000000000000e+03 1.941426873207092285e+00
5.822000000000000000e+03 2.107016801834106445e+00
5.824000000000000000e+03 2.109729051589965820e+00
5.826000000000000000e+03 1.895950198173522949e+00
5.828000000000000000e+03 1.621788859367370605e+00
5.830000000000000000e+03 1.725273847579956055e+00
5.832000000000000000e+03 2.114191532135009766e+00
5.834000000000000000e+03 1.948609113693237305e+00
5.836000000000000000e+03 2.072145223617553711e+00
5.838000000000000000e+03 2.063178300857543945e+00
5.840000000000000000e+03 1.941851496696472168e+00
5.842000000000000000e+03 1.916527986526489258e+00
5.844000000000000000e+03 1.910257458686828613e+00
5.846000000000000000e+03 2.082272768020629883e+00
5.848000000000000000e+03 1.966038227081298828e+00
5.850000000000000000e+03 1.976576685905456543e+00
5.852000000000000000e+03 2.045803785324096680e+00
5.854000000000000000e+03 1.996170759201049805e+00
5.856000000000000000e+03 2.023421049118041992e+00
5.858000000000000000e+03 1.740141987800598145e+00
5.860000000000000000e+03 1.529295563697814941e+00
5.862000000000000000e+03 1.698583841323852539e+00
5.864000000000000000e+03 1.828379034996032715e+00
5.866000000000000000e+03 1.730079531669616699e+00
5.868000000000000000e+03 1.732032537460327148e+00
5.870000000000000000e+03 2.099364757537841797e+00
5.872000000000000000e+03 2.240632057189941406e+00
5.874000000000000000e+03 2.052790403366088867e+00
5.876000000000000000e+03 1.956014156341552734e+00
5.878000000000000000e+03 1.841376304626464844e+00
5.880000000000000000e+03 1.953807473182678223e+00
5.882000000000000000e+03 2.024839401245117188e+00
5.884000000000000000e+03 1.900373697280883789e+00
5.886000000000000000e+03 1.895559191703796387e+00
5.888000000000000000e+03 1.702750921249389648e+00
5.890000000000000000e+03 1.733365416526794434e+00
5.892000000000000000e+03 1.533937692642211914e+00
5.894000000000000000e+03 1.859160423278808594e+00
5.896000000000000000e+03 1.743656516075134277e+00
5.898000000000000000e+03 1.578470826148986816e+00
5.900000000000000000e+03 1.824486494064331055e+00
5.902000000000000000e+03 1.826075673103332520e+00
5.904000000000000000e+03 1.533739686012268066e+00
5.906000000000000000e+03 1.697258591651916504e+00
5.908000000000000000e+03 1.594152569770812988e+00
5.910000000000000000e+03 1.443725824356079102e+00
5.912000000000000000e+03 1.804139256477355957e+00
5.914000000000000000e+03 1.866510868072509766e+00
5.916000000000000000e+03 2.011548995971679688e+00
5.918000000000000000e+03 2.000903606414794922e+00
5.920000000000000000e+03 2.008631229400634766e+00
5.922000000000000000e+03 2.256748437881469727e+00
5.924000000000000000e+03 2.230188608169555664e+00
5.926000000000000000e+03 2.455528020858764648e+00
5.928000000000000000e+03 2.313857078552246094e+00
5.930000000000000000e+03 2.377494812011718750e+00
5.932000000000000000e+03 2.459852933883666992e+00
5.934000000000000000e+03 6.883172392845153809e-01
5.936000000000000000e+03 6.737353801727294922e-01
5.938000000000000000e+03 7.474474310874938965e-01
5.940000000000000000e+03 6.860238313674926758e-01
5.942000000000000000e+03 8.180091977119445801e-01
5.944000000000000000e+03 7.977292537689208984e-01
5.946000000000000000e+03 8.742810487747192383e-01
5.948000000000000000e+03 6.275023818016052246e-01
5.950000000000000000e+03 7.500810027122497559e-01
5.952000000000000000e+03 9.114242792129516602e-01
5.954000000000000000e+03 7.449144721031188965e-01
5.956000000000000000e+03 8.006979823112487793e-01
5.958000000000000000e+03 8.845769762992858887e-01
5.960000000000000000e+03 1.005936861038208008e+00
5.962000000000000000e+03 9.201757311820983887e-01
5.964000000000000000e+03 1.032828450202941895e+00
5.966000000000000000e+03 9.246907234191894531e-01
5.968000000000000000e+03 1.028161168098449707e+00
5.970000000000000000e+03 1.000824332237243652e+00
5.972000000000000000e+03 1.095826148986816406e+00
5.974000000000000000e+03 9.994675517082214355e-01
5.976000000000000000e+03 8.943052887916564941e-01
5.978000000000000000e+03 9.893743991851806641e-01
5.980000000000000000e+03 1.114694237709045410e+00
5.982000000000000000e+03 1.119531631469726562e+00
5.984000000000000000e+03 1.382006287574768066e+00
5.986000000000000000e+03 1.480009078979492188e+00
5.988000000000000000e+03 1.727146506309509277e+00
5.990000000000000000e+03 1.428432822227478027e+00
5.992000000000000000e+03 1.527308225631713867e+00
5.994000000000000000e+03 1.380362629890441895e+00
5.996000000000000000e+03 1.253069639205932617e+00
5.998000000000000000e+03 1.125633716583251953e+00
6.000000000000000000e+03 1.087080836296081543e+00
6.002000000000000000e+03 1.114171624183654785e+00
6.004000000000000000e+03 1.272877931594848633e+00
6.006000000000000000e+03 1.142108082771301270e+00
6.008000000000000000e+03 1.571532964706420898e+00
6.010000000000000000e+03 1.448267698287963867e+00
6.012000000000000000e+03 1.396336913108825684e+00
6.014000000000000000e+03 1.544396400451660156e+00
6.016000000000000000e+03 1.582306385040283203e+00
6.018000000000000000e+03 1.664447307586669922e+00
6.020000000000000000e+03 1.708906650543212891e+00
6.022000000000000000e+03 1.673739075660705566e+00
6.024000000000000000e+03 1.639649987220764160e+00
6.026000000000000000e+03 1.800012588500976562e+00
6.028000000000000000e+03 2.056990385055541992e+00
6.030000000000000000e+03 2.223441839218139648e+00
6.032000000000000000e+03 2.574323415756225586e+00
6.034000000000000000e+03 2.627884387969970703e+00
6.036000000000000000e+03 2.371972560882568359e+00
6.038000000000000000e+03 2.348018407821655273e+00
6.040000000000000000e+03 2.075804233551025391e+00
6.042000000000000000e+03 1.747639179229736328e+00
6.044000000000000000e+03 1.994281888008117676e+00
6.046000000000000000e+03 2.263387441635131836e+00
6.048000000000000000e+03 2.204397439956665039e+00
6.050000000000000000e+03 2.248934507369995117e+00
6.052000000000000000e+03 2.710840702056884766e+00
6.054000000000000000e+03 2.323910474777221680e+00
6.056000000000000000e+03 2.531759738922119141e+00
6.058000000000000000e+03 2.409720420837402344e+00
6.060000000000000000e+03 2.561547279357910156e+00
6.062000000000000000e+03 2.534341812133789062e+00
6.064000000000000000e+03 2.699715137481689453e+00
6.066000000000000000e+03 4.118050038814544678e-01
6.068000000000000000e+03 6.877259016036987305e-01
6.070000000000000000e+03 7.122737765312194824e-01
6.072000000000000000e+03 6.950637102127075195e-01
6.074000000000000000e+03 6.892459988594055176e-01
6.076000000000000000e+03 7.834867238998413086e-01
6.078000000000000000e+03 2.388563156127929688e+00
6.080000000000000000e+03 2.393820285797119141e+00
6.082000000000000000e+03 2.362274885177612305e+00
6.084000000000000000e+03 2.401783227920532227e+00
6.086000000000000000e+03 2.316443443298339844e+00
6.088000000000000000e+03 2.396254539489746094e+00
6.090000000000000000e+03 2.373428106307983398e+00
6.092000000000000000e+03 2.213717222213745117e+00
6.094000000000000000e+03 2.324781179428100586e+00
6.096000000000000000e+03 1.946330428123474121e+00
6.098000000000000000e+03 2.147359609603881836e+00
6.100000000000000000e+03 2.202703475952148438e+00
6.102000000000000000e+03 2.304602622985839844e+00
6.104000000000000000e+03 2.233409166336059570e+00
6.106000000000000000e+03 2.363528013229370117e+00
6.108000000000000000e+03 2.039879322052001953e+00
6.110000000000000000e+03 2.254970073699951172e+00
6.112000000000000000e+03 2.379163980484008789e+00
6.114000000000000000e+03 2.312242746353149414e+00
6.116000000000000000e+03 2.369365692138671875e+00
6.118000000000000000e+03 2.320608615875244141e+00
6.120000000000000000e+03 2.244222640991210938e+00
6.122000000000000000e+03 2.194420814514160156e+00
6.124000000000000000e+03 2.229763746261596680e+00
6.126000000000000000e+03 2.429356098175048828e+00
6.128000000000000000e+03 2.546602249145507812e+00
6.130000000000000000e+03 6.891430616378784180e-01
6.132000000000000000e+03 6.305614709854125977e-01
6.134000000000000000e+03 6.034651994705200195e-01
6.136000000000000000e+03 6.845535039901733398e-01
6.138000000000000000e+03 6.082894802093505859e-01
6.140000000000000000e+03 4.770873188972473145e-01
6.142000000000000000e+03 4.582713544368743896e-01
6.144000000000000000e+03 2.608985662460327148e+00
6.146000000000000000e+03 2.688027381896972656e+00
6.148000000000000000e+03 4.412082433700561523e-01
6.150000000000000000e+03 5.355358719825744629e-01
6.152000000000000000e+03 4.927112460136413574e-01
6.154000000000000000e+03 7.404369115829467773e-01
6.156000000000000000e+03 7.567062377929687500e-01
6.158000000000000000e+03 5.011693835258483887e-01
6.160000000000000000e+03 6.479921340942382812e-01
6.162000000000000000e+03 8.343582153320312500e-01
6.164000000000000000e+03 1.103672981262207031e+00
6.166000000000000000e+03 1.450667381286621094e+00
6.168000000000000000e+03 1.113622546195983887e+00
6.170000000000000000e+03 1.504412174224853516e+00
6.172000000000000000e+03 1.246826529502868652e+00
6.174000000000000000e+03 1.498379349708557129e+00
6.176000000000000000e+03 1.568283677101135254e+00
6.178000000000000000e+03 1.656738996505737305e+00
6.180000000000000000e+03 2.105623960494995117e+00
6.182000000000000000e+03 2.088656187057495117e+00
6.184000000000000000e+03 1.939816951751708984e+00
6.186000000000000000e+03 1.864367485046386719e+00
6.188000000000000000e+03 1.920987010002136230e+00
6.190000000000000000e+03 1.889190554618835449e+00
6.192000000000000000e+03 1.949249029159545898e+00
6.194000000000000000e+03 1.991900563240051270e+00
6.196000000000000000e+03 1.812469244003295898e+00
6.198000000000000000e+03 1.982464313507080078e+00
6.200000000000000000e+03 1.644842624664306641e+00
6.202000000000000000e+03 1.765213012695312500e+00
6.204000000000000000e+03 1.435659766197204590e+00
6.206000000000000000e+03 1.442711353302001953e+00
6.208000000000000000e+03 1.625970482826232910e+00
6.210000000000000000e+03 1.686605811119079590e+00
6.212000000000000000e+03 1.682850003242492676e+00
6.214000000000000000e+03 1.817974209785461426e+00
6.216000000000000000e+03 1.693626523017883301e+00
6.218000000000000000e+03 1.648063659667968750e+00
6.220000000000000000e+03 1.747012495994567871e+00
6.222000000000000000e+03 1.626089930534362793e+00
6.224000000000000000e+03 1.537969946861267090e+00
6.226000000000000000e+03 1.507937312126159668e+00
6.228000000000000000e+03 1.365073084831237793e+00
6.230000000000000000e+03 1.612337112426757812e+00
6.232000000000000000e+03 1.498657584190368652e+00
6.234000000000000000e+03 1.455742359161376953e+00
6.236000000000000000e+03 1.028848528861999512e+00
6.238000000000000000e+03 1.023714661598205566e+00
6.240000000000000000e+03 9.591526985168457031e-01
6.242000000000000000e+03 1.255740523338317871e+00
6.244000000000000000e+03 1.369145870208740234e+00
6.246000000000000000e+03 1.585268974304199219e+00
6.248000000000000000e+03 1.317000031471252441e+00
6.250000000000000000e+03 1.304877877235412598e+00
6.252000000000000000e+03 1.150585055351257324e+00
6.254000000000000000e+03 9.562240242958068848e-01
6.256000000000000000e+03 1.016460299491882324e+00
6.258000000000000000e+03 1.168063044548034668e+00
6.260000000000000000e+03 1.045256853103637695e+00
6.262000000000000000e+03 1.242495656013488770e+00
6.264000000000000000e+03 1.240569472312927246e+00
6.266000000000000000e+03 1.287343263626098633e+00
6.268000000000000000e+03 1.412522196769714355e+00
6.270000000000000000e+03 1.376481294631958008e+00
6.272000000000000000e+03 1.226484417915344238e+00
6.274000000000000000e+03 1.243566632270812988e+00
6.276000000000000000e+03 1.021204352378845215e+00
6.278000000000000000e+03 7.832227945327758789e-01
6.280000000000000000e+03 2.440096378326416016e+00
6.282000000000000000e+03 2.433190107345581055e+00
6.284000000000000000e+03 5.637042522430419922e-01
6.286000000000000000e+03 7.462152242660522461e-01
6.288000000000000000e+03 6.703554987907409668e-01
6.290000000000000000e+03 5.376842021942138672e-01
6.292000000000000000e+03 2.691829919815063477e+00
6.294000000000000000e+03 2.764612197875976562e+00
6.296000000000000000e+03 4.555744230747222900e-01
6.298000000000000000e+03 7.620416283607482910e-01
6.300000000000000000e+03 8.074516057968139648e-01
6.302000000000000000e+03 8.428889513015747070e-01
6.304000000000000000e+03 2.347322225570678711e+00
6.306000000000000000e+03 9.922757744789123535e-01
6.308000000000000000e+03 8.446593880653381348e-01
6.310000000000000000e+03 8.115450739860534668e-01
6.312000000000000000e+03 2.109287023544311523e+00
6.314000000000000000e+03 2.181878089904785156e+00
6.316000000000000000e+03 2.228738546371459961e+00
6.318000000000000000e+03 2.112797498703002930e+00
6.320000000000000000e+03 2.205203771591186523e+00
6.322000000000000000e+03 2.277082681655883789e+00
6.324000000000000000e+03 2.488813161849975586e+00
6.326000000000000000e+03 2.346785545349121094e+00
6.328000000000000000e+03 2.299809932708740234e+00
6.330000000000000000e+03 2.306518316268920898e+00
6.332000000000000000e+03 7.931687235832214355e-01
6.334000000000000000e+03 2.277736663818359375e+00
6.336000000000000000e+03 2.338515043258666992e+00
6.338000000000000000e+03 2.206538438796997070e+00
6.340000000000000000e+03 2.099453449249267578e+00
6.342000000000000000e+03 2.144021749496459961e+00
6.344000000000000000e+03 2.814702033996582031e+00
6.346000000000000000e+03 2.874830245971679688e+00
6.348000000000000000e+03 2.454468965530395508e+00
6.350000000000000000e+03 2.188117980957031250e+00
6.352000000000000000e+03 1.834407210350036621e+00
6.354000000000000000e+03 1.870178699493408203e+00
6.356000000000000000e+03 1.889245271682739258e+00
6.358000000000000000e+03 1.837590336799621582e+00
6.360000000000000000e+03 1.804769158363342285e+00
6.362000000000000000e+03 1.654779314994812012e+00
6.364000000000000000e+03 1.846196413040161133e+00
6.366000000000000000e+03 1.694216012954711914e+00
6.368000000000000000e+03 1.822695612907409668e+00
6.370000000000000000e+03 1.744006037712097168e+00
6.372000000000000000e+03 1.568304061889648438e+00
6.374000000000000000e+03 1.589393019676208496e+00
6.376000000000000000e+03 1.483260631561279297e+00
6.378000000000000000e+03 1.360317349433898926e+00
6.380000000000000000e+03 1.081995487213134766e+00
6.382000000000000000e+03 9.584932327270507812e-01
6.384000000000000000e+03 1.297258377075195312e+00
6.386000000000000000e+03 1.312134265899658203e+00
6.388000000000000000e+03 1.387305498123168945e+00
6.390000000000000000e+03 1.464549183845520020e+00
6.392000000000000000e+03 1.531741857528686523e+00
6.394000000000000000e+03 1.317109465599060059e+00
6.396000000000000000e+03 1.441052556037902832e+00
6.398000000000000000e+03 1.377819538116455078e+00
6.400000000000000000e+03 1.501097083091735840e+00
6.402000000000000000e+03 1.616935968399047852e+00
6.404000000000000000e+03 1.853843688964843750e+00
6.406000000000000000e+03 1.878888249397277832e+00
6.408000000000000000e+03 2.057020425796508789e+00
6.410000000000000000e+03 2.351886034011840820e+00
6.412000000000000000e+03 2.379357099533081055e+00
6.414000000000000000e+03 2.768514394760131836e+00
6.416000000000000000e+03 2.941214084625244141e+00
6.418000000000000000e+03 2.719504594802856445e+00
6.420000000000000000e+03 2.592035531997680664e+00
6.422000000000000000e+03 2.673692941665649414e+00
6.424000000000000000e+03 2.699296474456787109e+00
6.426000000000000000e+03 2.573472738265991211e+00
6.428000000000000000e+03 2.365626573562622070e+00
6.430000000000000000e+03 2.323526620864868164e+00
6.432000000000000000e+03 2.590650558471679688e+00
6.434000000000000000e+03 2.423554658889770508e+00
6.436000000000000000e+03 2.379672050476074219e+00
6.438000000000000000e+03 2.571777343750000000e+00
6.440000000000000000e+03 2.445839405059814453e+00
6.442000000000000000e+03 2.483035087585449219e+00
6.444000000000000000e+03 2.257506847381591797e+00
6.446000000000000000e+03 2.286019086837768555e+00
6.448000000000000000e+03 2.645220518112182617e+00
6.450000000000000000e+03 2.592782497406005859e+00
6.452000000000000000e+03 2.500722408294677734e+00
6.454000000000000000e+03 2.535116672515869141e+00
6.456000000000000000e+03 2.596659898757934570e+00
6.458000000000000000e+03 5.880417227745056152e-01
6.460000000000000000e+03 2.543292999267578125e+00
6.462000000000000000e+03 5.542399287223815918e-01
6.464000000000000000e+03 2.543093919754028320e+00
6.466000000000000000e+03 2.575787544250488281e+00
6.468000000000000000e+03 2.660034894943237305e+00
6.470000000000000000e+03 2.993524789810180664e+00
6.472000000000000000e+03 2.745606422424316406e+00
6.474000000000000000e+03 2.541640758514404297e+00
6.476000000000000000e+03 2.825373649597167969e+00
6.478000000000000000e+03 4.774094521999359131e-01
6.480000000000000000e+03 5.055896043777465820e-01
6.482000000000000000e+03 5.618321895599365234e-01
6.484000000000000000e+03 3.783570528030395508e-01
6.486000000000000000e+03 4.028362631797790527e-01
6.488000000000000000e+03 3.998722136020660400e-01
6.490000000000000000e+03 2.824038982391357422e+00
6.492000000000000000e+03 3.748122751712799072e-01
6.494000000000000000e+03 2.706497192382812500e+00
6.496000000000000000e+03 2.923444986343383789e+00
6.498000000000000000e+03 2.817239522933959961e+00
6.500000000000000000e+03 2.553068876266479492e+00
6.502000000000000000e+03 2.679213047027587891e+00
6.504000000000000000e+03 2.722100257873535156e+00
6.506000000000000000e+03 2.736808061599731445e+00
6.508000000000000000e+03 2.737127304077148438e+00
6.510000000000000000e+03 2.585846900939941406e+00
6.512000000000000000e+03 2.578205585479736328e+00
6.514000000000000000e+03 2.562132835388183594e+00
6.516000000000000000e+03 2.662279129028320312e+00
6.518000000000000000e+03 2.771051406860351562e+00
6.520000000000000000e+03 2.155082941055297852e+00
6.522000000000000000e+03 2.433343887329101562e+00
6.524000000000000000e+03 2.074004888534545898e+00
6.526000000000000000e+03 2.080737352371215820e+00
6.528000000000000000e+03 2.368028640747070312e+00
6.530000000000000000e+03 1.703349947929382324e+00
6.532000000000000000e+03 1.587512493133544922e+00
6.534000000000000000e+03 1.257780551910400391e+00
6.536000000000000000e+03 1.041200637817382812e+00
6.538000000000000000e+03 1.285847902297973633e+00
6.540000000000000000e+03 1.438768267631530762e+00
6.542000000000000000e+03 2.127259492874145508e+00
6.544000000000000000e+03 2.223659515380859375e+00
6.546000000000000000e+03 1.918203830718994141e+00
6.548000000000000000e+03 1.993422389030456543e+00
6.550000000000000000e+03 1.730437874794006348e+00
6.552000000000000000e+03 1.735532164573669434e+00
6.554000000000000000e+03 1.406085848808288574e+00
6.556000000000000000e+03 1.531639575958251953e+00
6.558000000000000000e+03 1.724315404891967773e+00
6.560000000000000000e+03 1.733919620513916016e+00
6.562000000000000000e+03 1.462749242782592773e+00
6.564000000000000000e+03 1.823905587196350098e+00
6.566000000000000000e+03 1.790440320968627930e+00
6.568000000000000000e+03 1.647903800010681152e+00
6.570000000000000000e+03 1.462428689002990723e+00
6.572000000000000000e+03 1.348242521286010742e+00
6.574000000000000000e+03 1.532317757606506348e+00
6.576000000000000000e+03 1.549037694931030273e+00
6.578000000000000000e+03 1.711379647254943848e+00
6.580000000000000000e+03 1.630975723266601562e+00
6.582000000000000000e+03 1.767246484756469727e+00
6.584000000000000000e+03 1.647575736045837402e+00
6.586000000000000000e+03 1.627207159996032715e+00
6.588000000000000000e+03 1.383608698844909668e+00
6.590000000000000000e+03 1.298436880111694336e+00
6.592000000000000000e+03 1.136136412620544434e+00
6.594000000000000000e+03 1.362393260002136230e+00
6.596000000000000000e+03 1.647574424743652344e+00
6.598000000000000000e+03 1.641110777854919434e+00
6.600000000000000000e+03 1.828636646270751953e+00
6.602000000000000000e+03 1.708858132362365723e+00
6.604000000000000000e+03 1.684780478477478027e+00
6.606000000000000000e+03 1.663815736770629883e+00
6.608000000000000000e+03 1.681410551071166992e+00
6.610000000000000000e+03 1.309785485267639160e+00
6.612000000000000000e+03 1.251167654991149902e+00
6.614000000000000000e+03 1.129661679267883301e+00
6.616000000000000000e+03 1.110190272331237793e+00
6.618000000000000000e+03 7.038171291351318359e-01
6.620000000000000000e+03 9.424961805343627930e-01
6.622000000000000000e+03 9.974105358123779297e-01
6.624000000000000000e+03 9.702104926109313965e-01
6.626000000000000000e+03 1.055276036262512207e+00
6.628000000000000000e+03 1.209613680839538574e+00
6.630000000000000000e+03 1.339272737503051758e+00
6.632000000000000000e+03 1.365635395050048828e+00
6.634000000000000000e+03 1.475452065467834473e+00
6.636000000000000000e+03 1.328085184097290039e+00
6.638000000000000000e+03 1.361020684242248535e+00
6.640000000000000000e+03 1.518903732299804688e+00
6.642000000000000000e+03 1.513720870018005371e+00
6.644000000000000000e+03 1.695188283920288086e+00
6.646000000000000000e+03 1.684470415115356445e+00
6.648000000000000000e+03 1.612583875656127930e+00
6.650000000000000000e+03 1.630459189414978027e+00
6.652000000000000000e+03 1.554447412490844727e+00
6.654000000000000000e+03 1.483568191528320312e+00
6.656000000000000000e+03 1.354378819465637207e+00
6.658000000000000000e+03 1.355767130851745605e+00
6.660000000000000000e+03 1.504694342613220215e+00
6.662000000000000000e+03 1.803221464157104492e+00
6.664000000000000000e+03 1.582150101661682129e+00
6.666000000000000000e+03 1.789194226264953613e+00
6.668000000000000000e+03 1.720283031463623047e+00
6.670000000000000000e+03 1.608092188835144043e+00
6.672000000000000000e+03 1.498904943466186523e+00
6.674000000000000000e+03 1.196594595909118652e+00
6.676000000000000000e+03 1.227054715156555176e+00
6.678000000000000000e+03 1.000154018402099609e+00
6.680000000000000000e+03 7.936231493949890137e-01
6.682000000000000000e+03 8.586753606796264648e-01
6.684000000000000000e+03 1.000911951065063477e+00
6.686000000000000000e+03 1.177440881729125977e+00
6.688000000000000000e+03 1.347493410110473633e+00
6.690000000000000000e+03 1.428785443305969238e+00
6.692000000000000000e+03 1.301657915115356445e+00
6.694000000000000000e+03 1.109861016273498535e+00
6.696000000000000000e+03 1.056345105171203613e+00
6.698000000000000000e+03 1.014061689376831055e+00
6.700000000000000000e+03 1.009799838066101074e+00
6.702000000000000000e+03 9.684566855430603027e-01
6.704000000000000000e+03 2.264464616775512695e+00
6.706000000000000000e+03 2.333958625793457031e+00
6.708000000000000000e+03 2.247823953628540039e+00
6.710000000000000000e+03 2.189568042755126953e+00
6.712000000000000000e+03 2.216020584106445312e+00
6.714000000000000000e+03 2.361201047897338867e+00
6.716000000000000000e+03 9.116102457046508789e-01
6.718000000000000000e+03 9.055934548377990723e-01
6.720000000000000000e+03 9.442661404609680176e-01
6.722000000000000000e+03 8.161577582359313965e-01
6.724000000000000000e+03 9.530364274978637695e-01
6.726000000000000000e+03 8.041551709175109863e-01
6.728000000000000000e+03 7.456572651863098145e-01
6.730000000000000000e+03 9.137781262397766113e-01
6.732000000000000000e+03 9.294622540473937988e-01
6.734000000000000000e+03 8.502501249313354492e-01
6.736000000000000000e+03 6.503764390945434570e-01
6.738000000000000000e+03 3.790483176708221436e-01
6.740000000000000000e+03 4.574733078479766846e-01
6.742000000000000000e+03 1.677262037992477417e-01
6.744000000000000000e+03 9.277307242155075073e-02
6.746000000000000000e+03 4.297695755958557129e-01
6.748000000000000000e+03 2.528142690658569336e+00
6.750000000000000000e+03 2.713463544845581055e+00
6.752000000000000000e+03 2.807591915130615234e+00
6.754000000000000000e+03 2.734066724777221680e+00
6.756000000000000000e+03 2.764908790588378906e+00
6.758000000000000000e+03 2.634043455123901367e+00
6.760000000000000000e+03 2.444401264190673828e+00
6.762000000000000000e+03 2.727721452713012695e+00
6.764000000000000000e+03 2.853720188140869141e+00
6.766000000000000000e+03 2.332715094089508057e-01
6.768000000000000000e+03 1.839168071746826172e-01
6.770000000000000000e+03 2.841049909591674805e+00
6.772000000000000000e+03 2.687521934509277344e+00
6.774000000000000000e+03 2.811063289642333984e+00
6.776000000000000000e+03 2.809392213821411133e+00
6.778000000000000000e+03 2.864965438842773438e+00
6.780000000000000000e+03 2.748501062393188477e+00
6.782000000000000000e+03 2.623282670974731445e+00
6.784000000000000000e+03 2.429594993591308594e+00
6.786000000000000000e+03 2.479164123535156250e+00
6.788000000000000000e+03 5.819081068038940430e-01
6.790000000000000000e+03 4.814672172069549561e-01
6.792000000000000000e+03 2.436207771301269531e+00
6.794000000000000000e+03 2.518362283706665039e+00
6.796000000000000000e+03 5.540929436683654785e-01
6.798000000000000000e+03 2.552509784698486328e+00
6.800000000000000000e+03 3.270684778690338135e-01
6.802000000000000000e+03 5.499455332756042480e-01
6.804000000000000000e+03 2.579825639724731445e+00
6.806000000000000000e+03 2.383644819259643555e+00
6.808000000000000000e+03 2.669642925262451172e+00
6.810000000000000000e+03 2.689165830612182617e+00
6.812000000000000000e+03 2.553183555603027344e+00
6.814000000000000000e+03 2.423968076705932617e+00
6.816000000000000000e+03 2.259984731674194336e+00
6.818000000000000000e+03 2.186038732528686523e+00
6.820000000000000000e+03 2.083840847015380859e+00
6.822000000000000000e+03 2.022647857666015625e+00
6.824000000000000000e+03 2.050448894500732422e+00
6.826000000000000000e+03 1.983561158180236816e+00
6.828000000000000000e+03 2.108205795288085938e+00
6.830000000000000000e+03 2.077889204025268555e+00
6.832000000000000000e+03 2.138150453567504883e+00
6.834000000000000000e+03 2.180493831634521484e+00
6.836000000000000000e+03 2.356367349624633789e+00
6.838000000000000000e+03 2.358560085296630859e+00
6.840000000000000000e+03 2.493368387222290039e+00
6.842000000000000000e+03 2.605377674102783203e+00
6.844000000000000000e+03 2.223922967910766602e+00
6.846000000000000000e+03 2.105311870574951172e+00
6.848000000000000000e+03 2.179186105728149414e+00
6.850000000000000000e+03 2.145828962326049805e+00
6.852000000000000000e+03 2.139605283737182617e+00
6.854000000000000000e+03 2.591045379638671875e+00
6.856000000000000000e+03 2.470279216766357422e+00
6.858000000000000000e+03 2.425332784652709961e+00
6.860000000000000000e+03 2.350277185440063477e+00
6.862000000000000000e+03 7.535673975944519043e-01
6.864000000000000000e+03 2.373695135116577148e+00
6.866000000000000000e+03 2.216199159622192383e+00
6.868000000000000000e+03 2.165452480316162109e+00
6.870000000000000000e+03 2.154146671295166016e+00
6.872000000000000000e+03 2.344450235366821289e+00
6.874000000000000000e+03 6.986732482910156250e-01
6.876000000000000000e+03 5.894073247909545898e-01
6.878000000000000000e+03 6.291164159774780273e-01
6.880000000000000000e+03 7.991548776626586914e-01
6.882000000000000000e+03 1.054986476898193359e+00
6.884000000000000000e+03 1.125920772552490234e+00
6.886000000000000000e+03 8.229445219039916992e-01
6.888000000000000000e+03 1.021407842636108398e+00
6.890000000000000000e+03 9.846305251121520996e-01
6.892000000000000000e+03 1.020820021629333496e+00
6.894000000000000000e+03 9.286787509918212891e-01
6.896000000000000000e+03 9.710459113121032715e-01
6.898000000000000000e+03 8.304184675216674805e-01
6.900000000000000000e+03 6.469594836235046387e-01
6.902000000000000000e+03 7.875652909278869629e-01
6.904000000000000000e+03 8.479467034339904785e-01
6.906000000000000000e+03 8.498538732528686523e-01
6.908000000000000000e+03 1.025974035263061523e+00
6.910000000000000000e+03 1.179999470710754395e+00
6.912000000000000000e+03 1.453142762184143066e+00
6.914000000000000000e+03 1.622971773147583008e+00
6.916000000000000000e+03 2.148807048797607422e+00
6.918000000000000000e+03 2.511351823806762695e+00
6.920000000000000000e+03 2.723217248916625977e+00
6.922000000000000000e+03 2.801553964614868164e+00
6.924000000000000000e+03 2.436786174774169922e+00
6.926000000000000000e+03 2.553764820098876953e+00
6.928000000000000000e+03 2.576504230499267578e+00
6.930000000000000000e+03 2.576488018035888672e+00
6.932000000000000000e+03 2.491814136505126953e+00
6.934000000000000000e+03 2.346741437911987305e+00
6.936000000000000000e+03 2.252412319183349609e+00
6.938000000000000000e+03 2.231583833694458008e+00
6.940000000000000000e+03 1.822037458419799805e+00
6.942000000000000000e+03 2.328103065490722656e+00
6.944000000000000000e+03 1.934162378311157227e+00
6.946000000000000000e+03 2.140077114105224609e+00
6.948000000000000000e+03 2.785400152206420898e+00
6.950000000000000000e+03 2.150000572204589844e+00
6.952000000000000000e+03 2.359586954116821289e+00
6.954000000000000000e+03 1.971455693244934082e+00
6.956000000000000000e+03 1.900194406509399414e+00
6.958000000000000000e+03 1.873084306716918945e+00
6.960000000000000000e+03 2.005894899368286133e+00
6.962000000000000000e+03 1.844954013824462891e+00
6.964000000000000000e+03 1.235333085060119629e+00
6.966000000000000000e+03 1.424888134002685547e+00
6.968000000000000000e+03 2.272696733474731445e+00
6.970000000000000000e+03 2.498645782470703125e+00
6.972000000000000000e+03 2.557657480239868164e+00
6.974000000000000000e+03 2.342550754547119141e+00
6.976000000000000000e+03 2.266726970672607422e+00
6.978000000000000000e+03 2.071008443832397461e+00
6.980000000000000000e+03 1.881190896034240723e+00
6.982000000000000000e+03 1.691490411758422852e+00
6.984000000000000000e+03 2.082929134368896484e+00
6.986000000000000000e+03 2.090563535690307617e+00
6.988000000000000000e+03 2.288021564483642578e+00
6.990000000000000000e+03 2.264069795608520508e+00
6.992000000000000000e+03 2.519273996353149414e+00
6.994000000000000000e+03 2.636098861694335938e+00
6.996000000000000000e+03 2.480548858642578125e+00
6.998000000000000000e+03 2.262784004211425781e+00
7.000000000000000000e+03 1.953869223594665527e+00
7.002000000000000000e+03 2.470203399658203125e+00
7.004000000000000000e+03 2.376660346984863281e+00
7.006000000000000000e+03 2.117150545120239258e+00
7.008000000000000000e+03 2.163061857223510742e+00
7.010000000000000000e+03 2.380349397659301758e+00
7.012000000000000000e+03 2.414255619049072266e+00
7.014000000000000000e+03 2.437559843063354492e+00
7.016000000000000000e+03 2.421976804733276367e+00
7.018000000000000000e+03 4.785910546779632568e-01
7.020000000000000000e+03 2.605332374572753906e+00
7.022000000000000000e+03 2.700000762939453125e+00
7.024000000000000000e+03 4.696564376354217529e-01
7.026000000000000000e+03 3.877721130847930908e-01
7.028000000000000000e+03 6.046140193939208984e-01
7.030000000000000000e+03 4.532926678657531738e-01
7.032000000000000000e+03 3.604501187801361084e-01
7.034000000000000000e+03 3.454205393791198730e-01
7.036000000000000000e+03 3.532468974590301514e-01
7.038000000000000000e+03 3.521946072578430176e-01
7.040000000000000000e+03 5.337159037590026855e-01
7.042000000000000000e+03 2.653998851776123047e+00
7.044000000000000000e+03 2.543807983398437500e+00
7.046000000000000000e+03 2.917603969573974609e+00
7.048000000000000000e+03 2.755168914794921875e+00
7.050000000000000000e+03 2.738667488098144531e+00
7.052000000000000000e+03 2.774429321289062500e+00
7.054000000000000000e+03 2.652494192123413086e+00
7.056000000000000000e+03 2.859058141708374023e+00
7.058000000000000000e+03 2.934883832931518555e+00
7.060000000000000000e+03 2.892233848571777344e+00
7.062000000000000000e+03 2.670927047729492188e+00
7.064000000000000000e+03 2.727458000183105469e+00
7.066000000000000000e+03 2.453900098800659180e+00
7.068000000000000000e+03 2.344361543655395508e+00
7.070000000000000000e+03 2.332450628280639648e+00
7.072000000000000000e+03 2.599875450134277344e+00
7.074000000000000000e+03 2.510753393173217773e+00
7.076000000000000000e+03 2.554422140121459961e+00
7.078000000000000000e+03 2.779851913452148438e+00
7.080000000000000000e+03 2.826103687286376953e+00
7.082000000000000000e+03 2.580606937408447266e+00
7.084000000000000000e+03 2.650198936462402344e+00
7.086000000000000000e+03 2.820277929306030273e+00
7.088000000000000000e+03 2.769574403762817383e+00
7.090000000000000000e+03 2.681666612625122070e+00
7.092000000000000000e+03 3.004794120788574219e+00
7.094000000000000000e+03 2.820932626724243164e+00
7.096000000000000000e+03 2.827406406402587891e+00
7.098000000000000000e+03 2.310856103897094727e+00
7.100000000000000000e+03 2.254833459854125977e+00
7.102000000000000000e+03 2.095335006713867188e+00
7.104000000000000000e+03 1.940361857414245605e+00
7.106000000000000000e+03 1.330254197120666504e+00
7.108000000000000000e+03 1.934045672416687012e+00
7.110000000000000000e+03 1.644611358642578125e+00
7.112000000000000000e+03 1.636308073997497559e+00
7.114000000000000000e+03 1.576292514801025391e+00
7.116000000000000000e+03 2.101773500442504883e+00
7.118000000000000000e+03 1.796019911766052246e+00
7.120000000000000000e+03 1.995755910873413086e+00
7.122000000000000000e+03 1.944020748138427734e+00
7.124000000000000000e+03 2.133391618728637695e+00
7.126000000000000000e+03 1.870859742164611816e+00
7.128000000000000000e+03 1.622243642807006836e+00
7.130000000000000000e+03 1.263271450996398926e+00
7.132000000000000000e+03 1.173371434211730957e+00
7.134000000000000000e+03 1.601543903350830078e+00
7.136000000000000000e+03 8.587360978126525879e-01
7.138000000000000000e+03 8.817510008811950684e-01
7.140000000000000000e+03 5.219927430152893066e-01
7.142000000000000000e+03 7.266865968704223633e-01
7.144000000000000000e+03 6.069312095642089844e-01
7.146000000000000000e+03 5.744028091430664062e-01
7.148000000000000000e+03 6.081911325454711914e-01
7.150000000000000000e+03 7.924541234970092773e-01
7.152000000000000000e+03 9.232090711593627930e-01
7.154000000000000000e+03 1.021846175193786621e+00
7.156000000000000000e+03 9.221372604370117188e-01
7.158000000000000000e+03 8.919868469238281250e-01
7.160000000000000000e+03 9.390010833740234375e-01
7.162000000000000000e+03 8.973325490951538086e-01
7.164000000000000000e+03 9.410791993141174316e-01
7.166000000000000000e+03 9.670286774635314941e-01
7.168000000000000000e+03 9.261558651924133301e-01
7.170000000000000000e+03 2.228896856307983398e+00
7.172000000000000000e+03 2.140260219573974609e+00
7.174000000000000000e+03 2.030276060104370117e+00
7.176000000000000000e+03 2.119115114212036133e+00
7.178000000000000000e+03 2.154395103454589844e+00
7.180000000000000000e+03 2.005690097808837891e+00
7.182000000000000000e+03 1.978251099586486816e+00
7.184000000000000000e+03 1.892168164253234863e+00
7.186000000000000000e+03 2.057137012481689453e+00
7.188000000000000000e+03 1.806068420410156250e+00
7.190000000000000000e+03 1.578457474708557129e+00
7.192000000000000000e+03 1.711362481117248535e+00
7.194000000000000000e+03 1.154033780097961426e+00
7.196000000000000000e+03 6.478118300437927246e-01
7.198000000000000000e+03 9.438863396644592285e-01
7.200000000000000000e+03 7.959039211273193359e-01
7.202000000000000000e+03 1.425927519798278809e+00
7.204000000000000000e+03 1.606581330299377441e+00
7.206000000000000000e+03 1.534173965454101562e+00
7.208000000000000000e+03 1.807919025421142578e+00
7.210000000000000000e+03 1.977628707885742188e+00
7.212000000000000000e+03 2.078554630279541016e+00
7.214000000000000000e+03 1.888390898704528809e+00
7.216000000000000000e+03 1.801601409912109375e+00
7.218000000000000000e+03 1.893267154693603516e+00
7.220000000000000000e+03 1.604691147804260254e+00
7.222000000000000000e+03 1.647825002670288086e+00
7.224000000000000000e+03 1.759576797485351562e+00
7.226000000000000000e+03 1.677316784858703613e+00
7.228000000000000000e+03 1.686939120292663574e+00
7.230000000000000000e+03 1.697461843490600586e+00
7.232000000000000000e+03 1.620882153511047363e+00
7.234000000000000000e+03 1.741312146186828613e+00
7.236000000000000000e+03 1.258407831192016602e+00
7.238000000000000000e+03 9.980687499046325684e-01
7.240000000000000000e+03 9.708774089813232422e-01
7.242000000000000000e+03 9.417355656623840332e-01
7.244000000000000000e+03 9.444351792335510254e-01
7.246000000000000000e+03 1.130333662033081055e+00
7.248000000000000000e+03 1.065969944000244141e+00
7.250000000000000000e+03 9.612649679183959961e-01
7.252000000000000000e+03 9.927904605865478516e-01
7.254000000000000000e+03 8.981622457504272461e-01
7.256000000000000000e+03 9.929108619689941406e-01
7.258000000000000000e+03 1.057431697845458984e+00
7.260000000000000000e+03 1.101654767990112305e+00
7.262000000000000000e+03 1.132040023803710938e+00
7.264000000000000000e+03 1.089063048362731934e+00
7.266000000000000000e+03 1.130505800247192383e+00
7.268000000000000000e+03 1.084916472434997559e+00
7.270000000000000000e+03 8.844826817512512207e-01
7.272000000000000000e+03 1.131422042846679688e+00
7.274000000000000000e+03 1.040590643882751465e+00
7.276000000000000000e+03 1.079484105110168457e+00
7.278000000000000000e+03 6.088392138481140137e-01
7.280000000000000000e+03 7.660197615623474121e-01
7.282000000000000000e+03 8.647838234901428223e-01
7.284000000000000000e+03 9.499923586845397949e-01
7.286000000000000000e+03 8.750900626182556152e-01
7.288000000000000000e+03 7.890303730964660645e-01
7.290000000000000000e+03 2.344563007354736328e+00
7.292000000000000000e+03 2.370742797851562500e+00
7.294000000000000000e+03 2.399124383926391602e+00
7.296000000000000000e+03 2.529153108596801758e+00
7.298000000000000000e+03 2.679708003997802734e+00
7.300000000000000000e+03 3.794791102409362793e-01
7.302000000000000000e+03 3.192127943038940430e-01
7.304000000000000000e+03 4.614388048648834229e-01
7.306000000000000000e+03 6.174024939537048340e-01
7.308000000000000000e+03 6.159225106239318848e-01
7.310000000000000000e+03 2.692277193069458008e+00
7.312000000000000000e+03 4.094372391700744629e-01
7.314000000000000000e+03 6.253079771995544434e-01
7.316000000000000000e+03 8.476760387420654297e-01
7.318000000000000000e+03 7.190092206001281738e-01
7.320000000000000000e+03 6.872326731681823730e-01
7.322000000000000000e+03 7.821538448333740234e-01
7.324000000000000000e+03 7.651451826095581055e-01
7.326000000000000000e+03 8.707371354103088379e-01
7.328000000000000000e+03 8.527109622955322266e-01
7.330000000000000000e+03 7.864024639129638672e-01
7.332000000000000000e+03 7.931185960769653320e-01
7.334000000000000000e+03 7.430825233459472656e-01
7.336000000000000000e+03 7.395423054695129395e-01
7.338000000000000000e+03 2.311168193817138672e+00
7.340000000000000000e+03 2.330440282821655273e+00
7.342000000000000000e+03 2.276146411895751953e+00
7.344000000000000000e+03 2.301820993423461914e+00
7.346000000000000000e+03 2.292283058166503906e+00
7.348000000000000000e+03 2.229311704635620117e+00
7.350000000000000000e+03 2.065245866775512695e+00
7.352000000000000000e+03 2.114452362060546875e+00
7.354000000000000000e+03 1.933239817619323730e+00
7.356000000000000000e+03 1.807997941970825195e+00
7.358000000000000000e+03 1.813740491867065430e+00
7.360000000000000000e+03 1.739692807197570801e+00
7.362000000000000000e+03 1.624423384666442871e+00
7.364000000000000000e+03 1.595158815383911133e+00
7.366000000000000000e+03 1.003958821296691895e+00
7.368000000000000000e+03 1.136935830116271973e+00
7.370000000000000000e+03 1.066804766654968262e+00
7.372000000000000000e+03 1.302797913551330566e+00
7.374000000000000000e+03 1.499577283859252930e+00
7.376000000000000000e+03 1.543495774269104004e+00
7.378000000000000000e+03 1.402730107307434082e+00
7.380000000000000000e+03 1.315266251564025879e+00
7.382000000000000000e+03 1.633601665496826172e+00
7.384000000000000000e+03 1.839112043380737305e+00
7.386000000000000000e+03 1.945284962654113770e+00
7.388000000000000000e+03 1.885320663452148438e+00
7.390000000000000000e+03 1.830239653587341309e+00
7.392000000000000000e+03 1.355960130691528320e+00
7.394000000000000000e+03 1.475887775421142578e+00
7.396000000000000000e+03 1.269220232963562012e+00
7.398000000000000000e+03 1.209385633468627930e+00
7.400000000000000000e+03 1.053674459457397461e+00
7.402000000000000000e+03 1.047946810722351074e+00
7.404000000000000000e+03 9.235259890556335449e-01
7.406000000000000000e+03 9.568126201629638672e-01
7.408000000000000000e+03 1.011016130447387695e+00
7.410000000000000000e+03 7.697921991348266602e-01
7.412000000000000000e+03 8.717190027236938477e-01
7.414000000000000000e+03 9.177791476249694824e-01
7.416000000000000000e+03 8.098480105400085449e-01
7.418000000000000000e+03 8.081226348876953125e-01
7.420000000000000000e+03 9.864052534103393555e-01
7.422000000000000000e+03 1.004893183708190918e+00
7.424000000000000000e+03 1.281005859375000000e+00
7.426000000000000000e+03 8.997610807418823242e-01
7.428000000000000000e+03 9.507027268409729004e-01
7.430000000000000000e+03 8.823021054267883301e-01
7.432000000000000000e+03 8.891230821609497070e-01
7.434000000000000000e+03 7.757389545440673828e-01
7.436000000000000000e+03 7.488970160484313965e-01
7.438000000000000000e+03 2.420118570327758789e+00
7.440000000000000000e+03 2.293602466583251953e+00
7.442000000000000000e+03 2.215718746185302734e+00
7.444000000000000000e+03 2.333736658096313477e+00
7.446000000000000000e+03 2.247387170791625977e+00
7.448000000000000000e+03 2.245717287063598633e+00
7.450000000000000000e+03 2.086008548736572266e+00
7.452000000000000000e+03 2.158259153366088867e+00
7.454000000000000000e+03 2.176109075546264648e+00
7.456000000000000000e+03 2.250697135925292969e+00
7.458000000000000000e+03 2.321557521820068359e+00
7.460000000000000000e+03 2.257201910018920898e+00
7.462000000000000000e+03 2.225123167037963867e+00
7.464000000000000000e+03 2.398646116256713867e+00
7.466000000000000000e+03 2.541166305541992188e+00
7.468000000000000000e+03 2.286776304244995117e+00
7.470000000000000000e+03 2.074257850646972656e+00
7.472000000000000000e+03 2.101737976074218750e+00
7.474000000000000000e+03 2.154831171035766602e+00
7.476000000000000000e+03 2.112152338027954102e+00
7.478000000000000000e+03 2.177734613418579102e+00
7.480000000000000000e+03 2.161294221878051758e+00
7.482000000000000000e+03 2.080209493637084961e+00
7.484000000000000000e+03 2.141140460968017578e+00
7.486000000000000000e+03 2.233387470245361328e+00
7.488000000000000000e+03 8.550397753715515137e-01
7.490000000000000000e+03 2.241103172302246094e+00
7.492000000000000000e+03 2.164165258407592773e+00
7.494000000000000000e+03 2.223298549652099609e+00
7.496000000000000000e+03 2.235807418823242188e+00
7.498000000000000000e+03 2.255373001098632812e+00
7.500000000000000000e+03 2.201300859451293945e+00
7.502000000000000000e+03 2.107203722000122070e+00
7.504000000000000000e+03 1.849666237831115723e+00
7.506000000000000000e+03 1.752269148826599121e+00
7.508000000000000000e+03 1.415659427642822266e+00
7.510000000000000000e+03 1.430861115455627441e+00
7.512000000000000000e+03 1.471986532211303711e+00
7.514000000000000000e+03 1.349525332450866699e+00
7.516000000000000000e+03 1.042346358299255371e+00
7.518000000000000000e+03 9.765183329582214355e-01
7.520000000000000000e+03 1.055771231651306152e+00
7.522000000000000000e+03 9.425082802772521973e-01
7.524000000000000000e+03 1.106862545013427734e+00
7.526000000000000000e+03 1.048449516296386719e+00
7.528000000000000000e+03 1.016583204269409180e+00
7.530000000000000000e+03 7.896446585655212402e-01
7.532000000000000000e+03 2.382765293121337891e+00
7.534000000000000000e+03 2.344688415527343750e+00
7.536000000000000000e+03 8.183670043945312500e-01
7.538000000000000000e+03 2.380939483642578125e+00
7.540000000000000000e+03 8.537039756774902344e-01
7.542000000000000000e+03 9.180166125297546387e-01
7.544000000000000000e+03 2.426094055175781250e+00
7.546000000000000000e+03 6.666519045829772949e-01
7.548000000000000000e+03 8.456181287765502930e-01
7.550000000000000000e+03 2.499118089675903320e+00
7.552000000000000000e+03 6.117154359817504883e-01
7.554000000000000000e+03 2.459265947341918945e+00
7.556000000000000000e+03 2.397345066070556641e+00
7.558000000000000000e+03 2.501492023468017578e+00
7.560000000000000000e+03 6.737516522407531738e-01
7.562000000000000000e+03 6.813099384307861328e-01
7.564000000000000000e+03 7.404527664184570312e-01
7.566000000000000000e+03 2.308606386184692383e+00
7.568000000000000000e+03 2.275086164474487305e+00
7.570000000000000000e+03 2.146849155426025391e+00
7.572000000000000000e+03 2.136704921722412109e+00
7.574000000000000000e+03 2.041756391525268555e+00
7.576000000000000000e+03 2.302622795104980469e+00
7.578000000000000000e+03 2.281171083450317383e+00
7.580000000000000000e+03 2.119778156280517578e+00
7.582000000000000000e+03 1.948179960250854492e+00
7.584000000000000000e+03 2.059166431427001953e+00
7.586000000000000000e+03 2.223903894424438477e+00
7.588000000000000000e+03 2.213594913482666016e+00
7.590000000000000000e+03 2.223478317260742188e+00
7.592000000000000000e+03 2.103708267211914062e+00
7.594000000000000000e+03 2.105839967727661133e+00
7.596000000000000000e+03 2.089486122131347656e+00
7.598000000000000000e+03 2.021235704421997070e+00
7.600000000000000000e+03 1.901909112930297852e+00
7.602000000000000000e+03 1.958368301391601562e+00
7.604000000000000000e+03 2.029696226119995117e+00
7.606000000000000000e+03 2.173315763473510742e+00
7.608000000000000000e+03 2.095870494842529297e+00
7.610000000000000000e+03 2.058879137039184570e+00
7.612000000000000000e+03 1.919730544090270996e+00
7.614000000000000000e+03 2.049165725708007812e+00
7.616000000000000000e+03 1.991434097290039062e+00
7.618000000000000000e+03 2.064348220825195312e+00
7.620000000000000000e+03 2.016726493835449219e+00
7.622000000000000000e+03 1.823879480361938477e+00
7.624000000000000000e+03 1.782043457031250000e+00
7.626000000000000000e+03 1.664684295654296875e+00
7.628000000000000000e+03 1.892010331153869629e+00
7.630000000000000000e+03 1.716837525367736816e+00
7.632000000000000000e+03 1.905849218368530273e+00
7.634000000000000000e+03 2.144473075866699219e+00
7.636000000000000000e+03 2.212506055831909180e+00
7.638000000000000000e+03 2.128288984298706055e+00
7.640000000000000000e+03 2.190952539443969727e+00
7.642000000000000000e+03 2.055601358413696289e+00
7.644000000000000000e+03 2.068414449691772461e+00
7.646000000000000000e+03 2.125224351882934570e+00
7.648000000000000000e+03 2.193519353866577148e+00
7.650000000000000000e+03 2.216264247894287109e+00
7.652000000000000000e+03 2.291417121887207031e+00
7.654000000000000000e+03 2.313112735748291016e+00
7.656000000000000000e+03 2.343094587326049805e+00
7.658000000000000000e+03 2.192147970199584961e+00
7.660000000000000000e+03 2.082373857498168945e+00
7.662000000000000000e+03 2.211477518081665039e+00
7.664000000000000000e+03 2.174202442169189453e+00
7.666000000000000000e+03 2.186107873916625977e+00
7.668000000000000000e+03 2.089206218719482422e+00
7.670000000000000000e+03 2.045250415802001953e+00
7.672000000000000000e+03 2.041290760040283203e+00
7.674000000000000000e+03 1.921477913856506348e+00
7.676000000000000000e+03 1.562181353569030762e+00
7.678000000000000000e+03 1.289021730422973633e+00
7.680000000000000000e+03 1.096583366394042969e+00
7.682000000000000000e+03 1.190005898475646973e+00
7.684000000000000000e+03 1.246915340423583984e+00
7.686000000000000000e+03 1.405354261398315430e+00
7.688000000000000000e+03 1.371041655540466309e+00
7.690000000000000000e+03 1.390817403793334961e+00
7.692000000000000000e+03 1.559443712234497070e+00
7.694000000000000000e+03 1.629330396652221680e+00
7.696000000000000000e+03 1.449352383613586426e+00
7.698000000000000000e+03 1.629881024360656738e+00
7.700000000000000000e+03 1.667747378349304199e+00
7.702000000000000000e+03 1.555411577224731445e+00
7.704000000000000000e+03 1.721840381622314453e+00
7.706000000000000000e+03 1.736299753189086914e+00
7.708000000000000000e+03 1.848948121070861816e+00
7.710000000000000000e+03 1.985418677330017090e+00
7.712000000000000000e+03 1.966088891029357910e+00
7.714000000000000000e+03 2.073017358779907227e+00
7.716000000000000000e+03 2.028160810470581055e+00
7.718000000000000000e+03 1.950585961341857910e+00
7.720000000000000000e+03 1.955454707145690918e+00
7.722000000000000000e+03 1.867325425148010254e+00
7.724000000000000000e+03 1.650966763496398926e+00
7.726000000000000000e+03 1.720345735549926758e+00
7.728000000000000000e+03 8.857496976852416992e-01
7.730000000000000000e+03 1.067343592643737793e+00
7.732000000000000000e+03 8.691648840904235840e-01
7.734000000000000000e+03 1.226737737655639648e+00
7.736000000000000000e+03 5.964550971984863281e-01
7.738000000000000000e+03 7.465451955795288086e-01
7.740000000000000000e+03 9.141837358474731445e-01
7.742000000000000000e+03 5.369252562522888184e-01
7.744000000000000000e+03 6.327861547470092773e-01
7.746000000000000000e+03 6.813627481460571289e-01
7.748000000000000000e+03 5.002154111862182617e-01
7.750000000000000000e+03 2.129783779382705688e-01
7.752000000000000000e+03 6.881492733955383301e-01
7.754000000000000000e+03 6.610232591629028320e-01
7.756000000000000000e+03 4.603717327117919922e-01
7.758000000000000000e+03 4.848122298717498779e-01
7.760000000000000000e+03 4.560177326202392578e-01
7.762000000000000000e+03 6.304994225502014160e-01
7.764000000000000000e+03 5.862351655960083008e-01
7.766000000000000000e+03 5.536751151084899902e-01
7.768000000000000000e+03 8.500153422355651855e-01
7.770000000000000000e+03 8.722201585769653320e-01
7.772000000000000000e+03 8.675686717033386230e-01
7.774000000000000000e+03 1.127202630043029785e+00
7.776000000000000000e+03 1.111050963401794434e+00
7.778000000000000000e+03 7.536767125129699707e-01
7.780000000000000000e+03 7.383389472961425781e-01
7.782000000000000000e+03 1.131108403205871582e+00
7.784000000000000000e+03 1.269046783447265625e+00
7.786000000000000000e+03 1.516063928604125977e+00
7.788000000000000000e+03 1.317929506301879883e+00
7.790000000000000000e+03 1.547682404518127441e+00
7.792000000000000000e+03 1.355938076972961426e+00
7.794000000000000000e+03 1.354683756828308105e+00
7.796000000000000000e+03 1.578025937080383301e+00
7.798000000000000000e+03 1.215848803520202637e+00
7.800000000000000000e+03 1.467147231101989746e+00
7.802000000000000000e+03 1.838190555572509766e+00
7.804000000000000000e+03 1.841847658157348633e+00
7.806000000000000000e+03 2.038992881774902344e+00
7.808000000000000000e+03 1.923734307289123535e+00
7.810000000000000000e+03 2.259000539779663086e+00
7.812000000000000000e+03 2.282850503921508789e+00
7.814000000000000000e+03 2.486867189407348633e+00
7.816000000000000000e+03 2.597771644592285156e+00
7.818000000000000000e+03 2.506065607070922852e+00
7.820000000000000000e+03 2.385901927947998047e+00
7.822000000000000000e+03 2.229340791702270508e+00
7.824000000000000000e+03 2.295407295227050781e+00
7.826000000000000000e+03 2.043123483657836914e+00
7.828000000000000000e+03 2.068272590637207031e+00
7.830000000000000000e+03 2.263410806655883789e+00
7.832000000000000000e+03 2.011561393737792969e+00
7.834000000000000000e+03 2.267874240875244141e+00
7.836000000000000000e+03 2.232579231262207031e+00
7.838000000000000000e+03 2.159605264663696289e+00
7.840000000000000000e+03 2.291815280914306641e+00
7.842000000000000000e+03 7.899436354637145996e-01
7.844000000000000000e+03 9.664918184280395508e-01
7.846000000000000000e+03 1.194570541381835938e+00
7.848000000000000000e+03 1.096489906311035156e+00
7.850000000000000000e+03 1.260361790657043457e+00
7.852000000000000000e+03 1.377551317214965820e+00
7.854000000000000000e+03 1.611636519432067871e+00
7.856000000000000000e+03 1.755916357040405273e+00
7.858000000000000000e+03 1.717465281486511230e+00
7.860000000000000000e+03 1.866936326026916504e+00
7.862000000000000000e+03 1.653620719909667969e+00
7.864000000000000000e+03 1.817173838615417480e+00
7.866000000000000000e+03 1.654212951660156250e+00
7.868000000000000000e+03 1.589959859848022461e+00
7.870000000000000000e+03 1.655153512954711914e+00
7.872000000000000000e+03 1.715669274330139160e+00
7.874000000000000000e+03 1.575933814048767090e+00
7.876000000000000000e+03 1.640275478363037109e+00
7.878000000000000000e+03 1.772067785263061523e+00
7.880000000000000000e+03 1.936794996261596680e+00
7.882000000000000000e+03 2.053919076919555664e+00
7.884000000000000000e+03 2.334481954574584961e+00
7.886000000000000000e+03 2.439954280853271484e+00
7.888000000000000000e+03 2.367112398147583008e+00
7.890000000000000000e+03 2.210895061492919922e+00
7.892000000000000000e+03 2.517068624496459961e+00
7.894000000000000000e+03 2.403769493103027344e+00
7.896000000000000000e+03 2.364668130874633789e+00
7.898000000000000000e+03 1.943216681480407715e+00
7.900000000000000000e+03 1.942756295204162598e+00
7.902000000000000000e+03 2.090266227722167969e+00
7.904000000000000000e+03 1.848870038986206055e+00
7.906000000000000000e+03 1.514342784881591797e+00
7.908000000000000000e+03 1.314332365989685059e+00
7.910000000000000000e+03 1.633016109466552734e+00
7.912000000000000000e+03 9.639250636100769043e-01
7.914000000000000000e+03 5.637900829315185547e-01
7.916000000000000000e+03 6.668234467506408691e-01
7.918000000000000000e+03 4.977260828018188477e-01
7.920000000000000000e+03 3.939413428306579590e-01
7.922000000000000000e+03 2.486848592758178711e+00
7.924000000000000000e+03 2.700237035751342773e+00
7.926000000000000000e+03 2.812827110290527344e+00
7.928000000000000000e+03 4.427094459533691406e-01
7.930000000000000000e+03 4.235858917236328125e-01
7.932000000000000000e+03 7.163349986076354980e-01
7.934000000000000000e+03 7.733347415924072266e-01
7.936000000000000000e+03 8.727785944938659668e-01
7.938000000000000000e+03 1.140214800834655762e+00
7.940000000000000000e+03 1.009024739265441895e+00
7.942000000000000000e+03 1.046991825103759766e+00
7.944000000000000000e+03 1.531086087226867676e+00
7.946000000000000000e+03 1.726788401603698730e+00
7.948000000000000000e+03 1.429803490638732910e+00
7.950000000000000000e+03 1.556393623352050781e+00
7.952000000000000000e+03 1.241432309150695801e+00
7.954000000000000000e+03 1.329251766204833984e+00
7.956000000000000000e+03 1.148680567741394043e+00
7.958000000000000000e+03 1.107099413871765137e+00
7.960000000000000000e+03 5.821287035942077637e-01
7.962000000000000000e+03 6.107536554336547852e-01
7.964000000000000000e+03 7.721849083900451660e-01
7.966000000000000000e+03 7.934003472328186035e-01
7.968000000000000000e+03 9.845098853111267090e-01
7.970000000000000000e+03 1.024006962776184082e+00
7.972000000000000000e+03 1.157004714012145996e+00
7.974000000000000000e+03 1.229074597358703613e+00
7.976000000000000000e+03 1.223353266716003418e+00
7.978000000000000000e+03 1.356507897377014160e+00
7.980000000000000000e+03 1.256316900253295898e+00
7.982000000000000000e+03 1.422470211982727051e+00
7.984000000000000000e+03 1.451725602149963379e+00
7.986000000000000000e+03 1.347835183143615723e+00
7.988000000000000000e+03 1.215051531791687012e+00
7.990000000000000000e+03 1.089472413063049316e+00
7.992000000000000000e+03 1.060870647430419922e+00
7.994000000000000000e+03 1.044906616210937500e+00
7.996000000000000000e+03 1.119502782821655273e+00
7.998000000000000000e+03 1.138707399368286133e+00
8.000000000000000000e+03 9.332886338233947754e-01
8.002000000000000000e+03 1.079142212867736816e+00
8.004000000000000000e+03 1.009281277656555176e+00
8.006000000000000000e+03 8.373708128929138184e-01
8.008000000000000000e+03 9.405618906021118164e-01
8.010000000000000000e+03 9.312722086906433105e-01
8.012000000000000000e+03 2.261097669601440430e+00
8.014000000000000000e+03 2.132732152938842773e+00
8.016000000000000000e+03 2.021512269973754883e+00
8.018000000000000000e+03 2.108576059341430664e+00
8.020000000000000000e+03 2.218910932540893555e+00
8.022000000000000000e+03 2.219196081161499023e+00
8.024000000000000000e+03 2.142749071121215820e+00
8.026000000000000000e+03 2.240618228912353516e+00
8.028000000000000000e+03 2.330980539321899414e+00
8.030000000000000000e+03 2.431489944458007812e+00
8.032000000000000000e+03 2.387198925018310547e+00
8.034000000000000000e+03 7.484746575355529785e-01
8.036000000000000000e+03 6.998357176780700684e-01
8.038000000000000000e+03 8.194960951805114746e-01
8.040000000000000000e+03 7.919834852218627930e-01
8.042000000000000000e+03 2.425591707229614258e+00
8.044000000000000000e+03 2.531406641006469727e+00
8.046000000000000000e+03 2.375583887100219727e+00
8.048000000000000000e+03 2.274780273437500000e+00
8.050000000000000000e+03 2.156789779663085938e+00
8.052000000000000000e+03 2.253614187240600586e+00
8.054000000000000000e+03 9.339515566825866699e-01
8.056000000000000000e+03 1.112002730369567871e+00
8.058000000000000000e+03 9.023569822311401367e-01
8.060000000000000000e+03 9.339185357093811035e-01
8.062000000000000000e+03 1.022949576377868652e+00
8.064000000000000000e+03 1.173728346824645996e+00
8.066000000000000000e+03 1.529770612716674805e+00
8.068000000000000000e+03 1.464153766632080078e+00
8.070000000000000000e+03 1.429265499114990234e+00
8.072000000000000000e+03 1.520505905151367188e+00
8.074000000000000000e+03 1.650755524635314941e+00
8.076000000000000000e+03 1.818252921104431152e+00
8.078000000000000000e+03 1.959831953048706055e+00
8.080000000000000000e+03 1.892254948616027832e+00
8.082000000000000000e+03 1.930175781250000000e+00
8.084000000000000000e+03 2.042316913604736328e+00
8.086000000000000000e+03 2.064341783523559570e+00
8.088000000000000000e+03 2.087484836578369141e+00
8.090000000000000000e+03 2.082379102706909180e+00
8.092000000000000000e+03 2.315739870071411133e+00
8.094000000000000000e+03 2.302739620208740234e+00
8.096000000000000000e+03 2.406004428863525391e+00
8.098000000000000000e+03 2.451828002929687500e+00
8.100000000000000000e+03 2.515035390853881836e+00
8.102000000000000000e+03 2.423602819442749023e+00
8.104000000000000000e+03 2.208129644393920898e+00
8.106000000000000000e+03 2.025081396102905273e+00
8.108000000000000000e+03 1.947708249092102051e+00
8.110000000000000000e+03 2.051388502120971680e+00
8.112000000000000000e+03 1.973149180412292480e+00
8.114000000000000000e+03 2.008017539978027344e+00
8.116000000000000000e+03 2.127677679061889648e+00
8.118000000000000000e+03 2.218144178390502930e+00
8.120000000000000000e+03 2.165410757064819336e+00
8.122000000000000000e+03 2.213719606399536133e+00
8.124000000000000000e+03 2.578232765197753906e+00
8.126000000000000000e+03 6.520481705665588379e-01
8.128000000000000000e+03 2.404625654220581055e+00
8.130000000000000000e+03 2.631016969680786133e+00
8.132000000000000000e+03 5.898832082748413086e-01
8.134000000000000000e+03 2.573356389999389648e+00
8.136000000000000000e+03 2.618229389190673828e+00
8.138000000000000000e+03 2.563332796096801758e+00
8.140000000000000000e+03 2.646149694919586182e-01
8.142000000000000000e+03 5.131930112838745117e-01
8.144000000000000000e+03 2.978117465972900391e-01
8.146000000000000000e+03 3.663216233253479004e-01
8.148000000000000000e+03 3.462531566619873047e-01
8.150000000000000000e+03 4.269979000091552734e-01
8.152000000000000000e+03 2.584061622619628906e-01
8.154000000000000000e+03 1.683509647846221924e-01
8.156000000000000000e+03 2.984928369522094727e+00
8.158000000000000000e+03 2.948209524154663086e+00
8.160000000000000000e+03 2.695345640182495117e+00
8.162000000000000000e+03 2.634174108505249023e+00
8.164000000000000000e+03 2.540183067321777344e+00
8.166000000000000000e+03 2.573934793472290039e+00
8.168000000000000000e+03 2.714488267898559570e+00
8.170000000000000000e+03 2.318326711654663086e+00
8.172000000000000000e+03 2.166452407836914062e+00
8.174000000000000000e+03 2.414350271224975586e+00
8.176000000000000000e+03 2.355477809906005859e+00
8.178000000000000000e+03 2.516442298889160156e+00
8.180000000000000000e+03 2.593641519546508789e+00
8.182000000000000000e+03 2.088938474655151367e+00
8.184000000000000000e+03 2.134034156799316406e+00
8.186000000000000000e+03 2.213220596313476562e+00
8.188000000000000000e+03 2.433824777603149414e+00
8.190000000000000000e+03 2.203316211700439453e+00
8.192000000000000000e+03 2.478588342666625977e+00
8.194000000000000000e+03 2.542155027389526367e+00
8.196000000000000000e+03 2.510282754898071289e+00
8.198000000000000000e+03 2.622301101684570312e+00
8.200000000000000000e+03 2.372787714004516602e+00
8.202000000000000000e+03 9.302065968513488770e-01
8.204000000000000000e+03 8.959601521492004395e-01
8.206000000000000000e+03 2.313680410385131836e+00
8.208000000000000000e+03 2.295544862747192383e+00
8.210000000000000000e+03 7.986015081405639648e-01
8.212000000000000000e+03 2.351310014724731445e+00
8.214000000000000000e+03 7.713749408721923828e-01
8.216000000000000000e+03 8.056629896163940430e-01
8.218000000000000000e+03 2.469963073730468750e+00
8.220000000000000000e+03 2.536318302154541016e+00
8.222000000000000000e+03 2.561947584152221680e+00
8.224000000000000000e+03 5.862815976142883301e-01
8.226000000000000000e+03 5.205084085464477539e-01
8.228000000000000000e+03 4.501172006130218506e-01
8.230000000000000000e+03 2.812203645706176758e+00
8.232000000000000000e+03 3.741372525691986084e-01
8.234000000000000000e+03 3.319861292839050293e-01
8.236000000000000000e+03 2.981583833694458008e+00
8.238000000000000000e+03 2.921540260314941406e+00
8.240000000000000000e+03 2.854431629180908203e+00
8.242000000000000000e+03 2.402394533157348633e+00
8.244000000000000000e+03 2.444715261459350586e+00
8.246000000000000000e+03 2.476360559463500977e+00
8.248000000000000000e+03 2.194048881530761719e+00
8.250000000000000000e+03 2.423893928527832031e+00
8.252000000000000000e+03 2.213806152343750000e+00
8.254000000000000000e+03 2.724149942398071289e+00
8.256000000000000000e+03 2.459524869918823242e+00
8.258000000000000000e+03 2.603997945785522461e+00
8.260000000000000000e+03 2.423579216003417969e+00
8.262000000000000000e+03 2.516921043395996094e+00
8.264000000000000000e+03 2.422034263610839844e+00
8.266000000000000000e+03 2.263714075088500977e+00
8.268000000000000000e+03 2.137110948562622070e+00
8.270000000000000000e+03 2.243752002716064453e+00
8.272000000000000000e+03 2.544394493103027344e+00
8.274000000000000000e+03 2.535551548004150391e+00
8.276000000000000000e+03 2.330501079559326172e+00
8.278000000000000000e+03 2.315602064132690430e+00
8.280000000000000000e+03 2.222576379776000977e+00
8.282000000000000000e+03 2.570322036743164062e+00
8.284000000000000000e+03 2.011187553405761719e+00
8.286000000000000000e+03 2.150389194488525391e+00
8.288000000000000000e+03 2.018296957015991211e+00
8.290000000000000000e+03 1.779118895530700684e+00
8.292000000000000000e+03 1.416376829147338867e+00
8.294000000000000000e+03 1.696210265159606934e+00
8.296000000000000000e+03 1.926899194717407227e+00
8.298000000000000000e+03 2.824768304824829102e+00
8.300000000000000000e+03 2.599753856658935547e+00
8.302000000000000000e+03 2.593740940093994141e+00
8.304000000000000000e+03 2.517838954925537109e+00
8.306000000000000000e+03 2.680850028991699219e+00
8.308000000000000000e+03 2.585490226745605469e+00
8.310000000000000000e+03 2.239455938339233398e+00
8.312000000000000000e+03 2.293968677520751953e+00
8.314000000000000000e+03 2.608150482177734375e+00
8.316000000000000000e+03 2.379342079162597656e+00
8.318000000000000000e+03 2.199776172637939453e+00
8.320000000000000000e+03 1.840701580047607422e+00
8.322000000000000000e+03 1.858188629150390625e+00
8.324000000000000000e+03 2.104097604751586914e+00
8.326000000000000000e+03 2.174346923828125000e+00
8.328000000000000000e+03 2.197552442550659180e+00
8.330000000000000000e+03 2.524693727493286133e+00
8.332000000000000000e+03 2.382989168167114258e+00
8.334000000000000000e+03 2.250905513763427734e+00
8.336000000000000000e+03 2.369296550750732422e+00
8.338000000000000000e+03 2.568768024444580078e+00
8.340000000000000000e+03 2.594234466552734375e+00
8.342000000000000000e+03 2.310820579528808594e+00
8.344000000000000000e+03 1.847584724426269531e+00
8.346000000000000000e+03 1.969117522239685059e+00
8.348000000000000000e+03 1.981124520301818848e+00
8.350000000000000000e+03 2.143649339675903320e+00
8.352000000000000000e+03 1.971779346466064453e+00
8.354000000000000000e+03 2.251426458358764648e+00
8.356000000000000000e+03 1.756046414375305176e+00
8.358000000000000000e+03 1.618202805519104004e+00
8.360000000000000000e+03 1.845079302787780762e+00
8.362000000000000000e+03 1.886683702468872070e+00
8.364000000000000000e+03 1.664373397827148438e+00
8.366000000000000000e+03 1.748782634735107422e+00
8.368000000000000000e+03 2.046956300735473633e+00
8.370000000000000000e+03 2.044361114501953125e+00
8.372000000000000000e+03 1.918652057647705078e+00
8.374000000000000000e+03 1.966866016387939453e+00
8.376000000000000000e+03 2.079652309417724609e+00
8.378000000000000000e+03 2.397011995315551758e+00
8.380000000000000000e+03 2.189344406127929688e+00
8.382000000000000000e+03 2.465696096420288086e+00
8.384000000000000000e+03 1.871207714080810547e+00
8.386000000000000000e+03 1.349270105361938477e+00
8.388000000000000000e+03 1.306793332099914551e+00
8.390000000000000000e+03 8.180721998214721680e-01
8.392000000000000000e+03 1.137400150299072266e+00
8.394000000000000000e+03 7.403369545936584473e-01
8.396000000000000000e+03 1.061123013496398926e+00
8.398000000000000000e+03 9.944981336593627930e-01
8.400000000000000000e+03 1.000738620758056641e+00
8.402000000000000000e+03 1.150346875190734863e+00
8.404000000000000000e+03 1.068924188613891602e+00
8.406000000000000000e+03 1.113810062408447266e+00
8.408000000000000000e+03 1.179950475692749023e+00
8.410000000000000000e+03 1.210921764373779297e+00
8.412000000000000000e+03 1.405073165893554688e+00
8.414000000000000000e+03 1.192014694213867188e+00
8.416000000000000000e+03 1.333225727081298828e+00
8.418000000000000000e+03 1.327459454536437988e+00
8.420000000000000000e+03 1.035943269729614258e+00
8.422000000000000000e+03 1.036693572998046875e+00
8.424000000000000000e+03 7.453402280807495117e-01
8.426000000000000000e+03 7.020805478096008301e-01
8.428000000000000000e+03 7.102305293083190918e-01
8.430000000000000000e+03 8.821583986282348633e-01
8.432000000000000000e+03 1.248889923095703125e+00
8.434000000000000000e+03 1.361180186271667480e+00
8.436000000000000000e+03 1.270883440971374512e+00
8.438000000000000000e+03 1.336556077003479004e+00
8.440000000000000000e+03 1.163256764411926270e+00
8.442000000000000000e+03 9.681655764579772949e-01
8.444000000000000000e+03 6.253825426101684570e-01
8.446000000000000000e+03 6.975558400154113770e-01
8.448000000000000000e+03 7.444353103637695312e-01
8.450000000000000000e+03 8.487379550933837891e-01
8.452000000000000000e+03 9.852817654609680176e-01
8.454000000000000000e+03 8.265880346298217773e-01
8.456000000000000000e+03 7.991452813148498535e-01
8.458000000000000000e+03 7.050989866256713867e-01
8.460000000000000000e+03 9.373810887336730957e-01
8.462000000000000000e+03 8.454741835594177246e-01
8.464000000000000000e+03 7.189968228340148926e-01
8.466000000000000000e+03 8.874176144599914551e-01
8.468000000000000000e+03 7.899165749549865723e-01
8.470000000000000000e+03 7.344182133674621582e-01
8.472000000000000000e+03 2.416231632232666016e+00
8.474000000000000000e+03 2.433826446533203125e+00
8.476000000000000000e+03 2.218749284744262695e+00
8.478000000000000000e+03 2.262240886688232422e+00
8.480000000000000000e+03 2.252115964889526367e+00
8.482000000000000000e+03 2.319117069244384766e+00
8.484000000000000000e+03 7.894335985183715820e-01
8.486000000000000000e+03 6.139022707939147949e-01
8.488000000000000000e+03 7.075496912002563477e-01
8.490000000000000000e+03 6.768077611923217773e-01
8.492000000000000000e+03 2.376119375228881836e+00
8.494000000000000000e+03 2.662723541259765625e+00
8.496000000000000000e+03 2.443464279174804688e+00
8.498000000000000000e+03 6.288164258003234863e-01
8.500000000000000000e+03 5.328145027160644531e-01
8.502000000000000000e+03 4.541704952716827393e-01
8.504000000000000000e+03 2.524055719375610352e+00
8.506000000000000000e+03 2.407159566879272461e+00
8.508000000000000000e+03 2.525632619857788086e+00
8.510000000000000000e+03 2.355885744094848633e+00
8.512000000000000000e+03 2.159552335739135742e+00
8.514000000000000000e+03 1.778155565261840820e+00
8.516000000000000000e+03 1.662382364273071289e+00
8.518000000000000000e+03 1.874507188796997070e+00
8.520000000000000000e+03 2.109220266342163086e+00
8.522000000000000000e+03 1.980180621147155762e+00
8.524000000000000000e+03 2.408021450042724609e+00
8.526000000000000000e+03 2.445300102233886719e+00
8.528000000000000000e+03 2.374242782592773438e+00
8.530000000000000000e+03 1.320590853691101074e+00
8.532000000000000000e+03 1.398774862289428711e+00
8.534000000000000000e+03 1.769823431968688965e+00
8.536000000000000000e+03 1.124688267707824707e+00
8.538000000000000000e+03 1.364215970039367676e+00
8.540000000000000000e+03 8.998956680297851562e-01
8.542000000000000000e+03 8.923259973526000977e-01
8.544000000000000000e+03 1.034164667129516602e+00
8.546000000000000000e+03 9.291045665740966797e-01
8.548000000000000000e+03 1.218366980552673340e+00
8.550000000000000000e+03 1.255345702171325684e+00
8.552000000000000000e+03 7.230652570724487305e-01
8.554000000000000000e+03 7.516955137252807617e-01
8.556000000000000000e+03 1.045559644699096680e+00
8.558000000000000000e+03 1.178261399269104004e+00
8.560000000000000000e+03 1.149613499641418457e+00
8.562000000000000000e+03 9.996524453163146973e-01
8.564000000000000000e+03 8.688546419143676758e-01
8.566000000000000000e+03 8.784081935882568359e-01
8.568000000000000000e+03 1.009249329566955566e+00
8.570000000000000000e+03 7.798399329185485840e-01
8.572000000000000000e+03 7.123429775238037109e-01
8.574000000000000000e+03 7.593314051628112793e-01
8.576000000000000000e+03 2.517484426498413086e+00
8.578000000000000000e+03 8.242720961570739746e-01
8.580000000000000000e+03 8.693161010742187500e-01
8.582000000000000000e+03 9.777173995971679688e-01
8.584000000000000000e+03 6.503534913063049316e-01
8.586000000000000000e+03 6.628620028495788574e-01
8.588000000000000000e+03 6.161218881607055664e-01
8.590000000000000000e+03 6.667646169662475586e-01
8.592000000000000000e+03 7.738237977027893066e-01
8.594000000000000000e+03 7.754290699958801270e-01
8.596000000000000000e+03 8.044958710670471191e-01
8.598000000000000000e+03 7.991343736648559570e-01
8.600000000000000000e+03 9.226736426353454590e-01
8.602000000000000000e+03 7.961313724517822266e-01
8.604000000000000000e+03 6.195888519287109375e-01
8.606000000000000000e+03 6.693498492240905762e-01
8.608000000000000000e+03 6.876022219657897949e-01
8.610000000000000000e+03 8.155558705329895020e-01
8.612000000000000000e+03 8.017303347587585449e-01
8.614000000000000000e+03 7.284956574440002441e-01
8.616000000000000000e+03 8.313819169998168945e-01
8.618000000000000000e+03 6.423791646957397461e-01
8.620000000000000000e+03 1.281855463981628418e+00
8.622000000000000000e+03 1.547458291053771973e+00
8.624000000000000000e+03 1.510668396949768066e+00
8.626000000000000000e+03 1.438430309295654297e+00
8.628000000000000000e+03 1.495066523551940918e+00
8.630000000000000000e+03 1.441625595092773438e+00
8.632000000000000000e+03 1.588552713394165039e+00
8.634000000000000000e+03 1.549174785614013672e+00
8.636000000000000000e+03 1.734974265098571777e+00
8.638000000000000000e+03 1.607241749763488770e+00
8.640000000000000000e+03 1.573611736297607422e+00
8.642000000000000000e+03 2.029893159866333008e+00
8.644000000000000000e+03 2.301102399826049805e+00
8.646000000000000000e+03 2.099793672561645508e+00
8.648000000000000000e+03 2.117023706436157227e+00
8.650000000000000000e+03 2.370312690734863281e+00
8.652000000000000000e+03 2.034210681915283203e+00
8.654000000000000000e+03 2.025596380233764648e+00
8.656000000000000000e+03 2.176196336746215820e+00
8.658000000000000000e+03 1.916030168533325195e+00
8.660000000000000000e+03 1.912476658821105957e+00
8.662000000000000000e+03 2.090676784515380859e+00
8.664000000000000000e+03 1.985304713249206543e+00
8.666000000000000000e+03 2.747855663299560547e+00
8.668000000000000000e+03 2.323423385620117188e+00
8.670000000000000000e+03 2.301907539367675781e+00
8.672000000000000000e+03 2.246260881423950195e+00
8.674000000000000000e+03 2.310400247573852539e+00
8.676000000000000000e+03 2.505959033966064453e+00
8.678000000000000000e+03 2.465507030487060547e+00
8.680000000000000000e+03 2.285490512847900391e+00
8.682000000000000000e+03 7.870823740959167480e-01
8.684000000000000000e+03 8.678500056266784668e-01
8.686000000000000000e+03 7.377718091011047363e-01
8.688000000000000000e+03 9.165689349174499512e-01
8.690000000000000000e+03 1.149753689765930176e+00
8.692000000000000000e+03 1.086980938911437988e+00
8.694000000000000000e+03 9.012626409530639648e-01
8.696000000000000000e+03 1.012545108795166016e+00
8.698000000000000000e+03 9.551190137863159180e-01
8.700000000000000000e+03 1.182094573974609375e+00
8.702000000000000000e+03 1.186929225921630859e+00
8.704000000000000000e+03 1.185534477233886719e+00
8.706000000000000000e+03 1.040533304214477539e+00
8.708000000000000000e+03 1.242292046546936035e+00
8.710000000000000000e+03 1.080144882202148438e+00
8.712000000000000000e+03 1.002896070480346680e+00
8.714000000000000000e+03 8.831772208213806152e-01
8.716000000000000000e+03 9.176789522171020508e-01
8.718000000000000000e+03 1.046669602394104004e+00
8.720000000000000000e+03 9.635943174362182617e-01
8.722000000000000000e+03 8.931848406791687012e-01
8.724000000000000000e+03 2.278938531875610352e+00
8.726000000000000000e+03 2.235077142715454102e+00
8.728000000000000000e+03 2.169912338256835938e+00
8.730000000000000000e+03 2.231818437576293945e+00
8.732000000000000000e+03 2.250067710876464844e+00
8.734000000000000000e+03 2.322050333023071289e+00
8.736000000000000000e+03 2.132786512374877930e+00
8.738000000000000000e+03 2.184204101562500000e+00
8.740000000000000000e+03 2.124460935592651367e+00
8.742000000000000000e+03 2.363139867782592773e+00
8.744000000000000000e+03 2.401807069778442383e+00
8.746000000000000000e+03 2.301593542098999023e+00
8.748000000000000000e+03 2.352678775787353516e+00
8.750000000000000000e+03 2.330693244934082031e+00
8.752000000000000000e+03 2.269042015075683594e+00
8.754000000000000000e+03 2.198839902877807617e+00
8.756000000000000000e+03 2.144832611083984375e+00
8.758000000000000000e+03 2.252623319625854492e+00
8.760000000000000000e+03 2.315463781356811523e+00
8.762000000000000000e+03 2.485125780105590820e+00
8.764000000000000000e+03 2.132113456726074219e+00
8.766000000000000000e+03 2.088987827301025391e+00
8.768000000000000000e+03 2.041973829269409180e+00
8.770000000000000000e+03 2.126146078109741211e+00
8.772000000000000000e+03 1.967376351356506348e+00
8.774000000000000000e+03 2.011947393417358398e+00
8.776000000000000000e+03 2.066921234130859375e+00
8.778000000000000000e+03 1.922954082489013672e+00
8.780000000000000000e+03 1.546925544738769531e+00
8.782000000000000000e+03 1.712216258049011230e+00
8.784000000000000000e+03 1.504979729652404785e+00
8.786000000000000000e+03 1.687548160552978516e+00
8.788000000000000000e+03 1.873221397399902344e+00
8.790000000000000000e+03 1.660753846168518066e+00
8.792000000000000000e+03 1.892919301986694336e+00
8.794000000000000000e+03 1.951980590820312500e+00
8.796000000000000000e+03 1.771969795227050781e+00
8.798000000000000000e+03 1.578916430473327637e+00
8.800000000000000000e+03 1.646752834320068359e+00
8.802000000000000000e+03 1.675114512443542480e+00
8.804000000000000000e+03 1.745807766914367676e+00
8.806000000000000000e+03 1.832019567489624023e+00
8.808000000000000000e+03 1.968457698822021484e+00
8.810000000000000000e+03 1.858104109764099121e+00
8.812000000000000000e+03 1.955835223197937012e+00
8.814000000000000000e+03 2.101457118988037109e+00
8.816000000000000000e+03 2.216717958450317383e+00
8.818000000000000000e+03 2.161951780319213867e+00
8.820000000000000000e+03 2.235574722290039062e+00
8.822000000000000000e+03 2.370012760162353516e+00
8.824000000000000000e+03 2.246187210083007812e+00
8.826000000000000000e+03 2.251497983932495117e+00
8.828000000000000000e+03 2.262591123580932617e+00
8.830000000000000000e+03 2.247341632843017578e+00
8.832000000000000000e+03 2.322769641876220703e+00
8.834000000000000000e+03 2.529566049575805664e+00
8.836000000000000000e+03 2.367766618728637695e+00
8.838000000000000000e+03 2.367328405380249023e+00
8.840000000000000000e+03 2.420787096023559570e+00
8.842000000000000000e+03 2.350498199462890625e+00
8.844000000000000000e+03 2.488532543182373047e+00
8.846000000000000000e+03 2.453857898712158203e+00
8.848000000000000000e+03 2.401656150817871094e+00
8.850000000000000000e+03 2.459000825881958008e+00
8.852000000000000000e+03 2.629550933837890625e+00
8.854000000000000000e+03 2.698561191558837891e+00
8.856000000000000000e+03 2.405107259750366211e+00
8.858000000000000000e+03 2.252110719680786133e+00
8.860000000000000000e+03 2.200642347335815430e+00
8.862000000000000000e+03 2.259400606155395508e+00
8.864000000000000000e+03 2.211611270904541016e+00
8.866000000000000000e+03 2.215074539184570312e+00
8.868000000000000000e+03 2.141768217086791992e+00
8.870000000000000000e+03 1.834480881690979004e+00
8.872000000000000000e+03 2.065776586532592773e+00
8.874000000000000000e+03 2.051817893981933594e+00
8.876000000000000000e+03 2.203657865524291992e+00
8.878000000000000000e+03 2.468598365783691406e+00
8.880000000000000000e+03 2.439571857452392578e+00
8.882000000000000000e+03 2.569927930831909180e+00
8.884000000000000000e+03 2.466303825378417969e+00
8.886000000000000000e+03 2.398733854293823242e+00
8.888000000000000000e+03 2.334071874618530273e+00
8.890000000000000000e+03 2.361972808837890625e+00
8.892000000000000000e+03 2.407286405563354492e+00
8.894000000000000000e+03 2.429692268371582031e+00
8.896000000000000000e+03 2.468779087066650391e+00
8.898000000000000000e+03 2.547780752182006836e+00
8.900000000000000000e+03 2.598195552825927734e+00
8.902000000000000000e+03 2.818787097930908203e+00
8.904000000000000000e+03 2.480544328689575195e+00
8.906000000000000000e+03 2.146734952926635742e+00
8.908000000000000000e+03 2.118299484252929688e+00
8.910000000000000000e+03 2.173038005828857422e+00
8.912000000000000000e+03 1.982351064682006836e+00
8.914000000000000000e+03 2.094316482543945312e+00
8.916000000000000000e+03 1.993988513946533203e+00
8.918000000000000000e+03 1.960929512977600098e+00
8.920000000000000000e+03 1.647819638252258301e+00
8.922000000000000000e+03 1.235766887664794922e+00
8.924000000000000000e+03 1.153047919273376465e+00
8.926000000000000000e+03 1.080771207809448242e+00
8.928000000000000000e+03 1.103382825851440430e+00
8.930000000000000000e+03 1.320577263832092285e+00
8.932000000000000000e+03 1.377243280410766602e+00
8.934000000000000000e+03 1.015953063964843750e+00
8.936000000000000000e+03 1.049212336540222168e+00
8.938000000000000000e+03 1.063321232795715332e+00
8.940000000000000000e+03 6.830165982246398926e-01
8.942000000000000000e+03 2.577871561050415039e+00
8.944000000000000000e+03 2.374359607696533203e+00
8.946000000000000000e+03 2.320916414260864258e+00
8.948000000000000000e+03 2.390875577926635742e+00
8.950000000000000000e+03 2.345959424972534180e+00
8.952000000000000000e+03 2.527669429779052734e+00
8.954000000000000000e+03 2.514796495437622070e+00
8.956000000000000000e+03 2.345848798751831055e+00
8.958000000000000000e+03 2.221912145614624023e+00
8.960000000000000000e+03 2.371367216110229492e+00
8.962000000000000000e+03 2.330628871917724609e+00
8.964000000000000000e+03 2.123075962066650391e+00
8.966000000000000000e+03 2.232934236526489258e+00
8.968000000000000000e+03 2.493118047714233398e+00
8.970000000000000000e+03 6.241365075111389160e-01
8.972000000000000000e+03 2.473844766616821289e+00
8.974000000000000000e+03 2.481974840164184570e+00
8.976000000000000000e+03 2.319899082183837891e+00
8.978000000000000000e+03 2.390673160552978516e+00
8.980000000000000000e+03 2.225513458251953125e+00
8.982000000000000000e+03 2.300769090652465820e+00
8.984000000000000000e+03 2.296352148056030273e+00
8.986000000000000000e+03 2.401838779449462891e+00
8.988000000000000000e+03 2.434848785400390625e+00
8.990000000000000000e+03 2.349130868911743164e+00
8.992000000000000000e+03 2.115933418273925781e+00
8.994000000000000000e+03 2.100164175033569336e+00
8.996000000000000000e+03 2.240367174148559570e+00
8.998000000000000000e+03 2.278261899948120117e+00
9.000000000000000000e+03 2.128510951995849609e+00
9.002000000000000000e+03 1.823012113571166992e+00
9.004000000000000000e+03 1.822656154632568359e+00
9.006000000000000000e+03 1.940009117126464844e+00
9.008000000000000000e+03 2.192305803298950195e+00
9.010000000000000000e+03 2.257583856582641602e+00
9.012000000000000000e+03 2.097382068634033203e+00
9.014000000000000000e+03 2.137454271316528320e+00
9.016000000000000000e+03 2.213946342468261719e+00
9.018000000000000000e+03 2.283778429031372070e+00
9.020000000000000000e+03 2.159529924392700195e+00
9.022000000000000000e+03 2.315542936325073242e+00
9.024000000000000000e+03 2.250002145767211914e+00
9.026000000000000000e+03 2.262122631072998047e+00
9.028000000000000000e+03 2.221355676651000977e+00
9.030000000000000000e+03 2.168806791305541992e+00
9.032000000000000000e+03 2.098330497741699219e+00
9.034000000000000000e+03 2.160792350769042969e+00
9.036000000000000000e+03 2.131638050079345703e+00
9.038000000000000000e+03 2.190800905227661133e+00
9.040000000000000000e+03 2.449601650238037109e+00
9.042000000000000000e+03 2.410459041595458984e+00
9.044000000000000000e+03 2.256909847259521484e+00
9.046000000000000000e+03 2.088539600372314453e+00
9.048000000000000000e+03 2.069293260574340820e+00
9.050000000000000000e+03 2.191597700119018555e+00
9.052000000000000000e+03 2.133404493331909180e+00
9.054000000000000000e+03 2.108512401580810547e+00
9.056000000000000000e+03 1.726956009864807129e+00
9.058000000000000000e+03 1.763035774230957031e+00
9.060000000000000000e+03 1.720945954322814941e+00
9.062000000000000000e+03 1.633153676986694336e+00
9.064000000000000000e+03 1.850173592567443848e+00
9.066000000000000000e+03 1.412916183471679688e+00
9.068000000000000000e+03 1.381498694419860840e+00
9.070000000000000000e+03 1.468015193939208984e+00
9.072000000000000000e+03 1.307169675827026367e+00
9.074000000000000000e+03 1.348643302917480469e+00
9.076000000000000000e+03 1.447732686996459961e+00
9.078000000000000000e+03 1.494041800498962402e+00
9.080000000000000000e+03 1.668190956115722656e+00
9.082000000000000000e+03 1.697888970375061035e+00
9.084000000000000000e+03 1.931307196617126465e+00
9.086000000000000000e+03 1.885905504226684570e+00
9.088000000000000000e+03 1.965891480445861816e+00
9.090000000000000000e+03 2.079102516174316406e+00
9.092000000000000000e+03 1.931098103523254395e+00
9.094000000000000000e+03 2.017990350723266602e+00
9.096000000000000000e+03 2.055053949356079102e+00
9.098000000000000000e+03 2.201264619827270508e+00
9.100000000000000000e+03 2.261187076568603516e+00
9.102000000000000000e+03 1.879824638366699219e+00
9.104000000000000000e+03 1.871487975120544434e+00
9.106000000000000000e+03 1.879145979881286621e+00
9.108000000000000000e+03 1.840216636657714844e+00
9.110000000000000000e+03 1.842972874641418457e+00
9.112000000000000000e+03 1.938685417175292969e+00
9.114000000000000000e+03 1.930961966514587402e+00
9.116000000000000000e+03 1.507758498191833496e+00
9.118000000000000000e+03 1.625265121459960938e+00
9.120000000000000000e+03 1.634321212768554688e+00
9.122000000000000000e+03 1.585280299186706543e+00
9.124000000000000000e+03 1.593438982963562012e+00
9.126000000000000000e+03 1.409296393394470215e+00
9.128000000000000000e+03 1.378147125244140625e+00
9.130000000000000000e+03 1.387387156486511230e+00
9.132000000000000000e+03 1.231333971023559570e+00
9.134000000000000000e+03 1.172565340995788574e+00
9.136000000000000000e+03 1.067452311515808105e+00
9.138000000000000000e+03 1.104277372360229492e+00
9.140000000000000000e+03 1.150007128715515137e+00
9.142000000000000000e+03 1.028246402740478516e+00
9.144000000000000000e+03 1.423223614692687988e+00
9.146000000000000000e+03 1.107285976409912109e+00
9.148000000000000000e+03 8.009675741195678711e-01
9.150000000000000000e+03 7.169370055198669434e-01
9.152000000000000000e+03 7.101452946662902832e-01
9.154000000000000000e+03 1.026160120964050293e+00
9.156000000000000000e+03 1.149810194969177246e+00
9.158000000000000000e+03 1.380374312400817871e+00
9.160000000000000000e+03 1.395718574523925781e+00
9.162000000000000000e+03 1.298345923423767090e+00
9.164000000000000000e+03 1.459125041961669922e+00
9.166000000000000000e+03 1.423112869262695312e+00
9.168000000000000000e+03 1.144506216049194336e+00
9.170000000000000000e+03 1.529611825942993164e+00
9.172000000000000000e+03 1.587147831916809082e+00
9.174000000000000000e+03 1.782097220420837402e+00
9.176000000000000000e+03 1.974952697753906250e+00
9.178000000000000000e+03 1.716710448265075684e+00
9.180000000000000000e+03 1.900096893310546875e+00
9.182000000000000000e+03 1.835495233535766602e+00
9.184000000000000000e+03 2.028033494949340820e+00
9.186000000000000000e+03 2.230438709259033203e+00
9.188000000000000000e+03 2.112972497940063477e+00
9.190000000000000000e+03 2.116874456405639648e+00
9.192000000000000000e+03 2.086597442626953125e+00
9.194000000000000000e+03 2.327244758605957031e+00
9.196000000000000000e+03 2.250742435455322266e+00
9.198000000000000000e+03 2.281768560409545898e+00
9.200000000000000000e+03 2.380572557449340820e+00
9.202000000000000000e+03 2.151448011398315430e+00
9.204000000000000000e+03 2.015653371810913086e+00
9.206000000000000000e+03 2.099633216857910156e+00
9.208000000000000000e+03 2.059787988662719727e+00
9.210000000000000000e+03 2.178854465484619141e+00
9.212000000000000000e+03 2.131125926971435547e+00
9.214000000000000000e+03 2.031245470046997070e+00
9.216000000000000000e+03 2.040519952774047852e+00
9.218000000000000000e+03 1.991182088851928711e+00
9.220000000000000000e+03 2.142971038818359375e+00
9.222000000000000000e+03 2.209554672241210938e+00
9.224000000000000000e+03 2.138950586318969727e+00
9.226000000000000000e+03 2.160208225250244141e+00
9.228000000000000000e+03 2.006375551223754883e+00
9.230000000000000000e+03 2.020905971527099609e+00
9.232000000000000000e+03 1.946809768676757812e+00
9.234000000000000000e+03 1.988841414451599121e+00
9.236000000000000000e+03 2.117835998535156250e+00
9.238000000000000000e+03 2.139530897140502930e+00
9.240000000000000000e+03 1.856041193008422852e+00
9.242000000000000000e+03 1.720215082168579102e+00
9.244000000000000000e+03 1.456112384796142578e+00
9.246000000000000000e+03 1.398029446601867676e+00
9.248000000000000000e+03 1.616265773773193359e+00
9.250000000000000000e+03 1.470888733863830566e+00
9.252000000000000000e+03 1.586892247200012207e+00
9.254000000000000000e+03 1.686781406402587891e+00
9.256000000000000000e+03 1.861860990524291992e+00
9.258000000000000000e+03 1.758891582489013672e+00
9.260000000000000000e+03 1.723057270050048828e+00
9.262000000000000000e+03 1.490357756614685059e+00
9.264000000000000000e+03 1.691463828086853027e+00
9.266000000000000000e+03 1.741966247558593750e+00
9.268000000000000000e+03 1.668685674667358398e+00
9.270000000000000000e+03 1.674427866935729980e+00
9.272000000000000000e+03 1.782109022140502930e+00
9.274000000000000000e+03 1.462819814682006836e+00
9.276000000000000000e+03 1.721005916595458984e+00
9.278000000000000000e+03 1.817957162857055664e+00
9.280000000000000000e+03 1.784217357635498047e+00
9.282000000000000000e+03 1.656782865524291992e+00
9.284000000000000000e+03 1.688232779502868652e+00
9.286000000000000000e+03 1.727051854133605957e+00
9.288000000000000000e+03 1.751760363578796387e+00
9.290000000000000000e+03 1.907949090003967285e+00
9.292000000000000000e+03 1.772632002830505371e+00
9.294000000000000000e+03 1.850263476371765137e+00
9.296000000000000000e+03 1.716287732124328613e+00
9.298000000000000000e+03 1.684620976448059082e+00
9.300000000000000000e+03 1.578716039657592773e+00
9.302000000000000000e+03 1.566522002220153809e+00
9.304000000000000000e+03 1.484211683273315430e+00
9.306000000000000000e+03 1.575547099113464355e+00
9.308000000000000000e+03 1.737049818038940430e+00
9.310000000000000000e+03 1.898206353187561035e+00
9.312000000000000000e+03 2.121370553970336914e+00
9.314000000000000000e+03 2.079169034957885742e+00
9.316000000000000000e+03 2.014541149139404297e+00
9.318000000000000000e+03 2.064609527587890625e+00
9.320000000000000000e+03 2.048928260803222656e+00
9.322000000000000000e+03 2.054571628570556641e+00
9.324000000000000000e+03 1.803843736648559570e+00
9.326000000000000000e+03 1.990423798561096191e+00
9.328000000000000000e+03 1.942450046539306641e+00
9.330000000000000000e+03 2.117773294448852539e+00
9.332000000000000000e+03 1.665846586227416992e+00
9.334000000000000000e+03 1.925838112831115723e+00
9.336000000000000000e+03 2.188848495483398438e+00
9.338000000000000000e+03 2.370679140090942383e+00
9.340000000000000000e+03 2.276777982711791992e+00
9.342000000000000000e+03 2.195399761199951172e+00
9.344000000000000000e+03 1.955599188804626465e+00
9.346000000000000000e+03 1.850658893585205078e+00
9.348000000000000000e+03 1.757969975471496582e+00
9.350000000000000000e+03 1.316264033317565918e+00
9.352000000000000000e+03 1.302151441574096680e+00
9.354000000000000000e+03 1.135510683059692383e+00
9.356000000000000000e+03 1.283160209655761719e+00
9.358000000000000000e+03 1.156749010086059570e+00
9.360000000000000000e+03 1.374419331550598145e+00
9.362000000000000000e+03 1.473515868186950684e+00
9.364000000000000000e+03 1.467927932739257812e+00
9.366000000000000000e+03 1.499654054641723633e+00
9.368000000000000000e+03 1.484539628028869629e+00
9.370000000000000000e+03 1.305182933807373047e+00
9.372000000000000000e+03 1.210445523262023926e+00
9.374000000000000000e+03 8.924202919006347656e-01
9.376000000000000000e+03 1.091496825218200684e+00
9.378000000000000000e+03 8.810066580772399902e-01
9.380000000000000000e+03 8.726761937141418457e-01
9.382000000000000000e+03 8.859776258468627930e-01
9.384000000000000000e+03 9.178667068481445312e-01
9.386000000000000000e+03 1.273748278617858887e+00
9.388000000000000000e+03 1.067407965660095215e+00
9.390000000000000000e+03 1.011675596237182617e+00
9.392000000000000000e+03 9.866275191307067871e-01
9.394000000000000000e+03 9.708282947540283203e-01
9.396000000000000000e+03 1.094569563865661621e+00
9.398000000000000000e+03 1.026522397994995117e+00
9.400000000000000000e+03 9.450058937072753906e-01
9.402000000000000000e+03 1.019879698753356934e+00
9.404000000000000000e+03 8.516375422477722168e-01
9.406000000000000000e+03 2.412914037704467773e+00
9.408000000000000000e+03 2.309395790100097656e+00
9.410000000000000000e+03 2.322247505187988281e+00
9.412000000000000000e+03 2.355907201766967773e+00
9.414000000000000000e+03 2.268076419830322266e+00
9.416000000000000000e+03 2.239619493484497070e+00
9.418000000000000000e+03 2.292984724044799805e+00
9.420000000000000000e+03 2.421794176101684570e+00
9.422000000000000000e+03 2.420547962188720703e+00
9.424000000000000000e+03 2.331141233444213867e+00
9.426000000000000000e+03 2.419793367385864258e+00
9.428000000000000000e+03 2.431870460510253906e+00
9.430000000000000000e+03 2.145829677581787109e+00
9.432000000000000000e+03 1.973971486091613770e+00
9.434000000000000000e+03 1.960770487785339355e+00
9.436000000000000000e+03 2.181430101394653320e+00
9.438000000000000000e+03 2.372500896453857422e+00
9.440000000000000000e+03 2.396949291229248047e+00
9.442000000000000000e+03 2.612964391708374023e+00
9.444000000000000000e+03 2.373138904571533203e+00
9.446000000000000000e+03 7.778145670890808105e-01
9.448000000000000000e+03 1.079261422157287598e+00
9.450000000000000000e+03 1.099350571632385254e+00
9.452000000000000000e+03 1.055348753929138184e+00
9.454000000000000000e+03 2.230461597442626953e+00
9.456000000000000000e+03 8.648927211761474609e-01
9.458000000000000000e+03 8.503588438034057617e-01
9.460000000000000000e+03 2.194298267364501953e+00
9.462000000000000000e+03 2.057347774505615234e+00
9.464000000000000000e+03 2.099783897399902344e+00
9.466000000000000000e+03 2.247025012969970703e+00
9.468000000000000000e+03 2.089089870452880859e+00
9.470000000000000000e+03 2.086251974105834961e+00
9.472000000000000000e+03 2.197906494140625000e+00
9.474000000000000000e+03 2.060514688491821289e+00
9.476000000000000000e+03 2.198669910430908203e+00
9.478000000000000000e+03 2.222005367279052734e+00
9.480000000000000000e+03 2.197486400604248047e+00
9.482000000000000000e+03 1.901140451431274414e+00
9.484000000000000000e+03 2.022310256958007812e+00
9.486000000000000000e+03 2.045863151550292969e+00
9.488000000000000000e+03 2.136666774749755859e+00
9.490000000000000000e+03 2.161487102508544922e+00
9.492000000000000000e+03 2.178489446640014648e+00
9.494000000000000000e+03 2.067399740219116211e+00
9.496000000000000000e+03 2.054471969604492188e+00
9.498000000000000000e+03 2.061241865158081055e+00
9.500000000000000000e+03 1.945950627326965332e+00
9.502000000000000000e+03 1.824764966964721680e+00
9.504000000000000000e+03 1.903863430023193359e+00
9.506000000000000000e+03 1.935193538665771484e+00
9.508000000000000000e+03 2.152232646942138672e+00
9.510000000000000000e+03 1.965055704116821289e+00
9.512000000000000000e+03 2.107321023941040039e+00
9.514000000000000000e+03 2.256449460983276367e+00
9.516000000000000000e+03 2.145969867706298828e+00
9.518000000000000000e+03 1.998763084411621094e+00
9.520000000000000000e+03 2.115906715393066406e+00
9.522000000000000000e+03 2.289937973022460938e+00
9.524000000000000000e+03 2.168708801269531250e+00
9.526000000000000000e+03 1.972498416900634766e+00
9.528000000000000000e+03 1.888834476470947266e+00
9.530000000000000000e+03 2.075432300567626953e+00
9.532000000000000000e+03 1.913702249526977539e+00
9.534000000000000000e+03 1.898053884506225586e+00
9.536000000000000000e+03 2.039058685302734375e+00
9.538000000000000000e+03 2.105602502822875977e+00
9.540000000000000000e+03 2.174203157424926758e+00
9.542000000000000000e+03 2.187897920608520508e+00
9.544000000000000000e+03 2.239218950271606445e+00
9.546000000000000000e+03 2.315118312835693359e+00
9.548000000000000000e+03 2.223182678222656250e+00
9.550000000000000000e+03 2.096117973327636719e+00
9.552000000000000000e+03 2.003968000411987305e+00
9.554000000000000000e+03 2.046845436096191406e+00
9.556000000000000000e+03 1.873475193977355957e+00
9.558000000000000000e+03 1.780056953430175781e+00
9.560000000000000000e+03 1.879709243774414062e+00
9.562000000000000000e+03 1.797919154167175293e+00
9.564000000000000000e+03 1.867943525314331055e+00
9.566000000000000000e+03 1.965494275093078613e+00
9.568000000000000000e+03 2.014715909957885742e+00
9.570000000000000000e+03 2.056748151779174805e+00
9.572000000000000000e+03 1.929290771484375000e+00
9.574000000000000000e+03 1.896425604820251465e+00
9.576000000000000000e+03 1.930586814880371094e+00
9.578000000000000000e+03 1.954215407371520996e+00
9.580000000000000000e+03 1.884254693984985352e+00
9.582000000000000000e+03 1.658670783042907715e+00
9.584000000000000000e+03 1.597916603088378906e+00
9.586000000000000000e+03 1.376816153526306152e+00
9.588000000000000000e+03 1.304715871810913086e+00
9.590000000000000000e+03 2.256705999374389648e+00
9.592000000000000000e+03 2.042421340942382812e+00
9.594000000000000000e+03 2.329542398452758789e+00
9.596000000000000000e+03 1.777860283851623535e+00
9.598000000000000000e+03 1.314971923828125000e+00
9.600000000000000000e+03 1.907098293304443359e+00
9.602000000000000000e+03 1.363214850425720215e+00
9.604000000000000000e+03 1.167748570442199707e+00
9.606000000000000000e+03 8.498052358627319336e-01
9.608000000000000000e+03 5.099028348922729492e-01
9.610000000000000000e+03 5.431302189826965332e-01
9.612000000000000000e+03 9.124610424041748047e-01
9.614000000000000000e+03 8.981198668479919434e-01
9.616000000000000000e+03 1.130083799362182617e+00
9.618000000000000000e+03 1.373087048530578613e+00
9.620000000000000000e+03 1.323750376701354980e+00
9.622000000000000000e+03 1.626764297485351562e+00
9.624000000000000000e+03 1.762133479118347168e+00
9.626000000000000000e+03 1.716165423393249512e+00
9.628000000000000000e+03 1.643253326416015625e+00
9.630000000000000000e+03 1.818165898323059082e+00
9.632000000000000000e+03 1.834385156631469727e+00
9.634000000000000000e+03 1.750730633735656738e+00
9.636000000000000000e+03 2.388113260269165039e+00
9.638000000000000000e+03 1.434912800788879395e+00
9.640000000000000000e+03 1.466478347778320312e+00
9.642000000000000000e+03 1.403584480285644531e+00
9.644000000000000000e+03 1.595253825187683105e+00
9.646000000000000000e+03 1.392894864082336426e+00
9.648000000000000000e+03 8.902866840362548828e-01
9.650000000000000000e+03 1.028435468673706055e+00
9.652000000000000000e+03 7.295351028442382812e-01
9.654000000000000000e+03 7.671427130699157715e-01
9.656000000000000000e+03 6.296198964118957520e-01
9.658000000000000000e+03 5.128750205039978027e-01
9.660000000000000000e+03 4.528166651725769043e-01
9.662000000000000000e+03 6.433231234550476074e-01
9.664000000000000000e+03 4.840800464153289795e-01
9.666000000000000000e+03 3.425299525260925293e-01
9.668000000000000000e+03 3.439663052558898926e-01
9.670000000000000000e+03 4.328878521919250488e-01
9.672000000000000000e+03 4.157023727893829346e-01
9.674000000000000000e+03 3.149173855781555176e-01
9.676000000000000000e+03 4.829483926296234131e-01
9.678000000000000000e+03 7.276914715766906738e-01
9.680000000000000000e+03 5.479075312614440918e-01
9.682000000000000000e+03 9.583241343498229980e-01
9.684000000000000000e+03 9.059799313545227051e-01
9.686000000000000000e+03 5.467382073402404785e-01
9.688000000000000000e+03 5.220943689346313477e-01
9.690000000000000000e+03 4.615522623062133789e-01
9.692000000000000000e+03 4.122379124164581299e-01
9.694000000000000000e+03 7.305619120597839355e-01
9.696000000000000000e+03 6.032565832138061523e-01
9.698000000000000000e+03 6.076595783233642578e-01
9.700000000000000000e+03 4.226979911327362061e-01
9.702000000000000000e+03 1.481626778841018677e-01
9.704000000000000000e+03 3.644686341285705566e-01
9.706000000000000000e+03 3.423853814601898193e-01
9.708000000000000000e+03 2.876996994018554688e-01
9.710000000000000000e+03 3.645913600921630859e-01
9.712000000000000000e+03 4.646798968315124512e-01
9.714000000000000000e+03 3.655543029308319092e-01
9.716000000000000000e+03 2.631699562072753906e+00
9.718000000000000000e+03 4.677797555923461914e-01
9.720000000000000000e+03 2.555373191833496094e+00
9.722000000000000000e+03 6.265107989311218262e-01
9.724000000000000000e+03 7.318109273910522461e-01
9.726000000000000000e+03 2.339725732803344727e+00
9.728000000000000000e+03 2.345146179199218750e+00
9.730000000000000000e+03 7.840667963027954102e-01
9.732000000000000000e+03 6.923616528511047363e-01
9.734000000000000000e+03 2.515576601028442383e+00
9.736000000000000000e+03 2.530007600784301758e+00
9.738000000000000000e+03 2.489315271377563477e+00
9.740000000000000000e+03 2.683120250701904297e+00
9.742000000000000000e+03 2.470042705535888672e+00
9.744000000000000000e+03 2.600458145141601562e+00
9.746000000000000000e+03 2.432689905166625977e+00
9.748000000000000000e+03 2.384997367858886719e+00
9.750000000000000000e+03 2.234878540039062500e+00
9.752000000000000000e+03 2.064369678497314453e+00
9.754000000000000000e+03 1.949126124382019043e+00
9.756000000000000000e+03 2.487110853195190430e+00
9.758000000000000000e+03 2.306662321090698242e+00
9.760000000000000000e+03 1.678710103034973145e+00
9.762000000000000000e+03 1.343216896057128906e+00
9.764000000000000000e+03 1.716698408126831055e+00
9.766000000000000000e+03 1.907203912734985352e+00
9.768000000000000000e+03 2.097720146179199219e+00
9.770000000000000000e+03 1.870270609855651855e+00
9.772000000000000000e+03 1.744483470916748047e+00
9.774000000000000000e+03 1.731575489044189453e+00
9.776000000000000000e+03 1.740529417991638184e+00
9.778000000000000000e+03 1.458325147628784180e+00
9.780000000000000000e+03 1.278182506561279297e+00
9.782000000000000000e+03 1.220974445343017578e+00
9.784000000000000000e+03 1.079467177391052246e+00
9.786000000000000000e+03 1.046604514122009277e+00
9.788000000000000000e+03 8.936351537704467773e-01
9.790000000000000000e+03 8.809117078781127930e-01
9.792000000000000000e+03 2.386988401412963867e+00
9.794000000000000000e+03 2.256292581558227539e+00
9.796000000000000000e+03 2.138348579406738281e+00
9.798000000000000000e+03 9.096217155456542969e-01
9.800000000000000000e+03 9.252254366874694824e-01
9.802000000000000000e+03 1.115408778190612793e+00
9.804000000000000000e+03 1.141101956367492676e+00
9.806000000000000000e+03 1.185165166854858398e+00
9.808000000000000000e+03 9.638060331344604492e-01
9.810000000000000000e+03 9.913823604583740234e-01
9.812000000000000000e+03 9.817060828208923340e-01
9.814000000000000000e+03 8.593430519104003906e-01
9.816000000000000000e+03 1.006105065345764160e+00
9.818000000000000000e+03 1.113026857376098633e+00
9.820000000000000000e+03 1.128820776939392090e+00
9.822000000000000000e+03 1.346173524856567383e+00
9.824000000000000000e+03 1.253132939338684082e+00
9.826000000000000000e+03 1.251030802726745605e+00
9.828000000000000000e+03 1.317869305610656738e+00
9.830000000000000000e+03 1.266330718994140625e+00
9.832000000000000000e+03 1.290691494941711426e+00
9.834000000000000000e+03 1.218499422073364258e+00
9.836000000000000000e+03 1.119826912879943848e+00
9.838000000000000000e+03 1.056462407112121582e+00
9.840000000000000000e+03 1.133605241775512695e+00
9.842000000000000000e+03 1.168448686599731445e+00
9.844000000000000000e+03 1.076419591903686523e+00
9.846000000000000000e+03 1.313980340957641602e+00
9.848000000000000000e+03 1.160890698432922363e+00
9.850000000000000000e+03 1.019977688789367676e+00
9.852000000000000000e+03 1.015850543975830078e+00
9.854000000000000000e+03 1.116772890090942383e+00
9.856000000000000000e+03 1.224507689476013184e+00
9.858000000000000000e+03 1.326878547668457031e+00
9.860000000000000000e+03 1.138438105583190918e+00
9.862000000000000000e+03 1.129543423652648926e+00
9.864000000000000000e+03 1.054501056671142578e+00
9.866000000000000000e+03 1.423766493797302246e+00
9.868000000000000000e+03 1.559320092201232910e+00
9.870000000000000000e+03 1.579711675643920898e+00
9.872000000000000000e+03 1.742660403251647949e+00
9.874000000000000000e+03 1.669243335723876953e+00
9.876000000000000000e+03 1.695987939834594727e+00
9.878000000000000000e+03 1.378804206848144531e+00
9.880000000000000000e+03 1.449727177619934082e+00
9.882000000000000000e+03 1.617531061172485352e+00
9.884000000000000000e+03 1.286500930786132812e+00
9.886000000000000000e+03 1.257627725601196289e+00
9.888000000000000000e+03 1.216824412345886230e+00
9.890000000000000000e+03 1.464461088180541992e+00
9.892000000000000000e+03 1.038154363632202148e+00
9.894000000000000000e+03 1.193111896514892578e+00
9.896000000000000000e+03 9.816259741783142090e-01
9.898000000000000000e+03 1.054972767829895020e+00
9.900000000000000000e+03 1.159825325012207031e+00
9.902000000000000000e+03 1.023438811302185059e+00
9.904000000000000000e+03 9.504747390747070312e-01
9.906000000000000000e+03 8.999057412147521973e-01
9.908000000000000000e+03 9.618190526962280273e-01
9.910000000000000000e+03 8.688755631446838379e-01
9.912000000000000000e+03 8.502271771430969238e-01
9.914000000000000000e+03 9.560887217521667480e-01
9.916000000000000000e+03 9.321081638336181641e-01
9.918000000000000000e+03 9.933375120162963867e-01
9.920000000000000000e+03 9.914605617523193359e-01
9.922000000000000000e+03 1.316318392753601074e+00
9.924000000000000000e+03 1.148108005523681641e+00
9.926000000000000000e+03 1.537790417671203613e+00
9.928000000000000000e+03 1.767074227333068848e+00
9.930000000000000000e+03 1.768975615501403809e+00
9.932000000000000000e+03 2.014981031417846680e+00
9.934000000000000000e+03 1.818868875503540039e+00
9.936000000000000000e+03 1.698110103607177734e+00
9.938000000000000000e+03 1.499727368354797363e+00
9.940000000000000000e+03 1.565890312194824219e+00
9.942000000000000000e+03 1.428502321243286133e+00
9.944000000000000000e+03 1.157726287841796875e+00
9.946000000000000000e+03 9.655001759529113770e-01
9.948000000000000000e+03 2.030968189239501953e+00
9.950000000000000000e+03 2.700511693954467773e+00
9.952000000000000000e+03 2.240107059478759766e+00
9.954000000000000000e+03 2.336567163467407227e+00
9.956000000000000000e+03 2.211638689041137695e+00
9.958000000000000000e+03 2.354998111724853516e+00
9.960000000000000000e+03 2.867993593215942383e+00
9.962000000000000000e+03 2.673457622528076172e+00
9.964000000000000000e+03 2.293387889862060547e+00
9.966000000000000000e+03 2.085174322128295898e+00
9.968000000000000000e+03 1.897087931632995605e+00
9.970000000000000000e+03 2.001414299011230469e+00
9.972000000000000000e+03 1.589155793190002441e+00
9.974000000000000000e+03 1.973054051399230957e+00
9.976000000000000000e+03 2.031330823898315430e+00
9.978000000000000000e+03 2.060229539871215820e+00
9.980000000000000000e+03 2.066629171371459961e+00
9.982000000000000000e+03 2.248999595642089844e+00
9.984000000000000000e+03 2.230844259262084961e+00
9.986000000000000000e+03 2.251709222793579102e+00
9.988000000000000000e+03 7.232828140258789062e-01
9.990000000000000000e+03 2.390818119049072266e+00
9.992000000000000000e+03 7.575013637542724609e-01
9.994000000000000000e+03 8.672966957092285156e-01
9.996000000000000000e+03 6.724572777748107910e-01
9.998000000000000000e+03 5.962442755699157715e-01
1.000000000000000000e+04 2.506498336791992188e+00
