0.000000000000000000e+00 7.567990161268726534e-05
2.000000000000000000e+00 6.841893681907146297e-05
4.000000000000000000e+00 6.280027281044745890e-05
6.000000000000000000e+00 1.076599358567537665e-04
8.000000000000000000e+00 2.615948720125480290e-04
1.000000000000000000e+01 2.556892741922612059e-04
1.200000000000000000e+01 1.329032293475108429e-04
1.400000000000000000e+01 7.397376899563520023e-05
1.600000000000000000e+01 -1.746493341860053399e-04
1.800000000000000000e+01 1.149606559799601542e-04
2.000000000000000000e+01 -1.991932497089117667e-04
2.200000000000000000e+01 -1.080423702452455855e-03
2.400000000000000000e+01 -1.465624667462554634e-03
2.600000000000000000e+01 -3.599833346762457815e-04
2.800000000000000000e+01 -7.091177501116646166e-04
3.000000000000000000e+01 -6.321362565287247425e-04
3.200000000000000000e+01 -4.028313691467758973e-04
3.400000000000000000e+01 -7.773917361722427382e-04
3.600000000000000000e+01 -1.156526576835165306e-03
3.800000000000000000e+01 -8.803996597916266325e-04
4.000000000000000000e+01 -8.830536425477699455e-04
4.200000000000000000e+01 -8.874188587923199792e-04
4.400000000000000000e+01 -4.650754954490049714e-04
4.600000000000000000e+01 -5.804595360979998347e-04
4.800000000000000000e+01 -5.647655890732609322e-04
5.000000000000000000e+01 -2.945579913110578504e-04
5.200000000000000000e+01 -4.558830538571280390e-04
5.400000000000000000e+01 -3.978019315575071673e-04
5.600000000000000000e+01 -9.136318839260703945e-04
5.800000000000000000e+01 -4.953905490305318248e-04
6.000000000000000000e+01 -1.941818856185058880e-04
6.200000000000000000e+01 -2.159431896526458987e-04
6.400000000000000000e+01 -4.970759572170372221e-04
6.600000000000000000e+01 -1.553329647595285009e-04
6.800000000000000000e+01 -4.443080821380985981e-04
7.000000000000000000e+01 -4.724253795996303249e-04
7.200000000000000000e+01 -3.879765613700663176e-04
7.400000000000000000e+01 -8.362887256554600102e-04
7.600000000000000000e+01 -3.545899798282419152e-04
7.800000000000000000e+01 -6.480335133536273013e-04
8.000000000000000000e+01 -3.653893637708991804e-04
8.200000000000000000e+01 2.329977988627844143e-04
8.400000000000000000e+01 -2.947424186248754512e-04
8.600000000000000000e+01 -2.572299850789376780e-04
8.800000000000000000e+01 -9.165839419151760670e-04
9.000000000000000000e+01 -5.399962857807504620e-04
9.200000000000000000e+01 -6.040712085750677774e-04
9.400000000000000000e+01 -3.129517897843413937e-04
9.600000000000000000e+01 -2.187900083383067270e-04
9.800000000000000000e+01 -2.851741796227031224e-04
1.000000000000000000e+02 -5.481347737521799837e-04
1.020000000000000000e+02 -3.317756082608484011e-04
1.040000000000000000e+02 -4.130916958940307471e-04
1.060000000000000000e+02 -1.336703941354882783e-03
1.080000000000000000e+02 -1.281673993094367041e-03
1.100000000000000000e+02 -6.705941446861285807e-04
1.120000000000000000e+02 -1.951591729333318861e-04
1.140000000000000000e+02 -1.368722643665255378e-04
1.160000000000000000e+02 -9.704511214052218633e-05
1.180000000000000000e+02 1.344356664317388457e-06
1.200000000000000000e+02 -2.364764748031191548e-05
1.220000000000000000e+02 -2.961219816723039785e-05
1.240000000000000000e+02 -3.087600821044289447e-06
1.260000000000000000e+02 2.586162671965909826e-05
1.280000000000000000e+02 3.058731365623620761e-05
1.300000000000000000e+02 -7.386988868940507715e-06
1.320000000000000000e+02 6.572582215844454008e-05
1.340000000000000000e+02 2.976048263887567837e-07
1.360000000000000000e+02 5.184271930327065609e-05
1.380000000000000000e+02 2.127729397794683177e-04
1.400000000000000000e+02 -4.284774519034446482e-04
1.420000000000000000e+02 4.847739144624051339e-04
1.440000000000000000e+02 1.035753823569518506e-03
1.460000000000000000e+02 1.054983091791782080e-03
1.480000000000000000e+02 2.438417016102510833e-04
1.500000000000000000e+02 -5.234829401137126669e-05
1.520000000000000000e+02 7.308751688073416382e-05
1.540000000000000000e+02 2.989498770751652218e-04
1.560000000000000000e+02 8.576599340261519770e-04
1.580000000000000000e+02 -1.547028584331619971e-03
1.600000000000000000e+02 -4.950652799711664125e-04
1.620000000000000000e+02 -1.163433242455901153e-04
1.640000000000000000e+02 9.374812978839359881e-05
1.660000000000000000e+02 1.255842420335208658e-04
1.680000000000000000e+02 4.646039162914653069e-05
1.700000000000000000e+02 7.460418699803630062e-06
1.720000000000000000e+02 2.895856173752303381e-04
1.740000000000000000e+02 8.594623177282633417e-05
1.760000000000000000e+02 8.500813711960691162e-05
1.780000000000000000e+02 4.578233141386300705e-06
1.800000000000000000e+02 -2.904346805105077582e-04
1.820000000000000000e+02 -8.667413935134678791e-04
1.840000000000000000e+02 8.457185477044452970e-05
1.860000000000000000e+02 -1.231446448530069558e-04
1.880000000000000000e+02 1.543573428537314753e-04
1.900000000000000000e+02 6.404681940566787338e-05
1.920000000000000000e+02 4.769064073728921375e-05
1.940000000000000000e+02 1.747291538712819950e-04
1.960000000000000000e+02 8.035173610287769811e-05
1.980000000000000000e+02 2.313532184660475449e-05
2.000000000000000000e+02 1.200325467382458146e-04
2.020000000000000000e+02 5.252844261604107059e-05
2.040000000000000000e+02 -6.071053923645118616e-05
2.060000000000000000e+02 -3.266354636825106062e-04
2.080000000000000000e+02 -6.023685856740273727e-05
2.100000000000000000e+02 -1.380310937559817044e-04
2.120000000000000000e+02 1.093784477031548515e-05
2.140000000000000000e+02 4.667250401107828469e-05
2.160000000000000000e+02 4.915751193851683725e-05
2.180000000000000000e+02 1.227433094371722022e-04
2.200000000000000000e+02 8.705270399341101723e-05
2.220000000000000000e+02 6.834984140660052727e-05
2.240000000000000000e+02 9.273255317001419522e-05
2.260000000000000000e+02 -1.962827292956838888e-06
2.280000000000000000e+02 2.454130658931673639e-07
2.300000000000000000e+02 -2.800879504324924299e-05
2.320000000000000000e+02 -3.062685914913963379e-04
2.340000000000000000e+02 -7.956573654651766649e-05
2.360000000000000000e+02 4.410627840702086749e-05
2.380000000000000000e+02 7.075132296381927662e-05
2.400000000000000000e+02 6.030617954509420042e-06
2.420000000000000000e+02 3.579020756526644746e-04
2.440000000000000000e+02 3.315091526418894848e-04
2.460000000000000000e+02 3.443032365620411284e-04
2.480000000000000000e+02 2.414329839686786734e-04
2.500000000000000000e+02 6.428334382196688752e-04
2.520000000000000000e+02 4.741643211855776007e-04
2.540000000000000000e+02 3.206354977667754389e-04
2.560000000000000000e+02 7.336002218263314529e-06
2.580000000000000000e+02 -6.377481974328260219e-05
2.600000000000000000e+02 8.044209678405558265e-06
2.620000000000000000e+02 9.238874998006337404e-05
2.640000000000000000e+02 -6.255922578589491283e-05
2.660000000000000000e+02 -1.727870163355636570e-05
2.680000000000000000e+02 -3.831626734071390131e-05
2.700000000000000000e+02 -2.138124423115510993e-05
2.720000000000000000e+02 -5.335293962263284068e-05
2.740000000000000000e+02 3.898186415649513930e-05
2.760000000000000000e+02 2.866215370369205141e-05
2.780000000000000000e+02 8.232416849055621704e-05
2.800000000000000000e+02 -7.034119840477352293e-05
2.820000000000000000e+02 -3.946707097297311764e-05
2.840000000000000000e+02 3.273048273944475543e-06
2.860000000000000000e+02 -7.946856476780940845e-06
2.880000000000000000e+02 -1.795264511526243551e-05
2.900000000000000000e+02 -2.520061587332418412e-05
2.920000000000000000e+02 -4.591333647486951113e-05
2.940000000000000000e+02 -1.462959944937413836e-05
2.960000000000000000e+02 -6.883844928168308562e-05
2.980000000000000000e+02 -5.845543554794803117e-05
3.000000000000000000e+02 3.761994020069527994e-05
3.020000000000000000e+02 1.926111891862759755e-05
3.040000000000000000e+02 9.945682092789101151e-06
3.060000000000000000e+02 -1.646351004759866735e-05
3.080000000000000000e+02 -4.992906412594237712e-06
3.100000000000000000e+02 9.204802930009171446e-06
3.120000000000000000e+02 8.327301261005598149e-06
3.140000000000000000e+02 2.140669286400697353e-05
3.160000000000000000e+02 1.317866607935081056e-05
3.180000000000000000e+02 9.661051792003802502e-06
3.200000000000000000e+02 -1.991047783898440524e-06
3.220000000000000000e+02 -1.703130253195696498e-05
3.240000000000000000e+02 -3.329423913134969271e-06
3.260000000000000000e+02 -4.900105019546498451e-06
3.280000000000000000e+02 2.045111130459856778e-06
3.300000000000000000e+02 7.941021782860143639e-06
3.320000000000000000e+02 2.674493786837711440e-06
3.340000000000000000e+02 -1.654266884711349584e-05
3.360000000000000000e+02 -3.355936502862858216e-05
3.380000000000000000e+02 -7.064634260403249285e-05
3.400000000000000000e+02 -1.652309314338442671e-04
3.420000000000000000e+02 -1.575559346450720356e-04
3.440000000000000000e+02 -1.765300577738562477e-04
3.460000000000000000e+02 -3.127616938215988028e-04
3.480000000000000000e+02 -2.827850209372091304e-04
3.500000000000000000e+02 -3.228707741016178796e-04
3.520000000000000000e+02 -1.995505087123727623e-04
3.540000000000000000e+02 -2.617422840615495397e-04
3.560000000000000000e+02 -1.365164227594685106e-04
3.580000000000000000e+02 -1.686780736209993658e-04
3.600000000000000000e+02 -2.079281631470533134e-04
3.620000000000000000e+02 -1.508703876582057448e-04
3.640000000000000000e+02 -1.455189538664154584e-04
3.660000000000000000e+02 -1.949120164909785792e-04
3.680000000000000000e+02 -2.022934869731671768e-04
3.700000000000000000e+02 -1.869204439818050755e-04
3.720000000000000000e+02 -1.762470574174303565e-04
3.740000000000000000e+02 -1.325613227072046612e-04
3.760000000000000000e+02 -8.071616043406503100e-05
3.780000000000000000e+02 -2.497031783726574557e-04
3.800000000000000000e+02 -2.639015115458452133e-04
3.820000000000000000e+02 -4.054514441446337549e-04
3.840000000000000000e+02 -2.472201611570206520e-04
3.860000000000000000e+02 -4.457393996935826567e-04
3.880000000000000000e+02 -8.015969404300503625e-04
3.900000000000000000e+02 -1.615949140204503377e-03
3.920000000000000000e+02 -9.082954373319407793e-04
3.940000000000000000e+02 -5.724257842493654224e-04
3.960000000000000000e+02 -3.755027007204839672e-04
3.980000000000000000e+02 -3.487290523837624089e-04
4.000000000000000000e+02 -3.427043192594675944e-04
4.020000000000000000e+02 -3.093336199919080338e-04
4.040000000000000000e+02 -2.404203674941745282e-04
4.060000000000000000e+02 -3.803239829949688544e-04
4.080000000000000000e+02 -2.154796971100350904e-04
4.100000000000000000e+02 -1.060976488235520251e-04
4.120000000000000000e+02 -9.920950957402940775e-05
4.140000000000000000e+02 -1.347364369326006881e-04
4.160000000000000000e+02 -1.229974881940091593e-04
4.180000000000000000e+02 -3.856968255896949037e-04
4.200000000000000000e+02 -1.432945156912932439e-04
4.220000000000000000e+02 -9.338533446026062211e-05
4.240000000000000000e+02 -7.753719509268109137e-05
4.260000000000000000e+02 -9.901899210038824417e-05
4.280000000000000000e+02 -1.010667854924888131e-04
4.300000000000000000e+02 -7.091536674625275954e-05
4.320000000000000000e+02 -1.976086421320141392e-06
4.340000000000000000e+02 -5.506840296296309578e-05
4.360000000000000000e+02 2.438157567407388680e-05
4.380000000000000000e+02 2.178706754671984227e-04
4.400000000000000000e+02 1.518911415828325887e-04
4.420000000000000000e+02 4.758408621197548284e-05
4.440000000000000000e+02 8.841693728896406852e-05
4.460000000000000000e+02 2.209756816808737404e-04
4.480000000000000000e+02 1.128878531592850186e-04
4.500000000000000000e+02 3.559803984635694757e-05
4.520000000000000000e+02 -7.689011203998296761e-05
4.540000000000000000e+02 2.328743676933109997e-06
4.560000000000000000e+02 -7.331671030965844336e-06
4.580000000000000000e+02 4.118402132402330078e-05
4.600000000000000000e+02 3.787016362582909453e-05
4.620000000000000000e+02 9.272584314168704671e-05
4.640000000000000000e+02 1.403203170802745376e-04
4.660000000000000000e+02 5.366322263909908280e-05
4.680000000000000000e+02 4.666952199954146836e-05
4.700000000000000000e+02 -6.318834784157802934e-05
4.720000000000000000e+02 1.306631753448576037e-04
4.740000000000000000e+02 6.409526831697749812e-05
4.760000000000000000e+02 -1.656340228013212493e-04
4.780000000000000000e+02 -1.773665035073911176e-04
4.800000000000000000e+02 -6.677295644612629580e-05
4.820000000000000000e+02 -1.349242364735302082e-04
4.840000000000000000e+02 -1.208986281178782699e-05
4.860000000000000000e+02 -1.710332504049766073e-04
4.880000000000000000e+02 -1.108050884630497725e-04
4.900000000000000000e+02 -1.841259719385045224e-04
4.920000000000000000e+02 -1.697145552560986226e-04
4.940000000000000000e+02 -3.187036190880852544e-04
4.960000000000000000e+02 -2.731368635411044564e-05
4.980000000000000000e+02 -2.838975004935497036e-05
5.000000000000000000e+02 -1.464579541999024525e-04
5.020000000000000000e+02 -8.293242561022277665e-05
5.040000000000000000e+02 -5.361234831958099729e-05
5.060000000000000000e+02 2.228152738717062247e-05
5.080000000000000000e+02 -2.690136271737675311e-04
5.100000000000000000e+02 -5.554126594547247964e-04
5.120000000000000000e+02 5.375222166028107958e-04
5.140000000000000000e+02 2.104526231464422129e-04
5.160000000000000000e+02 3.651812614077475658e-04
5.180000000000000000e+02 -3.969575760763059354e-04
5.200000000000000000e+02 -6.904194498412257429e-04
5.220000000000000000e+02 -5.728449834284276470e-04
5.240000000000000000e+02 -5.534458387792688715e-04
5.260000000000000000e+02 -4.262131958305726714e-04
5.280000000000000000e+02 -5.570322541975468575e-04
5.300000000000000000e+02 -5.887816227212909004e-04
5.320000000000000000e+02 -5.365153881689708115e-04
5.340000000000000000e+02 -5.298641033180742643e-04
5.360000000000000000e+02 -6.143635565059431475e-04
5.380000000000000000e+02 -4.116961101482444446e-04
5.400000000000000000e+02 -4.037259510366201848e-04
5.420000000000000000e+02 -6.510021273820700873e-04
5.440000000000000000e+02 -2.663570627101585699e-04
5.460000000000000000e+02 -5.755010460759122553e-04
5.480000000000000000e+02 -3.643979510961958064e-04
5.500000000000000000e+02 -2.539778631672883077e-04
5.520000000000000000e+02 -4.759707594298953647e-04
5.540000000000000000e+02 -7.890929033446886839e-04
5.560000000000000000e+02 -1.955265222251039109e-04
5.580000000000000000e+02 -2.232465282784334461e-04
5.600000000000000000e+02 -1.713592512841055539e-04
5.620000000000000000e+02 -1.790214936303094451e-04
5.640000000000000000e+02 -1.353366251463952144e-04
5.660000000000000000e+02 -9.462881973699113932e-05
5.680000000000000000e+02 -1.565056779603211630e-04
5.700000000000000000e+02 4.826139119461803095e-05
5.720000000000000000e+02 7.100404581701577633e-05
5.740000000000000000e+02 2.116702760391570384e-05
5.760000000000000000e+02 1.972554009577490527e-05
5.780000000000000000e+02 5.504969944720916397e-05
5.800000000000000000e+02 5.390912682663616997e-05
5.820000000000000000e+02 -7.354634490495634794e-06
5.840000000000000000e+02 -9.398978735907619617e-05
5.860000000000000000e+02 -1.155283843827320333e-04
5.880000000000000000e+02 -2.063981196022406800e-04
5.900000000000000000e+02 -2.320506967312039833e-04
5.920000000000000000e+02 -2.571943159679573421e-04
5.940000000000000000e+02 -2.375833364139210585e-04
5.960000000000000000e+02 -2.135966969563738588e-04
5.980000000000000000e+02 -1.052123444141601368e-04
6.000000000000000000e+02 -7.298182405239463794e-05
6.020000000000000000e+02 1.130599067076055927e-04
6.040000000000000000e+02 1.806775914492632547e-04
6.060000000000000000e+02 3.156730988771119946e-04
6.080000000000000000e+02 1.862863900372276115e-04
6.100000000000000000e+02 3.777983208293446350e-04
6.120000000000000000e+02 6.013624455190365184e-04
6.140000000000000000e+02 6.359092190065332179e-04
6.160000000000000000e+02 4.998240488093470303e-04
6.180000000000000000e+02 5.101408386542805344e-04
6.200000000000000000e+02 3.238445508418507550e-04
6.220000000000000000e+02 4.677835800887223815e-04
6.240000000000000000e+02 5.910086929655016755e-04
6.260000000000000000e+02 4.112335271245300583e-04
6.280000000000000000e+02 2.229545798179687099e-04
6.300000000000000000e+02 8.837573266765170977e-04
6.320000000000000000e+02 1.083159731957317662e-03
6.340000000000000000e+02 6.677534258503364274e-04
6.360000000000000000e+02 5.753543975913378173e-04
6.380000000000000000e+02 3.798278142889153835e-04
6.400000000000000000e+02 4.153646137592521240e-04
6.420000000000000000e+02 1.445392235446476702e-04
6.440000000000000000e+02 2.561683883268203976e-05
6.460000000000000000e+02 6.230219217936816382e-05
6.480000000000000000e+02 1.224210922526795071e-04
6.500000000000000000e+02 1.266478057555712284e-04
6.520000000000000000e+02 1.655218221659402985e-04
6.540000000000000000e+02 5.110958350973097969e-05
6.560000000000000000e+02 3.919156382927180959e-05
6.580000000000000000e+02 1.541815184049848125e-05
6.600000000000000000e+02 4.647424803030543715e-05
6.620000000000000000e+02 4.798334249940855900e-05
6.640000000000000000e+02 2.578108485273869580e-05
6.660000000000000000e+02 8.698201918233672389e-05
6.680000000000000000e+02 8.716369425076266465e-05
6.700000000000000000e+02 4.943641036200714385e-05
6.720000000000000000e+02 4.937649554202201772e-05
6.740000000000000000e+02 1.647943785331911217e-05
6.760000000000000000e+02 4.434718579989941283e-05
6.780000000000000000e+02 2.317533039832271960e-04
6.800000000000000000e+02 1.112755407292805460e-04
6.820000000000000000e+02 3.158410850853675443e-04
6.840000000000000000e+02 1.717241789450649810e-04
6.860000000000000000e+02 1.391243442025487517e-04
6.880000000000000000e+02 1.022050300558421075e-04
6.900000000000000000e+02 -1.641652699733034355e-05
6.920000000000000000e+02 -7.229497832170231851e-05
6.940000000000000000e+02 4.975876095533381344e-05
6.960000000000000000e+02 -1.482504265147922601e-05
6.980000000000000000e+02 1.827485310602301735e-05
7.000000000000000000e+02 9.033183700249439944e-05
7.020000000000000000e+02 1.280411793215929914e-04
7.040000000000000000e+02 1.034363167841766124e-04
7.060000000000000000e+02 7.875209746744926676e-05
7.080000000000000000e+02 -3.209041926945324115e-05
7.100000000000000000e+02 -4.485758745232501817e-07
7.120000000000000000e+02 1.556252689955556968e-05
7.140000000000000000e+02 -2.803546339228444266e-05
7.160000000000000000e+02 1.025377489419668046e-04
7.180000000000000000e+02 2.372270146316803453e-04
7.200000000000000000e+02 7.211949463685031014e-05
7.220000000000000000e+02 -1.359889018275958834e-05
7.240000000000000000e+02 1.794731999486342904e-04
7.260000000000000000e+02 1.254629617001591635e-04
7.280000000000000000e+02 6.603142947130338780e-04
7.300000000000000000e+02 4.587055386773220477e-04
7.320000000000000000e+02 4.024525813686821740e-04
7.340000000000000000e+02 2.592129757524248065e-04
7.360000000000000000e+02 6.609082238197686086e-05
7.380000000000000000e+02 2.307865601353505059e-05
7.400000000000000000e+02 3.997904470381748214e-05
7.420000000000000000e+02 1.395586282383863292e-04
7.440000000000000000e+02 4.355772903506074424e-05
7.460000000000000000e+02 6.488884346814104121e-05
7.480000000000000000e+02 8.500552520924779676e-06
7.500000000000000000e+02 5.219397016365297243e-05
7.520000000000000000e+02 6.120883454076777729e-05
7.540000000000000000e+02 1.479045383561378797e-04
7.560000000000000000e+02 3.789931945998627352e-05
7.580000000000000000e+02 1.727367700237614364e-04
7.600000000000000000e+02 1.366541961656536771e-04
7.620000000000000000e+02 4.882296912064965706e-05
7.640000000000000000e+02 8.655988211235731637e-05
7.660000000000000000e+02 1.744130741802638656e-05
7.680000000000000000e+02 1.840863074960253252e-05
7.700000000000000000e+02 4.218867853441577126e-05
7.720000000000000000e+02 9.756093712548702737e-05
7.740000000000000000e+02 8.062938097447847605e-05
7.760000000000000000e+02 2.223431453406816646e-04
7.780000000000000000e+02 -5.326340553160768566e-05
7.800000000000000000e+02 4.165089400647844158e-05
7.820000000000000000e+02 8.473610761665706435e-05
7.840000000000000000e+02 1.379378977620476494e-04
7.860000000000000000e+02 2.559143743970987081e-04
7.880000000000000000e+02 2.479431819428118172e-04
7.900000000000000000e+02 2.215161018652286255e-04
7.920000000000000000e+02 3.083790395148212481e-05
7.940000000000000000e+02 9.068152077798492588e-05
7.960000000000000000e+02 1.466460094069708129e-04
7.980000000000000000e+02 6.815014334124509950e-05
8.000000000000000000e+02 4.141595641498481645e-05
8.020000000000000000e+02 5.689191363207838633e-05
8.040000000000000000e+02 6.599790969304865774e-05
8.060000000000000000e+02 7.917373120597402030e-05
8.080000000000000000e+02 9.667111323169785895e-05
8.100000000000000000e+02 8.174523916012365514e-05
8.120000000000000000e+02 1.067191050943882625e-04
8.140000000000000000e+02 1.463326570446305301e-04
8.160000000000000000e+02 1.025115544935819044e-04
8.180000000000000000e+02 8.111234355666849802e-05
8.200000000000000000e+02 6.417209353025285978e-05
8.220000000000000000e+02 1.870772103765759532e-04
8.240000000000000000e+02 2.618852137439372130e-04
8.260000000000000000e+02 5.596913250454402895e-04
8.280000000000000000e+02 1.809022077084063119e-04
8.300000000000000000e+02 2.103932513839409696e-04
8.320000000000000000e+02 4.277594415076562762e-04
8.340000000000000000e+02 3.489983618528230366e-04
8.360000000000000000e+02 6.151625335571407876e-04
8.380000000000000000e+02 1.412200927991123355e-03
8.400000000000000000e+02 7.206939684968116178e-04
8.420000000000000000e+02 7.939037720544921605e-04
8.440000000000000000e+02 1.992926010346599778e-03
8.460000000000000000e+02 9.148883256679082084e-04
8.480000000000000000e+02 4.707340233845770400e-04
8.500000000000000000e+02 4.112591267968140158e-04
8.520000000000000000e+02 3.038127187203854907e-04
8.540000000000000000e+02 1.653175051986976573e-04
8.560000000000000000e+02 4.334445456891144522e-04
8.580000000000000000e+02 2.235960011515305092e-04
8.600000000000000000e+02 1.823205216405403631e-04
8.620000000000000000e+02 2.301535256902531861e-04
8.640000000000000000e+02 3.159611150713816422e-04
8.660000000000000000e+02 2.671965862943165163e-04
8.680000000000000000e+02 2.022970861055248281e-04
8.700000000000000000e+02 1.400949403618038914e-04
8.720000000000000000e+02 1.406187020061703586e-04
8.740000000000000000e+02 2.002552979762842850e-04
8.760000000000000000e+02 1.887207369009934275e-04
8.780000000000000000e+02 2.082708516563460419e-04
8.800000000000000000e+02 2.052576240854012536e-04
8.820000000000000000e+02 2.650969111254924742e-04
8.840000000000000000e+02 2.453674650606200297e-04
8.860000000000000000e+02 2.648426253733340060e-04
8.880000000000000000e+02 2.666880275875867885e-04
8.900000000000000000e+02 2.958559582414086180e-04
8.920000000000000000e+02 3.193519981763882237e-04
8.940000000000000000e+02 3.038145725938281075e-04
8.960000000000000000e+02 2.566478200422758218e-04
8.980000000000000000e+02 2.060134618396210519e-04
9.000000000000000000e+02 7.059221426214614293e-05
9.020000000000000000e+02 4.723958028782857796e-05
9.040000000000000000e+02 -3.621225233476459951e-05
9.060000000000000000e+02 4.236468766711321075e-05
9.080000000000000000e+02 7.861476964456646545e-05
9.100000000000000000e+02 1.320204701003759441e-04
9.120000000000000000e+02 2.385393756290722297e-03
9.140000000000000000e+02 6.290190416673897833e-03
9.160000000000000000e+02 2.205867047628106998e-03
9.180000000000000000e+02 -2.840457568839469785e-04
9.200000000000000000e+02 5.923697813782708902e-05
9.220000000000000000e+02 -3.702644573884901241e-04
9.240000000000000000e+02 -3.658617166381831348e-04
9.260000000000000000e+02 -2.887925801376213281e-04
9.280000000000000000e+02 -4.173501159789243611e-04
9.300000000000000000e+02 -6.355725449834944687e-04
9.320000000000000000e+02 -1.327977919096401133e-03
9.340000000000000000e+02 -7.568476601586022080e-04
9.360000000000000000e+02 -8.608342348679301091e-04
9.380000000000000000e+02 -4.885188613338996722e-04
9.400000000000000000e+02 -5.397129535598587042e-04
9.420000000000000000e+02 -5.916453394258504002e-04
9.440000000000000000e+02 -5.481529698076878163e-04
9.460000000000000000e+02 -3.913541585291326454e-04
9.480000000000000000e+02 -9.935895539640001231e-04
9.500000000000000000e+02 -3.627345640374085491e-04
9.520000000000000000e+02 -2.077851711730098656e-04
9.540000000000000000e+02 -2.709008405408642041e-04
9.560000000000000000e+02 -3.324239360789520755e-04
9.580000000000000000e+02 -7.083549832243452721e-05
9.600000000000000000e+02 6.251039053817991631e-04
9.620000000000000000e+02 4.533886165808836705e-04
9.640000000000000000e+02 6.179722887582331974e-04
9.660000000000000000e+02 5.794506102092991228e-04
9.680000000000000000e+02 4.772003915491213034e-04
9.700000000000000000e+02 9.436212336586044655e-04
9.720000000000000000e+02 7.899977670236666598e-04
9.740000000000000000e+02 7.837827561420558815e-04
9.760000000000000000e+02 3.286811775426804198e-04
9.780000000000000000e+02 4.704512017261362148e-04
9.800000000000000000e+02 3.304417874891145022e-04
9.820000000000000000e+02 1.767209121002011416e-04
9.840000000000000000e+02 9.900112646092922193e-05
9.860000000000000000e+02 7.367608606619580026e-05
9.880000000000000000e+02 6.308429008972954867e-05
9.900000000000000000e+02 -3.336372859117933091e-05
9.920000000000000000e+02 6.801946460410909171e-05
9.940000000000000000e+02 7.581776359773007316e-04
9.960000000000000000e+02 -4.376962051788685186e-03
9.980000000000000000e+02 -5.590609078588816734e-03
1.000000000000000000e+03 -7.560707400081754896e-03
1.002000000000000000e+03 -4.093662875630576375e-03
1.004000000000000000e+03 -2.124378565763359022e-03
1.006000000000000000e+03 -1.343108801269026528e-04
1.008000000000000000e+03 2.377531005423414324e-03
1.010000000000000000e+03 -7.643143947780719821e-04
1.012000000000000000e+03 -1.258165253103192592e-03
1.014000000000000000e+03 -4.927231877600211050e-03
1.016000000000000000e+03 -3.019144973835161897e-03
1.018000000000000000e+03 -1.017863649714475073e-03
1.020000000000000000e+03 -1.478592520008659107e-03
1.022000000000000000e+03 -8.329564475874987400e-06
1.024000000000000000e+03 -2.435708476468532080e-04
1.026000000000000000e+03 -1.574691157513034108e-03
1.028000000000000000e+03 -1.486867541462222938e-03
1.030000000000000000e+03 -5.395195145020594690e-04
1.032000000000000000e+03 -2.567297995108434633e-04
1.034000000000000000e+03 -3.718045548262606656e-04
1.036000000000000000e+03 -2.583469837238384003e-04
1.038000000000000000e+03 -2.704079180306678842e-04
1.040000000000000000e+03 -2.537881397573486146e-04
1.042000000000000000e+03 -2.530626946497347850e-04
1.044000000000000000e+03 -2.552392804587482258e-04
1.046000000000000000e+03 -2.130976093033739595e-04
1.048000000000000000e+03 -1.951249774446719651e-04
1.050000000000000000e+03 -1.829932033120778407e-04
1.052000000000000000e+03 -2.759692877582222933e-04
1.054000000000000000e+03 -4.578753881169219048e-04
1.056000000000000000e+03 -3.719586942926557350e-04
1.058000000000000000e+03 -1.771729946417535261e-04
1.060000000000000000e+03 -8.371760598971668388e-05
1.062000000000000000e+03 2.929301399020001976e-04
1.064000000000000000e+03 -3.348063959854575514e-05
1.066000000000000000e+03 2.682245487528420004e-05
1.068000000000000000e+03 3.594548691014845369e-05
1.070000000000000000e+03 8.740066622076689154e-05
1.072000000000000000e+03 1.576792920697171860e-04
1.074000000000000000e+03 1.272853096789396761e-04
1.076000000000000000e+03 8.833559050621999915e-05
1.078000000000000000e+03 3.769058161097076966e-05
1.080000000000000000e+03 9.378657195290428131e-05
1.082000000000000000e+03 3.301166818681507370e-04
1.084000000000000000e+03 3.705589977250631022e-04
1.086000000000000000e+03 7.154985964248810942e-05
1.088000000000000000e+03 7.078428636275924342e-06
1.090000000000000000e+03 4.940235110396264112e-05
1.092000000000000000e+03 1.353969957994191969e-05
1.094000000000000000e+03 -2.298110772095919464e-06
1.096000000000000000e+03 -4.539018932960518143e-06
1.098000000000000000e+03 -5.097657148456584116e-05
1.100000000000000000e+03 -6.860300008415908652e-05
1.102000000000000000e+03 -4.517516750644759633e-05
1.104000000000000000e+03 2.274577396590172023e-05
1.106000000000000000e+03 -1.766677332543900754e-05
1.108000000000000000e+03 -4.451457676082884568e-06
1.110000000000000000e+03 2.227470423485733314e-05
1.112000000000000000e+03 4.516333047478740889e-05
1.114000000000000000e+03 7.053685704474017988e-05
1.116000000000000000e+03 9.335653938985261253e-05
1.118000000000000000e+03 3.518909982207381925e-06
1.120000000000000000e+03 5.461023003065467439e-05
1.122000000000000000e+03 3.610866898797068602e-05
1.124000000000000000e+03 -1.866292997459138587e-05
1.126000000000000000e+03 1.391819550581593695e-04
1.128000000000000000e+03 8.503007283280251017e-05
1.130000000000000000e+03 3.708909082432773071e-05
1.132000000000000000e+03 1.115915478896985040e-04
1.134000000000000000e+03 6.680353864325619579e-05
1.136000000000000000e+03 4.476575745509794453e-06
1.138000000000000000e+03 2.889458920466649009e-05
1.140000000000000000e+03 5.863208623105553010e-05
1.142000000000000000e+03 2.151623696230304972e-05
1.144000000000000000e+03 2.042963018585958825e-05
1.146000000000000000e+03 -9.654006574840270813e-06
1.148000000000000000e+03 -3.763618244613039121e-05
1.150000000000000000e+03 4.347137085137120250e-05
1.152000000000000000e+03 2.875765869415230865e-05
1.154000000000000000e+03 -4.965701964381855668e-06
1.156000000000000000e+03 -4.562065883629664903e-05
1.158000000000000000e+03 -1.172512913261405856e-04
1.160000000000000000e+03 -1.731796676851981491e-04
1.162000000000000000e+03 -2.228340067416574046e-04
1.164000000000000000e+03 -1.962607403872388984e-04
1.166000000000000000e+03 -2.036733904376075916e-04
1.168000000000000000e+03 -1.699715512403235590e-04
1.170000000000000000e+03 -2.518460099173724389e-04
1.172000000000000000e+03 -1.352509055572958510e-04
1.174000000000000000e+03 -1.393237599453821566e-04
1.176000000000000000e+03 -2.054795501307402268e-04
1.178000000000000000e+03 -1.624796352087939445e-04
1.180000000000000000e+03 -1.799414836397304003e-04
1.182000000000000000e+03 -1.218965138879020936e-04
1.184000000000000000e+03 -1.277044059294805359e-04
1.186000000000000000e+03 -7.876943965749560854e-05
1.188000000000000000e+03 -2.461798969023559555e-05
1.190000000000000000e+03 -5.220072499621180933e-05
1.192000000000000000e+03 -4.663666123350695313e-05
1.194000000000000000e+03 -5.416406147160361011e-05
1.196000000000000000e+03 -6.616226070175035658e-05
1.198000000000000000e+03 -6.846207541168787666e-05
1.200000000000000000e+03 2.308619146553526552e-05
1.202000000000000000e+03 -1.154535803782924297e-04
1.204000000000000000e+03 -1.212410941631142093e-05
1.206000000000000000e+03 1.027662423926714439e-04
1.208000000000000000e+03 6.793953058439066882e-04
1.210000000000000000e+03 1.505447175781559916e-03
1.212000000000000000e+03 1.370668508169058499e-03
1.214000000000000000e+03 1.047342372156433426e-03
1.216000000000000000e+03 7.583285782673984373e-04
1.218000000000000000e+03 3.235931118966805641e-04
1.220000000000000000e+03 4.158456898105800494e-04
1.222000000000000000e+03 2.262717153202056320e-04
1.224000000000000000e+03 1.131904278403984772e-04
1.226000000000000000e+03 9.793345821131945871e-05
1.228000000000000000e+03 9.479551745582392010e-05
1.230000000000000000e+03 1.451330037214970496e-04
1.232000000000000000e+03 6.968686726456977234e-04
1.234000000000000000e+03 9.965705589295857821e-04
1.236000000000000000e+03 8.497743995510109553e-04
1.238000000000000000e+03 3.785998069289238247e-04
1.240000000000000000e+03 6.683863617507641711e-05
1.242000000000000000e+03 4.954885070330421627e-04
1.244000000000000000e+03 6.867498794222910187e-04
1.246000000000000000e+03 5.213155674985088571e-04
1.248000000000000000e+03 7.121273069993059755e-05
1.250000000000000000e+03 7.230275738325488079e-05
1.252000000000000000e+03 1.666655214505689266e-04
1.254000000000000000e+03 2.287235923596383494e-04
1.256000000000000000e+03 6.109678412782754706e-04
1.258000000000000000e+03 1.153094065392734402e-04
1.260000000000000000e+03 -7.117174578689418199e-05
1.262000000000000000e+03 8.487617112907997385e-05
1.264000000000000000e+03 4.421093391972632863e-05
1.266000000000000000e+03 5.935892937416138623e-05
1.268000000000000000e+03 2.608873394286203334e-05
1.270000000000000000e+03 2.211286474368665507e-05
1.272000000000000000e+03 1.689995234466481404e-04
1.274000000000000000e+03 1.441864802007588274e-04
1.276000000000000000e+03 4.831557578823286226e-05
1.278000000000000000e+03 -1.263964786571621654e-04
1.280000000000000000e+03 5.749545138233650793e-05
1.282000000000000000e+03 9.644620460418236972e-05
1.284000000000000000e+03 1.383388001683988279e-04
1.286000000000000000e+03 8.152464549347585054e-05
1.288000000000000000e+03 5.530407362873126310e-05
1.290000000000000000e+03 7.023013932831790912e-05
1.292000000000000000e+03 1.057851440936324433e-04
1.294000000000000000e+03 1.167411906143489434e-04
1.296000000000000000e+03 1.296567212365555793e-04
1.298000000000000000e+03 9.893074690884895482e-05
1.300000000000000000e+03 -1.317502108345300414e-04
1.302000000000000000e+03 -1.005784288788237970e-04
1.304000000000000000e+03 1.581517657373711458e-04
1.306000000000000000e+03 5.551370901302765275e-05
1.308000000000000000e+03 -3.357298015607064918e-05
1.310000000000000000e+03 1.669172661271020936e-05
1.312000000000000000e+03 6.427858037015145667e-05
1.314000000000000000e+03 6.226415866347790337e-05
1.316000000000000000e+03 2.772902648643755998e-05
1.318000000000000000e+03 -2.356764304579457076e-05
1.320000000000000000e+03 6.191530633396593090e-05
1.322000000000000000e+03 7.217396270034611913e-05
1.324000000000000000e+03 1.427764032009170067e-05
1.326000000000000000e+03 3.094692493572535967e-05
1.328000000000000000e+03 -1.332717973559465602e-05
1.330000000000000000e+03 3.582385658417939885e-07
1.332000000000000000e+03 -6.831788798043872185e-05
1.334000000000000000e+03 8.133940924979674546e-05
1.336000000000000000e+03 9.264977179580723642e-05
1.338000000000000000e+03 1.533769469502931798e-05
1.340000000000000000e+03 -1.485217591622585896e-05
1.342000000000000000e+03 8.223606170342248176e-07
1.344000000000000000e+03 -7.301126999863334590e-06
1.346000000000000000e+03 2.680823184113349835e-05
1.348000000000000000e+03 5.524898016868183862e-05
1.350000000000000000e+03 8.426449164336334118e-05
1.352000000000000000e+03 1.515790736023782815e-04
1.354000000000000000e+03 8.808569109968360570e-05
1.356000000000000000e+03 1.528345624517029905e-04
1.358000000000000000e+03 1.003718417965077629e-04
1.360000000000000000e+03 8.696449002828855236e-05
1.362000000000000000e+03 1.493250208406209339e-04
1.364000000000000000e+03 1.174989334695569743e-04
1.366000000000000000e+03 3.317695126863964708e-05
1.368000000000000000e+03 3.743659436616826743e-05
1.370000000000000000e+03 3.262994068723623815e-05
1.372000000000000000e+03 8.613420298122292039e-05
1.374000000000000000e+03 2.313115392509089766e-04
1.376000000000000000e+03 1.163506431387476573e-04
1.378000000000000000e+03 5.805097853858890496e-05
1.380000000000000000e+03 1.452510589824775348e-04
1.382000000000000000e+03 1.757369055197554914e-04
1.384000000000000000e+03 7.754442533932249387e-05
1.386000000000000000e+03 7.200210358907645051e-05
1.388000000000000000e+03 1.616602920451334858e-04
1.390000000000000000e+03 5.525741149277653419e-04
1.392000000000000000e+03 5.856405246066946841e-04
1.394000000000000000e+03 6.857719447177588329e-04
1.396000000000000000e+03 7.533542016412515720e-04
1.398000000000000000e+03 6.912917867267431241e-04
1.400000000000000000e+03 3.945950276086379496e-04
1.402000000000000000e+03 6.185672947453578832e-04
1.404000000000000000e+03 3.778763730821546054e-04
1.406000000000000000e+03 4.589806842453441954e-04
1.408000000000000000e+03 1.564779448388123589e-03
1.410000000000000000e+03 1.438988048848438952e-03
1.412000000000000000e+03 7.765238826637913330e-04
1.414000000000000000e+03 1.830395226367275091e-04
1.416000000000000000e+03 1.625872778736576574e-04
1.418000000000000000e+03 -8.122567743644981393e-05
1.420000000000000000e+03 1.510299146913591638e-03
1.422000000000000000e+03 6.490948090484607511e-03
1.424000000000000000e+03 -2.168166407444695187e-04
1.426000000000000000e+03 2.603489444977582189e-03
1.428000000000000000e+03 5.415441597556538977e-03
1.430000000000000000e+03 5.188824134224528234e-02
1.432000000000000000e+03 1.164465088702985457e-01
1.434000000000000000e+03 -1.994124664264013483e-02
1.436000000000000000e+03 -3.256858088257080525e-03
1.438000000000000000e+03 -5.193257663492212295e-03
1.440000000000000000e+03 3.373715105752168094e-03
1.442000000000000000e+03 6.353606030629716135e-03
1.444000000000000000e+03 -1.617760511821000544e-02
1.446000000000000000e+03 -5.990701812201559015e-04
1.448000000000000000e+03 1.383230211200383837e-03
1.450000000000000000e+03 -1.005649669545847754e-03
1.452000000000000000e+03 8.004210894977008620e-03
1.454000000000000000e+03 8.455086839362494985e-03
1.456000000000000000e+03 4.300708386314116422e-03
1.458000000000000000e+03 1.899573729529591137e-03
1.460000000000000000e+03 7.889857774235359972e-04
1.462000000000000000e+03 3.571415707561699212e-04
1.464000000000000000e+03 1.187168737365125774e-04
1.466000000000000000e+03 -1.176415569526805156e-03
1.468000000000000000e+03 -3.866928718537273029e-03
1.470000000000000000e+03 -5.697769139740002653e-03
1.472000000000000000e+03 -5.158694334891826636e-04
1.474000000000000000e+03 -3.893495577334181402e-04
1.476000000000000000e+03 -9.457260299395571588e-04
1.478000000000000000e+03 -5.165253877836377665e-04
1.480000000000000000e+03 -4.710531316443553876e-04
1.482000000000000000e+03 -2.574171896643572639e-04
1.484000000000000000e+03 -2.622054211840042868e-04
1.486000000000000000e+03 -1.347377834974503572e-04
1.488000000000000000e+03 -2.107713649171431120e-04
1.490000000000000000e+03 -2.142349257224066038e-04
1.492000000000000000e+03 -1.580902638218662892e-04
1.494000000000000000e+03 -3.359072146312385034e-05
1.496000000000000000e+03 1.396456805349386321e-04
1.498000000000000000e+03 -3.992041902138586428e-05
1.500000000000000000e+03 -5.036895192052228234e-05
1.502000000000000000e+03 1.580299154766720709e-05
1.504000000000000000e+03 -1.220739383179035142e-04
1.506000000000000000e+03 -1.544987442126593094e-04
1.508000000000000000e+03 -1.592286233493559930e-04
1.510000000000000000e+03 4.344296807751898802e-05
1.512000000000000000e+03 1.923189269755747952e-05
1.514000000000000000e+03 -1.435829679132533194e-05
1.516000000000000000e+03 1.195885829585414123e-05
1.518000000000000000e+03 -1.390379446283889148e-04
1.520000000000000000e+03 -1.294611354716776713e-04
1.522000000000000000e+03 -4.850974442891061095e-05
1.524000000000000000e+03 -7.798296867476923544e-05
1.526000000000000000e+03 -9.475821448235414871e-06
1.528000000000000000e+03 -9.302371077778482148e-05
1.530000000000000000e+03 -1.900928015138989209e-04
1.532000000000000000e+03 -5.182217801815230344e-04
1.534000000000000000e+03 -4.475300238239474462e-04
1.536000000000000000e+03 -8.125819895659321720e-04
1.538000000000000000e+03 -7.508926226973815796e-04
1.540000000000000000e+03 -3.806400250340891286e-04
1.542000000000000000e+03 -3.132393824595197163e-04
1.544000000000000000e+03 -1.331693618852595638e-04
1.546000000000000000e+03 2.549267699880470011e-04
1.548000000000000000e+03 -3.050879926734618915e-05
1.550000000000000000e+03 -2.098734110364211417e-04
1.552000000000000000e+03 -2.832238335786124760e-04
1.554000000000000000e+03 -2.743410238052070406e-04
1.556000000000000000e+03 -3.965478229222124933e-04
1.558000000000000000e+03 -3.620901985895534094e-04
1.560000000000000000e+03 -4.332615056568752017e-04
1.562000000000000000e+03 -6.654138530645211562e-04
1.564000000000000000e+03 -9.713738153120179703e-04
1.566000000000000000e+03 -1.041236704158380114e-03
1.568000000000000000e+03 4.840217274575120410e-04
1.570000000000000000e+03 6.371102886410448529e-04
1.572000000000000000e+03 3.133973987712328994e-03
1.574000000000000000e+03 1.957724360034037835e-03
1.576000000000000000e+03 1.152112672715204563e-03
1.578000000000000000e+03 1.290699602547037842e-03
1.580000000000000000e+03 5.830153334871228865e-04
1.582000000000000000e+03 2.833315163847817245e-04
1.584000000000000000e+03 4.165303187412503784e-04
1.586000000000000000e+03 5.813574295794235848e-04
1.588000000000000000e+03 9.797894530231086169e-04
1.590000000000000000e+03 8.243821940910139000e-04
1.592000000000000000e+03 -1.115504533452131092e-04
1.594000000000000000e+03 -1.601309547747529116e-04
1.596000000000000000e+03 -3.175978750381969461e-05
1.598000000000000000e+03 -3.908547697499856980e-04
1.600000000000000000e+03 -2.789494401171733191e-05
1.602000000000000000e+03 -3.380513857267080811e-04
1.604000000000000000e+03 4.462852257046332470e-04
1.606000000000000000e+03 1.306247762292349866e-03
1.608000000000000000e+03 -1.357237950642905828e-03
1.610000000000000000e+03 -7.028741333041783846e-04
1.612000000000000000e+03 -1.405972127881467042e-03
1.614000000000000000e+03 -4.469973816795120604e-03
1.616000000000000000e+03 -1.589344496423147077e-03
1.618000000000000000e+03 -5.478149062761150092e-04
1.620000000000000000e+03 -5.942664638071829594e-04
1.622000000000000000e+03 -4.269470523653480097e-04
1.624000000000000000e+03 -1.703936039082500878e-04
1.626000000000000000e+03 -1.939452897603945799e-04
1.628000000000000000e+03 -6.064111288769629261e-05
1.630000000000000000e+03 -3.646727675366382717e-04
1.632000000000000000e+03 3.694829242263997552e-04
1.634000000000000000e+03 1.440816548249837384e-03
1.636000000000000000e+03 2.546170024909656096e-04
1.638000000000000000e+03 9.819397176018057009e-04
1.640000000000000000e+03 8.273073146631856976e-04
1.642000000000000000e+03 7.791318032753793369e-04
1.644000000000000000e+03 6.353584151536864231e-04
1.646000000000000000e+03 7.572035988066906686e-04
1.648000000000000000e+03 1.172028204537958057e-03
1.650000000000000000e+03 1.704274641614627077e-03
1.652000000000000000e+03 1.102594054790170374e-03
1.654000000000000000e+03 1.700558431254443198e-03
1.656000000000000000e+03 1.146638300884301586e-03
1.658000000000000000e+03 2.886873766447441841e-03
1.660000000000000000e+03 2.174169015531609520e-03
1.662000000000000000e+03 3.149865399096074287e-03
1.664000000000000000e+03 2.015132387122132735e-03
1.666000000000000000e+03 2.631399862222287035e-03
1.668000000000000000e+03 2.032796415267861239e-03
1.670000000000000000e+03 1.044225851061219516e-03
1.672000000000000000e+03 1.449042328361704142e-03
1.674000000000000000e+03 1.201753975151375079e-03
1.676000000000000000e+03 2.384630151856162623e-03
1.678000000000000000e+03 1.289772635469464603e-03
1.680000000000000000e+03 4.867984943806769505e-04
1.682000000000000000e+03 3.419964788746030675e-04
1.684000000000000000e+03 5.436433711091399586e-04
1.686000000000000000e+03 4.006078975243555448e-04
1.688000000000000000e+03 8.010546270761922331e-04
1.690000000000000000e+03 1.615973788203022531e-03
1.692000000000000000e+03 7.767539085533437058e-04
1.694000000000000000e+03 5.576078913961305230e-05
1.696000000000000000e+03 -1.830636307823692278e-04
1.698000000000000000e+03 -3.804288763313040829e-05
1.700000000000000000e+03 -4.596592351533707727e-05
1.702000000000000000e+03 -5.683103371784478533e-05
1.704000000000000000e+03 -5.580085112887819978e-05
1.706000000000000000e+03 -1.761203555187343666e-04
1.708000000000000000e+03 -9.973263336019354221e-05
1.710000000000000000e+03 -8.932080589628017537e-05
1.712000000000000000e+03 -1.765279242405355306e-04
1.714000000000000000e+03 -1.167224905852255854e-04
1.716000000000000000e+03 -1.410393889907830551e-04
1.718000000000000000e+03 -1.423519407431432765e-04
1.720000000000000000e+03 -1.388807163929919647e-04
1.722000000000000000e+03 -1.293838224317812651e-04
1.724000000000000000e+03 -1.403426341415931920e-04
1.726000000000000000e+03 -1.136078294911791251e-04
1.728000000000000000e+03 -8.282134994087797725e-05
1.730000000000000000e+03 -1.024543690571868074e-04
1.732000000000000000e+03 -1.647610849238727608e-04
1.734000000000000000e+03 -1.393643468335944806e-04
1.736000000000000000e+03 -2.297523679901027234e-04
1.738000000000000000e+03 -2.090358566367676993e-04
1.740000000000000000e+03 -2.326324336113143668e-04
1.742000000000000000e+03 -2.195624833587678292e-04
1.744000000000000000e+03 -1.583250909865970945e-04
1.746000000000000000e+03 -1.676537962135645106e-04
1.748000000000000000e+03 -6.387790653121874253e-05
1.750000000000000000e+03 2.010352677499849326e-05
1.752000000000000000e+03 1.071722776858874101e-04
1.754000000000000000e+03 1.205885174571270246e-04
1.756000000000000000e+03 -3.540749171362858735e-04
1.758000000000000000e+03 -1.678998110229047312e-04
1.760000000000000000e+03 -4.750045248486599835e-04
1.762000000000000000e+03 2.377951536160313902e-04
1.764000000000000000e+03 1.513375223458993135e-04
1.766000000000000000e+03 1.017451279770800060e-04
1.768000000000000000e+03 6.653591660032961215e-05
1.770000000000000000e+03 2.032075348397347574e-05
1.772000000000000000e+03 4.754120161057264339e-04
1.774000000000000000e+03 -3.903176644250468385e-05
1.776000000000000000e+03 1.681163345379485486e-03
1.778000000000000000e+03 1.533869535519584828e-03
1.780000000000000000e+03 2.541120149142307889e-03
1.782000000000000000e+03 2.913020171583517899e-04
1.784000000000000000e+03 5.404818034350194599e-04
1.786000000000000000e+03 1.977210674642999096e-03
1.788000000000000000e+03 1.866447873666279107e-03
1.790000000000000000e+03 2.355975356886192210e-03
1.792000000000000000e+03 7.044787601726003497e-04
1.794000000000000000e+03 3.082953802007806234e-04
1.796000000000000000e+03 5.398745613907884313e-04
1.798000000000000000e+03 2.139355149511149837e-04
1.800000000000000000e+03 2.533098119660292537e-04
1.802000000000000000e+03 1.232658712157081165e-04
1.804000000000000000e+03 -8.124262732984840671e-05
1.806000000000000000e+03 -2.352699162216777913e-05
1.808000000000000000e+03 -1.978938862091758784e-04
1.810000000000000000e+03 -9.526383914382553807e-05
1.812000000000000000e+03 -6.566534640116852113e-05
1.814000000000000000e+03 -4.163922110437008871e-05
1.816000000000000000e+03 -9.439717289258976881e-05
1.818000000000000000e+03 -2.079428967032690063e-04
1.820000000000000000e+03 -1.731935477927575863e-04
1.822000000000000000e+03 -2.778499171496522199e-04
1.824000000000000000e+03 -2.266178867953000094e-04
1.826000000000000000e+03 -2.069740735267821435e-04
1.828000000000000000e+03 -9.858579230872000789e-05
1.830000000000000000e+03 -1.369956229767758504e-04
1.832000000000000000e+03 1.062111348221985205e-04
1.834000000000000000e+03 5.520378639044409586e-05
1.836000000000000000e+03 3.368715846949590556e-05
1.838000000000000000e+03 -7.778521230628548206e-05
1.840000000000000000e+03 -3.041927157522890390e-04
1.842000000000000000e+03 -3.027198112672388388e-04
1.844000000000000000e+03 -3.254711422613517074e-04
1.846000000000000000e+03 -2.929483581124258502e-04
1.848000000000000000e+03 -1.857017313281608207e-04
1.850000000000000000e+03 -1.826748145544817192e-04
1.852000000000000000e+03 -1.141158197119011679e-04
1.854000000000000000e+03 -1.966605701512767540e-04
1.856000000000000000e+03 -1.653764073261643989e-04
1.858000000000000000e+03 -9.093186788949749290e-05
1.860000000000000000e+03 -1.720703053612249915e-04
1.862000000000000000e+03 -7.498122791415688649e-05
1.864000000000000000e+03 7.493983793460984687e-06
1.866000000000000000e+03 6.483100026794960445e-06
1.868000000000000000e+03 1.189151253171552217e-04
1.870000000000000000e+03 2.084454774591388226e-04
1.872000000000000000e+03 2.719811815627084140e-04
1.874000000000000000e+03 9.029394532479774081e-05
1.876000000000000000e+03 1.538106852859538168e-04
1.878000000000000000e+03 1.639041499838440918e-04
1.880000000000000000e+03 1.460630179756905033e-04
1.882000000000000000e+03 5.242089331863139821e-05
1.884000000000000000e+03 3.046783036022794919e-05
1.886000000000000000e+03 5.071309748544342423e-05
1.888000000000000000e+03 -2.877614129484320325e-05
1.890000000000000000e+03 -6.804484663321691703e-05
1.892000000000000000e+03 -2.344728774608617020e-04
1.894000000000000000e+03 -1.557077826671008801e-04
1.896000000000000000e+03 -2.129696697328971517e-04
1.898000000000000000e+03 -2.330531986493914441e-04
1.900000000000000000e+03 -2.780134356187462848e-04
1.902000000000000000e+03 -1.136214061609172382e-04
1.904000000000000000e+03 2.107390134285505785e-04
1.906000000000000000e+03 5.089997244816555451e-04
1.908000000000000000e+03 1.430082262064976111e-03
1.910000000000000000e+03 9.511433092894742373e-04
1.912000000000000000e+03 -3.806765855009022499e-04
1.914000000000000000e+03 -3.035205255521609751e-04
1.916000000000000000e+03 -3.648812220432946177e-04
1.918000000000000000e+03 -1.538229888678552411e-04
1.920000000000000000e+03 4.814069440278573016e-05
1.922000000000000000e+03 -1.147886241713894594e-04
1.924000000000000000e+03 3.415190164392418754e-05
1.926000000000000000e+03 -3.698681311824442240e-05
1.928000000000000000e+03 -1.560713240129300698e-04
1.930000000000000000e+03 2.245519706155750539e-04
1.932000000000000000e+03 3.614219455380104180e-04
1.934000000000000000e+03 3.914807470957040259e-04
1.936000000000000000e+03 5.023564384303130228e-04
1.938000000000000000e+03 4.061250023275638334e-04
1.940000000000000000e+03 3.754081902400257533e-04
1.942000000000000000e+03 4.029427006691514886e-04
1.944000000000000000e+03 3.126662843897119932e-04
1.946000000000000000e+03 4.525964968249565428e-04
1.948000000000000000e+03 7.391746613482544749e-04
1.950000000000000000e+03 7.430636946052228105e-04
1.952000000000000000e+03 1.992486521913541808e-03
1.954000000000000000e+03 7.343851744344812331e-04
1.956000000000000000e+03 7.521047795233127284e-04
1.958000000000000000e+03 8.221269953483603286e-04
1.960000000000000000e+03 1.784946940714669935e-03
1.962000000000000000e+03 5.803860045085763560e-04
1.964000000000000000e+03 2.706934198577311203e-04
1.966000000000000000e+03 2.338718058371752249e-04
1.968000000000000000e+03 3.388696927675144670e-04
1.970000000000000000e+03 2.730283248835828477e-04
1.972000000000000000e+03 1.231206651632722054e-03
1.974000000000000000e+03 6.595709065092109601e-04
1.976000000000000000e+03 4.710671474277015923e-04
1.978000000000000000e+03 1.462509568005239868e-04
1.980000000000000000e+03 1.868344266987761191e-05
1.982000000000000000e+03 1.631484988522344948e-05
1.984000000000000000e+03 8.688436786203146216e-05
1.986000000000000000e+03 2.261496877693566093e-04
1.988000000000000000e+03 2.551817723508028831e-04
1.990000000000000000e+03 4.121187518750867680e-04
1.992000000000000000e+03 4.917653885128999303e-04
1.994000000000000000e+03 8.068281043632437354e-04
1.996000000000000000e+03 1.159643007038786136e-03
1.998000000000000000e+03 5.029310567134729747e-04
2.000000000000000000e+03 8.605661640454024793e-04
2.002000000000000000e+03 8.252985346584603256e-04
2.004000000000000000e+03 6.040930630611878816e-04
2.006000000000000000e+03 7.168148166466563028e-04
2.008000000000000000e+03 2.530177779551372446e-03
2.010000000000000000e+03 1.083338598902112678e-03
2.012000000000000000e+03 8.140415223807716087e-04
2.014000000000000000e+03 6.934047054144829069e-04
2.016000000000000000e+03 1.307759436681033699e-04
2.018000000000000000e+03 2.410453970741968061e-05
2.020000000000000000e+03 3.216046627423426059e-05
2.022000000000000000e+03 3.423744838719577861e-05
2.024000000000000000e+03 -8.053409195984811422e-05
2.026000000000000000e+03 -1.284953720957004249e-04
2.028000000000000000e+03 -1.785071420859599719e-04
2.030000000000000000e+03 -1.596211969331659097e-04
2.032000000000000000e+03 -1.762022444688061517e-04
2.034000000000000000e+03 -9.267750445953885962e-05
2.036000000000000000e+03 -8.716661654295415379e-05
2.038000000000000000e+03 -1.370757803245507551e-04
2.040000000000000000e+03 -1.188068568917341239e-04
2.042000000000000000e+03 -1.297828520222954073e-04
2.044000000000000000e+03 -1.644997772092972169e-04
2.046000000000000000e+03 -1.548248582383800697e-04
2.048000000000000000e+03 -1.412352282392347481e-04
2.050000000000000000e+03 -1.223493259353434972e-04
2.052000000000000000e+03 -1.307428405247882145e-04
2.054000000000000000e+03 -1.334197326564309576e-04
2.056000000000000000e+03 -1.188285571073866389e-04
2.058000000000000000e+03 -9.196939191305627485e-05
2.060000000000000000e+03 -4.929422856269687162e-05
2.062000000000000000e+03 -9.549951735158557773e-05
2.064000000000000000e+03 -9.490370674030254767e-05
2.066000000000000000e+03 -1.150418978355554668e-04
2.068000000000000000e+03 -2.187124258179982148e-04
2.070000000000000000e+03 -1.437802419888500286e-04
2.072000000000000000e+03 -1.633576174143571769e-04
2.074000000000000000e+03 -1.546447764340914781e-04
2.076000000000000000e+03 -1.899980179278275229e-04
2.078000000000000000e+03 -2.938587456286338457e-04
2.080000000000000000e+03 -1.606499721637256193e-04
2.082000000000000000e+03 -5.799357118318910015e-06
2.084000000000000000e+03 -6.309874648376889380e-05
2.086000000000000000e+03 -5.200213691414210714e-05
2.088000000000000000e+03 -1.400500521167828801e-05
2.090000000000000000e+03 -1.348363253459646275e-04
2.092000000000000000e+03 -6.148084413519634120e-05
2.094000000000000000e+03 2.118712229637305318e-05
2.096000000000000000e+03 -1.812975388555756887e-04
2.098000000000000000e+03 -2.662898410751809758e-04
2.100000000000000000e+03 -2.583133837880827806e-04
2.102000000000000000e+03 -5.528297832302163763e-04
2.104000000000000000e+03 -2.663119153144369615e-04
2.106000000000000000e+03 -2.047495444904393091e-04
2.108000000000000000e+03 -3.361602739266076408e-04
2.110000000000000000e+03 -9.171306547802379468e-05
2.112000000000000000e+03 -2.667217472130375749e-04
2.114000000000000000e+03 -5.676871835342044235e-04
2.116000000000000000e+03 -2.308966756124732132e-04
2.118000000000000000e+03 -2.523509198818182681e-04
2.120000000000000000e+03 -3.673667285877389070e-04
2.122000000000000000e+03 -5.789903848139040876e-04
2.124000000000000000e+03 -2.971304119149821544e-04
2.126000000000000000e+03 -4.047512732271935841e-05
2.128000000000000000e+03 1.148816345913983641e-04
2.130000000000000000e+03 1.125754978420016850e-04
2.132000000000000000e+03 4.538819414494535247e-05
2.134000000000000000e+03 -3.112032221439378155e-04
2.136000000000000000e+03 -2.824635934205795441e-04
2.138000000000000000e+03 -5.604956698746815964e-04
2.140000000000000000e+03 -4.888284623382861075e-04
2.142000000000000000e+03 -4.912381544056143405e-04
2.144000000000000000e+03 -4.369001981600968872e-04
2.146000000000000000e+03 -8.883646374853329617e-04
2.148000000000000000e+03 -4.868724707000203662e-04
2.150000000000000000e+03 -2.890241953128476309e-04
2.152000000000000000e+03 -2.744834001090796106e-04
2.154000000000000000e+03 -1.377445214256485366e-04
2.156000000000000000e+03 -1.423641682883324553e-04
2.158000000000000000e+03 -1.489749711875575262e-04
2.160000000000000000e+03 -2.235912984618345463e-04
2.162000000000000000e+03 -2.018556233519655020e-04
2.164000000000000000e+03 -2.181513668781142657e-04
2.166000000000000000e+03 -6.743788414405328376e-05
2.168000000000000000e+03 -1.406795310975873488e-04
2.170000000000000000e+03 -7.343272667151808162e-05
2.172000000000000000e+03 -1.617888008398678126e-04
2.174000000000000000e+03 -1.693978271124250501e-04
2.176000000000000000e+03 -1.212921531922580496e-04
2.178000000000000000e+03 -1.703096333511274830e-04
2.180000000000000000e+03 -1.773276756793669678e-04
2.182000000000000000e+03 -1.538383744388762265e-04
2.184000000000000000e+03 -3.018959955424625361e-04
2.186000000000000000e+03 -2.642086455093864915e-04
2.188000000000000000e+03 -2.939457050735549254e-04
2.190000000000000000e+03 -3.201844902399988198e-04
2.192000000000000000e+03 -3.103223915574746233e-04
2.194000000000000000e+03 -2.166793692059141630e-04
2.196000000000000000e+03 -2.106942250226574210e-04
2.198000000000000000e+03 -2.532810720718139063e-04
2.200000000000000000e+03 -1.121795025736684975e-04
2.202000000000000000e+03 -1.015980131447489869e-04
2.204000000000000000e+03 -1.010611129236654816e-04
2.206000000000000000e+03 -1.216316870247390210e-04
2.208000000000000000e+03 -6.811028561727772320e-05
2.210000000000000000e+03 1.959708812081801789e-05
2.212000000000000000e+03 -2.468198159754494226e-05
2.214000000000000000e+03 -1.161028988822253609e-04
2.216000000000000000e+03 -6.134945495869296239e-06
2.218000000000000000e+03 -3.655640379007163773e-05
2.220000000000000000e+03 -5.128980934528918224e-05
2.222000000000000000e+03 -7.510104661625829621e-05
2.224000000000000000e+03 5.311433135628833475e-05
2.226000000000000000e+03 2.499274366820380716e-05
2.228000000000000000e+03 -4.195221105927616324e-05
2.230000000000000000e+03 -2.772585626427496522e-05
2.232000000000000000e+03 -1.455071856125369417e-05
2.234000000000000000e+03 -1.002710896474585267e-04
2.236000000000000000e+03 -2.320829762900639202e-04
2.238000000000000000e+03 -2.998259401153644996e-04
2.240000000000000000e+03 -2.413485921247507686e-04
2.242000000000000000e+03 -2.043580638495985115e-04
2.244000000000000000e+03 -2.141578105777713567e-04
2.246000000000000000e+03 -2.206402814792192749e-04
2.248000000000000000e+03 -2.636913337959106507e-04
2.250000000000000000e+03 -2.684047762671790366e-04
2.252000000000000000e+03 -2.987030555881233407e-04
2.254000000000000000e+03 -2.129610862634075596e-04
2.256000000000000000e+03 -1.824440415598527307e-04
2.258000000000000000e+03 -2.262756455735823148e-04
2.260000000000000000e+03 -2.522449222030181525e-04
2.262000000000000000e+03 -2.164002693809100768e-04
2.264000000000000000e+03 2.944914479702496503e-05
2.266000000000000000e+03 4.159949346303218006e-04
2.268000000000000000e+03 1.533757671790788511e-05
2.270000000000000000e+03 2.566548127826683034e-04
2.272000000000000000e+03 3.340719776654094250e-04
2.274000000000000000e+03 2.433974149332894564e-04
2.276000000000000000e+03 4.230614628368554103e-05
2.278000000000000000e+03 -1.419154351637705066e-06
2.280000000000000000e+03 6.655754247926687697e-05
2.282000000000000000e+03 -1.512894690083033664e-05
2.284000000000000000e+03 -3.075295179483740260e-05
2.286000000000000000e+03 -9.156755231652339438e-05
2.288000000000000000e+03 -4.806562745577408686e-05
2.290000000000000000e+03 -3.148336727584063154e-04
2.292000000000000000e+03 -1.700327621168485259e-04
2.294000000000000000e+03 -3.114112903832801831e-04
2.296000000000000000e+03 -3.550528259365648160e-04
2.298000000000000000e+03 -3.400266022830680909e-04
2.300000000000000000e+03 -7.648848416293751507e-05
2.302000000000000000e+03 -1.147510805230450117e-05
2.304000000000000000e+03 -1.977865577562015287e-05
2.306000000000000000e+03 -8.920482336397692828e-05
2.308000000000000000e+03 -1.253627776707763369e-04
2.310000000000000000e+03 -3.020171362650653311e-04
2.312000000000000000e+03 -2.443453596881626968e-04
2.314000000000000000e+03 -9.427269618527929019e-04
2.316000000000000000e+03 -8.371495458052327469e-04
2.318000000000000000e+03 -2.031800261119957093e-03
2.320000000000000000e+03 -1.382318689165822068e-03
2.322000000000000000e+03 -1.130259586448894866e-03
2.324000000000000000e+03 -6.047501220943886716e-04
2.326000000000000000e+03 -6.964284023492891065e-04
2.328000000000000000e+03 -4.041442890934866697e-04
2.330000000000000000e+03 -7.250509024289500132e-04
2.332000000000000000e+03 -2.976842361332844664e-05
2.334000000000000000e+03 -6.257872561724603508e-04
2.336000000000000000e+03 -9.376749044808733308e-04
2.338000000000000000e+03 -2.787645341665623581e-04
2.340000000000000000e+03 7.333396211592615663e-04
2.342000000000000000e+03 4.275832931937075822e-04
2.344000000000000000e+03 4.156915460799704559e-04
2.346000000000000000e+03 1.532156472422332278e-04
2.348000000000000000e+03 2.546899276619944219e-05
2.350000000000000000e+03 5.476631148208712941e-05
2.352000000000000000e+03 3.518758777720957463e-05
2.354000000000000000e+03 -3.047306879150629876e-07
2.356000000000000000e+03 1.920713534876032408e-05
2.358000000000000000e+03 2.519611999312385659e-05
2.360000000000000000e+03 8.278707993874590866e-05
2.362000000000000000e+03 6.683393634149978010e-05
2.364000000000000000e+03 3.815859216904649438e-05
2.366000000000000000e+03 1.718742998174592723e-04
2.368000000000000000e+03 3.304877690482975060e-04
2.370000000000000000e+03 1.844450186748732392e-04
2.372000000000000000e+03 4.245527742996129490e-04
2.374000000000000000e+03 3.940211493232107388e-04
2.376000000000000000e+03 6.420415769476014707e-05
2.378000000000000000e+03 3.509988676699701501e-04
2.380000000000000000e+03 2.832063496244507407e-04
2.382000000000000000e+03 1.989762439993214560e-03
2.384000000000000000e+03 1.056457157686349103e-02
2.386000000000000000e+03 2.018207601905587512e-02
2.388000000000000000e+03 1.404757656151254565e-02
2.390000000000000000e+03 5.052387192885041470e-03
2.392000000000000000e+03 7.879586835689183708e-03
2.394000000000000000e+03 4.529487523792596546e-03
2.396000000000000000e+03 1.301007564864481002e-03
2.398000000000000000e+03 1.577487629660699478e-03
2.400000000000000000e+03 5.033298153163157790e-03
2.402000000000000000e+03 3.114258124612367951e-02
2.404000000000000000e+03 -1.971332984828980811e-02
2.406000000000000000e+03 4.212102067436014619e-02
2.408000000000000000e+03 -2.314439186151070679e-02
2.410000000000000000e+03 -4.131277542791413765e-02
2.412000000000000000e+03 -1.023575201880661586e-03
2.414000000000000000e+03 -1.732779430451440597e-03
2.416000000000000000e+03 -4.457485649141449541e-03
2.418000000000000000e+03 -3.036981175924447114e-03
2.420000000000000000e+03 -6.997799438675567085e-03
2.422000000000000000e+03 -2.794915838841955345e-03
2.424000000000000000e+03 -1.257438558696554343e-03
2.426000000000000000e+03 -5.362844907764303254e-03
2.428000000000000000e+03 -1.619746738485885974e-03
2.430000000000000000e+03 -4.848590121153340676e-03
2.432000000000000000e+03 -4.007616881994667817e-04
2.434000000000000000e+03 1.736824553423365605e-03
2.436000000000000000e+03 8.308921450245927709e-04
2.438000000000000000e+03 2.244434040356737929e-03
2.440000000000000000e+03 3.915127949289233175e-03
2.442000000000000000e+03 2.217352670663448513e-03
2.444000000000000000e+03 3.034340294207905388e-03
2.446000000000000000e+03 2.211122419952223864e-03
2.448000000000000000e+03 2.697574336949091784e-03
2.450000000000000000e+03 1.162506650808202251e-03
2.452000000000000000e+03 2.247202858906280094e-03
2.454000000000000000e+03 1.533781778150318390e-03
2.456000000000000000e+03 6.296956550865887882e-03
2.458000000000000000e+03 9.747012590750982197e-03
2.460000000000000000e+03 6.936681918095956127e-03
2.462000000000000000e+03 2.720617074495228389e-03
2.464000000000000000e+03 4.742123009199538698e-03
2.466000000000000000e+03 6.222856219792391452e-03
2.468000000000000000e+03 2.186392161017789056e-03
2.470000000000000000e+03 8.321549128949215371e-04
2.472000000000000000e+03 9.557518335701109579e-04
2.474000000000000000e+03 4.855940439608803457e-04
2.476000000000000000e+03 3.270132136143472069e-04
2.478000000000000000e+03 6.529139949343149224e-04
2.480000000000000000e+03 -1.013743275228525030e-04
2.482000000000000000e+03 -1.412415196067939914e-04
2.484000000000000000e+03 6.432747523382021477e-04
2.486000000000000000e+03 1.194285500292121811e-04
2.488000000000000000e+03 3.084013016265883204e-04
2.490000000000000000e+03 -2.385134883618425408e-04
2.492000000000000000e+03 -1.700353736084729832e-04
2.494000000000000000e+03 -1.760904006903929236e-04
2.496000000000000000e+03 -1.893942242894248789e-04
2.498000000000000000e+03 -2.098241622100566412e-04
2.500000000000000000e+03 -1.810138031753975244e-04
2.502000000000000000e+03 -1.554191539079654845e-04
2.504000000000000000e+03 -1.374366842576434696e-04
2.506000000000000000e+03 -9.908228568070794225e-05
2.508000000000000000e+03 -1.821949568290252971e-04
2.510000000000000000e+03 -4.712439928653280267e-04
2.512000000000000000e+03 -1.759936532296161444e-04
2.514000000000000000e+03 -2.521295991121477753e-04
2.516000000000000000e+03 3.464176038717581676e-04
2.518000000000000000e+03 -6.462689620227122242e-04
2.520000000000000000e+03 -1.606240802323195827e-03
2.522000000000000000e+03 -1.250649959052515950e-03
2.524000000000000000e+03 -1.334793812786420333e-03
2.526000000000000000e+03 -6.868827872397207735e-04
2.528000000000000000e+03 -2.337841218908488783e-04
2.530000000000000000e+03 -7.504985392713071305e-05
2.532000000000000000e+03 1.238930239529474758e-05
2.534000000000000000e+03 -6.404262168350301123e-05
2.536000000000000000e+03 -6.387456132556093504e-05
2.538000000000000000e+03 -7.704202435469878474e-05
2.540000000000000000e+03 -5.584537868486532378e-05
2.542000000000000000e+03 -7.597346456008747357e-05
2.544000000000000000e+03 -5.036249434382822511e-05
2.546000000000000000e+03 3.391726134110535981e-05
2.548000000000000000e+03 -1.627349197999159380e-04
2.550000000000000000e+03 1.054530988741396071e-05
2.552000000000000000e+03 4.374580607342222558e-05
2.554000000000000000e+03 1.101291674052892858e-04
2.556000000000000000e+03 3.045812550289372076e-05
2.558000000000000000e+03 1.339262563348750941e-05
2.560000000000000000e+03 5.517070785739458202e-05
2.562000000000000000e+03 -7.626542407384232891e-05
2.564000000000000000e+03 9.123172752168368554e-06
2.566000000000000000e+03 2.607002304056520644e-05
2.568000000000000000e+03 5.203632143280105174e-06
2.570000000000000000e+03 -1.166613415755572574e-05
2.572000000000000000e+03 -1.688154935445822339e-06
2.574000000000000000e+03 -1.544218611714497951e-05
2.576000000000000000e+03 -1.131131202343913037e-04
2.578000000000000000e+03 1.169813668968448930e-05
2.580000000000000000e+03 -2.317873327062021968e-04
2.582000000000000000e+03 -9.598852701026031823e-05
2.584000000000000000e+03 -6.052764137480362355e-04
2.586000000000000000e+03 -6.585002685001821714e-04
2.588000000000000000e+03 -1.261949105578263420e-03
2.590000000000000000e+03 -8.026175853552507513e-04
2.592000000000000000e+03 -1.672186533073402245e-03
2.594000000000000000e+03 -1.208186917833506012e-03
2.596000000000000000e+03 -6.516728567910255558e-04
2.598000000000000000e+03 -7.598031093715814288e-04
2.600000000000000000e+03 -8.078337516853249757e-04
2.602000000000000000e+03 -4.563651743823784091e-04
2.604000000000000000e+03 -6.888527405421020298e-04
2.606000000000000000e+03 -1.011272624236279113e-03
2.608000000000000000e+03 2.588979821541539158e-05
2.610000000000000000e+03 -1.525194037620531101e-04
2.612000000000000000e+03 -1.636917666845415795e-04
2.614000000000000000e+03 -1.769745659112760550e-04
2.616000000000000000e+03 -2.670180808387119693e-04
2.618000000000000000e+03 -4.798619676471123320e-04
2.620000000000000000e+03 -1.992114686822970149e-03
2.622000000000000000e+03 -1.239598690212757566e-03
2.624000000000000000e+03 -1.270781923516115484e-03
2.626000000000000000e+03 -1.070657369626785375e-03
2.628000000000000000e+03 -1.453705423833507584e-03
2.630000000000000000e+03 -9.004439754794763950e-04
2.632000000000000000e+03 -1.136478305529094223e-03
2.634000000000000000e+03 -7.120024564354868364e-04
2.636000000000000000e+03 3.753076489410754808e-04
2.638000000000000000e+03 4.239210717736748490e-04
2.640000000000000000e+03 2.946477862798141389e-04
2.642000000000000000e+03 3.613276025966396794e-04
2.644000000000000000e+03 2.129870514047257847e-04
2.646000000000000000e+03 1.236226303795607152e-04
2.648000000000000000e+03 6.446459936688980373e-05
2.650000000000000000e+03 7.928269760524664454e-05
2.652000000000000000e+03 2.814653012270637084e-05
2.654000000000000000e+03 2.765882759352507046e-06
2.656000000000000000e+03 -7.140913992678858744e-05
2.658000000000000000e+03 -2.299200416655838462e-04
2.660000000000000000e+03 -1.335855709316718964e-04
2.662000000000000000e+03 -3.295891484202296976e-04
2.664000000000000000e+03 -5.318047461641827204e-04
2.666000000000000000e+03 -2.534066967562746036e-04
2.668000000000000000e+03 -2.102069290223814574e-04
2.670000000000000000e+03 -2.422073811452682673e-04
2.672000000000000000e+03 -3.829011409080883646e-04
2.674000000000000000e+03 -2.412913194241292684e-04
2.676000000000000000e+03 -3.499371501689779815e-04
2.678000000000000000e+03 -3.169185536604815197e-04
2.680000000000000000e+03 -7.532425321187490161e-04
2.682000000000000000e+03 -6.864971646109720941e-04
2.684000000000000000e+03 -3.268348691238931025e-04
2.686000000000000000e+03 -2.603979892786189784e-04
2.688000000000000000e+03 -2.294988036992836016e-04
2.690000000000000000e+03 -8.659884354163492604e-05
2.692000000000000000e+03 -4.890153342502145083e-05
2.694000000000000000e+03 -1.114098565997581429e-04
2.696000000000000000e+03 -7.810075983302379877e-05
2.698000000000000000e+03 -1.001340776452280568e-04
2.700000000000000000e+03 -3.694378488988531286e-05
2.702000000000000000e+03 -3.430269048877029815e-05
2.704000000000000000e+03 -8.755960682674386283e-05
2.706000000000000000e+03 -1.104286053284519352e-04
2.708000000000000000e+03 -1.131427042698026275e-04
2.710000000000000000e+03 -1.375400174597055710e-04
2.712000000000000000e+03 -1.259770164682847337e-04
2.714000000000000000e+03 -2.086562798419146312e-04
2.716000000000000000e+03 -1.873352618769511218e-04
2.718000000000000000e+03 -9.419586269815057587e-05
2.720000000000000000e+03 -6.149422724040543866e-05
2.722000000000000000e+03 -8.905587680649617633e-05
2.724000000000000000e+03 -1.188314925531678092e-04
2.726000000000000000e+03 -1.189295693628965778e-04
2.728000000000000000e+03 -6.062527904231600385e-06
2.730000000000000000e+03 6.263503237365871679e-06
2.732000000000000000e+03 -4.592958045280451493e-05
2.734000000000000000e+03 -1.069473317432174687e-04
2.736000000000000000e+03 -2.786185453183976507e-04
2.738000000000000000e+03 -7.017128350246979937e-04
2.740000000000000000e+03 -7.371986221416452741e-04
2.742000000000000000e+03 -2.867598951527799002e-04
2.744000000000000000e+03 -2.985886996964650145e-04
2.746000000000000000e+03 -3.973454990153067355e-04
2.748000000000000000e+03 -4.743952930324988335e-04
2.750000000000000000e+03 -2.164679549595948261e-04
2.752000000000000000e+03 -2.388474855778352772e-04
2.754000000000000000e+03 -1.151884730565954647e-04
2.756000000000000000e+03 -6.254612765323918277e-05
2.758000000000000000e+03 -3.617653718830414136e-05
2.760000000000000000e+03 -7.915535258652603965e-05
2.762000000000000000e+03 -8.969598794706827105e-05
2.764000000000000000e+03 -1.506745631004421709e-04
2.766000000000000000e+03 -1.627433953881229553e-04
2.768000000000000000e+03 -1.782224184031094838e-04
2.770000000000000000e+03 -1.669271051393280531e-04
2.772000000000000000e+03 -1.524691609887898649e-04
2.774000000000000000e+03 -9.361025993739436962e-05
2.776000000000000000e+03 -2.112732303785957793e-04
2.778000000000000000e+03 -1.990654084030518884e-04
2.780000000000000000e+03 -1.971433574510819914e-04
2.782000000000000000e+03 -2.840353393494723239e-04
2.784000000000000000e+03 -1.819659372361804531e-04
2.786000000000000000e+03 -1.375435874502258958e-04
2.788000000000000000e+03 -1.374061800916651240e-04
2.790000000000000000e+03 -1.403513846073267386e-04
2.792000000000000000e+03 -9.124875087082563122e-05
2.794000000000000000e+03 -1.397275843078545684e-04
2.796000000000000000e+03 -2.184854343352213323e-04
2.798000000000000000e+03 -4.453823549374447501e-04
2.800000000000000000e+03 -9.531743858086644131e-04
2.802000000000000000e+03 -1.246048183357813558e-05
2.804000000000000000e+03 -1.214224595587121147e-03
2.806000000000000000e+03 -6.048000492309324374e-04
2.808000000000000000e+03 -5.061518088567745679e-04
2.810000000000000000e+03 -4.906312850595553323e-04
2.812000000000000000e+03 -1.588236787135891763e-04
2.814000000000000000e+03 -4.310049479066000236e-04
2.816000000000000000e+03 -6.293465350739178192e-04
2.818000000000000000e+03 -5.600309727974479455e-04
2.820000000000000000e+03 -5.607246462745323371e-04
2.822000000000000000e+03 -3.778846284622557495e-04
2.824000000000000000e+03 -3.195579725978091377e-04
2.826000000000000000e+03 -1.918643480185080053e-04
2.828000000000000000e+03 -4.234470160417152379e-04
2.830000000000000000e+03 1.195491994004622234e-03
2.832000000000000000e+03 7.338703895306254721e-03
2.834000000000000000e+03 1.735872500851862003e-03
2.836000000000000000e+03 2.618068380127451088e-03
2.838000000000000000e+03 5.499667393814273260e-04
2.840000000000000000e+03 6.798384134396758243e-04
2.842000000000000000e+03 9.453943412937140019e-04
2.844000000000000000e+03 3.082263081346332464e-04
2.846000000000000000e+03 1.619915185225591142e-03
2.848000000000000000e+03 1.557863018718446757e-03
2.850000000000000000e+03 3.077834523495562649e-03
2.852000000000000000e+03 3.910903628463958254e-03
2.854000000000000000e+03 2.497279311922044436e-03
2.856000000000000000e+03 2.906490048423739699e-03
2.858000000000000000e+03 1.497427569063682420e-03
2.860000000000000000e+03 2.424923189988720175e-04
2.862000000000000000e+03 3.619428416251062211e-04
2.864000000000000000e+03 8.409739478445011967e-04
2.866000000000000000e+03 5.753080931942588030e-04
2.868000000000000000e+03 6.399656788827608146e-04
2.870000000000000000e+03 3.313880890580297284e-04
2.872000000000000000e+03 2.647635185890076731e-04
2.874000000000000000e+03 1.952998136326007347e-04
2.876000000000000000e+03 1.727097539780230308e-04
2.878000000000000000e+03 1.774312008105606738e-04
2.880000000000000000e+03 1.715994217072796190e-04
2.882000000000000000e+03 2.336436691362171508e-04
2.884000000000000000e+03 1.927316328566046268e-04
2.886000000000000000e+03 1.041497398024634119e-04
2.888000000000000000e+03 2.625101594080583465e-05
2.890000000000000000e+03 -5.019776621330045110e-06
2.892000000000000000e+03 5.428991130583678374e-05
2.894000000000000000e+03 6.321348757603556892e-05
2.896000000000000000e+03 5.215208120427523571e-05
2.898000000000000000e+03 1.700134114687103140e-04
2.900000000000000000e+03 -1.266092296838717960e-04
2.902000000000000000e+03 -2.632053147177332904e-04
2.904000000000000000e+03 -7.241090017050262184e-04
2.906000000000000000e+03 3.212346140903618238e-03
2.908000000000000000e+03 -1.254331674277032235e-03
2.910000000000000000e+03 1.755007493830522316e-03
2.912000000000000000e+03 1.471119007035399289e-03
2.914000000000000000e+03 2.542780240392945260e-03
2.916000000000000000e+03 2.312640425389240247e-03
2.918000000000000000e+03 1.631833149690505719e-03
2.920000000000000000e+03 5.374905971408445353e-04
2.922000000000000000e+03 3.716170025201535497e-04
2.924000000000000000e+03 1.014853983055754444e-03
2.926000000000000000e+03 1.305029098065090204e-03
2.928000000000000000e+03 5.873082925595342514e-04
2.930000000000000000e+03 7.090604347538670936e-04
2.932000000000000000e+03 7.561487697375630750e-04
2.934000000000000000e+03 4.199588113385950019e-04
2.936000000000000000e+03 1.147483690108660190e-04
2.938000000000000000e+03 1.072078317088096032e-04
2.940000000000000000e+03 1.348110704848822612e-04
2.942000000000000000e+03 1.459592967125415296e-04
2.944000000000000000e+03 1.286221371063576794e-05
2.946000000000000000e+03 -1.107045796606394912e-04
2.948000000000000000e+03 -2.013910787853958608e-04
2.950000000000000000e+03 -2.372983754718068752e-04
2.952000000000000000e+03 -3.125356933295677102e-04
2.954000000000000000e+03 -3.812804244441306755e-04
2.956000000000000000e+03 -1.431110189830409616e-04
2.958000000000000000e+03 -9.373041324860983687e-05
2.960000000000000000e+03 -4.318937666057899767e-05
2.962000000000000000e+03 3.877917389025273813e-05
2.964000000000000000e+03 8.088590369592649014e-05
2.966000000000000000e+03 1.121823654128991048e-05
2.968000000000000000e+03 2.439677872187225518e-05
2.970000000000000000e+03 8.598581401801949525e-06
2.972000000000000000e+03 1.132690685728964855e-05
2.974000000000000000e+03 2.863066998721097624e-05
2.976000000000000000e+03 4.908445925505083977e-06
2.978000000000000000e+03 -7.332534658942528155e-10
2.980000000000000000e+03 -6.180810233735475671e-06
2.982000000000000000e+03 5.563749754281511025e-05
2.984000000000000000e+03 -7.296917160567191853e-06
2.986000000000000000e+03 1.103946619682591358e-05
2.988000000000000000e+03 2.642903835731645558e-05
2.990000000000000000e+03 1.490330964285910585e-05
2.992000000000000000e+03 -6.485625557198781333e-06
2.994000000000000000e+03 8.967522510462562819e-06
2.996000000000000000e+03 2.454133370248985996e-05
2.998000000000000000e+03 3.878783406208227144e-05
3.000000000000000000e+03 2.682261339203365679e-05
3.002000000000000000e+03 2.144391325626311174e-05
3.004000000000000000e+03 6.617502357214069509e-05
3.006000000000000000e+03 3.146083170284763814e-05
3.008000000000000000e+03 -1.099341250498458909e-06
3.010000000000000000e+03 -1.916006897172689431e-04
3.012000000000000000e+03 -2.153658285919667634e-04
3.014000000000000000e+03 -1.131505938182719327e-03
3.016000000000000000e+03 2.366714580567876069e-04
3.018000000000000000e+03 4.183262779237769346e-04
3.020000000000000000e+03 1.729424144599569265e-04
3.022000000000000000e+03 6.267565275892002068e-04
3.024000000000000000e+03 5.639824012246778123e-04
3.026000000000000000e+03 6.462182080525915922e-04
3.028000000000000000e+03 8.068402841167138457e-04
3.030000000000000000e+03 9.930896148710409693e-04
3.032000000000000000e+03 1.404444345859787342e-03
3.034000000000000000e+03 2.303955281009948276e-03
3.036000000000000000e+03 1.029718193866796744e-03
3.038000000000000000e+03 5.623813049083237767e-04
3.040000000000000000e+03 3.603896843141387966e-04
3.042000000000000000e+03 2.307277731335818287e-04
3.044000000000000000e+03 8.013938080993832428e-05
3.046000000000000000e+03 7.624495512661528748e-05
3.048000000000000000e+03 1.083810789483946776e-05
3.050000000000000000e+03 -7.504826322622121243e-07
3.052000000000000000e+03 -2.411718637420031652e-05
3.054000000000000000e+03 -5.807325734708958611e-05
3.056000000000000000e+03 -2.646996286947492227e-04
3.058000000000000000e+03 -1.262668213570961203e-04
3.060000000000000000e+03 -1.087696514100847833e-04
3.062000000000000000e+03 -1.200528069840963358e-04
3.064000000000000000e+03 -1.153614340597854517e-04
3.066000000000000000e+03 -6.262434433515537532e-05
3.068000000000000000e+03 -6.477708778315297293e-05
3.070000000000000000e+03 -2.906042132680855490e-05
3.072000000000000000e+03 1.329534167929468074e-05
3.074000000000000000e+03 -5.742244076036168707e-05
3.076000000000000000e+03 -1.095526936648208118e-04
3.078000000000000000e+03 -1.676183500001713082e-04
3.080000000000000000e+03 1.517446332337157346e-03
3.082000000000000000e+03 1.277991652792235438e-03
3.084000000000000000e+03 8.921794119831992888e-04
3.086000000000000000e+03 6.663703764270637866e-04
3.088000000000000000e+03 5.855588125567058599e-04
3.090000000000000000e+03 2.951774296686025464e-04
3.092000000000000000e+03 1.866893481494115903e-04
3.094000000000000000e+03 1.984762559955579784e-04
3.096000000000000000e+03 5.081048699067992902e-05
3.098000000000000000e+03 3.027602973669163639e-04
3.100000000000000000e+03 9.789340546386803964e-04
3.102000000000000000e+03 2.523512482837616568e-04
3.104000000000000000e+03 2.083886657299335800e-04
3.106000000000000000e+03 1.783285481624305446e-03
3.108000000000000000e+03 9.028325534159136866e-04
3.110000000000000000e+03 3.313717166552417135e-03
3.112000000000000000e+03 1.621000423688459362e-03
3.114000000000000000e+03 6.427677386350930111e-04
3.116000000000000000e+03 2.604159265853977709e-04
3.118000000000000000e+03 1.521127329067259058e-04
3.120000000000000000e+03 3.037217229998422476e-04
3.122000000000000000e+03 1.225795554378316537e-04
3.124000000000000000e+03 4.686242282907191782e-04
3.126000000000000000e+03 -4.292244814312470771e-05
3.128000000000000000e+03 -4.724302442950003818e-04
3.130000000000000000e+03 -1.727059144176032359e-04
3.132000000000000000e+03 -1.386966229329023113e-04
3.134000000000000000e+03 -3.017883620561278402e-05
3.136000000000000000e+03 1.025763145292911299e-05
3.138000000000000000e+03 1.055863743830905403e-05
3.140000000000000000e+03 -8.671720612428665564e-05
3.142000000000000000e+03 -2.206214948595044761e-04
3.144000000000000000e+03 -2.235438044097117307e-04
3.146000000000000000e+03 -1.320423276483389011e-04
3.148000000000000000e+03 -1.029166324468882107e-04
3.150000000000000000e+03 -2.478772047887838230e-05
3.152000000000000000e+03 -6.698573672619339387e-05
3.154000000000000000e+03 -1.664599121740654888e-04
3.156000000000000000e+03 -1.131903439200821431e-04
3.158000000000000000e+03 -1.701572315902698197e-04
3.160000000000000000e+03 -1.758313629462150381e-04
3.162000000000000000e+03 -1.763370845657006496e-04
3.164000000000000000e+03 -4.118795163745590836e-04
3.166000000000000000e+03 -6.009092164881221906e-04
3.168000000000000000e+03 -4.561163628939700365e-04
3.170000000000000000e+03 -4.495145515940216310e-04
3.172000000000000000e+03 -5.269437395713618202e-04
3.174000000000000000e+03 -6.895709097417510340e-04
3.176000000000000000e+03 -5.353792357161165456e-04
3.178000000000000000e+03 -6.563526987958620161e-04
3.180000000000000000e+03 -6.252645436361220629e-04
3.182000000000000000e+03 -1.881159734156061876e-04
3.184000000000000000e+03 -4.637374902387948533e-04
3.186000000000000000e+03 -2.777339557459477756e-04
3.188000000000000000e+03 -2.095039863999730305e-04
3.190000000000000000e+03 -1.963218430704750375e-04
3.192000000000000000e+03 -3.687938738266971083e-04
3.194000000000000000e+03 -4.914101321049250482e-04
3.196000000000000000e+03 -3.778469865793475553e-04
3.198000000000000000e+03 -2.050365068109058985e-04
3.200000000000000000e+03 -1.568398028132332979e-04
3.202000000000000000e+03 -1.467144712264890818e-04
3.204000000000000000e+03 -1.397865515742162119e-04
3.206000000000000000e+03 -1.892113312897564801e-04
3.208000000000000000e+03 -3.480229187493592748e-04
3.210000000000000000e+03 -2.927716444218481789e-04
3.212000000000000000e+03 -1.076062848453390605e-04
3.214000000000000000e+03 -1.020102565279821187e-04
3.216000000000000000e+03 -1.307501638050864723e-04
3.218000000000000000e+03 -3.987409665966622425e-05
3.220000000000000000e+03 -1.982930870619049879e-04
3.222000000000000000e+03 -6.449666821019666156e-05
3.224000000000000000e+03 -6.213223289648331555e-05
3.226000000000000000e+03 1.768839800773714735e-05
3.228000000000000000e+03 5.518559055304004407e-05
3.230000000000000000e+03 -1.225965131955962788e-04
3.232000000000000000e+03 2.591350230044724774e-04
3.234000000000000000e+03 5.023976598689093185e-04
3.236000000000000000e+03 1.321735704339402600e-04
3.238000000000000000e+03 3.270327065836845155e-04
3.240000000000000000e+03 1.828399456635331464e-04
3.242000000000000000e+03 2.486933862876575404e-04
3.244000000000000000e+03 1.917210974289957281e-04
3.246000000000000000e+03 2.765787896175208715e-04
3.248000000000000000e+03 2.758133861852992579e-04
3.250000000000000000e+03 7.791030204227358878e-05
3.252000000000000000e+03 1.608991591649014115e-04
3.254000000000000000e+03 1.405409335548291777e-04
3.256000000000000000e+03 1.121896655548402908e-04
3.258000000000000000e+03 8.826010796570629301e-05
3.260000000000000000e+03 5.991188677632212841e-05
3.262000000000000000e+03 8.989222226289013949e-05
3.264000000000000000e+03 1.610950580447940842e-04
3.266000000000000000e+03 1.620116840798293948e-04
3.268000000000000000e+03 9.462854559846242155e-05
3.270000000000000000e+03 5.298730871061123896e-05
3.272000000000000000e+03 1.851145942329197912e-04
3.274000000000000000e+03 1.561050397010270495e-04
3.276000000000000000e+03 7.330375899574631125e-05
3.278000000000000000e+03 1.655439533200290755e-04
3.280000000000000000e+03 1.240618699055674647e-04
3.282000000000000000e+03 5.045517427949472287e-05
3.284000000000000000e+03 7.430190499845369179e-05
3.286000000000000000e+03 2.533384995606237293e-05
3.288000000000000000e+03 2.904485805020320789e-05
3.290000000000000000e+03 1.918658336082572247e-05
3.292000000000000000e+03 6.304380977609706247e-06
3.294000000000000000e+03 -5.117090931437402652e-06
3.296000000000000000e+03 -1.064045954827532153e-05
3.298000000000000000e+03 2.599189370186706023e-05
3.300000000000000000e+03 7.739646992594094953e-05
3.302000000000000000e+03 8.816901940330680381e-05
3.304000000000000000e+03 1.409052296620018661e-05
3.306000000000000000e+03 1.564940751070700820e-05
3.308000000000000000e+03 3.308703736580401053e-05
3.310000000000000000e+03 5.356380288761328863e-05
3.312000000000000000e+03 2.650551083096044585e-05
3.314000000000000000e+03 -6.303631967053054954e-05
3.316000000000000000e+03 3.223536390312814313e-05
3.318000000000000000e+03 1.384358577066995028e-05
3.320000000000000000e+03 -1.181802406473419822e-05
3.322000000000000000e+03 -1.785479704564384997e-04
3.324000000000000000e+03 1.289302803067072351e-04
3.326000000000000000e+03 2.092222545953556045e-04
3.328000000000000000e+03 -1.138705592625204553e-04
3.330000000000000000e+03 -7.956807799720043537e-05
3.332000000000000000e+03 -2.841628032305024772e-04
3.334000000000000000e+03 -5.058930387524691050e-04
3.336000000000000000e+03 -2.405065054960196672e-04
3.338000000000000000e+03 -3.537643856873236140e-04
3.340000000000000000e+03 -1.495205481013187499e-03
3.342000000000000000e+03 -6.039954902215507104e-04
3.344000000000000000e+03 -7.903740019706771399e-05
3.346000000000000000e+03 3.659576664823848855e-04
3.348000000000000000e+03 -2.405664806465621292e-04
3.350000000000000000e+03 -9.658021760714073525e-05
3.352000000000000000e+03 2.547436455161552690e-04
3.354000000000000000e+03 1.913800045030461300e-04
3.356000000000000000e+03 -4.027161239785545662e-05
3.358000000000000000e+03 -2.154675262499952025e-06
3.360000000000000000e+03 1.863678004062302326e-06
3.362000000000000000e+03 6.559162221968220714e-05
3.364000000000000000e+03 9.595247879688384635e-05
3.366000000000000000e+03 -3.502901017882842176e-05
3.368000000000000000e+03 4.351822691214615610e-05
3.370000000000000000e+03 2.185940932762696983e-04
3.372000000000000000e+03 4.872474166168818950e-05
3.374000000000000000e+03 1.433292253300650005e-04
3.376000000000000000e+03 1.379500775157228366e-04
3.378000000000000000e+03 -2.817043848812507563e-04
3.380000000000000000e+03 -2.201605557496349303e-04
3.382000000000000000e+03 -1.753584730216198632e-04
3.384000000000000000e+03 -1.529963497870416946e-04
3.386000000000000000e+03 -6.401772017342619112e-05
3.388000000000000000e+03 -1.020030610314114029e-04
3.390000000000000000e+03 -6.835628833389763184e-05
3.392000000000000000e+03 9.733210813898828575e-06
3.394000000000000000e+03 1.072597895616745023e-04
3.396000000000000000e+03 3.166890575321708708e-05
3.398000000000000000e+03 6.896171482875668580e-05
3.400000000000000000e+03 1.877533226972334803e-05
3.402000000000000000e+03 8.199166435070648156e-06
3.404000000000000000e+03 1.951834405791128972e-05
3.406000000000000000e+03 1.956139131568020173e-05
3.408000000000000000e+03 4.695860892614334088e-05
3.410000000000000000e+03 7.089599806409491677e-05
3.412000000000000000e+03 -1.645788305328354801e-04
3.414000000000000000e+03 5.331701725579015134e-05
3.416000000000000000e+03 -1.749393651197155084e-04
3.418000000000000000e+03 -3.885244566445291651e-04
3.420000000000000000e+03 -1.832378152024376932e-04
3.422000000000000000e+03 -1.599394962091283128e-04
3.424000000000000000e+03 -5.932264293585667956e-05
3.426000000000000000e+03 -2.095422009565542880e-05
3.428000000000000000e+03 -6.121708854612925739e-05
3.430000000000000000e+03 -1.199406009388357552e-04
3.432000000000000000e+03 -4.298670518059078804e-04
3.434000000000000000e+03 -1.492805512868004511e-04
3.436000000000000000e+03 -1.585555178865216062e-05
3.438000000000000000e+03 3.842153773462341346e-07
3.440000000000000000e+03 -7.323477804853065654e-05
3.442000000000000000e+03 -1.623863253447439163e-04
3.444000000000000000e+03 -6.616130865543490248e-05
3.446000000000000000e+03 -1.194607676023916678e-04
3.448000000000000000e+03 -5.013160289674530251e-04
3.450000000000000000e+03 -5.344250323563467077e-04
3.452000000000000000e+03 -1.617757432373332933e-04
3.454000000000000000e+03 -5.075269675530281815e-05
3.456000000000000000e+03 -7.055307481240833019e-05
3.458000000000000000e+03 -1.404277512394841528e-05
3.460000000000000000e+03 -1.197612215116757359e-04
3.462000000000000000e+03 -9.291470897284131623e-05
3.464000000000000000e+03 -1.162616242976733484e-04
3.466000000000000000e+03 -9.056815098347439799e-05
3.468000000000000000e+03 -8.190409679667834603e-05
3.470000000000000000e+03 -7.966529420975611655e-05
3.472000000000000000e+03 4.345808862294316133e-06
3.474000000000000000e+03 -4.197978209006036297e-05
3.476000000000000000e+03 8.505633336650378817e-05
3.478000000000000000e+03 4.665420942515654381e-06
3.480000000000000000e+03 -5.538649849818838111e-05
3.482000000000000000e+03 -1.646819452669763106e-04
3.484000000000000000e+03 1.237553967315555090e-04
3.486000000000000000e+03 1.052441690359380897e-04
3.488000000000000000e+03 1.792408638695338480e-04
3.490000000000000000e+03 2.466325387329309935e-05
3.492000000000000000e+03 -3.540426728073160681e-05
3.494000000000000000e+03 -4.307329226253914733e-05
3.496000000000000000e+03 -6.866412939060209273e-05
3.498000000000000000e+03 -1.427574807691852070e-04
3.500000000000000000e+03 -2.529495556545684524e-04
3.502000000000000000e+03 -6.517039125147318585e-04
3.504000000000000000e+03 -1.191969800610713330e-03
3.506000000000000000e+03 -1.421690287098654939e-03
3.508000000000000000e+03 -1.955213850850002349e-03
3.510000000000000000e+03 -1.250590372039786123e-03
3.512000000000000000e+03 7.118181279025192717e-05
3.514000000000000000e+03 -6.277346105421644403e-06
3.516000000000000000e+03 2.064346162088416526e-04
3.518000000000000000e+03 1.472070851238069852e-04
3.520000000000000000e+03 2.771346166374135007e-04
3.522000000000000000e+03 3.746789321169838381e-05
3.524000000000000000e+03 8.365787618850350810e-05
3.526000000000000000e+03 5.555634449321835647e-05
3.528000000000000000e+03 2.242540880101557611e-04
3.530000000000000000e+03 3.001895162095506047e-04
3.532000000000000000e+03 1.971001141030742860e-04
3.534000000000000000e+03 3.770793014049340507e-05
3.536000000000000000e+03 -2.050069673220200262e-05
3.538000000000000000e+03 4.589971609717513872e-04
3.540000000000000000e+03 1.936071884540871250e-03
3.542000000000000000e+03 7.548458541048481268e-04
3.544000000000000000e+03 1.088429029327285958e-03
3.546000000000000000e+03 9.331761205428343656e-04
3.548000000000000000e+03 3.151218475110239680e-03
3.550000000000000000e+03 2.037370924677293655e-03
3.552000000000000000e+03 1.381724509200663378e-03
3.554000000000000000e+03 6.421231767995006900e-04
3.556000000000000000e+03 -1.608970379475091025e-05
3.558000000000000000e+03 -4.878443423099351989e-04
3.560000000000000000e+03 -6.079964344725500300e-04
3.562000000000000000e+03 -7.788321917425406003e-04
3.564000000000000000e+03 -5.292607253582825915e-04
3.566000000000000000e+03 -6.718822876114259428e-04
3.568000000000000000e+03 -8.514494022831658711e-04
3.570000000000000000e+03 -5.208293221881214480e-04
3.572000000000000000e+03 -4.915164904835661987e-04
3.574000000000000000e+03 -1.010498571908541006e-03
3.576000000000000000e+03 -6.119224696726926517e-04
3.578000000000000000e+03 -5.677756766940181667e-04
3.580000000000000000e+03 -4.666989645951030480e-04
3.582000000000000000e+03 -4.784635268868751563e-04
3.584000000000000000e+03 -4.514878024679065596e-04
3.586000000000000000e+03 -7.752469561232587427e-04
3.588000000000000000e+03 -2.036236429611089404e-04
3.590000000000000000e+03 -2.357124210265753409e-05
3.592000000000000000e+03 -2.078016998404461719e-04
3.594000000000000000e+03 -1.131660271780117607e-04
3.596000000000000000e+03 -1.245465104397546830e-04
3.598000000000000000e+03 -9.694141424430348375e-05
3.600000000000000000e+03 -2.906315069924694805e-05
3.602000000000000000e+03 5.636977538785316972e-05
3.604000000000000000e+03 3.618342326079266864e-05
3.606000000000000000e+03 6.138057991735868001e-05
3.608000000000000000e+03 1.436016942108123801e-04
3.610000000000000000e+03 2.039891146568720108e-04
3.612000000000000000e+03 2.322035784570106369e-05
3.614000000000000000e+03 2.452433696784633746e-05
3.616000000000000000e+03 -1.080052227744471982e-04
3.618000000000000000e+03 9.821886413944499170e-05
3.620000000000000000e+03 6.042252176542263573e-04
3.622000000000000000e+03 1.262806419383534192e-03
3.624000000000000000e+03 1.409241169860654718e-03
3.626000000000000000e+03 7.703400377498141258e-04
3.628000000000000000e+03 6.109986268037120903e-04
3.630000000000000000e+03 3.072068531978416677e-04
3.632000000000000000e+03 4.229769695592311158e-04
3.634000000000000000e+03 3.067725486534010008e-04
3.636000000000000000e+03 1.465930892356781025e-04
3.638000000000000000e+03 2.937652475867359747e-04
3.640000000000000000e+03 1.158518724129092744e-04
3.642000000000000000e+03 1.553869497979006202e-05
3.644000000000000000e+03 3.824883178433008337e-05
3.646000000000000000e+03 1.388814796240590973e-04
3.648000000000000000e+03 6.683240873707889146e-05
3.650000000000000000e+03 8.202549582715460417e-05
3.652000000000000000e+03 7.040292282982069225e-05
3.654000000000000000e+03 3.497404213746851671e-05
3.656000000000000000e+03 8.127905239002984714e-05
3.658000000000000000e+03 9.282671516006068659e-06
3.660000000000000000e+03 7.140907830179523048e-05
3.662000000000000000e+03 8.220398981110914587e-05
3.664000000000000000e+03 4.105295698387322842e-05
3.666000000000000000e+03 3.918830211928699705e-05
3.668000000000000000e+03 2.489833848003767682e-05
3.670000000000000000e+03 2.059262337827252951e-04
3.672000000000000000e+03 1.293338307146230429e-04
3.674000000000000000e+03 1.416113258506214521e-04
3.676000000000000000e+03 2.171545126638114423e-04
3.678000000000000000e+03 2.132146788851190010e-04
3.680000000000000000e+03 5.886020622116298635e-04
3.682000000000000000e+03 5.135013589609838504e-04
3.684000000000000000e+03 4.882295040082162562e-04
3.686000000000000000e+03 -5.127371508736701454e-05
3.688000000000000000e+03 -6.384031771404392050e-04
3.690000000000000000e+03 5.694410744421711519e-06
3.692000000000000000e+03 -5.333967040502738104e-04
3.694000000000000000e+03 3.712575759846458291e-04
3.696000000000000000e+03 -2.474009134820611485e-04
3.698000000000000000e+03 5.137209836406742914e-04
3.700000000000000000e+03 -8.097758037608613528e-04
3.702000000000000000e+03 -5.105841328918908455e-03
3.704000000000000000e+03 -8.563688118871044808e-03
3.706000000000000000e+03 3.902524577967870275e-03
3.708000000000000000e+03 7.235109422131179822e-03
3.710000000000000000e+03 1.427159715332453538e-03
3.712000000000000000e+03 1.100150033079436802e-03
3.714000000000000000e+03 -2.842300600129731795e-03
3.716000000000000000e+03 -8.356857480388839472e-04
3.718000000000000000e+03 -1.463873761314237213e-03
3.720000000000000000e+03 1.038025584299485677e-03
3.722000000000000000e+03 1.085773299155273416e-02
3.724000000000000000e+03 3.563446635210013556e-03
3.726000000000000000e+03 1.163307798299781023e-03
3.728000000000000000e+03 2.869598296197990294e-03
3.730000000000000000e+03 8.895953337202695951e-04
3.732000000000000000e+03 4.784579722910031383e-04
3.734000000000000000e+03 3.881666947287773918e-04
3.736000000000000000e+03 4.843604099829818942e-04
3.738000000000000000e+03 7.188446576449976540e-04
3.740000000000000000e+03 8.365338134305395684e-05
3.742000000000000000e+03 -2.267567633806954303e-04
3.744000000000000000e+03 -1.464418806384691326e-04
3.746000000000000000e+03 -2.299688011615222058e-04
3.748000000000000000e+03 -4.178400711698958205e-04
3.750000000000000000e+03 -6.302220400444835148e-04
3.752000000000000000e+03 -2.224742272658754283e-04
3.754000000000000000e+03 -4.203107552455876057e-04
3.756000000000000000e+03 -4.999918313638887328e-04
3.758000000000000000e+03 -4.108802539676494514e-04
3.760000000000000000e+03 -7.366189555667962364e-04
3.762000000000000000e+03 -4.494209958937170650e-04
3.764000000000000000e+03 -8.303423344437565155e-04
3.766000000000000000e+03 -1.099132396014842940e-03
3.768000000000000000e+03 -4.353228504870447534e-04
3.770000000000000000e+03 -6.595596807809842033e-04
3.772000000000000000e+03 -5.848810794782963261e-04
3.774000000000000000e+03 -2.002497724783885037e-03
3.776000000000000000e+03 -5.678486924296368560e-03
3.778000000000000000e+03 2.630351519579063324e-01
3.780000000000000000e+03 4.868062755763419985e-03
3.782000000000000000e+03 3.822374696785546706e-03
3.784000000000000000e+03 -1.928196995697349842e-04
3.786000000000000000e+03 1.143139731902630563e-03
3.788000000000000000e+03 4.244291317406877553e-03
3.790000000000000000e+03 2.839672735293055725e-03
3.792000000000000000e+03 1.571010131995162051e-03
3.794000000000000000e+03 1.452522241002416519e-03
3.796000000000000000e+03 4.370988638459259550e-03
3.798000000000000000e+03 5.938003201808505528e-03
3.800000000000000000e+03 3.218644021916788802e-03
3.802000000000000000e+03 2.662975481619186523e-03
3.804000000000000000e+03 9.528158389914102855e-04
3.806000000000000000e+03 1.330870863166993070e-04
3.808000000000000000e+03 -2.253635393192165548e-05
3.810000000000000000e+03 2.647629666762257850e-05
3.812000000000000000e+03 9.933381307746808476e-05
3.814000000000000000e+03 7.519522151010179297e-05
3.816000000000000000e+03 9.763393263388703465e-05
3.818000000000000000e+03 6.719154031656449457e-05
3.820000000000000000e+03 3.287172186133584886e-06
3.822000000000000000e+03 3.337759263922755759e-05
3.824000000000000000e+03 8.252809428402799294e-05
3.826000000000000000e+03 1.106129235542649831e-04
3.828000000000000000e+03 6.048289466728525796e-05
3.830000000000000000e+03 9.361112154493383519e-05
3.832000000000000000e+03 8.166118272260006086e-05
3.834000000000000000e+03 4.969651507835343634e-05
3.836000000000000000e+03 -4.539138200645663864e-05
3.838000000000000000e+03 -9.963245800389983154e-05
3.840000000000000000e+03 -2.449050929439667190e-04
3.842000000000000000e+03 -2.604447083215087892e-04
3.844000000000000000e+03 -1.831633919996124250e-04
3.846000000000000000e+03 -1.561863881613779299e-04
3.848000000000000000e+03 -1.425511634226748179e-04
3.850000000000000000e+03 -1.699144650063230113e-04
3.852000000000000000e+03 -2.663517528036661499e-04
3.854000000000000000e+03 -2.850857425183307009e-04
3.856000000000000000e+03 -3.103507111616314639e-04
3.858000000000000000e+03 -2.349354002245694682e-04
3.860000000000000000e+03 -2.518539107477267081e-04
3.862000000000000000e+03 -1.232908144179131749e-04
3.864000000000000000e+03 -3.149054871373012355e-04
3.866000000000000000e+03 -2.309100328406647545e-04
3.868000000000000000e+03 -2.227912531040702158e-04
3.870000000000000000e+03 -2.298864929250294352e-04
3.872000000000000000e+03 -3.455487190964211816e-04
3.874000000000000000e+03 -3.118427591723698798e-04
3.876000000000000000e+03 -3.591987072409944188e-04
3.878000000000000000e+03 -1.402357837842349987e-04
3.880000000000000000e+03 -2.466907482532538633e-05
3.882000000000000000e+03 -1.888788359481273873e-04
3.884000000000000000e+03 -2.889548124199120636e-04
3.886000000000000000e+03 -1.360627453196290278e-03
3.888000000000000000e+03 -4.564744168909766302e-03
3.890000000000000000e+03 -1.681777159207898352e-03
3.892000000000000000e+03 -2.961307942079053485e-03
3.894000000000000000e+03 -9.228335252870051558e-04
3.896000000000000000e+03 -3.602330545841298643e-04
3.898000000000000000e+03 -4.463409236829073276e-04
3.900000000000000000e+03 -5.169323510141519929e-04
3.902000000000000000e+03 -2.419799686576937106e-04
3.904000000000000000e+03 1.711571235627500599e-05
3.906000000000000000e+03 -1.904154644459764279e-05
3.908000000000000000e+03 6.819228224138325318e-06
3.910000000000000000e+03 -3.448429560747315532e-05
3.912000000000000000e+03 -1.242071153597406794e-04
3.914000000000000000e+03 -3.040852396690777899e-05
3.916000000000000000e+03 8.819613167280615648e-05
3.918000000000000000e+03 3.100717818514371962e-05
3.920000000000000000e+03 -1.138925462906999864e-04
3.922000000000000000e+03 -3.629983267387608149e-06
3.924000000000000000e+03 3.116143635390476491e-04
3.926000000000000000e+03 1.089352797875708646e-04
3.928000000000000000e+03 -3.191351645884175475e-05
3.930000000000000000e+03 5.139249476555548526e-04
3.932000000000000000e+03 6.817694552162991556e-04
3.934000000000000000e+03 1.594672507178930033e-03
3.936000000000000000e+03 1.160674563206313395e-03
3.938000000000000000e+03 1.728763791695916204e-03
3.940000000000000000e+03 2.245940711268811733e-03
3.942000000000000000e+03 2.137823712163921218e-03
3.944000000000000000e+03 1.232106999259944711e-03
3.946000000000000000e+03 1.483895826442593446e-03
3.948000000000000000e+03 3.119371258441468869e-03
3.950000000000000000e+03 6.969449455961419619e-03
3.952000000000000000e+03 1.524455382620926776e-03
3.954000000000000000e+03 8.087349058368163354e-04
3.956000000000000000e+03 5.549056725725916555e-04
3.958000000000000000e+03 2.094633308257827875e-05
3.960000000000000000e+03 -9.524867794884287744e-04
3.962000000000000000e+03 -1.166013788462307412e-03
3.964000000000000000e+03 -2.007933871982730753e-03
3.966000000000000000e+03 -2.247593476842434015e-03
3.968000000000000000e+03 -1.468589651194046239e-04
3.970000000000000000e+03 1.016958742804976914e-03
3.972000000000000000e+03 4.403828204016263124e-04
3.974000000000000000e+03 1.778972113431156099e-04
3.976000000000000000e+03 2.808244984909767346e-04
3.978000000000000000e+03 3.808737961762729109e-04
3.980000000000000000e+03 4.615397241500588874e-04
3.982000000000000000e+03 3.213099021418751831e-04
3.984000000000000000e+03 6.741872918089678599e-04
3.986000000000000000e+03 4.429963097715284952e-04
3.988000000000000000e+03 4.431599125208230544e-04
3.990000000000000000e+03 3.421842893999412828e-04
3.992000000000000000e+03 5.081549829416621197e-04
3.994000000000000000e+03 2.727724918887703938e-04
3.996000000000000000e+03 2.029376813242817000e-04
3.998000000000000000e+03 -2.225630505278469924e-04
4.000000000000000000e+03 -3.688830388129248506e-04
4.002000000000000000e+03 -2.147043943123766647e-04
4.004000000000000000e+03 -3.617948550429627829e-04
4.006000000000000000e+03 -2.853918133938822361e-05
4.008000000000000000e+03 1.396209792341119834e-03
4.010000000000000000e+03 8.172684651876951228e-03
4.012000000000000000e+03 1.227503065404536575e-02
4.014000000000000000e+03 3.497721347480373978e-03
4.016000000000000000e+03 8.762514947837205968e-04
4.018000000000000000e+03 6.533531352140072718e-04
4.020000000000000000e+03 -1.903670546739403419e-03
4.022000000000000000e+03 -7.603450948056261413e-03
4.024000000000000000e+03 -6.967959966660461010e-03
4.026000000000000000e+03 -2.024351114777476340e-03
4.028000000000000000e+03 -1.901438978403602797e-03
4.030000000000000000e+03 -3.868926261412503152e-03
4.032000000000000000e+03 -1.826539875682894757e-03
4.034000000000000000e+03 -4.723815547096433393e-03
4.036000000000000000e+03 2.690291830200588000e-04
4.038000000000000000e+03 3.733964004399420705e-03
4.040000000000000000e+03 3.839719855932728892e-03
4.042000000000000000e+03 3.989427316116282707e-03
4.044000000000000000e+03 1.913140477219178260e-03
4.046000000000000000e+03 1.384420584254152575e-03
4.048000000000000000e+03 1.260009216890653960e-03
4.050000000000000000e+03 2.091925306182895131e-03
4.052000000000000000e+03 1.232519127469304922e-03
4.054000000000000000e+03 4.202906494471594923e-04
4.056000000000000000e+03 4.739587790882924330e-04
4.058000000000000000e+03 3.107460493262477128e-04
4.060000000000000000e+03 2.787567985906468028e-04
4.062000000000000000e+03 1.027118837142052552e-03
4.064000000000000000e+03 3.883759424665629567e-04
4.066000000000000000e+03 2.399391841863887642e-04
4.068000000000000000e+03 4.628878298629990535e-04
4.070000000000000000e+03 7.812845699092895021e-04
4.072000000000000000e+03 3.675910575122140239e-04
4.074000000000000000e+03 3.551456488098276567e-04
4.076000000000000000e+03 2.034103544603869647e-04
4.078000000000000000e+03 1.291006711363595070e-04
4.080000000000000000e+03 2.074683777351862422e-04
4.082000000000000000e+03 1.949986547834699224e-04
4.084000000000000000e+03 3.094731612212387752e-04
4.086000000000000000e+03 3.064013361942237554e-04
4.088000000000000000e+03 3.909871754287155290e-04
4.090000000000000000e+03 4.956595194494194242e-04
4.092000000000000000e+03 5.136528664928874995e-04
4.094000000000000000e+03 3.024442592714685725e-04
4.096000000000000000e+03 1.275099154920982154e-04
4.098000000000000000e+03 1.145924714510874825e-04
4.100000000000000000e+03 1.061071529937924996e-04
4.102000000000000000e+03 5.462493619394400693e-05
4.104000000000000000e+03 4.604302802343409760e-05
4.106000000000000000e+03 4.746389857240776168e-05
4.108000000000000000e+03 2.684930671370809482e-05
4.110000000000000000e+03 4.463605525029007187e-05
4.112000000000000000e+03 9.461678428448084145e-05
4.114000000000000000e+03 2.434505783918050809e-04
4.116000000000000000e+03 2.812334775586102604e-04
4.118000000000000000e+03 1.438263565135951228e-04
4.120000000000000000e+03 -2.013474888493468009e-05
4.122000000000000000e+03 -4.563076516996813960e-05
4.124000000000000000e+03 3.640805999450122323e-05
4.126000000000000000e+03 -2.954857325104544411e-05
4.128000000000000000e+03 -3.977243037907761609e-05
4.130000000000000000e+03 -2.611492655805878116e-05
4.132000000000000000e+03 -7.134896151855236828e-05
4.134000000000000000e+03 -4.290893434401929897e-05
4.136000000000000000e+03 -7.391279716050949764e-05
4.138000000000000000e+03 -6.990323654000319938e-05
4.140000000000000000e+03 -1.967943795489251124e-05
4.142000000000000000e+03 -5.777646501466665580e-05
4.144000000000000000e+03 -5.826466314285269962e-05
4.146000000000000000e+03 -7.312190845913447729e-05
4.148000000000000000e+03 -8.611366091193694758e-05
4.150000000000000000e+03 -4.443611450583363380e-05
4.152000000000000000e+03 -5.641199822820635202e-05
4.154000000000000000e+03 -6.437878345254276246e-05
4.156000000000000000e+03 -5.790919607702922384e-05
4.158000000000000000e+03 -3.558614953451356370e-05
4.160000000000000000e+03 1.949004664604006304e-07
4.162000000000000000e+03 1.619354410124822707e-05
4.164000000000000000e+03 -3.647284571287790711e-06
4.166000000000000000e+03 -3.640895930130906490e-05
4.168000000000000000e+03 -1.143336532038338141e-04
4.170000000000000000e+03 -3.857084106731873519e-05
4.172000000000000000e+03 -3.743848531304209364e-06
4.174000000000000000e+03 -8.248838516799445017e-05
4.176000000000000000e+03 9.872740166443343558e-05
4.178000000000000000e+03 4.791410556175850975e-06
4.180000000000000000e+03 -4.971049329460770712e-06
4.182000000000000000e+03 -3.133470667802925659e-04
4.184000000000000000e+03 -3.110662620500141001e-04
4.186000000000000000e+03 -4.300259671661497973e-04
4.188000000000000000e+03 -2.585695226653530413e-03
4.190000000000000000e+03 2.191012247299658176e-03
4.192000000000000000e+03 1.020857659668958362e-03
4.194000000000000000e+03 1.625133598168038932e-03
4.196000000000000000e+03 1.628711246614889885e-03
4.198000000000000000e+03 1.417640242491476077e-03
4.200000000000000000e+03 2.088541724782714496e-03
4.202000000000000000e+03 9.661616398249341315e-04
4.204000000000000000e+03 2.716560946925170462e-03
4.206000000000000000e+03 1.145184091565961239e-03
4.208000000000000000e+03 1.687069260608496180e-03
4.210000000000000000e+03 8.168933043155483602e-05
4.212000000000000000e+03 -1.551296360907166371e-04
4.214000000000000000e+03 -3.798823127533465559e-04
4.216000000000000000e+03 -4.746460494244511942e-04
4.218000000000000000e+03 -8.957449774190883417e-04
4.220000000000000000e+03 -1.425382985921679361e-03
4.222000000000000000e+03 -7.859367315212285659e-04
4.224000000000000000e+03 -6.604986956594568288e-04
4.226000000000000000e+03 -6.043574185738274278e-04
4.228000000000000000e+03 -1.528266195530819096e-03
4.230000000000000000e+03 -2.001008004218450976e-03
4.232000000000000000e+03 -1.091859818268657622e-03
4.234000000000000000e+03 -1.720755393339571228e-03
4.236000000000000000e+03 -1.517127342228731307e-03
4.238000000000000000e+03 -2.819118577606843988e-04
4.240000000000000000e+03 -1.975612535888938493e-04
4.242000000000000000e+03 -2.760983203140309535e-04
4.244000000000000000e+03 -3.145593724782172235e-04
4.246000000000000000e+03 -2.749912161287169574e-04
4.248000000000000000e+03 -2.395520243148008504e-04
4.250000000000000000e+03 -3.606681191520019281e-04
4.252000000000000000e+03 -1.794109786319368995e-04
4.254000000000000000e+03 -1.421774275378794527e-04
4.256000000000000000e+03 -2.951236589435012855e-05
4.258000000000000000e+03 -6.675622581721925167e-04
4.260000000000000000e+03 -2.979864015218026529e-04
4.262000000000000000e+03 -8.894098750334209066e-05
4.264000000000000000e+03 -1.266086475751640808e-03
4.266000000000000000e+03 -1.447333677299278160e-03
4.268000000000000000e+03 9.056293396131543565e-05
4.270000000000000000e+03 -8.903408014753080944e-04
4.272000000000000000e+03 1.249974865626863100e-04
4.274000000000000000e+03 -4.136702716241930154e-04
4.276000000000000000e+03 1.136601405786007954e-05
4.278000000000000000e+03 -1.888162898860447098e-05
4.280000000000000000e+03 6.835346841954914598e-04
4.282000000000000000e+03 1.074145778486854715e-03
4.284000000000000000e+03 2.701500735344746049e-04
4.286000000000000000e+03 -4.131101074307065905e-04
4.288000000000000000e+03 -9.092228209584233157e-04
4.290000000000000000e+03 -1.616978105270681747e-03
4.292000000000000000e+03 2.553499160366829064e-03
4.294000000000000000e+03 4.591273781961050589e-04
4.296000000000000000e+03 7.390307402511919180e-05
4.298000000000000000e+03 8.853507800053513066e-03
4.300000000000000000e+03 5.251011061786037964e-02
4.302000000000000000e+03 -4.678103569446716639e-04
4.304000000000000000e+03 -4.957971213561430078e-03
4.306000000000000000e+03 -1.548751243091144036e-02
4.308000000000000000e+03 -3.607143224045807669e-03
4.310000000000000000e+03 -4.764387859855326833e-03
4.312000000000000000e+03 9.347401400300374419e-03
4.314000000000000000e+03 2.498545099487341214e-02
4.316000000000000000e+03 5.301136680135407758e-03
4.318000000000000000e+03 9.798007365883422588e-04
4.320000000000000000e+03 2.037842292615287682e-03
4.322000000000000000e+03 3.659827104799486842e-04
4.324000000000000000e+03 1.452453602513945345e-04
4.326000000000000000e+03 -3.939148081805447544e-05
4.328000000000000000e+03 -2.121305907272350759e-05
4.330000000000000000e+03 -1.702523402884724988e-04
4.332000000000000000e+03 -1.953150455894226139e-04
4.334000000000000000e+03 -2.060599699636832120e-04
4.336000000000000000e+03 -1.545170734093663251e-04
4.338000000000000000e+03 -1.968395514397856838e-04
4.340000000000000000e+03 -1.258074462932367655e-04
4.342000000000000000e+03 -1.127533223294244186e-04
4.344000000000000000e+03 -1.159374431954220645e-04
4.346000000000000000e+03 -7.599199207715432532e-05
4.348000000000000000e+03 -8.684448191200079417e-05
4.350000000000000000e+03 -3.025093958873311230e-04
4.352000000000000000e+03 -3.001579614069719432e-04
4.354000000000000000e+03 -2.831828777011816318e-04
4.356000000000000000e+03 -4.052558394963177123e-04
4.358000000000000000e+03 -3.594572598566478480e-04
4.360000000000000000e+03 -1.214612908341084103e-03
4.362000000000000000e+03 -1.495086237044337789e-03
4.364000000000000000e+03 -3.011285826653901845e-03
4.366000000000000000e+03 -1.594302977275866267e-03
4.368000000000000000e+03 -2.229250445760513032e-03
4.370000000000000000e+03 -1.174421959988952192e-03
4.372000000000000000e+03 -5.203297591779876578e-04
4.374000000000000000e+03 -3.098682150124542202e-04
4.376000000000000000e+03 -3.311972434760558658e-04
4.378000000000000000e+03 -2.819732463292366634e-04
4.380000000000000000e+03 -3.115800597742257117e-04
4.382000000000000000e+03 -2.114764148554305998e-04
4.384000000000000000e+03 -4.999259039852774981e-04
4.386000000000000000e+03 -1.972242336474674430e-03
4.388000000000000000e+03 -1.249878874130324604e-03
4.390000000000000000e+03 -1.327540606485123724e-03
4.392000000000000000e+03 -2.400110549584886718e-03
4.394000000000000000e+03 -1.141013083066007815e-03
4.396000000000000000e+03 4.263457308131048682e-05
4.398000000000000000e+03 -2.881704813117047666e-04
4.400000000000000000e+03 1.519312891354912933e-03
4.402000000000000000e+03 2.450771256790148719e-02
4.404000000000000000e+03 2.014469558081961181e-02
4.406000000000000000e+03 -1.941316324172665322e-02
4.408000000000000000e+03 -8.145571712678689388e-03
4.410000000000000000e+03 -1.044470985275530381e-02
4.412000000000000000e+03 -3.254051373884332774e-03
4.414000000000000000e+03 7.403116025223484547e-05
4.416000000000000000e+03 -2.633035908203361190e-04
4.418000000000000000e+03 -6.317746487721585943e-05
4.420000000000000000e+03 -2.933938103296797957e-04
4.422000000000000000e+03 -2.685512351584995634e-04
4.424000000000000000e+03 -1.127325673533659522e-04
4.426000000000000000e+03 -2.364180191927776691e-04
4.428000000000000000e+03 -3.935364323515638872e-04
4.430000000000000000e+03 6.219499411886611918e-05
4.432000000000000000e+03 -4.650689954029237289e-04
4.434000000000000000e+03 1.425879007918271419e-05
4.436000000000000000e+03 1.039350085199022318e-04
4.438000000000000000e+03 -1.939880742010449937e-04
4.440000000000000000e+03 -6.002736896674044069e-05
4.442000000000000000e+03 1.331955172142685973e-05
4.444000000000000000e+03 8.552461794089612831e-05
4.446000000000000000e+03 1.176452129093237461e-04
4.448000000000000000e+03 2.162869353672610448e-04
4.450000000000000000e+03 8.231881741292263442e-05
4.452000000000000000e+03 3.496873729478487116e-04
4.454000000000000000e+03 6.279721183357354951e-04
4.456000000000000000e+03 5.142613153390864552e-04
4.458000000000000000e+03 5.489924984853342734e-04
4.460000000000000000e+03 -3.799268602053627367e-06
4.462000000000000000e+03 1.700066934002319357e-03
4.464000000000000000e+03 8.205655737514404432e-04
4.466000000000000000e+03 1.631551282224155740e-04
4.468000000000000000e+03 1.198129047206625741e-04
4.470000000000000000e+03 9.265175982947729564e-05
4.472000000000000000e+03 -1.029325120824832319e-05
4.474000000000000000e+03 1.931406081450773575e-04
4.476000000000000000e+03 -6.865002790530909003e-04
4.478000000000000000e+03 -1.154959853524236205e-03
4.480000000000000000e+03 -6.003583334971685642e-03
4.482000000000000000e+03 -1.484409268452296753e-03
4.484000000000000000e+03 -5.655496817590456365e-04
4.486000000000000000e+03 -3.477816691458035145e-04
4.488000000000000000e+03 -6.073810879592929975e-04
4.490000000000000000e+03 -7.028167318612542043e-04
4.492000000000000000e+03 -5.619159200187309744e-04
4.494000000000000000e+03 -4.004214683454451968e-04
4.496000000000000000e+03 -2.745677893115340226e-04
4.498000000000000000e+03 -6.486862499108059059e-04
4.500000000000000000e+03 -6.484789826728374913e-04
4.502000000000000000e+03 -5.155508039455278073e-04
4.504000000000000000e+03 -7.437814591710756188e-04
4.506000000000000000e+03 -5.769916645272515042e-03
4.508000000000000000e+03 -1.775876005435744406e-02
4.510000000000000000e+03 -3.069905261128043610e-03
4.512000000000000000e+03 -1.023102251099882549e-03
4.514000000000000000e+03 2.220348505021352400e-04
4.516000000000000000e+03 -1.801784179252715603e-04
4.518000000000000000e+03 7.735496875177791474e-04
4.520000000000000000e+03 1.869577463783503226e-03
4.522000000000000000e+03 8.856048086474966339e-04
4.524000000000000000e+03 8.234459124836828120e-04
4.526000000000000000e+03 5.001584992634166378e-04
4.528000000000000000e+03 1.024033114018149671e-03
4.530000000000000000e+03 5.426985788273182027e-04
4.532000000000000000e+03 2.135414674687773453e-04
4.534000000000000000e+03 -5.452430994114938723e-05
4.536000000000000000e+03 4.072764844345304996e-06
4.538000000000000000e+03 -1.220363165292976543e-04
4.540000000000000000e+03 -4.778715747419586213e-05
4.542000000000000000e+03 -2.904483469243900129e-06
4.544000000000000000e+03 7.727709802464025654e-05
4.546000000000000000e+03 3.767977023236273736e-04
4.548000000000000000e+03 8.044339421164983003e-05
4.550000000000000000e+03 2.084519603368171624e-04
4.552000000000000000e+03 -2.695580482518129557e-04
4.554000000000000000e+03 9.797732137918766708e-05
4.556000000000000000e+03 -7.981552851118005874e-05
4.558000000000000000e+03 -5.930886452947284294e-04
4.560000000000000000e+03 -1.428223521081259633e-04
4.562000000000000000e+03 -2.942752992063195350e-05
4.564000000000000000e+03 -1.209388602588290696e-04
4.566000000000000000e+03 -1.894570689413869948e-04
4.568000000000000000e+03 -2.838884923248750848e-04
4.570000000000000000e+03 -1.981767391298948160e-04
4.572000000000000000e+03 -2.369138983134863277e-05
4.574000000000000000e+03 1.160667678317095871e-05
4.576000000000000000e+03 -1.259619165641899925e-05
4.578000000000000000e+03 2.507931395704537754e-05
4.580000000000000000e+03 1.114703948343677713e-05
4.582000000000000000e+03 6.667938120817707500e-05
4.584000000000000000e+03 4.116421057501213335e-05
4.586000000000000000e+03 7.502261063233514322e-05
4.588000000000000000e+03 2.776099301274294139e-05
4.590000000000000000e+03 4.710036137824848558e-05
4.592000000000000000e+03 6.430996272506287468e-05
4.594000000000000000e+03 2.970966626312506403e-05
4.596000000000000000e+03 4.675013075431412579e-05
4.598000000000000000e+03 6.341761912769750746e-05
4.600000000000000000e+03 -1.610979696183656798e-04
4.602000000000000000e+03 -2.448333526293273955e-04
4.604000000000000000e+03 -3.454892968317394572e-04
4.606000000000000000e+03 -7.432277291522865681e-04
4.608000000000000000e+03 -4.229581155002288184e-04
4.610000000000000000e+03 -3.178200075746120154e-04
4.612000000000000000e+03 -4.324045869043548706e-04
4.614000000000000000e+03 -2.213589465646676347e-04
4.616000000000000000e+03 -3.129379412222771492e-04
4.618000000000000000e+03 -2.333415571785690714e-04
4.620000000000000000e+03 -2.883025942318517051e-04
4.622000000000000000e+03 -1.638834433802568286e-04
4.624000000000000000e+03 -1.263081405900538649e-04
4.626000000000000000e+03 -7.422295589915377213e-05
4.628000000000000000e+03 -1.547798929727556793e-04
4.630000000000000000e+03 -8.537195205392341562e-05
4.632000000000000000e+03 -5.551153811046776962e-05
4.634000000000000000e+03 -2.207648486104607808e-05
4.636000000000000000e+03 2.188492145080864201e-06
4.638000000000000000e+03 1.711432640508357393e-05
4.640000000000000000e+03 1.252426928705122237e-05
4.642000000000000000e+03 2.408661038428802455e-05
4.644000000000000000e+03 -7.521355297337564697e-07
4.646000000000000000e+03 4.015018853181916446e-05
4.648000000000000000e+03 4.619272809336355507e-05
4.650000000000000000e+03 9.592428759184511221e-05
4.652000000000000000e+03 6.145137741416719800e-05
4.654000000000000000e+03 5.641668386004291755e-05
4.656000000000000000e+03 7.600604995044131572e-05
4.658000000000000000e+03 1.101127225966137894e-04
4.660000000000000000e+03 1.416123525687057016e-04
4.662000000000000000e+03 1.910569981206503888e-04
4.664000000000000000e+03 8.441266928724775473e-04
4.666000000000000000e+03 9.954802627423055359e-04
4.668000000000000000e+03 9.716658855130340215e-04
4.670000000000000000e+03 1.089440241411151382e-03
4.672000000000000000e+03 5.190554008189908822e-04
4.674000000000000000e+03 5.225580142384698935e-04
4.676000000000000000e+03 6.750461141804834286e-04
4.678000000000000000e+03 7.366000929128900705e-04
4.680000000000000000e+03 5.538168703281026077e-04
4.682000000000000000e+03 1.238530488321707996e-03
4.684000000000000000e+03 5.794429165291306062e-03
4.686000000000000000e+03 5.622087610923883969e-03
4.688000000000000000e+03 -4.026571506905123402e-03
4.690000000000000000e+03 -1.344599211324308671e-03
4.692000000000000000e+03 -4.011089489146435830e-03
4.694000000000000000e+03 1.801484269750710870e-04
4.696000000000000000e+03 -1.074607249959334907e-04
4.698000000000000000e+03 -2.723123877842691912e-04
4.700000000000000000e+03 -6.127518318097260538e-04
4.702000000000000000e+03 -5.257707579650382299e-04
4.704000000000000000e+03 -4.663729432729885808e-04
4.706000000000000000e+03 -4.223439891792545573e-04
4.708000000000000000e+03 -6.851289582826090982e-04
4.710000000000000000e+03 -9.215692821122108830e-04
4.712000000000000000e+03 -6.739480978461945314e-04
4.714000000000000000e+03 -9.825458102779519726e-04
4.716000000000000000e+03 -1.074037482870576115e-03
4.718000000000000000e+03 -4.414296798243374674e-04
4.720000000000000000e+03 -6.333683252908307144e-05
4.722000000000000000e+03 -2.559079940669792188e-04
4.724000000000000000e+03 -9.829983589786145577e-05
4.726000000000000000e+03 -9.685220578517496576e-05
4.728000000000000000e+03 9.483395404695280610e-06
4.730000000000000000e+03 3.977997513411116724e-05
4.732000000000000000e+03 1.294618973968826743e-04
4.734000000000000000e+03 1.481283228557131134e-04
4.736000000000000000e+03 8.497050868235336840e-05
4.738000000000000000e+03 6.210229119349690990e-05
4.740000000000000000e+03 3.079446140864037075e-05
4.742000000000000000e+03 2.636923906399601535e-04
4.744000000000000000e+03 5.096290253194676011e-04
4.746000000000000000e+03 6.202226370895919366e-04
4.748000000000000000e+03 6.489486842883616458e-04
4.750000000000000000e+03 1.870157667833090591e-03
4.752000000000000000e+03 2.138093294839837205e-03
4.754000000000000000e+03 1.080535558068360710e-03
4.756000000000000000e+03 2.108289996596439224e-03
4.758000000000000000e+03 1.054483274814621736e-03
4.760000000000000000e+03 -3.456505155577144391e-04
4.762000000000000000e+03 -4.544140273705101450e-03
4.764000000000000000e+03 6.319352835225827171e-04
4.766000000000000000e+03 5.890839621101587244e-05
4.768000000000000000e+03 -1.871389156808417483e-04
4.770000000000000000e+03 -4.274092494346596813e-04
4.772000000000000000e+03 1.262711249594592681e-04
4.774000000000000000e+03 1.221200700531952085e-04
4.776000000000000000e+03 -2.781522506117636015e-06
4.778000000000000000e+03 7.918254509768308123e-06
4.780000000000000000e+03 -2.802768310107012223e-05
4.782000000000000000e+03 -8.427943638450817031e-05
4.784000000000000000e+03 -2.352733385546845805e-05
4.786000000000000000e+03 -1.223844795471831581e-05
4.788000000000000000e+03 3.145815050713006267e-06
4.790000000000000000e+03 -2.548827514879274961e-06
4.792000000000000000e+03 -3.291444252032592175e-05
4.794000000000000000e+03 -6.134144769666532450e-05
4.796000000000000000e+03 -1.275520513018733545e-04
4.798000000000000000e+03 -1.166476046511048163e-04
4.800000000000000000e+03 -7.925085891404221386e-05
4.802000000000000000e+03 -1.437862109926325404e-04
4.804000000000000000e+03 -1.944883191432280245e-04
4.806000000000000000e+03 -2.748794298769342425e-04
4.808000000000000000e+03 -3.563071374512737132e-04
4.810000000000000000e+03 -3.162463258309049620e-04
4.812000000000000000e+03 -2.597869179289530317e-04
4.814000000000000000e+03 -2.617293039240404357e-04
4.816000000000000000e+03 -2.054943036282069627e-04
4.818000000000000000e+03 -2.340029372530958265e-04
4.820000000000000000e+03 -1.562140083784747046e-04
4.822000000000000000e+03 -1.370580149149496071e-04
4.824000000000000000e+03 -1.563778316698111680e-04
4.826000000000000000e+03 -3.242597084388393032e-04
4.828000000000000000e+03 -4.623347817227649792e-04
4.830000000000000000e+03 -6.062703936877683738e-04
4.832000000000000000e+03 -4.372436710900974208e-04
4.834000000000000000e+03 -7.970705631369874372e-04
4.836000000000000000e+03 -4.747324789199990438e-04
4.838000000000000000e+03 -3.132088752788980126e-04
4.840000000000000000e+03 -3.459872359078384227e-04
4.842000000000000000e+03 -5.718042526819968837e-05
4.844000000000000000e+03 -1.142779674575961297e-03
4.846000000000000000e+03 -6.054995235835153544e-05
4.848000000000000000e+03 -1.429495736186652791e-04
4.850000000000000000e+03 7.687967860234931497e-05
4.852000000000000000e+03 1.573571784036888264e-04
4.854000000000000000e+03 1.538941799291897530e-04
4.856000000000000000e+03 9.770638760746743325e-05
4.858000000000000000e+03 1.633973224091758664e-06
4.860000000000000000e+03 9.897137927716482842e-06
4.862000000000000000e+03 1.253621700530577222e-05
4.864000000000000000e+03 2.337614083881202234e-05
4.866000000000000000e+03 2.573713258835465067e-05
4.868000000000000000e+03 -1.206975410489524801e-04
4.870000000000000000e+03 -1.024400983335124499e-04
4.872000000000000000e+03 -9.785965220476321809e-05
4.874000000000000000e+03 3.059018839530399671e-04
4.876000000000000000e+03 4.312302955725257135e-04
4.878000000000000000e+03 3.788422348645861153e-04
4.880000000000000000e+03 1.507647776128648689e-04
4.882000000000000000e+03 7.836003654989128929e-05
4.884000000000000000e+03 4.478005645789105748e-05
4.886000000000000000e+03 5.928216948950341822e-05
4.888000000000000000e+03 6.085918134315759364e-05
4.890000000000000000e+03 1.253516916252530570e-05
4.892000000000000000e+03 5.875812513375298468e-05
4.894000000000000000e+03 1.543905238379408428e-04
4.896000000000000000e+03 1.056612690110204334e-05
4.898000000000000000e+03 -3.739688666221486037e-05
4.900000000000000000e+03 -7.580486016974279087e-06
4.902000000000000000e+03 2.456459964347574697e-04
4.904000000000000000e+03 8.917598301028051495e-05
4.906000000000000000e+03 3.163161102159443611e-04
4.908000000000000000e+03 3.546827646419425267e-04
4.910000000000000000e+03 6.546612784214592400e-04
4.912000000000000000e+03 7.843593656665698213e-04
4.914000000000000000e+03 1.037957582198187389e-03
4.916000000000000000e+03 8.962590767162966713e-04
4.918000000000000000e+03 3.354315267925939321e-03
4.920000000000000000e+03 4.400549068804640064e-03
4.922000000000000000e+03 1.386640022380267526e-03
4.924000000000000000e+03 4.908411442061226277e-04
4.926000000000000000e+03 -1.393745670554068596e-04
4.928000000000000000e+03 -5.715390346022452541e-04
4.930000000000000000e+03 -1.566828758810561351e-04
4.932000000000000000e+03 -9.228167880937926404e-05
4.934000000000000000e+03 -5.364179649473715971e-05
4.936000000000000000e+03 -1.500619312641449804e-04
4.938000000000000000e+03 -1.280151952150205945e-04
4.940000000000000000e+03 -1.919259099434010812e-04
4.942000000000000000e+03 -3.256693222541216640e-04
4.944000000000000000e+03 -4.287434187312294163e-04
4.946000000000000000e+03 -2.277247717175964596e-04
4.948000000000000000e+03 -1.290660509404342174e-04
4.950000000000000000e+03 -1.403749749742238542e-04
4.952000000000000000e+03 -2.230211316196271216e-04
4.954000000000000000e+03 -2.225305333518474949e-04
4.956000000000000000e+03 -1.384194220462850228e-04
4.958000000000000000e+03 -2.629881983714983966e-04
4.960000000000000000e+03 -4.972817050073888648e-04
4.962000000000000000e+03 -1.888032686001742762e-04
4.964000000000000000e+03 -1.299858411500604352e-04
4.966000000000000000e+03 -1.407070907813240336e-04
4.968000000000000000e+03 -1.308595221788998533e-04
4.970000000000000000e+03 -1.426150358436359638e-04
4.972000000000000000e+03 -8.470763090870963500e-05
4.974000000000000000e+03 2.569830476218910455e-05
4.976000000000000000e+03 -2.019348640298033337e-05
4.978000000000000000e+03 -1.403236275569180031e-04
4.980000000000000000e+03 -1.076871402694179486e-04
4.982000000000000000e+03 -7.043053737366518016e-05
4.984000000000000000e+03 -2.768085291487397753e-05
4.986000000000000000e+03 -4.696980412095220158e-05
4.988000000000000000e+03 3.472112921561123518e-05
4.990000000000000000e+03 -1.183092992424756153e-04
4.992000000000000000e+03 -1.293057776740170301e-04
4.994000000000000000e+03 -2.111035914152417593e-04
4.996000000000000000e+03 -5.799481411313326925e-04
4.998000000000000000e+03 -4.827104469820945308e-04
5.000000000000000000e+03 -3.686717003651139341e-04
5.002000000000000000e+03 -2.809049363607542932e-04
5.004000000000000000e+03 -1.900639036717667021e-04
5.006000000000000000e+03 -2.702509247463403576e-04
5.008000000000000000e+03 -2.526161639409183987e-04
5.010000000000000000e+03 -2.118569155227449489e-04
5.012000000000000000e+03 -1.978326910246281701e-04
5.014000000000000000e+03 -1.048074677166464607e-04
5.016000000000000000e+03 -1.741307149289168907e-05
5.018000000000000000e+03 3.382984525472815962e-05
5.020000000000000000e+03 -2.777963637071363700e-04
5.022000000000000000e+03 -2.972110787935025632e-04
5.024000000000000000e+03 -2.347296696512710752e-04
5.026000000000000000e+03 -2.648034873314236747e-04
5.028000000000000000e+03 -2.472580170306361074e-04
5.030000000000000000e+03 -2.290284377037210225e-04
5.032000000000000000e+03 -1.789637808483551600e-04
5.034000000000000000e+03 -2.066286369245016259e-04
5.036000000000000000e+03 -1.805980693884355842e-04
5.038000000000000000e+03 -2.055209832892611278e-04
5.040000000000000000e+03 -2.544337480801025109e-04
5.042000000000000000e+03 -2.325974098190566430e-04
5.044000000000000000e+03 -2.577309563402299490e-04
5.046000000000000000e+03 -2.823688032893128521e-04
5.048000000000000000e+03 -6.338946019360815719e-04
5.050000000000000000e+03 -4.444806364131793984e-04
5.052000000000000000e+03 -1.076983209789565601e-04
5.054000000000000000e+03 -3.665691948745148743e-04
5.056000000000000000e+03 1.053357409788091337e-04
5.058000000000000000e+03 2.156492898078193931e-04
5.060000000000000000e+03 9.979469704742676415e-05
5.062000000000000000e+03 -2.264428667947923125e-04
5.064000000000000000e+03 -2.015139077931144224e-04
5.066000000000000000e+03 -1.462946382858069049e-04
5.068000000000000000e+03 -1.997414640378954815e-04
5.070000000000000000e+03 -1.754691534085145530e-04
5.072000000000000000e+03 -1.925740918194506868e-04
5.074000000000000000e+03 -2.830750904902086789e-04
5.076000000000000000e+03 -3.394373083824852341e-04
5.078000000000000000e+03 -3.481846830348284843e-04
5.080000000000000000e+03 -2.035341178864433708e-04
5.082000000000000000e+03 -3.337805005281771118e-04
5.084000000000000000e+03 -2.198244164081642989e-04
5.086000000000000000e+03 -1.341399369186269889e-04
5.088000000000000000e+03 -1.907782449453078065e-04
5.090000000000000000e+03 -1.087208935724161095e-04
5.092000000000000000e+03 -1.606778246881022791e-04
5.094000000000000000e+03 -3.273867265584822005e-04
5.096000000000000000e+03 -4.907269551032014199e-04
5.098000000000000000e+03 -4.043263947712474209e-04
5.100000000000000000e+03 -4.385321639646971208e-04
5.102000000000000000e+03 -1.847573291040680737e-04
5.104000000000000000e+03 -1.815452166940990496e-04
5.106000000000000000e+03 -1.948582556837128192e-04
5.108000000000000000e+03 -2.398817888609499542e-04
5.110000000000000000e+03 -1.546067670465934001e-04
5.112000000000000000e+03 -2.753947632155666326e-04
5.114000000000000000e+03 -6.726107770245339076e-05
5.116000000000000000e+03 -1.921356668757512787e-05
5.118000000000000000e+03 9.926170748239680801e-06
5.120000000000000000e+03 -7.994733093298109054e-05
5.122000000000000000e+03 -1.298594704997118275e-04
5.124000000000000000e+03 -8.089816442827843079e-05
5.126000000000000000e+03 -8.633870434198874424e-05
5.128000000000000000e+03 -2.914417907186906214e-05
5.130000000000000000e+03 1.210834283643791236e-05
5.132000000000000000e+03 3.708465728655363459e-05
5.134000000000000000e+03 2.855882647902489014e-05
5.136000000000000000e+03 7.415916949232113095e-05
5.138000000000000000e+03 8.861097890585643334e-05
5.140000000000000000e+03 1.231730136804519752e-04
5.142000000000000000e+03 6.464981325212800444e-05
5.144000000000000000e+03 8.208744557795353712e-05
5.146000000000000000e+03 2.231023894702510797e-05
5.148000000000000000e+03 5.339098287019037573e-05
5.150000000000000000e+03 1.162016160359670240e-05
5.152000000000000000e+03 4.163155888895729166e-05
5.154000000000000000e+03 6.096703237997734207e-05
5.156000000000000000e+03 3.423053873329604744e-05
5.158000000000000000e+03 5.028358730954258517e-05
5.160000000000000000e+03 6.616573151778481056e-05
5.162000000000000000e+03 5.283129974957490244e-05
5.164000000000000000e+03 3.484903191882532131e-05
5.166000000000000000e+03 -9.920718019884637801e-06
5.168000000000000000e+03 -7.388672767286309926e-06
5.170000000000000000e+03 -9.638720562579224235e-05
5.172000000000000000e+03 3.262708074769361778e-05
5.174000000000000000e+03 2.288131448917820503e-04
5.176000000000000000e+03 1.765166606952609137e-04
5.178000000000000000e+03 2.192525371184992483e-04
5.180000000000000000e+03 3.394963436291802627e-05
5.182000000000000000e+03 2.813714270891305410e-04
5.184000000000000000e+03 4.906578351775913528e-05
5.186000000000000000e+03 1.170003846388040782e-05
5.188000000000000000e+03 1.191663506446281239e-04
5.190000000000000000e+03 4.061924122023019036e-05
5.192000000000000000e+03 4.329628956859994421e-04
5.194000000000000000e+03 3.724781336923472662e-04
5.196000000000000000e+03 4.768546908845644819e-04
5.198000000000000000e+03 1.777043296029809946e-04
5.200000000000000000e+03 8.496392288855700173e-04
5.202000000000000000e+03 5.144075755709533486e-04
5.204000000000000000e+03 3.445247315237835750e-04
5.206000000000000000e+03 3.089320916563832644e-04
5.208000000000000000e+03 1.789818402737969533e-04
5.210000000000000000e+03 4.522690303913704261e-05
5.212000000000000000e+03 -8.499289246359567607e-05
5.214000000000000000e+03 -8.651379827864787251e-05
5.216000000000000000e+03 -9.663561970705680099e-05
5.218000000000000000e+03 1.775635012689538294e-04
5.220000000000000000e+03 2.902605923302442365e-04
5.222000000000000000e+03 1.186502912676965123e-03
5.224000000000000000e+03 1.545657219108469409e-03
5.226000000000000000e+03 9.413172272263322597e-04
5.228000000000000000e+03 9.084245064266819637e-04
5.230000000000000000e+03 3.964152298662226327e-04
5.232000000000000000e+03 2.359338917891741667e-07
5.234000000000000000e+03 -2.084358047611828700e-05
5.236000000000000000e+03 7.650911976854258602e-05
5.238000000000000000e+03 1.520539559596015744e-04
5.240000000000000000e+03 1.662182990392010689e-05
5.242000000000000000e+03 8.978186450556840947e-05
5.244000000000000000e+03 3.373694020155645163e-05
5.246000000000000000e+03 2.950662363321530156e-05
5.248000000000000000e+03 8.908798492632730073e-05
5.250000000000000000e+03 1.127076783144213726e-04
5.252000000000000000e+03 7.739080255955184525e-05
5.254000000000000000e+03 1.518970954700659748e-04
5.256000000000000000e+03 3.147605873471969899e-05
5.258000000000000000e+03 1.100454467204754110e-04
5.260000000000000000e+03 4.709441167509745388e-05
5.262000000000000000e+03 9.432975413038926376e-05
5.264000000000000000e+03 5.109956803888575822e-05
5.266000000000000000e+03 1.080128623741225468e-04
5.268000000000000000e+03 4.257133251067690694e-05
5.270000000000000000e+03 6.395245046332462800e-05
5.272000000000000000e+03 5.431346180864269100e-05
5.274000000000000000e+03 2.260784994487485258e-06
5.276000000000000000e+03 2.551668380958936047e-04
5.278000000000000000e+03 2.175265177577842687e-04
5.280000000000000000e+03 1.257668876792100872e-04
5.282000000000000000e+03 1.844025996458832281e-04
5.284000000000000000e+03 2.642078227412427826e-04
5.286000000000000000e+03 1.558086865179426558e-04
5.288000000000000000e+03 1.359134983506371356e-04
5.290000000000000000e+03 2.324825510969913390e-04
5.292000000000000000e+03 2.639948551211105656e-04
5.294000000000000000e+03 1.752631034607708672e-04
5.296000000000000000e+03 3.537254924590738374e-04
5.298000000000000000e+03 5.877213723164837747e-04
5.300000000000000000e+03 5.627138660525680437e-04
5.302000000000000000e+03 -3.420631600259681519e-04
5.304000000000000000e+03 7.795090483454958537e-04
5.306000000000000000e+03 -3.138979952454430687e-06
5.308000000000000000e+03 -3.593990077571340442e-03
5.310000000000000000e+03 -1.066421560260762385e-03
5.312000000000000000e+03 -4.474378005266722055e-04
5.314000000000000000e+03 -3.367201331408321689e-04
5.316000000000000000e+03 -2.896548234746912972e-04
5.318000000000000000e+03 -3.376221746605150421e-04
5.320000000000000000e+03 -5.597747273109269497e-04
5.322000000000000000e+03 -3.839135868344013803e-04
5.324000000000000000e+03 -6.448162307404045265e-04
5.326000000000000000e+03 -6.991662530132629902e-04
5.328000000000000000e+03 -5.134345834663162815e-04
5.330000000000000000e+03 -2.688828791341241870e-04
5.332000000000000000e+03 -2.805894246092209185e-04
5.334000000000000000e+03 -5.112591772993966459e-04
5.336000000000000000e+03 -6.032660950361176276e-04
5.338000000000000000e+03 -1.043905655022861175e-03
5.340000000000000000e+03 -1.046022342731752017e-03
5.342000000000000000e+03 -2.339813218141308451e-03
5.344000000000000000e+03 -7.541942657030742576e-03
5.346000000000000000e+03 -1.238012874093785340e-02
5.348000000000000000e+03 9.963765113016985822e-03
5.350000000000000000e+03 9.034144747198992464e-02
5.352000000000000000e+03 5.261908309338988489e-03
5.354000000000000000e+03 1.399529208966831953e-03
5.356000000000000000e+03 4.406677565655734287e-04
5.358000000000000000e+03 -1.894667032766890870e-04
5.360000000000000000e+03 1.349924177158930822e-06
5.362000000000000000e+03 -7.548501847244378925e-05
5.364000000000000000e+03 2.351337874976307921e-05
5.366000000000000000e+03 -1.184488157053926579e-05
5.368000000000000000e+03 -6.613642031216523162e-05
5.370000000000000000e+03 2.514192306119025799e-04
5.372000000000000000e+03 1.642324084795417180e-04
5.374000000000000000e+03 1.110131407268736382e-04
5.376000000000000000e+03 1.535885539154568718e-04
5.378000000000000000e+03 3.216251145143142888e-04
5.380000000000000000e+03 2.213904624834096144e-05
5.382000000000000000e+03 -4.413115674400999163e-05
5.384000000000000000e+03 -4.125841230759441495e-04
5.386000000000000000e+03 -3.547920317738256367e-04
5.388000000000000000e+03 -3.199134738123867437e-04
5.390000000000000000e+03 -3.469528830385580544e-04
5.392000000000000000e+03 -3.687623225099287199e-04
5.394000000000000000e+03 -3.425358101671255383e-04
5.396000000000000000e+03 -4.182590821452463695e-04
5.398000000000000000e+03 -3.185841401642101108e-04
5.400000000000000000e+03 -3.172030451369606892e-04
5.402000000000000000e+03 -2.129734149773830046e-04
5.404000000000000000e+03 -1.493123498460899193e-04
5.406000000000000000e+03 -4.323208777901070749e-04
5.408000000000000000e+03 -4.461953206814130439e-04
5.410000000000000000e+03 -3.513675184174864553e-04
5.412000000000000000e+03 -1.712298396499027035e-04
5.414000000000000000e+03 -2.128720006309962767e-04
5.416000000000000000e+03 -2.729843554772309173e-04
5.418000000000000000e+03 -2.994787707528532455e-04
5.420000000000000000e+03 -5.016913543685985570e-04
5.422000000000000000e+03 -3.055673565696721957e-04
5.424000000000000000e+03 -4.559697849475825436e-04
5.426000000000000000e+03 -5.861229783477316145e-04
5.428000000000000000e+03 5.969896516526694607e-04
5.430000000000000000e+03 6.823998823802790697e-04
5.432000000000000000e+03 1.887732190389217234e-03
5.434000000000000000e+03 4.445482191943483409e-03
5.436000000000000000e+03 1.217665887363282920e-02
5.438000000000000000e+03 -5.646415646924757802e-04
5.440000000000000000e+03 -7.343533683985495157e-03
5.442000000000000000e+03 -6.036965921014594491e-03
5.444000000000000000e+03 6.629603461719511120e-03
5.446000000000000000e+03 9.822035881493702478e-03
5.448000000000000000e+03 -1.456745991528397670e-02
5.450000000000000000e+03 9.471137598102707250e-03
5.452000000000000000e+03 -2.493968832615619082e-04
5.454000000000000000e+03 -3.422211795139577968e-03
5.456000000000000000e+03 -4.529297714956602710e-05
5.458000000000000000e+03 -3.653708591455546301e-03
5.460000000000000000e+03 -4.001415684420461631e-03
5.462000000000000000e+03 3.638287719607094430e-03
5.464000000000000000e+03 2.287192072924381335e-03
5.466000000000000000e+03 3.757625736488881822e-04
5.468000000000000000e+03 1.214168047915531630e-03
5.470000000000000000e+03 7.671713273067704009e-03
5.472000000000000000e+03 3.115660633212204590e-03
5.474000000000000000e+03 2.715761727616066053e-04
5.476000000000000000e+03 -1.495693102827732202e-04
5.478000000000000000e+03 3.003372644360666525e-04
5.480000000000000000e+03 3.199623553112406317e-04
5.482000000000000000e+03 3.611289134540561041e-04
5.484000000000000000e+03 3.560461534674448062e-04
5.486000000000000000e+03 6.445754205797211023e-04
5.488000000000000000e+03 2.574382452392127507e-04
5.490000000000000000e+03 3.229406720728226544e-04
5.492000000000000000e+03 1.952004555066065615e-03
5.494000000000000000e+03 9.385551518051301950e-04
5.496000000000000000e+03 4.654188107041567959e-04
5.498000000000000000e+03 2.211958154177138321e-04
5.500000000000000000e+03 -1.870833765914154049e-05
5.502000000000000000e+03 -3.100027742057102741e-05
5.504000000000000000e+03 2.157762335681542539e-05
5.506000000000000000e+03 6.030839518762254775e-05
5.508000000000000000e+03 4.287359343735414914e-05
5.510000000000000000e+03 -3.180452408178265311e-05
5.512000000000000000e+03 -6.751412208821024638e-05
5.514000000000000000e+03 -7.978070831469456141e-05
5.516000000000000000e+03 -8.466674639862819889e-05
5.518000000000000000e+03 -4.744344820515028049e-05
5.520000000000000000e+03 -9.526023511325006912e-05
5.522000000000000000e+03 -1.064333959300302459e-04
5.524000000000000000e+03 -1.357029470735961923e-04
5.526000000000000000e+03 -1.675389745359532451e-04
5.528000000000000000e+03 -1.031921705361857019e-04
5.530000000000000000e+03 -1.413505961599253200e-04
5.532000000000000000e+03 -1.073147595062101716e-04
5.534000000000000000e+03 -5.360418279109421542e-05
5.536000000000000000e+03 -1.561449205827136982e-04
5.538000000000000000e+03 -9.113094803969599901e-05
5.540000000000000000e+03 -5.737087948807386806e-05
5.542000000000000000e+03 -9.692763668020782481e-05
5.544000000000000000e+03 -1.241978263009274651e-04
5.546000000000000000e+03 -1.533973727894632751e-04
5.548000000000000000e+03 3.229053495648822345e-05
5.550000000000000000e+03 -8.019961088604169884e-05
5.552000000000000000e+03 -1.459595709029658554e-04
5.554000000000000000e+03 1.311947345552534029e-05
5.556000000000000000e+03 2.201623781815943275e-05
5.558000000000000000e+03 1.295443558312867195e-05
5.560000000000000000e+03 5.950545487501616694e-05
5.562000000000000000e+03 -3.211493908549754037e-05
5.564000000000000000e+03 -1.736109356507961935e-05
5.566000000000000000e+03 4.012742997286595018e-05
5.568000000000000000e+03 2.780554015710298807e-05
5.570000000000000000e+03 -1.824741879218963159e-06
5.572000000000000000e+03 9.779668281677249438e-05
5.574000000000000000e+03 -2.814454948989959972e-05
5.576000000000000000e+03 -6.293397864535713742e-05
5.578000000000000000e+03 2.292943134582874201e-05
5.580000000000000000e+03 -4.215445490443022250e-05
5.582000000000000000e+03 2.408890624420940746e-04
5.584000000000000000e+03 -8.529770346435347676e-06
5.586000000000000000e+03 -2.382291147412685009e-05
5.588000000000000000e+03 -8.892691759559050245e-05
5.590000000000000000e+03 -1.264040673412100463e-04
5.592000000000000000e+03 -9.579264705169753197e-04
5.594000000000000000e+03 -9.553871709552783954e-04
5.596000000000000000e+03 -3.691888314002169584e-04
5.598000000000000000e+03 -5.766374439992538145e-05
5.600000000000000000e+03 2.137327854156970586e-04
5.602000000000000000e+03 -4.143669817070856826e-04
5.604000000000000000e+03 -4.455409804674796324e-04
5.606000000000000000e+03 -1.496355371226508674e-04
5.608000000000000000e+03 -5.667494022277212273e-05
5.610000000000000000e+03 -2.179046453352291221e-04
5.612000000000000000e+03 -2.904841834565868148e-04
5.614000000000000000e+03 -2.236713927916016468e-04
5.616000000000000000e+03 -2.151026963841177445e-04
5.618000000000000000e+03 -2.246132107984779290e-04
5.620000000000000000e+03 -1.591089834468101618e-04
5.622000000000000000e+03 -8.757107615827007150e-05
5.624000000000000000e+03 -3.438915171498247857e-04
5.626000000000000000e+03 -5.191793307988104469e-05
5.628000000000000000e+03 -1.378808875728011188e-04
5.630000000000000000e+03 -7.764297609474921677e-05
5.632000000000000000e+03 -1.877163947319136219e-04
5.634000000000000000e+03 -3.240897663247549617e-04
5.636000000000000000e+03 -4.615708901851909283e-04
5.638000000000000000e+03 -2.516297179416334567e-04
5.640000000000000000e+03 -2.418571299945605790e-04
5.642000000000000000e+03 -4.875496927911596623e-04
5.644000000000000000e+03 -6.629328786615308784e-04
5.646000000000000000e+03 -8.192751043740975321e-04
5.648000000000000000e+03 -8.573758421199004611e-04
5.650000000000000000e+03 -1.517065880205668068e-03
5.652000000000000000e+03 -3.650768811721541635e-04
5.654000000000000000e+03 -1.060777170937552685e-03
5.656000000000000000e+03 -3.692280762608601309e-04
5.658000000000000000e+03 -3.769968067049048015e-04
5.660000000000000000e+03 -3.874887285107059308e-04
5.662000000000000000e+03 -5.491457625976096414e-04
5.664000000000000000e+03 -5.848924839834086309e-04
5.666000000000000000e+03 -2.994489553770190429e-04
5.668000000000000000e+03 -4.386817343681856298e-04
5.670000000000000000e+03 -3.512713065508978440e-04
5.672000000000000000e+03 -4.246801948586301331e-04
5.674000000000000000e+03 -4.705008204408899202e-04
5.676000000000000000e+03 2.271777471773045540e-03
5.678000000000000000e+03 -1.363953552058313774e-03
5.680000000000000000e+03 -7.629118977717693753e-04
5.682000000000000000e+03 1.721214214051059854e-03
5.684000000000000000e+03 2.424091338637983720e-03
5.686000000000000000e+03 2.342916274634104963e-03
5.688000000000000000e+03 6.072273569514155013e-03
5.690000000000000000e+03 3.213608368586428916e-03
5.692000000000000000e+03 4.216090363240003643e-03
5.694000000000000000e+03 5.010495250113907242e-03
5.696000000000000000e+03 1.534218439800683455e-03
5.698000000000000000e+03 2.559041388773896936e-03
5.700000000000000000e+03 2.161957047990875538e-03
5.702000000000000000e+03 2.384907590802600764e-03
5.704000000000000000e+03 -7.049560561608695384e-04
5.706000000000000000e+03 -3.156439983373508307e-04
5.708000000000000000e+03 2.102022565026387001e-04
5.710000000000000000e+03 3.070703217418732905e-03
5.712000000000000000e+03 1.442456011772967747e-03
5.714000000000000000e+03 -1.167809941972990616e-04
5.716000000000000000e+03 -5.017877206762595158e-06
5.718000000000000000e+03 1.548135711326330440e-02
5.720000000000000000e+03 5.787440902054414270e-03
5.722000000000000000e+03 1.237535194257739345e-03
5.724000000000000000e+03 3.890793205890830022e-03
5.726000000000000000e+03 5.582977310801481158e-02
5.728000000000000000e+03 1.992397211611670813e-03
5.730000000000000000e+03 -3.979637763198190688e-03
5.732000000000000000e+03 3.731290840788429458e-02
5.734000000000000000e+03 1.846822465037337114e-03
5.736000000000000000e+03 1.927791097880678052e-03
5.738000000000000000e+03 1.110117860416245288e-03
5.740000000000000000e+03 1.452058182816820054e-03
5.742000000000000000e+03 2.437642187477036346e-03
5.744000000000000000e+03 2.804542204558916826e-04
5.746000000000000000e+03 1.026959200289649643e-04
5.748000000000000000e+03 -6.866744164365609269e-05
5.750000000000000000e+03 1.123940374779267085e-04
5.752000000000000000e+03 -1.707815331774113708e-05
5.754000000000000000e+03 1.114781328889966197e-04
5.756000000000000000e+03 1.081995027581235870e-05
5.758000000000000000e+03 -8.833104865349187152e-06
5.760000000000000000e+03 9.125342678982010743e-05
5.762000000000000000e+03 8.555897042625912211e-05
5.764000000000000000e+03 4.195131225898597382e-05
5.766000000000000000e+03 -1.512135604724969863e-05
5.768000000000000000e+03 7.937632974166236147e-07
5.770000000000000000e+03 2.278321116403538997e-05
5.772000000000000000e+03 7.072463080950094363e-05
5.774000000000000000e+03 -4.352858291127805786e-05
5.776000000000000000e+03 -1.940808876468173960e-05
5.778000000000000000e+03 3.520731234601523274e-05
5.780000000000000000e+03 2.224176098863098593e-05
5.782000000000000000e+03 5.474264526204861890e-05
5.784000000000000000e+03 1.280335079915555035e-04
5.786000000000000000e+03 1.810667200827643757e-04
5.788000000000000000e+03 2.475702922427112755e-04
5.790000000000000000e+03 2.196597160227112071e-04
5.792000000000000000e+03 4.359839399386534705e-04
5.794000000000000000e+03 3.713090524179635298e-04
5.796000000000000000e+03 4.214258708680540598e-04
5.798000000000000000e+03 4.579721661779415369e-04
5.800000000000000000e+03 2.685129382082960601e-05
5.802000000000000000e+03 1.416987533506923695e-05
5.804000000000000000e+03 -9.188911244839557989e-05
5.806000000000000000e+03 3.094229084515768289e-04
5.808000000000000000e+03 6.619534098462425114e-04
5.810000000000000000e+03 1.230751768297454500e-04
5.812000000000000000e+03 -7.576654342988205703e-04
5.814000000000000000e+03 -2.688461871792355382e-04
5.816000000000000000e+03 -4.213125596955747385e-04
5.818000000000000000e+03 -2.427693142575755212e-04
5.820000000000000000e+03 -1.830012438864068297e-04
5.822000000000000000e+03 -5.286010927892064836e-05
5.824000000000000000e+03 -6.046233386828244491e-05
5.826000000000000000e+03 -2.767079283099000385e-04
5.828000000000000000e+03 -6.397358172239404287e-04
5.830000000000000000e+03 -4.933483936121073245e-04
5.832000000000000000e+03 -2.354916578706182776e-04
5.834000000000000000e+03 -5.371046110342613282e-04
5.836000000000000000e+03 -1.084055264040454649e-04
5.838000000000000000e+03 -8.454431920481937841e-05
5.840000000000000000e+03 -1.661647327193148318e-04
5.842000000000000000e+03 -1.001019872445251126e-04
5.844000000000000000e+03 -1.472876113296528217e-04
5.846000000000000000e+03 -7.787008356546205694e-05
5.848000000000000000e+03 -1.304442412881735641e-04
5.850000000000000000e+03 -1.401323372116201785e-04
5.852000000000000000e+03 -1.445651023852372334e-04
5.854000000000000000e+03 -1.665118427798641988e-04
5.856000000000000000e+03 -1.322424233501602652e-04
5.858000000000000000e+03 -4.285772258560094860e-04
5.860000000000000000e+03 -3.289247723990788570e-04
5.862000000000000000e+03 -3.109643199314532911e-04
5.864000000000000000e+03 -3.026579725788318279e-04
5.866000000000000000e+03 -3.464555050015490035e-04
5.868000000000000000e+03 -3.137664958550874495e-04
5.870000000000000000e+03 -8.931287130511304882e-05
5.872000000000000000e+03 6.046744126534241717e-05
5.874000000000000000e+03 -1.209095088213033595e-04
5.876000000000000000e+03 -1.634103743514254915e-04
5.878000000000000000e+03 -2.490753766939384352e-04
5.880000000000000000e+03 -1.482376726873044161e-04
5.882000000000000000e+03 -1.502742569002929408e-04
5.884000000000000000e+03 -2.012743471771158974e-04
5.886000000000000000e+03 -1.950873305146726621e-04
5.888000000000000000e+03 -5.174296591543541685e-04
5.890000000000000000e+03 -6.271469225793334335e-04
5.892000000000000000e+03 -5.850516924413201635e-04
5.894000000000000000e+03 -2.472742230605011861e-04
5.896000000000000000e+03 -4.475656717597625909e-04
5.898000000000000000e+03 -3.395416998987107180e-04
5.900000000000000000e+03 -3.016245204859148497e-04
5.902000000000000000e+03 -5.394653216050765941e-04
5.904000000000000000e+03 -8.537249107135779424e-04
5.906000000000000000e+03 -3.690071903681787667e-04
5.908000000000000000e+03 -2.510521099140052871e-04
5.910000000000000000e+03 -2.533852013699111573e-04
5.912000000000000000e+03 -2.421054203627865449e-04
5.914000000000000000e+03 -2.903604518060966364e-04
5.916000000000000000e+03 -1.197449210421610617e-04
5.918000000000000000e+03 -1.074332856735221909e-04
5.920000000000000000e+03 -1.210323273070936759e-04
5.922000000000000000e+03 2.941163041424645712e-05
5.924000000000000000e+03 2.082676270474576892e-05
5.926000000000000000e+03 1.689207390531538284e-04
5.928000000000000000e+03 1.021311060080270789e-04
5.930000000000000000e+03 1.875895806571453543e-04
5.932000000000000000e+03 1.634178363580109886e-04
5.934000000000000000e+03 1.531876835518525672e-04
5.936000000000000000e+03 1.669440057658158367e-04
5.938000000000000000e+03 1.579676462884297696e-04
5.940000000000000000e+03 1.734270423232028358e-04
5.942000000000000000e+03 9.790135953190337744e-05
5.944000000000000000e+03 1.350501233943425170e-04
5.946000000000000000e+03 6.427317994105223803e-05
5.948000000000000000e+03 6.558086005636927637e-04
5.950000000000000000e+03 5.117206665052881484e-04
5.952000000000000000e+03 5.916486633017392426e-05
5.954000000000000000e+03 2.207205636338366935e-04
5.956000000000000000e+03 1.804355561351853510e-04
5.958000000000000000e+03 4.676325893000755457e-05
5.960000000000000000e+03 -3.594009920690519435e-05
5.962000000000000000e+03 1.453710371650665238e-05
5.964000000000000000e+03 -2.426024286110863259e-05
5.966000000000000000e+03 1.064824079236374191e-05
5.968000000000000000e+03 -2.697174147134899009e-05
5.970000000000000000e+03 -3.388760497436241089e-05
5.972000000000000000e+03 -9.428933514992475821e-05
5.974000000000000000e+03 -3.639240178162114991e-05
5.976000000000000000e+03 4.263881547705502417e-05
5.978000000000000000e+03 -6.037838560245275643e-05
5.980000000000000000e+03 -4.108350717937595421e-04
5.982000000000000000e+03 -3.323469766468810632e-04
5.984000000000000000e+03 -5.402961623784197434e-04
5.986000000000000000e+03 -3.385887909509202294e-04
5.988000000000000000e+03 -2.915259957789844954e-04
5.990000000000000000e+03 -4.308098102829269519e-04
5.992000000000000000e+03 -4.411697435136053289e-04
5.994000000000000000e+03 -4.847279656664337617e-04
5.996000000000000000e+03 -2.731107518686571971e-04
5.998000000000000000e+03 -9.765172137212607293e-05
6.000000000000000000e+03 -7.529362780858608190e-05
6.002000000000000000e+03 -1.442433067636840157e-04
6.004000000000000000e+03 -3.113332998126104026e-04
6.006000000000000000e+03 -1.640370973089130314e-04
6.008000000000000000e+03 -3.996583512775529453e-04
6.010000000000000000e+03 -5.935580358217494275e-04
6.012000000000000000e+03 -4.853812108284960526e-04
6.014000000000000000e+03 -7.525814706461333905e-04
6.016000000000000000e+03 -6.937410286875468016e-04
6.018000000000000000e+03 -5.374916051161609219e-04
6.020000000000000000e+03 -5.897018243779629043e-04
6.022000000000000000e+03 -1.187657355293652304e-03
6.024000000000000000e+03 -1.414337020058978236e-03
6.026000000000000000e+03 -1.198702319672232102e-03
6.028000000000000000e+03 -3.730903895117430305e-04
6.030000000000000000e+03 4.891723548044309101e-04
6.032000000000000000e+03 1.627852387047580215e-02
6.034000000000000000e+03 2.475449825513217905e-03
6.036000000000000000e+03 9.375422802979005345e-04
6.038000000000000000e+03 9.478600557498030165e-04
6.040000000000000000e+03 -6.645315964250437905e-04
6.042000000000000000e+03 -1.346371716558001372e-03
6.044000000000000000e+03 -7.204097744366201725e-04
6.046000000000000000e+03 3.133669564295022553e-04
6.048000000000000000e+03 6.503546788888001442e-05
6.050000000000000000e+03 2.606284853318319053e-04
6.052000000000000000e+03 3.567421560888227230e-03
6.054000000000000000e+03 1.096360742041103909e-03
6.056000000000000000e+03 1.850521439531626310e-03
6.058000000000000000e+03 1.308713459204183336e-03
6.060000000000000000e+03 6.218805085938559430e-04
6.062000000000000000e+03 4.208880966830767594e-04
6.064000000000000000e+03 4.513625858340910560e-04
6.066000000000000000e+03 7.491061673595904129e-04
6.068000000000000000e+03 3.263539440073117033e-04
6.070000000000000000e+03 1.342442640920259145e-04
6.072000000000000000e+03 1.174793768184202757e-04
6.074000000000000000e+03 1.824816731193454897e-04
6.076000000000000000e+03 6.009954247299408486e-05
6.078000000000000000e+03 1.344588178297705181e-04
6.080000000000000000e+03 1.798791109917849938e-04
6.082000000000000000e+03 1.288877084452025681e-04
6.084000000000000000e+03 1.019153233847110341e-04
6.086000000000000000e+03 5.628821451614479074e-05
6.088000000000000000e+03 9.798584618356522501e-05
6.090000000000000000e+03 1.459834164517745424e-04
6.092000000000000000e+03 5.973193042989817422e-05
6.094000000000000000e+03 4.247477753899149859e-04
6.096000000000000000e+03 -7.472077549658690671e-04
6.098000000000000000e+03 -1.212598502588480281e-04
6.100000000000000000e+03 2.483310622390011281e-05
6.102000000000000000e+03 2.315895300655898179e-04
6.104000000000000000e+03 6.976591091807852313e-05
6.106000000000000000e+03 2.117278561233372762e-04
6.108000000000000000e+03 -1.661269452831121499e-04
6.110000000000000000e+03 3.781618497808917994e-05
6.112000000000000000e+03 7.853512330794655549e-05
6.114000000000000000e+03 7.378059809724836515e-05
6.116000000000000000e+03 9.608878020056172765e-05
6.118000000000000000e+03 8.879850092114677869e-05
6.120000000000000000e+03 6.271837468815900376e-05
6.122000000000000000e+03 6.839125250025965151e-06
6.124000000000000000e+03 2.500411527240177520e-05
6.126000000000000000e+03 2.053292629461163225e-04
6.128000000000000000e+03 3.163877438558177673e-04
6.130000000000000000e+03 1.762094572958484387e-04
6.132000000000000000e+03 3.015502911672419397e-04
6.134000000000000000e+03 3.415917054850927379e-04
6.136000000000000000e+03 1.762290422227438520e-04
6.138000000000000000e+03 2.765670754265940850e-04
6.140000000000000000e+03 4.746723416470663079e-04
6.142000000000000000e+03 4.780511803358929277e-04
6.144000000000000000e+03 4.558126786998807937e-04
6.146000000000000000e+03 4.651320084325591669e-04
6.148000000000000000e+03 3.923171816968294484e-04
6.150000000000000000e+03 5.473592103481030599e-04
6.152000000000000000e+03 8.665121981703728530e-04
6.154000000000000000e+03 5.484547888153898289e-04
6.156000000000000000e+03 6.456329064552697190e-04
6.158000000000000000e+03 5.159323292224239112e-03
6.160000000000000000e+03 4.029645848196778540e-03
6.162000000000000000e+03 2.238341891509660394e-03
6.164000000000000000e+03 -1.177556757743045352e-03
6.166000000000000000e+03 -5.997053793430765986e-03
6.168000000000000000e+03 -1.898561887246353859e-03
6.170000000000000000e+03 -6.173825110186989713e-03
6.172000000000000000e+03 -1.624104147840902193e-03
6.174000000000000000e+03 -3.169024982440141278e-03
6.176000000000000000e+03 -1.982698940027335672e-03
6.178000000000000000e+03 -4.154189575624525448e-03
6.180000000000000000e+03 -1.962373156505207343e-04
6.182000000000000000e+03 -3.388406272609898687e-04
6.184000000000000000e+03 -3.057606537644198515e-04
6.186000000000000000e+03 -6.653225293327020033e-04
6.188000000000000000e+03 -2.318284987355436171e-04
6.190000000000000000e+03 -2.392664888104198439e-04
6.192000000000000000e+03 -2.814369279824453156e-04
6.194000000000000000e+03 -1.745859054527155953e-04
6.196000000000000000e+03 -3.632139247781160439e-04
6.198000000000000000e+03 -9.180632373267395277e-04
6.200000000000000000e+03 -9.827310044482318561e-04
6.202000000000000000e+03 -8.004221760537185478e-04
6.204000000000000000e+03 -7.584533652610978135e-04
6.206000000000000000e+03 -5.025286733157929018e-04
6.208000000000000000e+03 -3.245607828409779105e-04
6.210000000000000000e+03 -2.626053495446587990e-04
6.212000000000000000e+03 -1.787220405921899834e-04
6.214000000000000000e+03 -1.621881869956709682e-04
6.216000000000000000e+03 -1.165559174638086041e-04
6.218000000000000000e+03 -2.369149180947170469e-04
6.220000000000000000e+03 -3.020074146689108322e-04
6.222000000000000000e+03 -4.480867543346096879e-04
6.224000000000000000e+03 -2.367020343222860459e-04
6.226000000000000000e+03 -3.474592009694881163e-04
6.228000000000000000e+03 -2.654250326401890142e-04
6.230000000000000000e+03 -2.369043315067062214e-04
6.232000000000000000e+03 -3.685983885072246385e-04
6.234000000000000000e+03 -3.064661513731707556e-04
6.236000000000000000e+03 -7.972332334310586644e-05
6.238000000000000000e+03 -3.325443412806856707e-05
6.240000000000000000e+03 -1.747039147033975320e-06
6.242000000000000000e+03 -1.833979789049200882e-04
6.244000000000000000e+03 -2.261186922148855963e-04
6.246000000000000000e+03 -3.270877270592153444e-04
6.248000000000000000e+03 -2.214419234639558674e-04
6.250000000000000000e+03 -4.003909619323259826e-04
6.252000000000000000e+03 -3.212509692274494134e-04
6.254000000000000000e+03 -1.290736553065920252e-06
6.256000000000000000e+03 -1.032834630769248626e-04
6.258000000000000000e+03 -3.146598891618709328e-04
6.260000000000000000e+03 -9.173460990546859035e-05
6.262000000000000000e+03 -3.524254700469259846e-04
6.264000000000000000e+03 -1.449747154668910257e-04
6.266000000000000000e+03 -1.602313023753387886e-04
6.268000000000000000e+03 -2.134764457724456631e-04
6.270000000000000000e+03 -1.915248653171364851e-04
6.272000000000000000e+03 -2.013001238949599792e-04
6.274000000000000000e+03 -1.768730453545737738e-04
6.276000000000000000e+03 -2.773415699221783929e-05
6.278000000000000000e+03 8.475432755681420083e-05
6.280000000000000000e+03 1.253123998759574423e-04
6.282000000000000000e+03 1.751166157742687962e-04
6.284000000000000000e+03 3.747747950593313324e-04
6.286000000000000000e+03 2.160425047772958113e-04
6.288000000000000000e+03 1.987401666587920843e-04
6.290000000000000000e+03 2.713033467126714049e-04
6.292000000000000000e+03 4.223280021776156987e-04
6.294000000000000000e+03 6.399413891296067830e-04
6.296000000000000000e+03 3.658655945475738198e-04
6.298000000000000000e+03 8.909765894149788762e-05
6.300000000000000000e+03 4.954327165068561888e-05
6.302000000000000000e+03 3.452137553798925235e-05
6.304000000000000000e+03 5.735982704226207850e-05
6.306000000000000000e+03 -1.017779643830898596e-05
6.308000000000000000e+03 3.078844273945619160e-05
6.310000000000000000e+03 4.702936973095609688e-05
6.312000000000000000e+03 -2.625400778313073072e-05
6.314000000000000000e+03 -2.114383584319207532e-06
6.316000000000000000e+03 1.964577327356406628e-05
6.318000000000000000e+03 -3.278341194342665731e-05
6.320000000000000000e+03 1.191138825851780942e-05
6.322000000000000000e+03 3.340237705726800698e-05
6.324000000000000000e+03 1.596616541967703384e-04
6.326000000000000000e+03 5.460582739268027177e-05
6.328000000000000000e+03 4.312914397374608555e-05
6.330000000000000000e+03 5.419664340052485500e-05
6.332000000000000000e+03 5.749395149166537140e-05
6.334000000000000000e+03 4.426653355596926943e-05
6.336000000000000000e+03 8.835128083451285251e-05
6.338000000000000000e+03 1.171726469518429062e-05
6.340000000000000000e+03 -8.133334099853910010e-05
6.342000000000000000e+03 -1.518783975103571893e-04
6.344000000000000000e+03 6.809684809752037001e-03
6.346000000000000000e+03 2.720616125675784369e-03
6.348000000000000000e+03 1.389509720631082511e-03
6.350000000000000000e+03 1.245503563320767655e-05
6.352000000000000000e+03 -6.085746993676763653e-04
6.354000000000000000e+03 -9.017846635274595233e-04
6.356000000000000000e+03 -2.240469323298434172e-04
6.358000000000000000e+03 -2.300524710161316823e-04
6.360000000000000000e+03 -2.755494173033044749e-04
6.362000000000000000e+03 -3.799113442440569545e-04
6.364000000000000000e+03 -3.745074987820188857e-04
6.366000000000000000e+03 -6.631177607007837909e-04
6.368000000000000000e+03 -1.250085912432742381e-03
6.370000000000000000e+03 -1.736270977616817188e-03
6.372000000000000000e+03 -5.733607749063530327e-04
6.374000000000000000e+03 -4.646762478840712552e-04
6.376000000000000000e+03 -4.076257914162009668e-04
6.378000000000000000e+03 -2.821072875091061778e-04
6.380000000000000000e+03 -1.463532998922946720e-04
6.382000000000000000e+03 -5.873401114120888518e-06
6.384000000000000000e+03 -3.987551901803802735e-04
6.386000000000000000e+03 -2.835406091596476773e-04
6.388000000000000000e+03 -3.858149285889767108e-04
6.390000000000000000e+03 -2.813418755099048648e-04
6.392000000000000000e+03 -2.060906035454443896e-04
6.394000000000000000e+03 -1.988363294544682146e-04
6.396000000000000000e+03 -1.758522677744938723e-04
6.398000000000000000e+03 -2.371342281415672257e-04
6.400000000000000000e+03 -2.642358226245228965e-04
6.402000000000000000e+03 -2.405932493824850318e-04
6.404000000000000000e+03 -1.819006786404912725e-04
6.406000000000000000e+03 -2.403036947480902271e-04
6.408000000000000000e+03 -1.200957765898811143e-04
6.410000000000000000e+03 2.337788139339130498e-04
6.412000000000000000e+03 2.266986533411290312e-04
6.414000000000000000e+03 1.034511984898255294e-03
6.416000000000000000e+03 1.628632123051337649e-03
6.418000000000000000e+03 1.325051916976631178e-03
6.420000000000000000e+03 1.520507162103741823e-03
6.422000000000000000e+03 2.772376345755455957e-03
6.424000000000000000e+03 7.887792356771885713e-04
6.426000000000000000e+03 8.759536247644784945e-04
6.428000000000000000e+03 2.372777527916757143e-04
6.430000000000000000e+03 1.840761176172312527e-04
6.432000000000000000e+03 4.572329523974673305e-04
6.434000000000000000e+03 2.508519166244348978e-04
6.436000000000000000e+03 2.186467407194722700e-04
6.438000000000000000e+03 4.493063307502954897e-04
6.440000000000000000e+03 4.428325048369998861e-04
6.442000000000000000e+03 4.900493743849154270e-04
6.444000000000000000e+03 9.075879611645655911e-05
6.446000000000000000e+03 1.300131519177257172e-04
6.448000000000000000e+03 3.066614847363198872e-04
6.450000000000000000e+03 5.640616992706498807e-04
6.452000000000000000e+03 3.577261381528277703e-04
6.454000000000000000e+03 3.847110300642302225e-04
6.456000000000000000e+03 2.889603307201985666e-04
6.458000000000000000e+03 2.642291341358774209e-04
6.460000000000000000e+03 2.906174054948043053e-04
6.462000000000000000e+03 2.347712656884125065e-04
6.464000000000000000e+03 3.228173398866837759e-04
6.466000000000000000e+03 4.216700377068769746e-04
6.468000000000000000e+03 6.610437940682830716e-04
6.470000000000000000e+03 1.071903538605240621e-03
6.472000000000000000e+03 7.832770702970013764e-04
6.474000000000000000e+03 4.107908960267981843e-04
6.476000000000000000e+03 9.902309071999088746e-04
6.478000000000000000e+03 3.379855584800642342e-04
6.480000000000000000e+03 3.025378704194797859e-04
6.482000000000000000e+03 2.861108173513627630e-04
6.484000000000000000e+03 6.043974235426904018e-04
6.486000000000000000e+03 4.211227018475743726e-04
6.488000000000000000e+03 4.458305912912898894e-04
6.490000000000000000e+03 4.839807995056055029e-04
6.492000000000000000e+03 4.366793231627392287e-04
6.494000000000000000e+03 5.625139160981753456e-04
6.496000000000000000e+03 6.040451383510599863e-04
6.498000000000000000e+03 8.917005163839894326e-04
6.500000000000000000e+03 2.868016695826835637e-04
6.502000000000000000e+03 3.800576908598622076e-04
6.504000000000000000e+03 6.191905393459340564e-04
6.506000000000000000e+03 8.299474616973161623e-04
6.508000000000000000e+03 1.685192728739758495e-03
6.510000000000000000e+03 9.195058327864767548e-04
6.512000000000000000e+03 9.671321347311043074e-04
6.514000000000000000e+03 9.757400153830951941e-04
6.516000000000000000e+03 3.915988328140739862e-03
6.518000000000000000e+03 1.099250922512394826e-02
6.520000000000000000e+03 -6.126458372621861092e-04
6.522000000000000000e+03 1.173614012421111442e-02
6.524000000000000000e+03 -6.548450309405659878e-03
6.526000000000000000e+03 -1.088026698995176941e-02
6.528000000000000000e+03 2.398733668793178071e-03
6.530000000000000000e+03 -2.903045118986553180e-03
6.532000000000000000e+03 -2.123973237232329187e-03
6.534000000000000000e+03 -1.073319018123035070e-03
6.536000000000000000e+03 -5.729948358663699984e-04
6.538000000000000000e+03 -7.203644111007501301e-03
6.540000000000000000e+03 -5.559762131290178593e-03
6.542000000000000000e+03 -6.006538391738838484e-04
6.544000000000000000e+03 1.465966138974541698e-04
6.546000000000000000e+03 -8.724638758926126425e-04
6.548000000000000000e+03 -5.032104053938181529e-04
6.550000000000000000e+03 -6.809589958949842717e-04
6.552000000000000000e+03 -9.362005837984031624e-04
6.554000000000000000e+03 -8.701510305516629764e-04
6.556000000000000000e+03 -1.822364195890069068e-03
6.558000000000000000e+03 -1.238039455331144340e-03
6.560000000000000000e+03 -1.216694878318965887e-03
6.562000000000000000e+03 -1.367945197306981702e-03
6.564000000000000000e+03 -1.593616569775143689e-03
6.566000000000000000e+03 -8.107388345410100573e-04
6.568000000000000000e+03 -1.308874399809383969e-03
6.570000000000000000e+03 -6.402770570330637871e-04
6.572000000000000000e+03 -5.346283099736720470e-04
6.574000000000000000e+03 -1.032875083657084454e-03
6.576000000000000000e+03 -7.439297978449056466e-04
6.578000000000000000e+03 -3.944914550801850305e-04
6.580000000000000000e+03 -5.480329494075559908e-04
6.582000000000000000e+03 -5.060494700864328396e-04
6.584000000000000000e+03 -5.010792574913897329e-04
6.586000000000000000e+03 -7.099272949613226816e-04
6.588000000000000000e+03 -6.584724485249866897e-04
6.590000000000000000e+03 -5.803991916204022687e-04
6.592000000000000000e+03 -7.796650567937281643e-04
6.594000000000000000e+03 -8.427960482389809920e-04
6.596000000000000000e+03 -1.541934261866183915e-03
6.598000000000000000e+03 -2.169700311531614842e-03
6.600000000000000000e+03 -1.572007797841667998e-03
6.602000000000000000e+03 -9.992456547672397271e-04
6.604000000000000000e+03 -9.298812972344894321e-04
6.606000000000000000e+03 -9.705189093494332852e-04
6.608000000000000000e+03 -5.898883618043800764e-04
6.610000000000000000e+03 -1.020061327593512054e-03
6.612000000000000000e+03 -7.400416597765867559e-04
6.614000000000000000e+03 -2.508209040820862275e-04
6.616000000000000000e+03 -2.471765047982651931e-04
6.618000000000000000e+03 3.664338307421782749e-04
6.620000000000000000e+03 1.862624695048306704e-05
6.622000000000000000e+03 -2.240994983211927515e-04
6.624000000000000000e+03 -4.083253943228455125e-05
6.626000000000000000e+03 -8.107707053305726933e-05
6.628000000000000000e+03 -1.146811476406582256e-04
6.630000000000000000e+03 -1.960345464138435478e-04
6.632000000000000000e+03 -2.041254833695887007e-04
6.634000000000000000e+03 -1.415472556561517715e-04
6.636000000000000000e+03 -1.098363892561046002e-04
6.638000000000000000e+03 -1.091158356386623531e-04
6.640000000000000000e+03 -1.720927462864924474e-04
6.642000000000000000e+03 -2.697304170591632269e-04
6.644000000000000000e+03 -2.614448673827365986e-04
6.646000000000000000e+03 -2.806039969950638010e-04
6.648000000000000000e+03 -1.719077835096196574e-04
6.650000000000000000e+03 -1.864588099844295948e-04
6.652000000000000000e+03 -1.616944778341759413e-04
6.654000000000000000e+03 -1.548237431993718138e-04
6.656000000000000000e+03 -1.274834660455830243e-04
6.658000000000000000e+03 -1.371402920248853167e-04
6.660000000000000000e+03 -1.528470076755645386e-04
6.662000000000000000e+03 -2.148264259380400665e-04
6.664000000000000000e+03 -2.508434039762550056e-04
6.666000000000000000e+03 -1.670454881276539627e-04
6.668000000000000000e+03 -1.926839022073310046e-04
6.670000000000000000e+03 -2.787707823215418738e-04
6.672000000000000000e+03 -2.528700043137285564e-04
6.674000000000000000e+03 -1.417592499596749837e-04
6.676000000000000000e+03 -1.959407213487789924e-04
6.678000000000000000e+03 -5.029263832815237905e-05
6.680000000000000000e+03 6.737129825346046511e-05
6.682000000000000000e+03 4.844514878744614388e-05
6.684000000000000000e+03 -1.858796304228567810e-05
6.686000000000000000e+03 -1.033131836012106695e-04
6.688000000000000000e+03 -1.784833350277100069e-04
6.690000000000000000e+03 -1.533794287742445809e-04
6.692000000000000000e+03 -1.322768652510799778e-04
6.694000000000000000e+03 -5.142907882909347224e-05
6.696000000000000000e+03 -4.398244767313431455e-05
6.698000000000000000e+03 -2.172800758534929272e-05
6.700000000000000000e+03 -2.591583531135652039e-05
6.702000000000000000e+03 -4.388814773925921711e-06
6.704000000000000000e+03 3.280269862416787036e-05
6.706000000000000000e+03 5.314221003684860463e-05
6.708000000000000000e+03 3.480255542909331962e-05
6.710000000000000000e+03 1.488197419085123906e-06
6.712000000000000000e+03 9.343628253569825844e-06
6.714000000000000000e+03 6.411305532878887401e-05
6.716000000000000000e+03 1.613912451034399994e-05
6.718000000000000000e+03 1.609485580282912776e-05
6.720000000000000000e+03 4.104698215013365166e-06
6.722000000000000000e+03 4.380800474555435030e-05
6.724000000000000000e+03 1.621234889081809267e-06
6.726000000000000000e+03 1.437868218633890258e-04
6.728000000000000000e+03 1.723966269381029752e-04
6.730000000000000000e+03 3.835366185694526398e-05
6.732000000000000000e+03 1.404166197811227135e-05
6.734000000000000000e+03 6.767982109870050690e-05
6.736000000000000000e+03 2.606310330927254920e-04
6.738000000000000000e+03 1.495649907288148410e-03
6.740000000000000000e+03 9.349617161946902457e-04
6.742000000000000000e+03 1.321535542810925966e-03
6.744000000000000000e+03 8.005739459151802297e-04
6.746000000000000000e+03 4.013186415174792841e-04
6.748000000000000000e+03 1.303254482711079659e-03
6.750000000000000000e+03 2.573846758696951478e-03
6.752000000000000000e+03 1.148250208081165328e-03
6.754000000000000000e+03 7.985397093021566342e-04
6.756000000000000000e+03 8.906835016424338334e-04
6.758000000000000000e+03 9.299449550454321010e-04
6.760000000000000000e+03 7.136860743782963250e-04
6.762000000000000000e+03 3.917992672985089772e-04
6.764000000000000000e+03 5.345114535562366142e-04
6.766000000000000000e+03 6.131784098525549197e-04
6.768000000000000000e+03 1.033691603957268522e-03
6.770000000000000000e+03 5.343200009992436772e-04
6.772000000000000000e+03 5.946142184346588522e-04
6.774000000000000000e+03 5.105437565046631876e-04
6.776000000000000000e+03 5.645195669146796770e-04
6.778000000000000000e+03 1.162466820797780024e-03
6.780000000000000000e+03 8.233261160472733374e-04
6.782000000000000000e+03 3.701401676973581465e-04
6.784000000000000000e+03 1.641160710271318338e-04
6.786000000000000000e+03 1.572556348254631911e-04
6.788000000000000000e+03 2.607990892484375058e-04
6.790000000000000000e+03 3.208453613726556988e-04
6.792000000000000000e+03 1.634371804901739412e-04
6.794000000000000000e+03 1.924662250009511627e-04
6.796000000000000000e+03 2.895578537106005502e-04
6.798000000000000000e+03 2.623797302068313375e-04
6.800000000000000000e+03 5.507350793793240823e-04
6.802000000000000000e+03 2.403452900188498274e-04
6.804000000000000000e+03 2.702145439039474462e-04
6.806000000000000000e+03 1.153068966492806725e-04
6.808000000000000000e+03 3.285970766509215294e-04
6.810000000000000000e+03 4.595936535937213564e-04
6.812000000000000000e+03 4.970374205093177743e-04
6.814000000000000000e+03 3.115466210094533354e-04
6.816000000000000000e+03 2.499882210988885255e-04
6.818000000000000000e+03 -6.579061967535834134e-07
6.820000000000000000e+03 -3.178003158616275162e-04
6.822000000000000000e+03 -2.393433443431142323e-04
6.824000000000000000e+03 -1.405886839143259182e-04
6.826000000000000000e+03 -1.561340837958277998e-04
6.828000000000000000e+03 -9.977893543065130674e-05
6.830000000000000000e+03 -1.015267935800238415e-04
6.832000000000000000e+03 -2.512362444118406994e-05
6.834000000000000000e+03 -4.496661287144920921e-06
6.836000000000000000e+03 1.198199476249998176e-04
6.838000000000000000e+03 9.655804101179146261e-05
6.840000000000000000e+03 3.726981420129979613e-04
6.842000000000000000e+03 3.568172925942257536e-04
6.844000000000000000e+03 2.997566141934070112e-05
6.846000000000000000e+03 -4.083821995218095093e-05
6.848000000000000000e+03 -3.955767792744574514e-06
6.850000000000000000e+03 -2.223950592480021760e-05
6.852000000000000000e+03 -4.171856136292184804e-05
6.854000000000000000e+03 5.138927519397211603e-04
6.856000000000000000e+03 2.614937052287301346e-04
6.858000000000000000e+03 1.473608411741073639e-04
6.860000000000000000e+03 6.852791908662611738e-05
6.862000000000000000e+03 9.055123246707371537e-05
6.864000000000000000e+03 8.491010271081366183e-05
6.866000000000000000e+03 1.210591834388501025e-05
6.868000000000000000e+03 -1.024583850050139238e-05
6.870000000000000000e+03 -2.278579416003612300e-05
6.872000000000000000e+03 1.338918384417603791e-04
6.874000000000000000e+03 1.107749147249067887e-04
6.876000000000000000e+03 4.283089843912111431e-04
6.878000000000000000e+03 3.188776680972008970e-04
6.880000000000000000e+03 1.362999832879601325e-04
6.882000000000000000e+03 -8.032227026294351589e-05
6.884000000000000000e+03 -1.266194509456389998e-04
6.886000000000000000e+03 1.221502088951302394e-04
6.888000000000000000e+03 -4.748284991371915951e-05
6.890000000000000000e+03 -2.128255633821085188e-05
6.892000000000000000e+03 -5.089505346299597939e-05
6.894000000000000000e+03 6.530354910982021685e-05
6.896000000000000000e+03 -4.228066434263194709e-05
6.898000000000000000e+03 3.859150884055326984e-04
6.900000000000000000e+03 6.422145357495407606e-04
6.902000000000000000e+03 2.383984471066293248e-04
6.904000000000000000e+03 2.496211599691139653e-04
6.906000000000000000e+03 2.663457022792211303e-04
6.908000000000000000e+03 -1.362688705574811822e-04
6.910000000000000000e+03 -5.459819685673461889e-04
6.912000000000000000e+03 -1.103621224732545449e-03
6.914000000000000000e+03 -9.449718418599600692e-04
6.916000000000000000e+03 -1.275289232920731293e-04
6.918000000000000000e+03 2.212202878886557200e-03
6.920000000000000000e+03 9.925965142524756021e-03
6.922000000000000000e+03 7.618732643999127918e-03
6.924000000000000000e+03 3.385606664651424815e-03
6.926000000000000000e+03 1.794605846257552213e-03
6.928000000000000000e+03 2.454364672205064726e-03
6.930000000000000000e+03 3.394125592858887423e-03
6.932000000000000000e+03 4.550487960912561955e-03
6.934000000000000000e+03 3.708229718321371521e-03
6.936000000000000000e+03 6.209124235454356426e-04
6.938000000000000000e+03 1.163222798799871949e-02
6.940000000000000000e+03 -2.111710525524866308e-02
6.942000000000000000e+03 3.170411364316942648e-02
6.944000000000000000e+03 -2.232953017972687769e-03
6.946000000000000000e+03 -3.751521867873468361e-04
6.948000000000000000e+03 2.707476352950719325e-03
6.950000000000000000e+03 -1.319683894621743374e-04
6.952000000000000000e+03 6.025223170324403143e-04
6.954000000000000000e+03 -6.265588110133019127e-04
6.956000000000000000e+03 -3.439648032681845522e-03
6.958000000000000000e+03 -3.010128541643190304e-03
6.960000000000000000e+03 -1.448865931832464624e-03
6.962000000000000000e+03 -3.323866023556835275e-03
6.964000000000000000e+03 -8.082391017428946925e-04
6.966000000000000000e+03 -1.071802603975052001e-03
6.968000000000000000e+03 1.021124368650165885e-04
6.970000000000000000e+03 5.854670855626032235e-04
6.972000000000000000e+03 6.357265495808768789e-04
6.974000000000000000e+03 3.182275913803478775e-04
6.976000000000000000e+03 1.944208778087410316e-04
6.978000000000000000e+03 -2.942094230289757557e-04
6.980000000000000000e+03 -6.502832928469049097e-04
6.982000000000000000e+03 -1.016100386304313657e-03
6.984000000000000000e+03 -1.634994652180138256e-04
6.986000000000000000e+03 -2.517528888731937974e-04
6.988000000000000000e+03 4.178779988205149959e-04
6.990000000000000000e+03 2.101026042304337150e-04
6.992000000000000000e+03 7.050030532488557903e-04
6.994000000000000000e+03 1.327863884711239471e-03
6.996000000000000000e+03 8.044351900152144378e-04
6.998000000000000000e+03 1.009505005785049040e-04
7.000000000000000000e+03 -3.442151044936091696e-04
7.002000000000000000e+03 4.252846581159221129e-04
7.004000000000000000e+03 1.774805094965898711e-04
7.006000000000000000e+03 -2.034188015720960483e-04
7.008000000000000000e+03 -1.011321506597278913e-04
7.010000000000000000e+03 3.487638144794636178e-04
7.012000000000000000e+03 2.331157399035832468e-04
7.014000000000000000e+03 1.417777506934299661e-04
7.016000000000000000e+03 9.798078639203090085e-05
7.018000000000000000e+03 4.118784640704913069e-04
7.020000000000000000e+03 2.534329326560966623e-04
7.022000000000000000e+03 4.836475736266439328e-04
7.024000000000000000e+03 6.579049851974466895e-04
7.026000000000000000e+03 6.246001675464981631e-04
7.028000000000000000e+03 2.518177178724248532e-04
7.030000000000000000e+03 8.593678247378126441e-04
7.032000000000000000e+03 7.358524277435295625e-04
7.034000000000000000e+03 8.354133627505425140e-04
7.036000000000000000e+03 9.294403334186283373e-04
7.038000000000000000e+03 4.994022076230657942e-04
7.040000000000000000e+03 2.926100800380791430e-04
7.042000000000000000e+03 3.766227859253948730e-04
7.044000000000000000e+03 4.600226809181078491e-04
7.046000000000000000e+03 6.427172477478333007e-03
7.048000000000000000e+03 1.454236679728708893e-03
7.050000000000000000e+03 9.024465563513982182e-04
7.052000000000000000e+03 7.295924529407592707e-04
7.054000000000000000e+03 5.043056672746769505e-04
7.056000000000000000e+03 9.671215100335036436e-04
7.058000000000000000e+03 6.306171995800975488e-04
7.060000000000000000e+03 9.499375340449929973e-04
7.062000000000000000e+03 7.499049128429462197e-04
7.064000000000000000e+03 5.807706243907245465e-04
7.066000000000000000e+03 3.126695345658784446e-04
7.068000000000000000e+03 2.209911823938500765e-04
7.070000000000000000e+03 1.176655186303743295e-04
7.072000000000000000e+03 6.552613017755986235e-04
7.074000000000000000e+03 3.856795105527618429e-04
7.076000000000000000e+03 3.118684409176198280e-04
7.078000000000000000e+03 4.718128044360968927e-04
7.080000000000000000e+03 8.032093185154886563e-04
7.082000000000000000e+03 2.876348847562688361e-04
7.084000000000000000e+03 3.166851853880468001e-04
7.086000000000000000e+03 5.597919860445767400e-04
7.088000000000000000e+03 6.539989529726879941e-04
7.090000000000000000e+03 1.285033562487137258e-03
7.092000000000000000e+03 2.726990139042117980e-03
7.094000000000000000e+03 3.561018164035131828e-03
7.096000000000000000e+03 2.722784095139041405e-03
7.098000000000000000e+03 1.009725871439448976e-03
7.100000000000000000e+03 1.279097419250844634e-04
7.102000000000000000e+03 -4.079489405819126946e-04
7.104000000000000000e+03 -2.926561185165994783e-03
7.106000000000000000e+03 -2.768423239760262056e-02
7.108000000000000000e+03 -2.037682845199384821e-02
7.110000000000000000e+03 -2.244842027394211223e-02
7.112000000000000000e+03 -7.046471301302963813e-03
7.114000000000000000e+03 -6.148907859935237932e-03
7.116000000000000000e+03 -1.077041234100794458e-03
7.118000000000000000e+03 -3.936462920782891721e-03
7.120000000000000000e+03 -2.146061973850391276e-03
7.122000000000000000e+03 -1.367738653343501115e-03
7.124000000000000000e+03 -1.525656208610054161e-04
7.126000000000000000e+03 -3.555570956696783077e-03
7.128000000000000000e+03 -6.145834639343612966e-03
7.130000000000000000e+03 -1.813566235256425631e-03
7.132000000000000000e+03 -2.118463432080025521e-03
7.134000000000000000e+03 -4.224111309823423005e-03
7.136000000000000000e+03 1.078369875653998776e-03
7.138000000000000000e+03 6.418413081023591465e-04
7.140000000000000000e+03 2.752808470656751671e-03
7.142000000000000000e+03 4.298711177785391642e-04
7.144000000000000000e+03 5.145464326815769309e-04
7.146000000000000000e+03 1.092813881404257077e-03
7.148000000000000000e+03 1.444152884464043000e-03
7.150000000000000000e+03 3.246165446013745326e-04
7.152000000000000000e+03 3.845100579677762393e-05
7.154000000000000000e+03 -3.451179498842542705e-05
7.156000000000000000e+03 1.800684156675735198e-05
7.158000000000000000e+03 2.879721371719524942e-05
7.160000000000000000e+03 5.487731958114082720e-06
7.162000000000000000e+03 1.698180510619592664e-05
7.164000000000000000e+03 4.199230959002372255e-06
7.166000000000000000e+03 -3.365692469298367694e-06
7.168000000000000000e+03 7.247776540749497430e-06
7.170000000000000000e+03 1.084542994567350391e-05
7.172000000000000000e+03 -1.125654579509202921e-05
7.174000000000000000e+03 -7.364000985638536766e-05
7.176000000000000000e+03 -3.034853395022034690e-05
7.178000000000000000e+03 -1.574163082099284773e-05
7.180000000000000000e+03 -1.210540747178541336e-04
7.182000000000000000e+03 -1.322539954227901844e-04
7.184000000000000000e+03 -1.508713396648203445e-04
7.186000000000000000e+03 -1.498117054478549095e-04
7.188000000000000000e+03 -8.945028407637837164e-04
7.190000000000000000e+03 -1.310699030212417442e-03
7.192000000000000000e+03 -1.892434388116977706e-03
7.194000000000000000e+03 -1.212304361517797021e-03
7.196000000000000000e+03 2.119801853080758962e-03
7.198000000000000000e+03 9.508037095959467097e-05
7.200000000000000000e+03 1.014606885990565477e-02
7.202000000000000000e+03 -6.685615314600299591e-03
7.204000000000000000e+03 -1.689644035668615759e-03
7.206000000000000000e+03 -1.491965076861374081e-03
7.208000000000000000e+03 -1.135229845636247193e-03
7.210000000000000000e+03 -1.012094997122480996e-03
7.212000000000000000e+03 -1.913434295207012742e-04
7.214000000000000000e+03 -4.775092943267282846e-04
7.216000000000000000e+03 -3.291118270894662925e-04
7.218000000000000000e+03 -1.961410110270931837e-04
7.220000000000000000e+03 -2.331142973982173040e-04
7.222000000000000000e+03 -4.904210738937114615e-04
7.224000000000000000e+03 -3.105252187829174275e-04
7.226000000000000000e+03 -2.680962760234203773e-04
7.228000000000000000e+03 -3.039767004191702184e-04
7.230000000000000000e+03 -3.132061875313534656e-04
7.232000000000000000e+03 -6.064106024323517689e-04
7.234000000000000000e+03 -1.069698604713832614e-03
7.236000000000000000e+03 -8.442041294058526615e-04
7.238000000000000000e+03 -1.208953457922507093e-04
7.240000000000000000e+03 -1.772975762633576162e-05
7.242000000000000000e+03 1.901177319464313580e-05
7.244000000000000000e+03 1.428880371117140295e-05
7.246000000000000000e+03 -1.130622050246768515e-04
7.248000000000000000e+03 -7.958832065157626576e-05
7.250000000000000000e+03 -5.489112098372182190e-06
7.252000000000000000e+03 -2.642134459814887110e-05
7.254000000000000000e+03 3.536122926732957025e-05
7.256000000000000000e+03 -1.899936012427470923e-05
7.258000000000000000e+03 -5.721808741000036688e-05
7.260000000000000000e+03 -9.647622815008611988e-05
7.262000000000000000e+03 -1.321103359464359062e-04
7.264000000000000000e+03 -1.282045427787888278e-04
7.266000000000000000e+03 -1.589118379457791130e-04
7.268000000000000000e+03 -4.779188171151957376e-04
7.270000000000000000e+03 1.100856607843030621e-04
7.272000000000000000e+03 -2.602932381713623892e-04
7.274000000000000000e+03 -1.494294664924149230e-04
7.276000000000000000e+03 -4.635223890264724518e-04
7.278000000000000000e+03 8.416423709872847053e-04
7.280000000000000000e+03 3.690402378254845159e-04
7.282000000000000000e+03 1.100623367987435075e-04
7.284000000000000000e+03 2.812886276066110049e-06
7.286000000000000000e+03 3.071292991648061750e-05
7.288000000000000000e+03 6.448880868367958745e-05
7.290000000000000000e+03 5.872512531311938273e-05
7.292000000000000000e+03 7.941739178771303276e-05
7.294000000000000000e+03 9.651461565667909771e-05
7.296000000000000000e+03 1.975315409462814786e-04
7.298000000000000000e+03 7.652197967359694424e-04
7.300000000000000000e+03 5.002346783009790866e-04
7.302000000000000000e+03 7.913328013176767692e-04
7.304000000000000000e+03 5.806000866127474826e-04
7.306000000000000000e+03 2.874678754220807639e-04
7.308000000000000000e+03 3.380549239678263618e-04
7.310000000000000000e+03 3.451877644562425032e-04
7.312000000000000000e+03 9.362797724403418721e-04
7.314000000000000000e+03 3.167676828903226568e-04
7.316000000000000000e+03 1.154930494734777508e-04
7.318000000000000000e+03 4.109947330801449572e-04
7.320000000000000000e+03 4.270059577686973547e-04
7.322000000000000000e+03 1.498020274059294003e-04
7.324000000000000000e+03 1.170246688740975307e-04
7.326000000000000000e+03 4.834038881535999608e-05
7.328000000000000000e+03 1.067875884484235666e-04
7.330000000000000000e+03 1.603167150333101776e-04
7.332000000000000000e+03 1.166035625900062328e-04
7.334000000000000000e+03 1.300115972160225655e-04
7.336000000000000000e+03 1.006072694152953379e-04
7.338000000000000000e+03 5.748557569420260514e-05
7.340000000000000000e+03 5.672048530005236757e-05
7.342000000000000000e+03 4.401738569213813491e-05
7.344000000000000000e+03 7.081071402541267009e-05
7.346000000000000000e+03 7.118033695036410109e-05
7.348000000000000000e+03 6.437290510817837437e-05
7.350000000000000000e+03 -1.399780808772670897e-04
7.352000000000000000e+03 -1.173952306066458769e-04
7.354000000000000000e+03 -3.349662620417614089e-04
7.356000000000000000e+03 -2.803560744784349724e-04
7.358000000000000000e+03 -2.571451293529924747e-04
7.360000000000000000e+03 -3.667647782061013396e-04
7.362000000000000000e+03 -6.406050187078015127e-04
7.364000000000000000e+03 -3.365600185349396588e-04
7.366000000000000000e+03 -1.038647365782843432e-03
7.368000000000000000e+03 -1.242379733879252776e-03
7.370000000000000000e+03 -3.838728961742379005e-04
7.372000000000000000e+03 -9.053786223492700774e-04
7.374000000000000000e+03 -5.778025283349124764e-04
7.376000000000000000e+03 -7.516555687417240169e-04
7.378000000000000000e+03 -4.834075614212102905e-04
7.380000000000000000e+03 -4.297801251596324360e-04
7.382000000000000000e+03 -4.431234308016061591e-04
7.384000000000000000e+03 -1.177509476749225362e-03
7.386000000000000000e+03 -4.901283211068763798e-04
7.388000000000000000e+03 -3.062496701620036647e-04
7.390000000000000000e+03 -6.515634261618576161e-04
7.392000000000000000e+03 -4.251413401208681839e-04
7.394000000000000000e+03 -6.760040988378623883e-04
7.396000000000000000e+03 -3.079575995813760639e-04
7.398000000000000000e+03 -2.082688528300385012e-04
7.400000000000000000e+03 -1.916433680620938725e-04
7.402000000000000000e+03 -4.135618732777940923e-05
7.404000000000000000e+03 1.745958873047269105e-05
7.406000000000000000e+03 -6.601656322485951690e-07
7.408000000000000000e+03 -4.294007873139280977e-05
7.410000000000000000e+03 1.584970265518182363e-04
7.412000000000000000e+03 6.323737281246201794e-05
7.414000000000000000e+03 3.763835356409196578e-05
7.416000000000000000e+03 1.154411981136227103e-04
7.418000000000000000e+03 1.054733637562547569e-04
7.420000000000000000e+03 -1.791074868358385810e-05
7.422000000000000000e+03 -5.563361221275247214e-05
7.424000000000000000e+03 -5.038377681588856018e-04
7.426000000000000000e+03 4.872643303779910801e-05
7.428000000000000000e+03 2.586485709905572950e-06
7.430000000000000000e+03 3.458096271020092322e-05
7.432000000000000000e+03 3.657933218554276848e-05
7.434000000000000000e+03 9.215756427737733874e-05
7.436000000000000000e+03 1.521352802113543296e-04
7.438000000000000000e+03 1.039348587527391915e-04
7.440000000000000000e+03 5.439581308569265029e-05
7.442000000000000000e+03 1.958871607603526583e-05
7.444000000000000000e+03 1.369462635513233565e-04
7.446000000000000000e+03 6.031435519248577406e-05
7.448000000000000000e+03 6.477514149455716221e-05
7.450000000000000000e+03 -9.196081760429025405e-05
7.452000000000000000e+03 -1.771773836034230213e-05
7.454000000000000000e+03 -4.495374917157831614e-06
7.456000000000000000e+03 3.158932662658037502e-05
7.458000000000000000e+03 6.317843379866753032e-05
7.460000000000000000e+03 3.057305001036818163e-05
7.462000000000000000e+03 1.388359238366371082e-05
7.464000000000000000e+03 9.808042075930329025e-05
7.466000000000000000e+03 3.413815809896333865e-04
7.468000000000000000e+03 1.627082817235834145e-04
7.470000000000000000e+03 -2.615189800595763806e-04
7.472000000000000000e+03 -1.209978803841686772e-04
7.474000000000000000e+03 -4.943212582794135891e-05
7.476000000000000000e+03 -7.976538318152654047e-05
7.478000000000000000e+03 -1.120839153309388832e-05
7.480000000000000000e+03 -1.478217493712361656e-05
7.482000000000000000e+03 -6.276502717011037233e-05
7.484000000000000000e+03 -2.150187723333012158e-05
7.486000000000000000e+03 1.544607767125920247e-05
7.488000000000000000e+03 2.883641970344397545e-05
7.490000000000000000e+03 1.235565494048681244e-05
7.492000000000000000e+03 -7.358238512509345541e-06
7.494000000000000000e+03 9.494446555535517626e-06
7.496000000000000000e+03 1.477288632775690917e-05
7.498000000000000000e+03 2.361751880966218365e-05
7.500000000000000000e+03 8.033611655887896435e-06
7.502000000000000000e+03 -3.747164605296703831e-05
7.504000000000000000e+03 -9.686919235460304085e-05
7.506000000000000000e+03 -1.633977681986099970e-04
7.508000000000000000e+03 -1.527184629818972969e-04
7.510000000000000000e+03 -1.470655810773558174e-04
7.512000000000000000e+03 -1.598062327421420408e-04
7.514000000000000000e+03 -1.609708233679443259e-04
7.516000000000000000e+03 -3.733923579880708469e-05
7.518000000000000000e+03 -7.719843029902315713e-06
7.520000000000000000e+03 -5.131203603483405155e-05
7.522000000000000000e+03 1.390269043019855989e-05
7.524000000000000000e+03 -2.222322591889355011e-04
7.526000000000000000e+03 -1.183036007851629334e-04
7.528000000000000000e+03 -3.795258181667007666e-05
7.530000000000000000e+03 9.744970680329397461e-05
7.532000000000000000e+03 7.602605783259261721e-05
7.534000000000000000e+03 6.070626135713933825e-05
7.536000000000000000e+03 6.134546930751133987e-05
7.538000000000000000e+03 7.716478010120490143e-05
7.540000000000000000e+03 4.391864182421456619e-05
7.542000000000000000e+03 1.915641100714518896e-05
7.544000000000000000e+03 1.219371825267180864e-04
7.546000000000000000e+03 1.470582694825644512e-04
7.548000000000000000e+03 6.915575653244358161e-05
7.550000000000000000e+03 1.989699560749978832e-04
7.552000000000000000e+03 1.948950579873685656e-04
7.554000000000000000e+03 1.744339031297492508e-04
7.556000000000000000e+03 1.260485106374006328e-04
7.558000000000000000e+03 1.983741452153269273e-04
7.560000000000000000e+03 1.669279159569104262e-04
7.562000000000000000e+03 1.298151628237375146e-04
7.564000000000000000e+03 9.504958677357634646e-05
7.566000000000000000e+03 5.580809626015448163e-05
7.568000000000000000e+03 4.550029040157160641e-05
7.570000000000000000e+03 -2.354256332301027087e-05
7.572000000000000000e+03 -5.290683427481960872e-05
7.574000000000000000e+03 -1.946829732826636686e-04
7.576000000000000000e+03 2.014937489297511319e-04
7.578000000000000000e+03 9.943103005144714743e-05
7.580000000000000000e+03 -3.130293796325115578e-05
7.582000000000000000e+03 -8.673945465360932748e-05
7.584000000000000000e+03 -3.724035831045323700e-05
7.586000000000000000e+03 1.089692023472674848e-05
7.588000000000000000e+03 1.799754548648626985e-05
7.590000000000000000e+03 1.979430108023608423e-05
7.592000000000000000e+03 -2.145039016346758385e-05
7.594000000000000000e+03 -2.475669477414865213e-05
7.596000000000000000e+03 -2.670585586797794239e-05
7.598000000000000000e+03 -4.084055048872569792e-05
7.600000000000000000e+03 -7.166848063459822110e-05
7.602000000000000000e+03 -5.887129567494398024e-05
7.604000000000000000e+03 -5.942070946053951440e-05
7.606000000000000000e+03 -6.881002403181677757e-06
7.608000000000000000e+03 -3.648343336894808428e-05
7.610000000000000000e+03 -5.979588866049103887e-05
7.612000000000000000e+03 -9.615856277452267207e-05
7.614000000000000000e+03 -4.574927329880332558e-05
7.616000000000000000e+03 -8.156168227923729901e-05
7.618000000000000000e+03 -5.093112711879188987e-05
7.620000000000000000e+03 -1.266241310984469440e-04
7.622000000000000000e+03 -2.552788216390362722e-04
7.624000000000000000e+03 -1.834896794016574147e-04
7.626000000000000000e+03 -2.330128365625723594e-04
7.628000000000000000e+03 -1.566818744573479627e-04
7.630000000000000000e+03 -2.245822251895433894e-04
7.632000000000000000e+03 -1.186218676239711504e-04
7.634000000000000000e+03 -2.340779763791305023e-05
7.636000000000000000e+03 2.059707993661004136e-05
7.638000000000000000e+03 -5.852156331964425851e-05
7.640000000000000000e+03 5.412613883468594008e-06
7.642000000000000000e+03 -8.837722325350617436e-05
7.644000000000000000e+03 -5.012344031256132188e-05
7.646000000000000000e+03 -4.572231147103536525e-05
7.648000000000000000e+03 4.825388662952649647e-06
7.650000000000000000e+03 3.259043045310305761e-05
7.652000000000000000e+03 1.617804980649101829e-04
7.654000000000000000e+03 1.646161731045610917e-04
7.656000000000000000e+03 2.028401221889256198e-04
7.658000000000000000e+03 5.051175873724424143e-06
7.660000000000000000e+03 -1.331209813187875408e-04
7.662000000000000000e+03 2.984795808189108566e-05
7.664000000000000000e+03 -1.588944645663042696e-05
7.666000000000000000e+03 -1.368931489534416610e-07
7.668000000000000000e+03 -6.965632330845833236e-05
7.670000000000000000e+03 -7.621977232187635704e-05
7.672000000000000000e+03 -8.434549528817141721e-05
7.674000000000000000e+03 -1.098866296711132489e-04
7.676000000000000000e+03 -1.894003060625363134e-04
7.678000000000000000e+03 -1.102866750837362616e-04
7.680000000000000000e+03 -7.063067764228795177e-05
7.682000000000000000e+03 -1.030495782248772355e-04
7.684000000000000000e+03 -1.049299531020422740e-04
7.686000000000000000e+03 -1.631276654072474214e-04
7.688000000000000000e+03 -1.226386314583924656e-04
7.690000000000000000e+03 -1.319140650683868878e-04
7.692000000000000000e+03 -1.828096879358755600e-04
7.694000000000000000e+03 -2.718139041850246851e-04
7.696000000000000000e+03 -2.599222182239179901e-04
7.698000000000000000e+03 -3.317742360705827447e-04
7.700000000000000000e+03 -2.152152112326772291e-04
7.702000000000000000e+03 -2.328550861657658396e-04
7.704000000000000000e+03 -2.326007171525045793e-04
7.706000000000000000e+03 -1.770149578471089439e-04
7.708000000000000000e+03 -1.184985507837834934e-04
7.710000000000000000e+03 -1.056498117248462249e-04
7.712000000000000000e+03 -1.142500460436594032e-04
7.714000000000000000e+03 -7.588326621416530051e-05
7.716000000000000000e+03 -1.400765412800294974e-04
7.718000000000000000e+03 -1.963930000611323345e-04
7.720000000000000000e+03 -3.457829861670400550e-04
7.722000000000000000e+03 -1.142901795755522877e-03
7.724000000000000000e+03 -1.147538525810864280e-03
7.726000000000000000e+03 -2.996391987044307557e-03
7.728000000000000000e+03 1.921593824719093288e-04
7.730000000000000000e+03 -3.596926571733530600e-04
7.732000000000000000e+03 3.335345787194184380e-04
7.734000000000000000e+03 -8.305072043222013790e-04
7.736000000000000000e+03 1.186243435045224691e-03
7.738000000000000000e+03 7.954839306672883926e-04
7.740000000000000000e+03 9.447033774443197205e-05
7.742000000000000000e+03 1.100164995173229894e-03
7.744000000000000000e+03 6.567292346428636176e-04
7.746000000000000000e+03 7.778485142444435067e-04
7.748000000000000000e+03 1.064764473654859636e-03
7.750000000000000000e+03 1.405530205474923855e-03
7.752000000000000000e+03 2.763385985874872988e-04
7.754000000000000000e+03 4.769347363159267801e-04
7.756000000000000000e+03 1.042582502974944043e-03
7.758000000000000000e+03 5.015885473618365972e-04
7.760000000000000000e+03 5.965959084098719587e-04
7.762000000000000000e+03 6.984645129399341115e-04
7.764000000000000000e+03 5.994156496126045461e-04
7.766000000000000000e+03 8.891967513385606783e-04
7.768000000000000000e+03 3.328179261295128775e-04
7.770000000000000000e+03 2.196020185632966543e-04
7.772000000000000000e+03 4.416016407944469259e-04
7.774000000000000000e+03 -2.035788496103465347e-03
7.776000000000000000e+03 -1.081168311185769183e-03
7.778000000000000000e+03 1.129132123162366079e-03
7.780000000000000000e+03 1.484466972663485602e-03
7.782000000000000000e+03 -3.223200231990283279e-04
7.784000000000000000e+03 -1.968671381437996169e-03
7.786000000000000000e+03 -2.735062118173045044e-03
7.788000000000000000e+03 -3.105126666058184454e-03
7.790000000000000000e+03 -2.113381363767573903e-03
7.792000000000000000e+03 -2.247746253466685693e-03
7.794000000000000000e+03 -1.858201616102417427e-03
7.796000000000000000e+03 -3.021901894935032779e-03
7.798000000000000000e+03 -6.658962279397166902e-03
7.800000000000000000e+03 -6.443179271672064452e-03
7.802000000000000000e+03 -8.438904564926285115e-03
7.804000000000000000e+03 -1.462288247887148784e-02
7.806000000000000000e+03 -1.453217619323490459e-02
7.808000000000000000e+03 -5.207011132595579586e-03
7.810000000000000000e+03 8.238438328928949020e-03
7.812000000000000000e+03 1.597364452307104520e-03
7.814000000000000000e+03 4.271126518632271875e-04
7.816000000000000000e+03 5.309916122017659243e-04
7.818000000000000000e+03 3.562189689322098536e-04
7.820000000000000000e+03 2.249065665271782557e-04
7.822000000000000000e+03 4.758732634639363117e-05
7.824000000000000000e+03 1.643768431672353448e-04
7.826000000000000000e+03 -2.643904503908336588e-04
7.828000000000000000e+03 -1.524330034846674113e-04
7.830000000000000000e+03 1.469869267686029326e-04
7.832000000000000000e+03 -1.913533976865940871e-04
7.834000000000000000e+03 6.143917678481011758e-05
7.836000000000000000e+03 3.020793372765974647e-05
7.838000000000000000e+03 -2.857748344507132649e-05
7.840000000000000000e+03 7.509899623306067785e-05
7.842000000000000000e+03 1.291887791298239145e-04
7.844000000000000000e+03 -1.484419990517787446e-05
7.846000000000000000e+03 -1.938084563229458860e-04
7.848000000000000000e+03 -7.839674544377720779e-05
7.850000000000000000e+03 -1.511455386820153256e-04
7.852000000000000000e+03 -1.456666522321967160e-04
7.854000000000000000e+03 -1.814361143050049303e-04
7.856000000000000000e+03 -2.579571823414991152e-04
7.858000000000000000e+03 -2.497494554878252021e-04
7.860000000000000000e+03 -1.498205142184053768e-04
7.862000000000000000e+03 -1.745906379693977896e-04
7.864000000000000000e+03 -2.040484413632591681e-04
7.866000000000000000e+03 -2.970572966739580632e-04
7.868000000000000000e+03 -3.570843239026848096e-04
7.870000000000000000e+03 -5.204391026159591689e-04
7.872000000000000000e+03 -3.985260176101555339e-04
7.874000000000000000e+03 -3.953033238842346511e-04
7.876000000000000000e+03 -4.523356614142755067e-04
7.878000000000000000e+03 -3.418367610693612713e-04
7.880000000000000000e+03 -3.452730664978812566e-04
7.882000000000000000e+03 -8.141014745803231095e-05
7.884000000000000000e+03 1.334919252710108648e-04
7.886000000000000000e+03 2.353628444656661234e-04
7.888000000000000000e+03 1.552099546077803400e-04
7.890000000000000000e+03 3.764113683675802388e-05
7.892000000000000000e+03 4.477863553915065187e-04
7.894000000000000000e+03 4.060647280117806682e-04
7.896000000000000000e+03 4.457907189567443984e-04
7.898000000000000000e+03 -5.827299800987274748e-04
7.900000000000000000e+03 -6.423889427680871522e-04
7.902000000000000000e+03 -3.619192887292759365e-04
7.904000000000000000e+03 -1.704144264428267795e-03
7.906000000000000000e+03 -2.999275535492723545e-03
7.908000000000000000e+03 -2.448044913187855109e-03
7.910000000000000000e+03 -1.082434518379108909e-02
7.912000000000000000e+03 -2.591412683401096858e-04
7.914000000000000000e+03 1.819968646088450381e-02
7.916000000000000000e+03 8.774943946436271694e-04
7.918000000000000000e+03 1.139205144333113075e-03
7.920000000000000000e+03 4.885085425592437542e-04
7.922000000000000000e+03 1.925790365886720476e-04
7.924000000000000000e+03 4.103457597266642310e-04
7.926000000000000000e+03 6.362799989945008491e-04
7.928000000000000000e+03 3.602026688882580463e-04
7.930000000000000000e+03 6.559104719827853203e-04
7.932000000000000000e+03 4.914564637529190202e-04
7.934000000000000000e+03 2.409588568100536445e-04
7.936000000000000000e+03 9.061468757726963950e-05
7.938000000000000000e+03 -1.882005293327976400e-04
7.940000000000000000e+03 -1.076881060632990563e-04
7.942000000000000000e+03 -3.709261426083294345e-04
7.944000000000000000e+03 -4.981911233405207813e-04
7.946000000000000000e+03 -4.037519387986115938e-04
7.948000000000000000e+03 -7.400752788525667746e-04
7.950000000000000000e+03 -1.088065782779058842e-03
7.952000000000000000e+03 -1.125849635832401434e-03
7.954000000000000000e+03 -6.359999488962175080e-04
7.956000000000000000e+03 -2.005352464215869697e-04
7.958000000000000000e+03 -2.841199038973517645e-04
7.960000000000000000e+03 4.957209074977122348e-04
7.962000000000000000e+03 1.944819827778432471e-04
7.964000000000000000e+03 1.423592124912600987e-04
7.966000000000000000e+03 1.046956600898376884e-04
7.968000000000000000e+03 -1.787970888240946751e-05
7.970000000000000000e+03 -4.047605505847195204e-05
7.972000000000000000e+03 -1.358133449618333045e-04
7.974000000000000000e+03 -2.057442065134149577e-04
7.976000000000000000e+03 -2.135621889670373161e-04
7.978000000000000000e+03 -2.024114328667348309e-04
7.980000000000000000e+03 -2.125949987690209700e-04
7.982000000000000000e+03 -2.794255919543046137e-04
7.984000000000000000e+03 -1.487211504660224690e-04
7.986000000000000000e+03 -2.133365670397526143e-04
7.988000000000000000e+03 -1.244168995807319502e-04
7.990000000000000000e+03 -5.473424420060076195e-05
7.992000000000000000e+03 -3.116671876403744393e-05
7.994000000000000000e+03 -2.874931736160289767e-05
7.996000000000000000e+03 -6.413067076523973624e-05
7.998000000000000000e+03 -8.873077111186994013e-05
8.000000000000000000e+03 7.252905604079272168e-06
8.002000000000000000e+03 -3.344328648299981687e-05
8.004000000000000000e+03 -1.976838847449654323e-05
8.006000000000000000e+03 4.255111623223387291e-05
8.008000000000000000e+03 3.889777004706874007e-06
8.010000000000000000e+03 5.221279547287414283e-06
8.012000000000000000e+03 2.153187979812840790e-05
8.014000000000000000e+03 -1.553723689833128802e-05
8.016000000000000000e+03 -5.167540947633831683e-05
8.018000000000000000e+03 -2.040496995194150871e-05
8.020000000000000000e+03 7.756263403394307476e-06
8.022000000000000000e+03 7.782808574503704470e-06
8.024000000000000000e+03 -1.138622411232012143e-05
8.026000000000000000e+03 2.340753957631897347e-05
8.028000000000000000e+03 7.852421244370928061e-05
8.030000000000000000e+03 1.510183042407971840e-04
8.032000000000000000e+03 1.193967278847731325e-04
8.034000000000000000e+03 9.121227325881343809e-05
8.036000000000000000e+03 1.132416586317659701e-04
8.038000000000000000e+03 6.384968078695392847e-05
8.040000000000000000e+03 6.501630743672362348e-05
8.042000000000000000e+03 1.087906082731077118e-04
8.044000000000000000e+03 2.259468492089084424e-04
8.046000000000000000e+03 7.324030669263581603e-05
8.048000000000000000e+03 3.589664358265993294e-05
8.050000000000000000e+03 -1.150935859292755276e-05
8.052000000000000000e+03 2.242503209071726640e-05
8.054000000000000000e+03 5.990289833301328501e-06
8.056000000000000000e+03 -6.702545286264753133e-05
8.058000000000000000e+03 2.694691227093267742e-05
8.060000000000000000e+03 1.453694769017245219e-05
8.062000000000000000e+03 -4.735590945057237597e-05
8.064000000000000000e+03 -2.203575285143809053e-04
8.066000000000000000e+03 -2.387661583127418058e-04
8.068000000000000000e+03 -3.128293270862387188e-04
8.070000000000000000e+03 -1.554789141089450775e-04
8.072000000000000000e+03 -2.556927288245455462e-04
8.074000000000000000e+03 -2.621554621038571595e-04
8.076000000000000000e+03 -4.693842839336518085e-04
8.078000000000000000e+03 -2.804584115707455601e-04
8.080000000000000000e+03 -2.740507913288949015e-04
8.082000000000000000e+03 -1.380679240941056710e-04
8.084000000000000000e+03 -1.010463269258042530e-04
8.086000000000000000e+03 -9.870936391142979193e-05
8.088000000000000000e+03 -7.873477669866950032e-05
8.090000000000000000e+03 -7.221786768103236021e-05
8.092000000000000000e+03 1.385171965558321323e-04
8.094000000000000000e+03 1.108388165039992577e-04
8.096000000000000000e+03 2.393462566636950261e-04
8.098000000000000000e+03 3.396145589704154368e-04
8.100000000000000000e+03 4.384303167181379511e-04
8.102000000000000000e+03 2.295337345009978373e-04
8.104000000000000000e+03 2.229516916267102898e-05
8.106000000000000000e+03 -1.999709222522903763e-04
8.108000000000000000e+03 -1.155866407290878970e-04
8.110000000000000000e+03 -5.834651998448799005e-05
8.112000000000000000e+03 -1.180640617419391030e-04
8.114000000000000000e+03 -7.595516614173219462e-05
8.116000000000000000e+03 -2.788683245698650578e-05
8.118000000000000000e+03 1.564211099470882638e-05
8.120000000000000000e+03 -1.110753889235156696e-05
8.122000000000000000e+03 1.739825997410077130e-05
8.124000000000000000e+03 2.874517785993534842e-04
8.126000000000000000e+03 1.641192092745719880e-04
8.128000000000000000e+03 9.945276260138455663e-05
8.130000000000000000e+03 3.681152147402321287e-04
8.132000000000000000e+03 2.075967014909593919e-04
8.134000000000000000e+03 3.322255690742956734e-04
8.136000000000000000e+03 5.343158025871768899e-04
8.138000000000000000e+03 5.599399939962107194e-04
8.140000000000000000e+03 6.045261008111751412e-04
8.142000000000000000e+03 8.854961247456788953e-04
8.144000000000000000e+03 1.336398313500603008e-03
8.146000000000000000e+03 1.230594828029964258e-03
8.148000000000000000e+03 8.505279424589995245e-04
8.150000000000000000e+03 7.576361553589528158e-04
8.152000000000000000e+03 1.383554635630670007e-03
8.154000000000000000e+03 1.309298587592286648e-03
8.156000000000000000e+03 6.870158151162152147e-04
8.158000000000000000e+03 7.257070040901902322e-04
8.160000000000000000e+03 5.769095922158031051e-04
8.162000000000000000e+03 6.640539131906225733e-04
8.164000000000000000e+03 4.354635071214591120e-04
8.166000000000000000e+03 9.130417651039773137e-04
8.168000000000000000e+03 1.849466837902443957e-03
8.170000000000000000e+03 4.950313392892566810e-04
8.172000000000000000e+03 -3.680536001923972550e-05
8.174000000000000000e+03 6.130907836374720242e-04
8.176000000000000000e+03 3.658758712334219299e-04
8.178000000000000000e+03 7.847327662404908781e-04
8.180000000000000000e+03 6.950062828663969381e-04
8.182000000000000000e+03 -3.980041803427867989e-04
8.184000000000000000e+03 -7.629731617144104323e-05
8.186000000000000000e+03 3.405945825322550711e-05
8.188000000000000000e+03 3.339311617858778652e-04
8.190000000000000000e+03 1.836684691232594419e-05
8.192000000000000000e+03 2.838558317786725894e-04
8.194000000000000000e+03 3.378759346250896829e-04
8.196000000000000000e+03 2.541537232662338685e-04
8.198000000000000000e+03 3.302533420258201252e-04
8.200000000000000000e+03 8.656978921494752155e-05
8.202000000000000000e+03 1.179992171529814415e-05
8.204000000000000000e+03 2.212797297658110267e-05
8.206000000000000000e+03 6.288561421515412547e-05
8.208000000000000000e+03 3.485399241199645977e-05
8.210000000000000000e+03 6.466597242979771484e-05
8.212000000000000000e+03 6.619214249278366450e-05
8.214000000000000000e+03 7.261010607597521754e-05
8.216000000000000000e+03 5.020129539994846925e-05
8.218000000000000000e+03 1.851792841183051870e-04
8.220000000000000000e+03 1.884394004207726463e-04
8.222000000000000000e+03 2.100063653012322650e-04
8.224000000000000000e+03 2.362443831090127585e-04
8.226000000000000000e+03 2.687744090415891186e-04
8.228000000000000000e+03 3.543500601820160213e-04
8.230000000000000000e+03 5.096039965134060469e-04
8.232000000000000000e+03 4.937579660414316866e-04
8.234000000000000000e+03 6.330667169954119896e-04
8.236000000000000000e+03 1.161692107147705832e-03
8.238000000000000000e+03 8.307515608653558018e-04
8.240000000000000000e+03 2.121787248935433877e-03
8.242000000000000000e+03 3.024259372526628422e-04
8.244000000000000000e+03 5.287720444009498750e-04
8.246000000000000000e+03 5.940784900455191916e-04
8.248000000000000000e+03 1.866236164327005371e-05
8.250000000000000000e+03 6.352744014354933704e-04
8.252000000000000000e+03 6.028613865342383736e-05
8.254000000000000000e+03 6.728390077576097130e-04
8.256000000000000000e+03 5.396335255927546233e-04
8.258000000000000000e+03 1.288078035608554309e-03
8.260000000000000000e+03 1.687345637122355830e-04
8.262000000000000000e+03 2.184694018573592905e-04
8.264000000000000000e+03 1.649003324154152861e-04
8.266000000000000000e+03 9.058107151185727324e-05
8.268000000000000000e+03 -2.544806204508123871e-05
8.270000000000000000e+03 6.526125603852330685e-05
8.272000000000000000e+03 5.150006530630272085e-04
8.274000000000000000e+03 3.595670253888613504e-04
8.276000000000000000e+03 1.914342266427896701e-04
8.278000000000000000e+03 2.200863770579903332e-04
8.280000000000000000e+03 6.452355057667475183e-05
8.282000000000000000e+03 1.974117846077272538e-03
8.284000000000000000e+03 -8.360438262097895671e-04
8.286000000000000000e+03 -1.587735473289958281e-03
8.288000000000000000e+03 -4.255058600908454545e-04
8.290000000000000000e+03 -1.367308720757206110e-03
8.292000000000000000e+03 -2.110551487235243044e-03
8.294000000000000000e+03 -6.792069829819166044e-03
8.296000000000000000e+03 -5.577610971384220663e-03
8.298000000000000000e+03 3.796895483136226990e-02
8.300000000000000000e+03 4.374851723774307762e-03
8.302000000000000000e+03 2.711692088135770305e-03
8.304000000000000000e+03 2.405667298463032722e-03
8.306000000000000000e+03 6.566089175751329068e-03
8.308000000000000000e+03 7.671515063906208728e-03
8.310000000000000000e+03 3.818211462659644169e-04
8.312000000000000000e+03 8.815641578205517031e-04
8.314000000000000000e+03 2.518944314937682227e-03
8.316000000000000000e+03 1.070691977779711281e-03
8.318000000000000000e+03 7.819621353439388340e-05
8.320000000000000000e+03 -5.468789512332251001e-04
8.322000000000000000e+03 -6.401744240228534775e-04
8.324000000000000000e+03 -1.726611828659375405e-04
8.326000000000000000e+03 -1.032630791653577211e-05
8.328000000000000000e+03 8.460922992308451425e-06
8.330000000000000000e+03 2.848681519660077816e-04
8.332000000000000000e+03 9.517048337187487361e-05
8.334000000000000000e+03 4.281331134664591851e-05
8.336000000000000000e+03 1.359240378683802472e-04
8.338000000000000000e+03 7.575088937326786287e-04
8.340000000000000000e+03 2.991639060277221079e-04
8.342000000000000000e+03 5.720919614423833300e-04
8.344000000000000000e+03 -1.336002079339721838e-03
8.346000000000000000e+03 -5.155697203724718619e-04
8.348000000000000000e+03 -2.606759190096479841e-04
8.350000000000000000e+03 -5.232818784813658643e-05
8.352000000000000000e+03 -3.450329131732966358e-04
8.354000000000000000e+03 1.644358817956108614e-04
8.356000000000000000e+03 -2.873871156758950936e-03
8.358000000000000000e+03 -1.651621323099855933e-03
8.360000000000000000e+03 -8.919984109170232475e-04
8.362000000000000000e+03 -4.416709583735887860e-04
8.364000000000000000e+03 -6.134792110357862845e-04
8.366000000000000000e+03 -2.137119896433843647e-03
8.368000000000000000e+03 -4.737508866680364061e-04
8.370000000000000000e+03 -2.626610488282418222e-04
8.372000000000000000e+03 -2.220248143571271703e-04
8.374000000000000000e+03 -3.418877356472654633e-04
8.376000000000000000e+03 -2.632098909359605662e-04
8.378000000000000000e+03 3.223780764664974444e-03
8.380000000000000000e+03 3.426707278365292704e-05
8.382000000000000000e+03 3.353678665496063766e-03
8.384000000000000000e+03 -2.283769708029982897e-03
8.386000000000000000e+03 -8.877190320258207187e-04
8.388000000000000000e+03 -1.690167019988763914e-03
8.390000000000000000e+03 1.001987509195782517e-03
8.392000000000000000e+03 -2.308146470311185899e-03
8.394000000000000000e+03 1.500745091810630439e-03
8.396000000000000000e+03 -4.513557647695964101e-04
8.398000000000000000e+03 -4.068640825990358869e-05
8.400000000000000000e+03 -5.468966894462545933e-05
8.402000000000000000e+03 -1.225926027776876894e-04
8.404000000000000000e+03 -7.625666966856824820e-05
8.406000000000000000e+03 -8.327817120850493132e-05
8.408000000000000000e+03 -1.152631028475554478e-04
8.410000000000000000e+03 -1.465379847392387161e-04
8.412000000000000000e+03 -4.515996995853471829e-04
8.414000000000000000e+03 -1.249944514884677223e-04
8.416000000000000000e+03 -1.980761802761798812e-04
8.418000000000000000e+03 -2.813061365341096407e-04
8.420000000000000000e+03 -1.753510063216124726e-04
8.422000000000000000e+03 -2.085316597607526489e-04
8.424000000000000000e+03 2.488614014153948625e-04
8.426000000000000000e+03 1.705396836925101732e-04
8.428000000000000000e+03 2.948399650630870888e-04
8.430000000000000000e+03 7.294153013602067224e-05
8.432000000000000000e+03 -1.942260264037085993e-04
8.434000000000000000e+03 -2.048331166543306404e-04
8.436000000000000000e+03 -1.905399842635241046e-04
8.438000000000000000e+03 -3.082157296237123889e-04
8.440000000000000000e+03 -2.022491511541789843e-04
8.442000000000000000e+03 -5.054520305284281452e-05
8.444000000000000000e+03 1.304370092433185680e-03
8.446000000000000000e+03 1.612582920812309639e-03
8.448000000000000000e+03 3.949929235918194404e-04
8.450000000000000000e+03 1.166345122878658232e-04
8.452000000000000000e+03 -4.036515125500306044e-05
8.454000000000000000e+03 8.348473020729305777e-05
8.456000000000000000e+03 1.464853774219472831e-04
8.458000000000000000e+03 2.928336611838275707e-04
8.460000000000000000e+03 9.967090558900948806e-06
8.462000000000000000e+03 5.020571672034543776e-05
8.464000000000000000e+03 1.195822375728924783e-04
8.466000000000000000e+03 2.971899173650070411e-05
8.468000000000000000e+03 8.915024313442632760e-05
8.470000000000000000e+03 8.785904078849187413e-05
8.472000000000000000e+03 1.020124899010848532e-04
8.474000000000000000e+03 1.133297742068428802e-04
8.476000000000000000e+03 1.476457187142095693e-05
8.478000000000000000e+03 3.669783066414725989e-05
8.480000000000000000e+03 2.606416554388499643e-05
8.482000000000000000e+03 5.865302661848182839e-05
8.484000000000000000e+03 6.131196533251421100e-05
8.486000000000000000e+03 2.180868541537500746e-04
8.488000000000000000e+03 1.241676324834608744e-04
8.490000000000000000e+03 1.730936381999311933e-04
8.492000000000000000e+03 1.336695591121418627e-04
8.494000000000000000e+03 3.419409703606390589e-04
8.496000000000000000e+03 1.602837074536252464e-04
8.498000000000000000e+03 2.952337350489488426e-04
8.500000000000000000e+03 3.345470178990396525e-04
8.502000000000000000e+03 3.852179744753816623e-04
8.504000000000000000e+03 3.587176951850468858e-04
8.506000000000000000e+03 1.903245136950296992e-04
8.508000000000000000e+03 3.182189454551663543e-04
8.510000000000000000e+03 1.120671379039541078e-04
8.512000000000000000e+03 -2.732082041299945075e-05
8.514000000000000000e+03 -2.907287156510011592e-04
8.516000000000000000e+03 -6.261966219754010665e-04
8.518000000000000000e+03 -4.849869144662558875e-04
8.520000000000000000e+03 -5.412837782319903127e-05
8.522000000000000000e+03 -2.520683126019501166e-04
8.524000000000000000e+03 1.266881232992040675e-03
8.526000000000000000e+03 1.428909322178107668e-03
8.528000000000000000e+03 6.533843054542089711e-03
8.530000000000000000e+03 -1.400183044483247624e-02
8.532000000000000000e+03 -6.947046565893705283e-03
8.534000000000000000e+03 -2.012368437271831647e-03
8.536000000000000000e+03 -9.758894123461531742e-04
8.538000000000000000e+03 -1.833098361340388402e-03
8.540000000000000000e+03 3.482305979984102215e-04
8.542000000000000000e+03 3.245349914345755705e-04
8.544000000000000000e+03 -8.010836235677885105e-04
8.546000000000000000e+03 6.628919786831804833e-04
8.548000000000000000e+03 -5.674056733576065582e-03
8.550000000000000000e+03 -7.417674115550101574e-03
8.552000000000000000e+03 2.022776698907241544e-03
8.554000000000000000e+03 9.316632437223821206e-04
8.556000000000000000e+03 -4.057713245556139126e-04
8.558000000000000000e+03 -9.128783792646355359e-04
8.560000000000000000e+03 -2.641856500581069587e-04
8.562000000000000000e+03 -2.313399095013621848e-05
8.564000000000000000e+03 3.688816876889427587e-05
8.566000000000000000e+03 3.805051578499200416e-05
8.568000000000000000e+03 -3.228724241549559308e-05
8.570000000000000000e+03 6.216997795919227267e-05
8.572000000000000000e+03 1.207896691425328311e-04
8.574000000000000000e+03 1.110087832636263267e-04
8.576000000000000000e+03 1.832179699911320981e-04
8.578000000000000000e+03 8.452468065798766103e-05
8.580000000000000000e+03 5.787315524892783523e-05
8.582000000000000000e+03 -9.025684902661697387e-06
8.584000000000000000e+03 2.479459185490918353e-04
8.586000000000000000e+03 2.228683736068670499e-04
8.588000000000000000e+03 3.146135023213368609e-04
8.590000000000000000e+03 2.076986350853509832e-04
8.592000000000000000e+03 1.909033638973018298e-04
8.594000000000000000e+03 1.744478293082529481e-04
8.596000000000000000e+03 3.026368760615967004e-04
8.598000000000000000e+03 2.296731158421761105e-04
8.600000000000000000e+03 2.842811848722839017e-05
8.602000000000000000e+03 2.404369825788322764e-04
8.604000000000000000e+03 4.978065290144708440e-04
8.606000000000000000e+03 6.141926577357798532e-04
8.608000000000000000e+03 5.901303418915910095e-04
8.610000000000000000e+03 3.729217669566843216e-04
8.612000000000000000e+03 2.982869497125761968e-04
8.614000000000000000e+03 7.392627996521736579e-04
8.616000000000000000e+03 7.269813392251031105e-04
8.618000000000000000e+03 1.840089820419389373e-03
8.620000000000000000e+03 -2.388303742384822060e-03
8.622000000000000000e+03 -3.759169216272402470e-03
8.624000000000000000e+03 -3.063155310421873667e-03
8.626000000000000000e+03 -6.455650139859344435e-04
8.628000000000000000e+03 -5.124477107703811042e-04
8.630000000000000000e+03 -6.525808348888364942e-04
8.632000000000000000e+03 -5.251829639165606252e-04
8.634000000000000000e+03 -3.737547040961556872e-04
8.636000000000000000e+03 -3.930330081967249177e-04
8.638000000000000000e+03 -3.632423677242509544e-04
8.640000000000000000e+03 -3.486791504360297494e-04
8.642000000000000000e+03 -3.039138738666685908e-04
8.644000000000000000e+03 4.093875220985375147e-04
8.646000000000000000e+03 -1.476541847269997485e-04
8.648000000000000000e+03 -1.763191776131681275e-04
8.650000000000000000e+03 3.078344424929435391e-04
8.652000000000000000e+03 -1.576211499131418919e-04
8.654000000000000000e+03 -2.065589113434060646e-04
8.656000000000000000e+03 -1.093855751513332374e-05
8.658000000000000000e+03 -7.144163523178096364e-04
8.660000000000000000e+03 -5.215823223780323989e-04
8.662000000000000000e+03 -4.973633093725207807e-04
8.664000000000000000e+03 -5.515710104036159519e-04
8.666000000000000000e+03 6.760955921155983872e-03
8.668000000000000000e+03 1.424940591923563090e-03
8.670000000000000000e+03 3.757016929972156424e-04
8.672000000000000000e+03 1.441788681546049143e-04
8.674000000000000000e+03 9.036590901182671399e-05
8.676000000000000000e+03 1.610337982961486554e-04
8.678000000000000000e+03 1.411626207015957138e-04
8.680000000000000000e+03 4.068817157563039944e-05
8.682000000000000000e+03 7.906498993226967554e-05
8.684000000000000000e+03 3.493483752450671188e-05
8.686000000000000000e+03 9.408553539067438529e-05
8.688000000000000000e+03 2.732068160605598251e-05
8.690000000000000000e+03 -1.223191721207811616e-04
8.692000000000000000e+03 -1.540668880271233376e-04
8.694000000000000000e+03 2.645938660708110817e-05
8.696000000000000000e+03 -5.947470334128680293e-05
8.698000000000000000e+03 1.312884149602864904e-07
8.700000000000000000e+03 -7.770224354465377298e-05
8.702000000000000000e+03 -1.043989519393418868e-04
8.704000000000000000e+03 -7.308605858012349728e-05
8.706000000000000000e+03 -2.402283193099359526e-05
8.708000000000000000e+03 -7.154069596390657767e-05
8.710000000000000000e+03 -3.589434000745707034e-05
8.712000000000000000e+03 -1.383865205707582321e-05
8.714000000000000000e+03 1.943058794135311631e-05
8.716000000000000000e+03 1.693864223656249448e-05
8.718000000000000000e+03 -3.669446448636702368e-05
8.720000000000000000e+03 -3.620088955907188943e-06
8.722000000000000000e+03 2.018508858694487200e-05
8.724000000000000000e+03 3.762699253274085940e-05
8.726000000000000000e+03 1.693044398466591192e-05
8.728000000000000000e+03 -5.393249048670002562e-06
8.730000000000000000e+03 1.916607249538222789e-05
8.732000000000000000e+03 3.151580472748970847e-05
8.734000000000000000e+03 9.468516239453142165e-05
8.736000000000000000e+03 -4.581140049150985458e-05
8.738000000000000000e+03 -1.572779265373880197e-06
8.740000000000000000e+03 -6.616048910611527234e-05
8.742000000000000000e+03 1.568520146454910867e-04
8.744000000000000000e+03 1.367796634826648722e-04
8.746000000000000000e+03 6.312494840877359479e-05
8.748000000000000000e+03 6.586595187587513929e-05
8.750000000000000000e+03 8.361749439318656892e-05
8.752000000000000000e+03 3.791401960529314767e-05
8.754000000000000000e+03 6.702988723742782557e-06
8.756000000000000000e+03 -3.400007838215260197e-05
8.758000000000000000e+03 3.934819765895193312e-05
8.760000000000000000e+03 8.625743456160853779e-05
8.762000000000000000e+03 2.704205962737951533e-04
8.764000000000000000e+03 -3.606129242545147423e-05
8.766000000000000000e+03 -7.543766381786457139e-05
8.768000000000000000e+03 -1.505837577979218301e-04
8.770000000000000000e+03 -6.886728781972321748e-05
8.772000000000000000e+03 -3.335498116379049301e-04
8.774000000000000000e+03 -1.997538576637354385e-04
8.776000000000000000e+03 -1.688371792072343078e-04
8.778000000000000000e+03 -4.588531556846784255e-04
8.780000000000000000e+03 -1.465738826200945833e-03
8.782000000000000000e+03 -8.637612454798357852e-04
8.784000000000000000e+03 -4.414642355575075549e-04
8.786000000000000000e+03 -8.148273459747477215e-04
8.788000000000000000e+03 -6.323021655533487585e-04
8.790000000000000000e+03 -5.035650554572053232e-04
8.792000000000000000e+03 -3.683648834485635302e-04
8.794000000000000000e+03 -6.562342565841315515e-04
8.796000000000000000e+03 -3.904787829890997018e-04
8.798000000000000000e+03 -3.097684563678920235e-04
8.800000000000000000e+03 -1.564918706507171338e-04
8.802000000000000000e+03 -1.592550251852497113e-04
8.804000000000000000e+03 -1.869224273894352136e-04
8.806000000000000000e+03 -1.697291787493707203e-04
8.808000000000000000e+03 -1.213029603043623680e-04
8.810000000000000000e+03 -1.450350064145013726e-04
8.812000000000000000e+03 -1.072744427606742645e-04
8.814000000000000000e+03 -2.630668932895619208e-05
8.816000000000000000e+03 9.753652973757564963e-06
8.818000000000000000e+03 -7.327272833173063389e-06
8.820000000000000000e+03 1.626227187208575844e-05
8.822000000000000000e+03 6.675401808733145580e-05
8.824000000000000000e+03 3.185024182221526229e-05
8.826000000000000000e+03 2.817535570893288683e-05
8.828000000000000000e+03 4.497711260007705546e-05
8.830000000000000000e+03 4.422359171292900032e-05
8.832000000000000000e+03 8.873005495018363050e-05
8.834000000000000000e+03 3.454925751989627110e-04
8.836000000000000000e+03 1.220870421821301560e-04
8.838000000000000000e+03 2.215377779895774679e-04
8.840000000000000000e+03 2.142251015078663651e-04
8.842000000000000000e+03 7.599734884668256319e-05
8.844000000000000000e+03 1.869724423188109030e-04
8.846000000000000000e+03 1.840996199629916022e-04
8.848000000000000000e+03 1.508321902343454156e-04
8.850000000000000000e+03 2.561021061322634276e-04
8.852000000000000000e+03 4.391109626262353310e-04
8.854000000000000000e+03 6.041941745114487580e-04
8.856000000000000000e+03 2.187037207443050550e-04
8.858000000000000000e+03 4.456792835924693454e-05
8.860000000000000000e+03 9.726135479760132863e-06
8.862000000000000000e+03 5.673094218931383303e-05
8.864000000000000000e+03 1.988216960548252476e-05
8.866000000000000000e+03 5.395310354605722990e-05
8.868000000000000000e+03 -2.003848043018283023e-04
8.870000000000000000e+03 -1.114489605334186180e-03
8.872000000000000000e+03 -3.628164184534569611e-04
8.874000000000000000e+03 -4.131823632053410224e-04
8.876000000000000000e+03 2.215335796908674194e-05
8.878000000000000000e+03 4.649782466821904682e-04
8.880000000000000000e+03 4.959616698192455915e-04
8.882000000000000000e+03 3.584014732215503782e-04
8.884000000000000000e+03 3.203677491115434171e-04
8.886000000000000000e+03 2.171937992377041414e-04
8.888000000000000000e+03 1.624321268742366273e-04
8.890000000000000000e+03 1.131918274539369334e-04
8.892000000000000000e+03 3.286159264754810066e-04
8.894000000000000000e+03 1.779762455650877326e-04
8.896000000000000000e+03 4.176077239362373608e-04
8.898000000000000000e+03 4.572084712595011666e-04
8.900000000000000000e+03 1.006145875176974467e-03
8.902000000000000000e+03 1.046999879118516111e-03
8.904000000000000000e+03 6.906683204960987034e-04
8.906000000000000000e+03 -1.068277054406187608e-04
8.908000000000000000e+03 -1.155530819705844099e-04
8.910000000000000000e+03 -2.785044062104766006e-05
8.912000000000000000e+03 -2.336945334705186846e-04
8.914000000000000000e+03 -7.676689670606031963e-05
8.916000000000000000e+03 -1.406778731220909256e-04
8.918000000000000000e+03 -1.799731861535896062e-04
8.920000000000000000e+03 -2.278789522053894774e-04
8.922000000000000000e+03 -1.575236214294810778e-04
8.924000000000000000e+03 -1.586874123379240255e-04
8.926000000000000000e+03 -6.649012841024944283e-05
8.928000000000000000e+03 -1.236991950684752169e-04
8.930000000000000000e+03 -7.560625169106621139e-04
8.932000000000000000e+03 -6.365694736833899534e-04
8.934000000000000000e+03 -7.008331174683917202e-05
8.936000000000000000e+03 -9.908770201372508687e-05
8.938000000000000000e+03 -1.300443805709336031e-04
8.940000000000000000e+03 2.022722259436961028e-04
8.942000000000000000e+03 3.114423833658037737e-04
8.944000000000000000e+03 1.966176979799311815e-04
8.946000000000000000e+03 9.861081166726835573e-05
8.948000000000000000e+03 1.271922896981215415e-04
8.950000000000000000e+03 1.369850147562778008e-04
8.952000000000000000e+03 2.609479930739786618e-04
8.954000000000000000e+03 4.093201283595586230e-04
8.956000000000000000e+03 1.686516920571587538e-04
8.958000000000000000e+03 2.065598251975575827e-05
8.960000000000000000e+03 1.412910243985305452e-04
8.962000000000000000e+03 1.262377290871625145e-04
8.964000000000000000e+03 -3.557973144874144582e-05
8.966000000000000000e+03 6.171983251139113330e-05
8.968000000000000000e+03 1.944525631625257692e-04
8.970000000000000000e+03 1.748346304043989707e-04
8.972000000000000000e+03 1.412711805360050059e-04
8.974000000000000000e+03 2.103990023520124677e-04
8.976000000000000000e+03 7.167350314618513274e-05
8.978000000000000000e+03 1.320845830411678402e-04
8.980000000000000000e+03 2.886704172683631446e-05
8.982000000000000000e+03 1.011731694983578696e-04
8.984000000000000000e+03 1.581819445700420514e-04
8.986000000000000000e+03 2.891231097770604512e-04
8.988000000000000000e+03 2.049682991105406774e-04
8.990000000000000000e+03 2.334827469228223373e-04
8.992000000000000000e+03 -3.417381015004589844e-05
8.994000000000000000e+03 -7.058723079027258787e-05
8.996000000000000000e+03 4.640351743967029011e-05
8.998000000000000000e+03 9.087858000184961458e-05
9.000000000000000000e+03 -3.979818270227698031e-05
9.002000000000000000e+03 -2.284979074612228963e-04
9.004000000000000000e+03 -2.369017029285096709e-04
9.006000000000000000e+03 -1.788631021644512950e-04
9.008000000000000000e+03 5.158914978375998536e-06
9.010000000000000000e+03 5.496867806555526882e-05
9.012000000000000000e+03 -6.606073949898446913e-05
9.014000000000000000e+03 -3.139356520195899533e-05
9.016000000000000000e+03 1.956139486376913146e-05
9.018000000000000000e+03 5.014814978143741059e-05
9.020000000000000000e+03 -2.163893480138890329e-05
9.022000000000000000e+03 1.578166752652395528e-04
9.024000000000000000e+03 3.003709086002780495e-05
9.026000000000000000e+03 6.407972849675889657e-05
9.028000000000000000e+03 1.970705488838423575e-05
9.030000000000000000e+03 -9.510971900577592828e-06
9.032000000000000000e+03 -5.841285297918392391e-05
9.034000000000000000e+03 -1.443195528905707136e-05
9.036000000000000000e+03 -4.616378520716060197e-05
9.038000000000000000e+03 3.689833883754362041e-06
9.040000000000000000e+03 1.947739799160014512e-04
9.042000000000000000e+03 2.053248191779843447e-04
9.044000000000000000e+03 3.741659575609320289e-05
9.046000000000000000e+03 -4.881558698565991356e-05
9.048000000000000000e+03 -4.648728180033964545e-05
9.050000000000000000e+03 2.008621019333585543e-06
9.052000000000000000e+03 -2.988922553103381824e-05
9.054000000000000000e+03 -9.865519877943817800e-05
9.056000000000000000e+03 -5.250698882163153548e-04
9.058000000000000000e+03 -4.223026498658700436e-04
9.060000000000000000e+03 -4.276518195371362087e-04
9.062000000000000000e+03 -3.280962408847689434e-04
9.064000000000000000e+03 -3.711064887065940805e-04
9.066000000000000000e+03 -3.333685887289472767e-04
9.068000000000000000e+03 -4.417163347704668110e-04
9.070000000000000000e+03 -4.652595936520445541e-04
9.072000000000000000e+03 -3.648896077805550194e-04
9.074000000000000000e+03 -3.670426214489540240e-04
9.076000000000000000e+03 -4.231853135454098722e-04
9.078000000000000000e+03 -2.912118390826945349e-04
9.080000000000000000e+03 -4.161758902657840720e-04
9.082000000000000000e+03 -3.111325062323353906e-04
9.084000000000000000e+03 -3.313827380028123103e-04
9.086000000000000000e+03 -3.572266034243132141e-04
9.088000000000000000e+03 -1.572418085222201706e-04
9.090000000000000000e+03 -1.023398400759896449e-04
9.092000000000000000e+03 -1.704871394047562214e-04
9.094000000000000000e+03 -1.239146543405767918e-04
9.096000000000000000e+03 -1.977787557721967407e-04
9.098000000000000000e+03 2.979129459220283515e-05
9.100000000000000000e+03 1.079971476336804166e-04
9.102000000000000000e+03 -3.054498301181674653e-04
9.104000000000000000e+03 -2.616991740169430565e-04
9.106000000000000000e+03 -1.896756369472819349e-04
9.108000000000000000e+03 -1.931325347967320389e-04
9.110000000000000000e+03 -1.463431326600961562e-04
9.112000000000000000e+03 -1.654233910829728822e-04
9.114000000000000000e+03 -2.046146771650376561e-04
9.116000000000000000e+03 -2.196030481231561673e-04
9.118000000000000000e+03 -2.122234884095666599e-04
9.120000000000000000e+03 -1.751605209843624727e-04
9.122000000000000000e+03 -2.196371010385945218e-04
9.124000000000000000e+03 -1.953456357856127497e-04
9.126000000000000000e+03 -2.396520253875478060e-04
9.128000000000000000e+03 -2.561194902012911448e-04
9.130000000000000000e+03 -2.022694222810777110e-04
9.132000000000000000e+03 -1.664394865968324042e-04
9.134000000000000000e+03 -1.045362048002013101e-04
9.136000000000000000e+03 -8.330104996263166866e-05
9.138000000000000000e+03 -2.221776220299152577e-04
9.140000000000000000e+03 -2.420917017779984214e-04
9.142000000000000000e+03 -1.328430388017714495e-04
9.144000000000000000e+03 -3.076263450002194992e-04
9.146000000000000000e+03 -1.805506987034265209e-04
9.148000000000000000e+03 5.292144201354921163e-04
9.150000000000000000e+03 4.196743665248530916e-04
9.152000000000000000e+03 4.235718034017639804e-04
9.154000000000000000e+03 -1.477643661439368827e-04
9.156000000000000000e+03 -2.326739528537760248e-04
9.158000000000000000e+03 -5.242802602198614074e-04
9.160000000000000000e+03 -2.467898811423544728e-04
9.162000000000000000e+03 -3.497103954740479162e-04
9.164000000000000000e+03 -5.793013924366247026e-04
9.166000000000000000e+03 -1.562509490680269540e-03
9.168000000000000000e+03 -7.199111808029656431e-04
9.170000000000000000e+03 -1.265501443147595481e-03
9.172000000000000000e+03 -7.489456211874714626e-04
9.174000000000000000e+03 -5.940206610271134800e-04
9.176000000000000000e+03 -5.668281715345872222e-04
9.178000000000000000e+03 -1.251665556033556333e-03
9.180000000000000000e+03 -1.521555944374226779e-03
9.182000000000000000e+03 -1.354748669147367310e-03
9.184000000000000000e+03 -3.671172924630816681e-04
9.186000000000000000e+03 1.456566404301386382e-04
9.188000000000000000e+03 -1.402398055939021440e-04
9.190000000000000000e+03 -1.084585510318450418e-04
9.192000000000000000e+03 -8.981424681793817588e-05
9.194000000000000000e+03 8.514599197056787420e-05
9.196000000000000000e+03 2.454204666202414542e-05
9.198000000000000000e+03 4.718256559340476271e-05
9.200000000000000000e+03 1.853240698970609341e-04
9.202000000000000000e+03 -1.871812892567463991e-05
9.204000000000000000e+03 -9.937723896371144280e-05
9.206000000000000000e+03 -6.495760566197376147e-05
9.208000000000000000e+03 -1.154589025385059317e-04
9.210000000000000000e+03 -6.446258700294345765e-06
9.212000000000000000e+03 -4.922317918117187285e-05
9.214000000000000000e+03 -1.493474311754020554e-04
9.216000000000000000e+03 -1.254403592059026172e-04
9.218000000000000000e+03 -1.297353763720797599e-04
9.220000000000000000e+03 -4.815885292940587749e-05
9.222000000000000000e+03 1.560086168350189161e-05
9.224000000000000000e+03 -2.780534112993131527e-05
9.226000000000000000e+03 -1.821686843621210921e-05
9.228000000000000000e+03 -1.971662487744341608e-04
9.230000000000000000e+03 -9.534651040969949600e-05
9.232000000000000000e+03 -1.213556883941130273e-04
9.234000000000000000e+03 -6.783354123326286423e-05
9.236000000000000000e+03 -2.595186974901849235e-05
9.238000000000000000e+03 -2.250048706685996318e-05
9.240000000000000000e+03 -1.585153364560043022e-04
9.242000000000000000e+03 -2.892139254255404767e-04
9.244000000000000000e+03 -3.324158700325905358e-04
9.246000000000000000e+03 -2.275553706358070109e-04
9.248000000000000000e+03 -3.398411973518740067e-04
9.250000000000000000e+03 -4.812313671858818934e-04
9.252000000000000000e+03 -5.207858220335057813e-04
9.254000000000000000e+03 -4.153371800838591183e-04
9.256000000000000000e+03 -2.367789828461740371e-04
9.258000000000000000e+03 -2.083034256452253252e-04
9.260000000000000000e+03 -2.814135516928492251e-04
9.262000000000000000e+03 -2.801650849811258945e-04
9.264000000000000000e+03 -2.592781578616448106e-04
9.266000000000000000e+03 -3.961110630653210752e-04
9.268000000000000000e+03 -1.024905818044127880e-03
9.270000000000000000e+03 -8.273558671990635313e-04
9.272000000000000000e+03 -7.730869337926593848e-04
9.274000000000000000e+03 -4.697769573161038130e-04
9.276000000000000000e+03 -4.088738750242853701e-04
9.278000000000000000e+03 -2.511724866161488246e-04
9.280000000000000000e+03 -2.557112078895880771e-04
9.282000000000000000e+03 -3.096408053506510458e-04
9.284000000000000000e+03 -1.899153057524407813e-04
9.286000000000000000e+03 -1.736740476328150551e-04
9.288000000000000000e+03 -1.425371241323452796e-04
9.290000000000000000e+03 -7.836438381349258202e-05
9.292000000000000000e+03 -1.082494607009880600e-04
9.294000000000000000e+03 -9.788977700915762852e-05
9.296000000000000000e+03 -1.158635374036464435e-04
9.298000000000000000e+03 -1.236531066196409217e-04
9.300000000000000000e+03 -1.809889624569207297e-04
9.302000000000000000e+03 -2.276137195378178280e-04
9.304000000000000000e+03 -1.514831275786086471e-04
9.306000000000000000e+03 -2.094235239408248389e-04
9.308000000000000000e+03 -1.620339051500124361e-04
9.310000000000000000e+03 -2.113696264892618777e-04
9.312000000000000000e+03 -2.090756098535888254e-05
9.314000000000000000e+03 -3.643193889647263736e-05
9.316000000000000000e+03 -9.597257639325031705e-05
9.318000000000000000e+03 -7.014545574832132483e-05
9.320000000000000000e+03 -1.662056386532962890e-04
9.322000000000000000e+03 -1.143265142155016164e-04
9.324000000000000000e+03 -3.719347597071036293e-04
9.326000000000000000e+03 -2.040637270783599087e-04
9.328000000000000000e+03 -1.604821010292944267e-04
9.330000000000000000e+03 -1.191489963175516859e-04
9.332000000000000000e+03 -2.415849421766892973e-04
9.334000000000000000e+03 -8.824612542022052311e-05
9.336000000000000000e+03 2.212127276072051390e-06
9.338000000000000000e+03 1.478328268054922116e-04
9.340000000000000000e+03 6.471693360013762279e-05
9.342000000000000000e+03 6.691626575887422830e-06
9.344000000000000000e+03 -2.517500540036629987e-04
9.346000000000000000e+03 -2.782262081457889777e-04
9.348000000000000000e+03 -4.229503897044145254e-04
9.350000000000000000e+03 -7.982653387890985969e-04
9.352000000000000000e+03 -3.591305219339031461e-04
9.354000000000000000e+03 -2.297324434752218115e-04
9.356000000000000000e+03 -4.004859435497038758e-04
9.358000000000000000e+03 -1.857295852714215066e-04
9.360000000000000000e+03 -3.380336729857318740e-04
9.362000000000000000e+03 -6.009510585529600742e-04
9.364000000000000000e+03 -3.740486451383930456e-04
9.366000000000000000e+03 -3.537140602129938607e-04
9.368000000000000000e+03 -5.400282429286312183e-04
9.370000000000000000e+03 -3.207261306079072665e-04
9.372000000000000000e+03 -1.856805460612757572e-04
9.374000000000000000e+03 8.988167141078568130e-05
9.376000000000000000e+03 -2.292632011127803229e-04
9.378000000000000000e+03 7.936765343835770433e-05
9.380000000000000000e+03 1.634970481301639949e-04
9.382000000000000000e+03 2.346713321454948814e-04
9.384000000000000000e+03 1.258085627317041019e-04
9.386000000000000000e+03 -7.718771459463029177e-04
9.388000000000000000e+03 -2.495508553523887113e-04
9.390000000000000000e+03 -1.040358439217058491e-04
9.392000000000000000e+03 -1.203168791002754491e-04
9.394000000000000000e+03 -3.375820052296895463e-05
9.396000000000000000e+03 -2.199249298727112779e-04
9.398000000000000000e+03 -7.157516645943768306e-05
9.400000000000000000e+03 7.058711717464641521e-06
9.402000000000000000e+03 -5.399313442575689217e-05
9.404000000000000000e+03 6.154894527426730926e-05
9.406000000000000000e+03 1.155950944814352694e-04
9.408000000000000000e+03 8.888064664191793894e-05
9.410000000000000000e+03 1.176683155952412370e-04
9.412000000000000000e+03 2.213411054880205613e-04
9.414000000000000000e+03 7.182500568839945607e-05
9.416000000000000000e+03 2.361737321214669430e-05
9.418000000000000000e+03 4.134637032005191311e-05
9.420000000000000000e+03 1.687567036410943331e-04
9.422000000000000000e+03 1.360728526810352570e-04
9.424000000000000000e+03 1.059247059014607495e-04
9.426000000000000000e+03 2.193339351995628596e-04
9.428000000000000000e+03 2.691425352126831927e-04
9.430000000000000000e+03 -3.818351658666048942e-05
9.432000000000000000e+03 -1.161998507638022245e-04
9.434000000000000000e+03 -1.433618632493208742e-04
9.436000000000000000e+03 -4.817769616071895903e-06
9.438000000000000000e+03 1.457249282489723324e-04
9.440000000000000000e+03 1.513180617721560247e-04
9.442000000000000000e+03 3.641625845108568851e-04
9.444000000000000000e+03 9.296987835599471932e-05
9.446000000000000000e+03 8.177810993586796047e-05
9.448000000000000000e+03 -4.748706233666764864e-05
9.450000000000000000e+03 -5.475151216243660470e-05
9.452000000000000000e+03 -2.611755885434445491e-05
9.454000000000000000e+03 1.180684394356736896e-05
9.456000000000000000e+03 2.616212399857017156e-05
9.458000000000000000e+03 4.771591111161731778e-05
9.460000000000000000e+03 2.457848319597777031e-06
9.462000000000000000e+03 -5.608411010858346552e-05
9.464000000000000000e+03 -6.908537172038448776e-05
9.466000000000000000e+03 6.677997139411247869e-05
9.468000000000000000e+03 -1.477128631371343143e-04
9.470000000000000000e+03 -9.712705394582323872e-05
9.472000000000000000e+03 1.006518066379076248e-05
9.474000000000000000e+03 -2.576873842076175315e-04
9.476000000000000000e+03 1.782633556833513808e-05
9.478000000000000000e+03 4.566373480654277429e-05
9.480000000000000000e+03 1.181698413155524178e-05
9.482000000000000000e+03 -1.381092287390505162e-04
9.484000000000000000e+03 -9.544452221188120318e-05
9.486000000000000000e+03 -5.300721556352642956e-05
9.488000000000000000e+03 -1.874825865183375376e-05
9.490000000000000000e+03 -9.741590357356106733e-06
9.492000000000000000e+03 -2.660183059219617453e-06
9.494000000000000000e+03 -4.167123856328911976e-05
9.496000000000000000e+03 -4.610853934467605715e-05
9.498000000000000000e+03 -3.332199365718894828e-05
9.500000000000000000e+03 -9.261981448340032277e-05
9.502000000000000000e+03 -1.798784313701996124e-04
9.504000000000000000e+03 -1.323297029718332638e-04
9.506000000000000000e+03 -1.316759392073633191e-04
9.508000000000000000e+03 -2.007789439060905041e-05
9.510000000000000000e+03 -1.351442845970633017e-04
9.512000000000000000e+03 -7.032071164726914003e-05
9.514000000000000000e+03 7.369305242377095918e-05
9.516000000000000000e+03 -3.024625512260483324e-05
9.518000000000000000e+03 -1.349215832295568582e-04
9.520000000000000000e+03 -5.018097761780119652e-05
9.522000000000000000e+03 5.439104517647853318e-05
9.524000000000000000e+03 -6.951959825113377004e-06
9.526000000000000000e+03 -7.578926623675708940e-05
9.528000000000000000e+03 -1.142530393330329840e-04
9.530000000000000000e+03 -5.022325808394817757e-05
9.532000000000000000e+03 -1.385319783972137570e-04
9.534000000000000000e+03 -1.019711113482251450e-04
9.536000000000000000e+03 -5.318773369848773164e-05
9.538000000000000000e+03 -2.545851165444377453e-05
9.540000000000000000e+03 -2.988526832868201766e-06
9.542000000000000000e+03 5.030269430104678451e-07
9.544000000000000000e+03 1.482270520960572949e-05
9.546000000000000000e+03 6.933150566556819212e-05
9.548000000000000000e+03 2.201582401121759191e-05
9.550000000000000000e+03 -4.528431310378851741e-05
9.552000000000000000e+03 -1.094279297277005018e-04
9.554000000000000000e+03 -4.819701364452492185e-05
9.556000000000000000e+03 -1.297407670452335781e-04
9.558000000000000000e+03 -1.346462163326903798e-04
9.560000000000000000e+03 -9.262590621782711272e-05
9.562000000000000000e+03 -1.501298821855014197e-04
9.564000000000000000e+03 -1.842500727520365248e-04
9.566000000000000000e+03 -6.718092001743059688e-05
9.568000000000000000e+03 -8.454424240442918006e-05
9.570000000000000000e+03 -2.026528907920034444e-04
9.572000000000000000e+03 -2.969614300666400608e-04
9.574000000000000000e+03 -7.542289274439994366e-04
9.576000000000000000e+03 -1.101063531876145555e-03
9.578000000000000000e+03 -8.607320891828719282e-04
9.580000000000000000e+03 -9.545967128497711207e-04
9.582000000000000000e+03 -2.518927352148696720e-03
9.584000000000000000e+03 -4.049633740050176921e-03
9.586000000000000000e+03 -4.914513491401469557e-03
9.588000000000000000e+03 -4.269666528896944556e-03
9.590000000000000000e+03 1.304034494868587871e-03
9.592000000000000000e+03 -5.639499056596773349e-03
9.594000000000000000e+03 1.816985182962740919e-02
9.596000000000000000e+03 -1.950425931429397922e-02
9.598000000000000000e+03 -1.270517927501261732e-02
9.600000000000000000e+03 -2.348453023797015052e-02
9.602000000000000000e+03 -7.872100036069119844e-03
9.604000000000000000e+03 -6.385350210975949091e-03
9.606000000000000000e+03 1.992775443954214985e-03
9.608000000000000000e+03 1.267511883201613565e-02
9.610000000000000000e+03 2.979365386207508560e-03
9.612000000000000000e+03 2.659513305542927615e-04
9.614000000000000000e+03 1.781321048317714999e-04
9.616000000000000000e+03 -5.896766953553966590e-04
9.618000000000000000e+03 -5.163623879212608965e-04
9.620000000000000000e+03 -4.971535196174217512e-04
9.622000000000000000e+03 -1.781438697147936156e-03
9.624000000000000000e+03 -1.364925759542539663e-03
9.626000000000000000e+03 -1.358180486147095734e-03
9.628000000000000000e+03 -1.424556857395440235e-03
9.630000000000000000e+03 -1.056970217386247633e-03
9.632000000000000000e+03 -3.193213724746237717e-03
9.634000000000000000e+03 -6.238021208340152265e-03
9.636000000000000000e+03 3.962285636503074665e-02
9.638000000000000000e+03 -3.408398493314809818e-02
9.640000000000000000e+03 -2.547728629470484216e-02
9.642000000000000000e+03 -2.166495388514660253e-02
9.644000000000000000e+03 -6.644844929402171120e-03
9.646000000000000000e+03 -1.290753397856910477e-02
9.648000000000000000e+03 3.466829413388911475e-03
9.650000000000000000e+03 -1.900259291454438554e-03
9.652000000000000000e+03 5.974670256757557557e-03
9.654000000000000000e+03 3.138823151037762813e-03
9.656000000000000000e+03 7.462057010800456905e-04
9.658000000000000000e+03 3.105383419469721624e-04
9.660000000000000000e+03 4.952283655204261104e-04
9.662000000000000000e+03 5.499240061055457856e-04
9.664000000000000000e+03 7.468918293409038556e-04
9.666000000000000000e+03 1.222948734049156489e-03
9.668000000000000000e+03 1.003252259945542138e-03
9.670000000000000000e+03 8.474124024266725761e-04
9.672000000000000000e+03 1.258685394059210231e-03
9.674000000000000000e+03 7.097189490869600884e-04
9.676000000000000000e+03 8.427987591813167331e-04
9.678000000000000000e+03 6.692661808728525693e-04
9.680000000000000000e+03 2.214320193076665423e-03
9.682000000000000000e+03 -3.037266337981743423e-05
9.684000000000000000e+03 1.845254054546592397e-04
9.686000000000000000e+03 7.280161998931001773e-04
9.688000000000000000e+03 3.455201879720390151e-04
9.690000000000000000e+03 6.293163282906575609e-04
9.692000000000000000e+03 1.810743752767713256e-03
9.694000000000000000e+03 7.932176241370952289e-04
9.696000000000000000e+03 1.593700614775612340e-03
9.698000000000000000e+03 1.418565978542708338e-03
9.700000000000000000e+03 1.348134489250508126e-03
9.702000000000000000e+03 1.354477317940600001e-02
9.704000000000000000e+03 1.115402960829354681e-02
9.706000000000000000e+03 7.741873806530946006e-03
9.708000000000000000e+03 2.314341379184695069e-03
9.710000000000000000e+03 1.640973885767990853e-03
9.712000000000000000e+03 7.480972263141671443e-04
9.714000000000000000e+03 5.980282448308353073e-04
9.716000000000000000e+03 2.976877072202575468e-04
9.718000000000000000e+03 3.912271510128089336e-04
9.720000000000000000e+03 2.580573854660266780e-04
9.722000000000000000e+03 3.094613763671384341e-04
9.724000000000000000e+03 1.137907017624367962e-04
9.726000000000000000e+03 6.554154884046202532e-05
9.728000000000000000e+03 6.231754947774923695e-05
9.730000000000000000e+03 6.533709296458005942e-05
9.732000000000000000e+03 1.185065800039927845e-04
9.734000000000000000e+03 2.327019015576167629e-04
9.736000000000000000e+03 3.368511123207750674e-04
9.738000000000000000e+03 1.899062059759217241e-04
9.740000000000000000e+03 3.654610532701586595e-04
9.742000000000000000e+03 2.064988036893698298e-04
9.744000000000000000e+03 4.032455300730585727e-04
9.746000000000000000e+03 2.297480214023887282e-04
9.748000000000000000e+03 1.845665061787519568e-04
9.750000000000000000e+03 2.421176336783370704e-04
9.752000000000000000e+03 -5.306798050065602646e-04
9.754000000000000000e+03 -8.134550785426854138e-04
9.756000000000000000e+03 6.004264697155860210e-04
9.758000000000000000e+03 1.092561379397455866e-03
9.760000000000000000e+03 -2.445887328459232356e-03
9.762000000000000000e+03 -5.492966441772819015e-03
9.764000000000000000e+03 -2.793474156070152245e-03
9.766000000000000000e+03 -2.690436145257497479e-03
9.768000000000000000e+03 -1.508462597855411572e-03
9.770000000000000000e+03 -4.301255720128903046e-03
9.772000000000000000e+03 -6.053192522426467962e-04
9.774000000000000000e+03 -6.946874140431559194e-04
9.776000000000000000e+03 -1.036639463021872152e-03
9.778000000000000000e+03 -8.944399193778745233e-04
9.780000000000000000e+03 -3.643519894442351576e-04
9.782000000000000000e+03 -4.073711215215232721e-04
9.784000000000000000e+03 -1.197162887153349956e-04
9.786000000000000000e+03 -7.238704829779943155e-05
9.788000000000000000e+03 2.635478804699814586e-05
9.790000000000000000e+03 2.337016319881420873e-05
9.792000000000000000e+03 9.387915681959386408e-05
9.794000000000000000e+03 2.141420529469360037e-05
9.796000000000000000e+03 -1.483136060978571426e-05
9.798000000000000000e+03 1.025436671260504239e-05
9.800000000000000000e+03 9.915293825176609447e-06
9.802000000000000000e+03 -1.462499118404505735e-04
9.804000000000000000e+03 -1.861577276552098226e-04
9.806000000000000000e+03 -1.744130680334994869e-04
9.808000000000000000e+03 -4.578514809851490156e-06
9.810000000000000000e+03 -2.786647589847911270e-05
9.812000000000000000e+03 -1.419452981540276041e-05
9.814000000000000000e+03 4.886073551752416813e-05
9.816000000000000000e+03 -2.164856567019314459e-05
9.818000000000000000e+03 -7.276644504722493102e-05
9.820000000000000000e+03 -7.979099367262754519e-05
9.822000000000000000e+03 -1.469666419430135866e-04
9.824000000000000000e+03 -1.254020710158084307e-04
9.826000000000000000e+03 -1.357445212260683352e-04
9.828000000000000000e+03 -1.483816608074751465e-04
9.830000000000000000e+03 -1.299558902591664469e-04
9.832000000000000000e+03 -1.011526637636145034e-04
9.834000000000000000e+03 -1.061194723381426297e-04
9.836000000000000000e+03 -6.602487906630773260e-05
9.838000000000000000e+03 -3.392197943139140740e-05
9.840000000000000000e+03 -1.063268907752140869e-04
9.842000000000000000e+03 -1.164424848802548379e-04
9.844000000000000000e+03 -6.452609994345972957e-05
9.846000000000000000e+03 -1.917510973839193567e-04
9.848000000000000000e+03 -3.471839604682845897e-04
9.850000000000000000e+03 -6.434581564492544215e-05
9.852000000000000000e+03 -5.591483428859070663e-05
9.854000000000000000e+03 -1.595377227271094829e-04
9.856000000000000000e+03 -1.862376821246802664e-04
9.858000000000000000e+03 -1.959107221534883074e-04
9.860000000000000000e+03 -2.785444966015626959e-04
9.862000000000000000e+03 -3.647532155098150673e-04
9.864000000000000000e+03 -9.678133846985596410e-05
9.866000000000000000e+03 -4.646220676325941708e-04
9.868000000000000000e+03 -3.075021573675237136e-04
9.870000000000000000e+03 -2.581690386226436992e-04
9.872000000000000000e+03 -2.267490021581581401e-04
9.874000000000000000e+03 -2.293712608332152390e-04
9.876000000000000000e+03 -3.078244343968992557e-04
9.878000000000000000e+03 -3.243098671424805434e-04
9.880000000000000000e+03 -2.130300214371293730e-04
9.882000000000000000e+03 -4.462749899376742906e-04
9.884000000000000000e+03 -4.900502736752335295e-04
9.886000000000000000e+03 -7.371205141852003482e-04
9.888000000000000000e+03 -4.587359950375998873e-04
9.890000000000000000e+03 -4.209794043015774420e-04
9.892000000000000000e+03 -1.337202174048507006e-04
9.894000000000000000e+03 -3.601296972620553248e-04
9.896000000000000000e+03 -1.282576388990061441e-05
9.898000000000000000e+03 -4.752918695020086966e-05
9.900000000000000000e+03 -1.290380093307511987e-04
9.902000000000000000e+03 -4.912960770464928770e-05
9.904000000000000000e+03 5.141822591826774404e-06
9.906000000000000000e+03 2.409505056891274424e-05
9.908000000000000000e+03 -3.301740399507063769e-06
9.910000000000000000e+03 7.482236013390371947e-05
9.912000000000000000e+03 3.803175951864136884e-05
9.914000000000000000e+03 -3.829986684074779716e-07
9.916000000000000000e+03 1.447930904933512405e-05
9.918000000000000000e+03 -2.634507612994104142e-05
9.920000000000000000e+03 -5.097890820398432018e-05
9.922000000000000000e+03 -7.184141907432506314e-04
9.924000000000000000e+03 -4.067860122234849920e-04
9.926000000000000000e+03 -9.113436131244673265e-04
9.928000000000000000e+03 -1.165100369691072103e-03
9.930000000000000000e+03 -4.265043353212093517e-04
9.932000000000000000e+03 -3.365801081530567208e-04
9.934000000000000000e+03 -2.382953069172183327e-03
9.936000000000000000e+03 -1.546335043284222154e-03
9.938000000000000000e+03 -4.384039591510238741e-04
9.940000000000000000e+03 -1.844938414768037150e-03
9.942000000000000000e+03 -2.013518921376055044e-03
9.944000000000000000e+03 -3.054107147045312907e-03
9.946000000000000000e+03 -1.135136935435925249e-03
9.948000000000000000e+03 -2.545623526876138187e-02
9.950000000000000000e+03 1.041689977396251070e-02
9.952000000000000000e+03 3.702468801669904172e-04
9.954000000000000000e+03 4.792102628663250487e-04
9.956000000000000000e+03 4.155810727933897421e-05
9.958000000000000000e+03 2.990634080685034869e-04
9.960000000000000000e+03 1.077919882584416891e-03
9.962000000000000000e+03 2.264961806517656710e-03
9.964000000000000000e+03 2.554215510675193410e-04
9.966000000000000000e+03 -3.439221537481692301e-04
9.968000000000000000e+03 -6.636385226301216118e-04
9.970000000000000000e+03 -5.675666315616805912e-04
9.972000000000000000e+03 -2.813429985268635445e-03
9.974000000000000000e+03 -8.699460096785632032e-04
9.976000000000000000e+03 -2.036646230171002784e-04
9.978000000000000000e+03 -2.162777709924745243e-04
9.980000000000000000e+03 -1.864072466162887301e-04
9.982000000000000000e+03 5.713430384938612101e-05
9.984000000000000000e+03 2.136725120190167406e-05
9.986000000000000000e+03 3.441964735739417490e-05
9.988000000000000000e+03 2.412234232610865165e-04
9.990000000000000000e+03 7.854598465383143984e-05
9.992000000000000000e+03 1.011336499907271579e-04
9.994000000000000000e+03 8.849875651701818427e-05
9.996000000000000000e+03 3.884401583162344586e-04
9.998000000000000000e+03 2.093334098932642649e-04
1.000000000000000000e+04 2.653376731484057070e-04
