0.000000000000000000e+00 1.352569198608398438e+01
2.000000000000000000e+00 1.417138195037841797e+01
4.000000000000000000e+00 1.424997711181640625e+01
6.000000000000000000e+00 1.350213909149169922e+01
8.000000000000000000e+00 1.171208763122558594e+01
1.000000000000000000e+01 1.153953170776367188e+01
1.200000000000000000e+01 1.173187637329101562e+01
1.400000000000000000e+01 1.150360488891601562e+01
1.600000000000000000e+01 7.094850063323974609e+00
1.800000000000000000e+01 7.652221202850341797e+00
2.000000000000000000e+01 8.972959518432617188e+00
2.200000000000000000e+01 1.279556179046630859e+01
2.400000000000000000e+01 1.565304374694824219e+01
2.600000000000000000e+01 1.653628349304199219e+01
2.800000000000000000e+01 1.740426635742187500e+01
3.000000000000000000e+01 1.550403404235839844e+01
3.200000000000000000e+01 1.990665626525878906e+01
3.400000000000000000e+01 1.801281356811523438e+01
3.600000000000000000e+01 1.738579750061035156e+01
3.800000000000000000e+01 2.058415222167968750e+01
4.000000000000000000e+01 2.020897102355957031e+01
4.200000000000000000e+01 2.044040679931640625e+01
4.400000000000000000e+01 2.224874305725097656e+01
4.600000000000000000e+01 2.016143035888671875e+01
4.800000000000000000e+01 1.872990608215332031e+01
5.000000000000000000e+01 1.878212356567382812e+01
5.200000000000000000e+01 1.867088508605957031e+01
5.400000000000000000e+01 1.543305683135986328e+01
5.600000000000000000e+01 1.298525238037109375e+01
5.800000000000000000e+01 1.134616374969482422e+01
6.000000000000000000e+01 1.149880886077880859e+01
6.200000000000000000e+01 1.334087467193603516e+01
6.400000000000000000e+01 1.234119987487792969e+01
6.600000000000000000e+01 1.204290771484375000e+01
6.800000000000000000e+01 1.301675319671630859e+01
7.000000000000000000e+01 1.286201477050781250e+01
7.200000000000000000e+01 1.318046188354492188e+01
7.400000000000000000e+01 1.361753082275390625e+01
7.600000000000000000e+01 1.274405574798583984e+01
7.800000000000000000e+01 1.028460693359375000e+01
8.000000000000000000e+01 6.203072071075439453e+00
8.200000000000000000e+01 8.640470504760742188e+00
8.400000000000000000e+01 1.043408775329589844e+01
8.600000000000000000e+01 1.070960807800292969e+01
8.800000000000000000e+01 1.004201507568359375e+01
9.000000000000000000e+01 1.172829532623291016e+01
9.200000000000000000e+01 1.316802787780761719e+01
9.400000000000000000e+01 1.206543540954589844e+01
9.600000000000000000e+01 1.283241939544677734e+01
9.800000000000000000e+01 1.433287906646728516e+01
1.000000000000000000e+02 1.494975376129150391e+01
1.020000000000000000e+02 1.692721557617187500e+01
1.040000000000000000e+02 1.637084579467773438e+01
1.060000000000000000e+02 1.351040077209472656e+01
1.080000000000000000e+02 1.575835227966308594e+01
1.100000000000000000e+02 1.199689197540283203e+01
1.120000000000000000e+02 1.166713047027587891e+01
1.140000000000000000e+02 8.812227249145507812e+00
1.160000000000000000e+02 8.311713218688964844e+00
1.180000000000000000e+02 1.407444572448730469e+01
1.200000000000000000e+02 1.459534072875976562e+01
1.220000000000000000e+02 1.319098186492919922e+01
1.240000000000000000e+02 1.364131069183349609e+01
1.260000000000000000e+02 1.499896144866943359e+01
1.280000000000000000e+02 1.224308013916015625e+01
1.300000000000000000e+02 1.320494365692138672e+01
1.320000000000000000e+02 1.634004592895507812e+01
1.340000000000000000e+02 1.526755332946777344e+01
1.360000000000000000e+02 1.406689929962158203e+01
1.380000000000000000e+02 1.616461563110351562e+01
1.400000000000000000e+02 1.739661979675292969e+01
1.420000000000000000e+02 1.665280914306640625e+01
1.440000000000000000e+02 1.656218338012695312e+01
1.460000000000000000e+02 1.451066398620605469e+01
1.480000000000000000e+02 1.443662834167480469e+01
1.500000000000000000e+02 1.215007114410400391e+01
1.520000000000000000e+02 9.012584686279296875e+00
1.540000000000000000e+02 9.054595947265625000e+00
1.560000000000000000e+02 1.047586917877197266e+01
1.580000000000000000e+02 1.274961376190185547e+01
1.600000000000000000e+02 1.172424888610839844e+01
1.620000000000000000e+02 1.120341873168945312e+01
1.640000000000000000e+02 9.638470649719238281e+00
1.660000000000000000e+02 9.450952529907226562e+00
1.680000000000000000e+02 1.255088043212890625e+01
1.700000000000000000e+02 1.213868999481201172e+01
1.720000000000000000e+02 1.424767017364501953e+01
1.740000000000000000e+02 1.248401260375976562e+01
1.760000000000000000e+02 1.021797752380371094e+01
1.780000000000000000e+02 1.191421890258789062e+01
1.800000000000000000e+02 1.660851478576660156e+01
1.820000000000000000e+02 2.208871269226074219e+01
1.840000000000000000e+02 2.164303779602050781e+01
1.860000000000000000e+02 2.069684028625488281e+01
1.880000000000000000e+02 2.114113616943359375e+01
1.900000000000000000e+02 2.118874931335449219e+01
1.920000000000000000e+02 1.842103576660156250e+01
1.940000000000000000e+02 1.577436447143554688e+01
1.960000000000000000e+02 1.192363739013671875e+01
1.980000000000000000e+02 1.107624340057373047e+01
2.000000000000000000e+02 1.493987274169921875e+01
2.020000000000000000e+02 1.207081413269042969e+01
2.040000000000000000e+02 1.156475067138671875e+01
2.060000000000000000e+02 9.056366920471191406e+00
2.080000000000000000e+02 1.129433917999267578e+01
2.100000000000000000e+02 9.729819297790527344e+00
2.120000000000000000e+02 1.284410381317138672e+01
2.140000000000000000e+02 1.675970458984375000e+01
2.160000000000000000e+02 1.420679092407226562e+01
2.180000000000000000e+02 1.512083244323730469e+01
2.200000000000000000e+02 1.130169486999511719e+01
2.220000000000000000e+02 1.114744949340820312e+01
2.240000000000000000e+02 1.244893169403076172e+01
2.260000000000000000e+02 1.610094261169433594e+01
2.280000000000000000e+02 1.532595634460449219e+01
2.300000000000000000e+02 1.445053672790527344e+01
2.320000000000000000e+02 1.500825691223144531e+01
2.340000000000000000e+02 1.572518348693847656e+01
2.360000000000000000e+02 1.740147018432617188e+01
2.380000000000000000e+02 1.701633262634277344e+01
2.400000000000000000e+02 1.569708538055419922e+01
2.420000000000000000e+02 1.957421684265136719e+01
2.440000000000000000e+02 1.685761260986328125e+01
2.460000000000000000e+02 1.523248767852783203e+01
2.480000000000000000e+02 1.582296085357666016e+01
2.500000000000000000e+02 1.626917648315429688e+01
2.520000000000000000e+02 1.466860485076904297e+01
2.540000000000000000e+02 1.418508625030517578e+01
2.560000000000000000e+02 1.558228302001953125e+01
2.580000000000000000e+02 1.539665699005126953e+01
2.600000000000000000e+02 1.572295665740966797e+01
2.620000000000000000e+02 1.110370159149169922e+01
2.640000000000000000e+02 1.229238796234130859e+01
2.660000000000000000e+02 1.350926399230957031e+01
2.680000000000000000e+02 1.455000495910644531e+01
2.700000000000000000e+02 1.539574623107910156e+01
2.720000000000000000e+02 1.608780288696289062e+01
2.740000000000000000e+02 1.514224243164062500e+01
2.760000000000000000e+02 1.083615303039550781e+01
2.780000000000000000e+02 1.168254756927490234e+01
2.800000000000000000e+02 1.154723644256591797e+01
2.820000000000000000e+02 1.243887424468994141e+01
2.840000000000000000e+02 1.230216693878173828e+01
2.860000000000000000e+02 1.256094074249267578e+01
2.880000000000000000e+02 1.104859542846679688e+01
2.900000000000000000e+02 9.172720909118652344e+00
2.920000000000000000e+02 1.210909080505371094e+01
2.940000000000000000e+02 1.244115447998046875e+01
2.960000000000000000e+02 6.271347999572753906e+00
2.980000000000000000e+02 8.262088775634765625e+00
3.000000000000000000e+02 1.177885150909423828e+01
3.020000000000000000e+02 9.546460151672363281e+00
3.040000000000000000e+02 1.081693363189697266e+01
3.060000000000000000e+02 1.072275829315185547e+01
3.080000000000000000e+02 1.080108642578125000e+01
3.100000000000000000e+02 9.389131546020507812e+00
3.120000000000000000e+02 4.907250404357910156e+00
3.140000000000000000e+02 6.371357917785644531e+00
3.160000000000000000e+02 5.208781719207763672e+00
3.180000000000000000e+02 6.600014686584472656e+00
3.200000000000000000e+02 1.004397106170654297e+01
3.220000000000000000e+02 1.070946979522705078e+01
3.240000000000000000e+02 1.352131175994873047e+01
3.260000000000000000e+02 1.179677104949951172e+01
3.280000000000000000e+02 1.266239643096923828e+01
3.300000000000000000e+02 1.358709812164306641e+01
3.320000000000000000e+02 1.397134017944335938e+01
3.340000000000000000e+02 1.469183063507080078e+01
3.360000000000000000e+02 1.074639225006103516e+01
3.380000000000000000e+02 1.307047080993652344e+01
3.400000000000000000e+02 1.544892406463623047e+01
3.420000000000000000e+02 1.584804630279541016e+01
3.440000000000000000e+02 1.705090141296386719e+01
3.460000000000000000e+02 1.516855716705322266e+01
3.480000000000000000e+02 1.733627510070800781e+01
3.500000000000000000e+02 1.725496292114257812e+01
3.520000000000000000e+02 1.596769523620605469e+01
3.540000000000000000e+02 1.422281360626220703e+01
3.560000000000000000e+02 1.739889144897460938e+01
3.580000000000000000e+02 1.771198463439941406e+01
3.600000000000000000e+02 1.965976142883300781e+01
3.620000000000000000e+02 1.741625595092773438e+01
3.640000000000000000e+02 1.640897560119628906e+01
3.660000000000000000e+02 1.706825637817382812e+01
3.680000000000000000e+02 1.459978866577148438e+01
3.700000000000000000e+02 1.561878681182861328e+01
3.720000000000000000e+02 1.227712917327880859e+01
3.740000000000000000e+02 1.647437286376953125e+01
3.760000000000000000e+02 1.961447143554687500e+01
3.780000000000000000e+02 1.977627944946289062e+01
3.800000000000000000e+02 1.667784690856933594e+01
3.820000000000000000e+02 1.756033897399902344e+01
3.840000000000000000e+02 1.990169715881347656e+01
3.860000000000000000e+02 2.032279205322265625e+01
3.880000000000000000e+02 1.745321846008300781e+01
3.900000000000000000e+02 1.797661209106445312e+01
3.920000000000000000e+02 1.581172561645507812e+01
3.940000000000000000e+02 1.341451454162597656e+01
3.960000000000000000e+02 1.494334888458251953e+01
3.980000000000000000e+02 1.090095996856689453e+01
4.000000000000000000e+02 1.127176952362060547e+01
4.020000000000000000e+02 1.084340476989746094e+01
4.040000000000000000e+02 1.169843196868896484e+01
4.060000000000000000e+02 1.084197044372558594e+01
4.080000000000000000e+02 8.010230064392089844e+00
4.100000000000000000e+02 6.645600795745849609e+00
4.120000000000000000e+02 3.824615001678466797e+00
4.140000000000000000e+02 7.834080696105957031e+00
4.160000000000000000e+02 7.337638378143310547e+00
4.180000000000000000e+02 8.705477714538574219e+00
4.200000000000000000e+02 8.919290542602539062e+00
4.220000000000000000e+02 1.196490097045898438e+01
4.240000000000000000e+02 1.129827594757080078e+01
4.260000000000000000e+02 1.409074592590332031e+01
4.280000000000000000e+02 1.434333896636962891e+01
4.300000000000000000e+02 1.077385330200195312e+01
4.320000000000000000e+02 1.124290084838867188e+01
4.340000000000000000e+02 1.440647315979003906e+01
4.360000000000000000e+02 1.269039821624755859e+01
4.380000000000000000e+02 9.566588401794433594e+00
4.400000000000000000e+02 1.114817619323730469e+01
4.420000000000000000e+02 1.186069297790527344e+01
4.440000000000000000e+02 1.289049625396728516e+01
4.460000000000000000e+02 1.315610599517822266e+01
4.480000000000000000e+02 1.289305019378662109e+01
4.500000000000000000e+02 1.517154407501220703e+01
4.520000000000000000e+02 1.540771198272705078e+01
4.540000000000000000e+02 1.418537330627441406e+01
4.560000000000000000e+02 1.299104404449462891e+01
4.580000000000000000e+02 1.391902923583984375e+01
4.600000000000000000e+02 1.119608306884765625e+01
4.620000000000000000e+02 1.188147354125976562e+01
4.640000000000000000e+02 1.145639228820800781e+01
4.660000000000000000e+02 1.338818264007568359e+01
4.680000000000000000e+02 1.366402626037597656e+01
4.700000000000000000e+02 1.608761978149414062e+01
4.720000000000000000e+02 1.369717788696289062e+01
4.740000000000000000e+02 1.346244716644287109e+01
4.760000000000000000e+02 1.489033508300781250e+01
4.780000000000000000e+02 1.459737491607666016e+01
4.800000000000000000e+02 1.459020137786865234e+01
4.820000000000000000e+02 1.461730098724365234e+01
4.840000000000000000e+02 1.273678302764892578e+01
4.860000000000000000e+02 1.462516403198242188e+01
4.880000000000000000e+02 1.221869182586669922e+01
4.900000000000000000e+02 1.223560142517089844e+01
4.920000000000000000e+02 1.163899135589599609e+01
4.940000000000000000e+02 1.492398262023925781e+01
4.960000000000000000e+02 1.573134708404541016e+01
4.980000000000000000e+02 1.826089286804199219e+01
5.000000000000000000e+02 1.851200675964355469e+01
5.020000000000000000e+02 1.721908378601074219e+01
5.040000000000000000e+02 1.497730255126953125e+01
5.060000000000000000e+02 1.509853172302246094e+01
5.080000000000000000e+02 1.559657764434814453e+01
5.100000000000000000e+02 1.213497638702392578e+01
5.120000000000000000e+02 1.562685775756835938e+01
5.140000000000000000e+02 1.453598022460937500e+01
5.160000000000000000e+02 1.533376407623291016e+01
5.180000000000000000e+02 1.292080688476562500e+01
5.200000000000000000e+02 1.343567752838134766e+01
5.220000000000000000e+02 1.546536540985107422e+01
5.240000000000000000e+02 1.502714729309082031e+01
5.260000000000000000e+02 1.421539020538330078e+01
5.280000000000000000e+02 1.213963985443115234e+01
5.300000000000000000e+02 1.321349430084228516e+01
5.320000000000000000e+02 1.278571033477783203e+01
5.340000000000000000e+02 1.253799343109130859e+01
5.360000000000000000e+02 1.271590614318847656e+01
5.380000000000000000e+02 1.376997661590576172e+01
5.400000000000000000e+02 1.355630683898925781e+01
5.420000000000000000e+02 1.521407985687255859e+01
5.440000000000000000e+02 1.204150772094726562e+01
5.460000000000000000e+02 1.364865684509277344e+01
5.480000000000000000e+02 1.469012165069580078e+01
5.500000000000000000e+02 1.325412559509277344e+01
5.520000000000000000e+02 1.556205749511718750e+01
5.540000000000000000e+02 1.427011203765869141e+01
5.560000000000000000e+02 1.385849285125732422e+01
5.580000000000000000e+02 1.537512588500976562e+01
5.600000000000000000e+02 1.685058784484863281e+01
5.620000000000000000e+02 1.732005500793457031e+01
5.640000000000000000e+02 1.758979034423828125e+01
5.660000000000000000e+02 1.707894897460937500e+01
5.680000000000000000e+02 1.207007598876953125e+01
5.700000000000000000e+02 1.184971523284912109e+01
5.720000000000000000e+02 1.028693294525146484e+01
5.740000000000000000e+02 1.102336502075195312e+01
5.760000000000000000e+02 8.331071853637695312e+00
5.780000000000000000e+02 1.052279186248779297e+01
5.800000000000000000e+02 1.063840484619140625e+01
5.820000000000000000e+02 1.443171024322509766e+01
5.840000000000000000e+02 1.574397850036621094e+01
5.860000000000000000e+02 1.736561203002929688e+01
5.880000000000000000e+02 1.899416351318359375e+01
5.900000000000000000e+02 1.848582077026367188e+01
5.920000000000000000e+02 1.763709068298339844e+01
5.940000000000000000e+02 1.767074966430664062e+01
5.960000000000000000e+02 1.861905097961425781e+01
5.980000000000000000e+02 2.036807823181152344e+01
6.000000000000000000e+02 1.996044731140136719e+01
6.020000000000000000e+02 1.903180503845214844e+01
6.040000000000000000e+02 1.915734672546386719e+01
6.060000000000000000e+02 1.774487113952636719e+01
6.080000000000000000e+02 1.661455535888671875e+01
6.100000000000000000e+02 1.468003177642822266e+01
6.120000000000000000e+02 1.307616615295410156e+01
6.140000000000000000e+02 1.479734230041503906e+01
6.160000000000000000e+02 1.569872283935546875e+01
6.180000000000000000e+02 1.467693710327148438e+01
6.200000000000000000e+02 1.835789680480957031e+01
6.220000000000000000e+02 1.808232688903808594e+01
6.240000000000000000e+02 1.862068176269531250e+01
6.260000000000000000e+02 2.045661163330078125e+01
6.280000000000000000e+02 2.113980674743652344e+01
6.300000000000000000e+02 2.077784729003906250e+01
6.320000000000000000e+02 2.158505058288574219e+01
6.340000000000000000e+02 2.231727790832519531e+01
6.360000000000000000e+02 2.072525405883789062e+01
6.380000000000000000e+02 2.129842376708984375e+01
6.400000000000000000e+02 2.216345024108886719e+01
6.420000000000000000e+02 1.843682098388671875e+01
6.440000000000000000e+02 1.743710517883300781e+01
6.460000000000000000e+02 1.754903411865234375e+01
6.480000000000000000e+02 1.545828056335449219e+01
6.500000000000000000e+02 1.582269859313964844e+01
6.520000000000000000e+02 1.481881999969482422e+01
6.540000000000000000e+02 1.707227897644042969e+01
6.560000000000000000e+02 1.797507286071777344e+01
6.580000000000000000e+02 1.668995285034179688e+01
6.600000000000000000e+02 1.352599716186523438e+01
6.620000000000000000e+02 1.685440635681152344e+01
6.640000000000000000e+02 1.530497741699218750e+01
6.660000000000000000e+02 1.571008014678955078e+01
6.680000000000000000e+02 1.682467842102050781e+01
6.700000000000000000e+02 1.579011726379394531e+01
6.720000000000000000e+02 1.388525009155273438e+01
6.740000000000000000e+02 1.522066116333007812e+01
6.760000000000000000e+02 1.560139656066894531e+01
6.780000000000000000e+02 1.189199638366699219e+01
6.800000000000000000e+02 1.443501281738281250e+01
6.820000000000000000e+02 1.264635372161865234e+01
6.840000000000000000e+02 1.404337310791015625e+01
6.860000000000000000e+02 1.217341899871826172e+01
6.880000000000000000e+02 1.254293441772460938e+01
6.900000000000000000e+02 1.557376766204833984e+01
6.920000000000000000e+02 1.570515251159667969e+01
6.940000000000000000e+02 1.402144908905029297e+01
6.960000000000000000e+02 1.968313217163085938e+01
6.980000000000000000e+02 1.710067749023437500e+01
7.000000000000000000e+02 1.935199737548828125e+01
7.020000000000000000e+02 1.768783187866210938e+01
7.040000000000000000e+02 1.445966434478759766e+01
7.060000000000000000e+02 1.141094303131103516e+01
7.080000000000000000e+02 1.245078849792480469e+01
7.100000000000000000e+02 1.259670448303222656e+01
7.120000000000000000e+02 1.171974182128906250e+01
7.140000000000000000e+02 1.523256969451904297e+01
7.160000000000000000e+02 1.369817447662353516e+01
7.180000000000000000e+02 1.437184143066406250e+01
7.200000000000000000e+02 1.101042366027832031e+01
7.220000000000000000e+02 1.525093078613281250e+01
7.240000000000000000e+02 1.312985324859619141e+01
7.260000000000000000e+02 1.521051597595214844e+01
7.280000000000000000e+02 1.454116058349609375e+01
7.300000000000000000e+02 1.142285251617431641e+01
7.320000000000000000e+02 1.131924247741699219e+01
7.340000000000000000e+02 1.025951766967773438e+01
7.360000000000000000e+02 1.077420139312744141e+01
7.380000000000000000e+02 8.419507980346679688e+00
7.400000000000000000e+02 8.295431137084960938e+00
7.420000000000000000e+02 1.269392395019531250e+01
7.440000000000000000e+02 1.305867385864257812e+01
7.460000000000000000e+02 1.050166320800781250e+01
7.480000000000000000e+02 9.483758926391601562e+00
7.500000000000000000e+02 1.259105300903320312e+01
7.520000000000000000e+02 1.442082595825195312e+01
7.540000000000000000e+02 1.327639007568359375e+01
7.560000000000000000e+02 1.315997409820556641e+01
7.580000000000000000e+02 1.031016159057617188e+01
7.600000000000000000e+02 1.022931098937988281e+01
7.620000000000000000e+02 1.193139648437500000e+01
7.640000000000000000e+02 9.619163513183593750e+00
7.660000000000000000e+02 1.068839168548583984e+01
7.680000000000000000e+02 9.606394767761230469e+00
7.700000000000000000e+02 9.495377540588378906e+00
7.720000000000000000e+02 8.347515106201171875e+00
7.740000000000000000e+02 8.100650787353515625e+00
7.760000000000000000e+02 6.893138408660888672e+00
7.780000000000000000e+02 7.740184307098388672e+00
7.800000000000000000e+02 6.223093509674072266e+00
7.820000000000000000e+02 6.418981075286865234e+00
7.840000000000000000e+02 6.465918064117431641e+00
7.860000000000000000e+02 3.714148759841918945e+00
7.880000000000000000e+02 4.860298633575439453e+00
7.900000000000000000e+02 5.133469104766845703e+00
7.920000000000000000e+02 4.915049076080322266e+00
7.940000000000000000e+02 4.603541374206542969e+00
7.960000000000000000e+02 3.209764242172241211e+00
7.980000000000000000e+02 4.685958385467529297e+00
8.000000000000000000e+02 4.963677406311035156e+00
8.020000000000000000e+02 6.980666637420654297e+00
8.040000000000000000e+02 8.065841674804687500e+00
8.060000000000000000e+02 9.319867134094238281e+00
8.080000000000000000e+02 9.736980438232421875e+00
8.100000000000000000e+02 1.567618846893310547e+01
8.120000000000000000e+02 1.467279148101806641e+01
8.140000000000000000e+02 1.250776100158691406e+01
8.160000000000000000e+02 1.282557392120361328e+01
8.180000000000000000e+02 1.421130657196044922e+01
8.200000000000000000e+02 1.550143146514892578e+01
8.220000000000000000e+02 1.369616603851318359e+01
8.240000000000000000e+02 1.211779403686523438e+01
8.260000000000000000e+02 1.554378032684326172e+01
8.280000000000000000e+02 1.639648246765136719e+01
8.300000000000000000e+02 1.466592502593994141e+01
8.320000000000000000e+02 1.599556350708007812e+01
8.340000000000000000e+02 1.624737167358398438e+01
8.360000000000000000e+02 1.810036087036132812e+01
8.380000000000000000e+02 1.702455711364746094e+01
8.400000000000000000e+02 1.918025779724121094e+01
8.420000000000000000e+02 1.983793067932128906e+01
8.440000000000000000e+02 1.983008956909179688e+01
8.460000000000000000e+02 1.971482086181640625e+01
8.480000000000000000e+02 1.909829711914062500e+01
8.500000000000000000e+02 1.755262565612792969e+01
8.520000000000000000e+02 1.463176441192626953e+01
8.540000000000000000e+02 1.732274627685546875e+01
8.560000000000000000e+02 1.675601768493652344e+01
8.580000000000000000e+02 1.791510200500488281e+01
8.600000000000000000e+02 2.072242355346679688e+01
8.620000000000000000e+02 2.004393005371093750e+01
8.640000000000000000e+02 2.185657310485839844e+01
8.660000000000000000e+02 1.844954681396484375e+01
8.680000000000000000e+02 1.644004631042480469e+01
8.700000000000000000e+02 1.839214324951171875e+01
8.720000000000000000e+02 1.659706497192382812e+01
8.740000000000000000e+02 1.308516311645507812e+01
8.760000000000000000e+02 1.527057361602783203e+01
8.780000000000000000e+02 1.692592811584472656e+01
8.800000000000000000e+02 1.332305812835693359e+01
8.820000000000000000e+02 1.318904495239257812e+01
8.840000000000000000e+02 1.391619586944580078e+01
8.860000000000000000e+02 1.538559627532958984e+01
8.880000000000000000e+02 1.551172542572021484e+01
8.900000000000000000e+02 1.551404476165771484e+01
8.920000000000000000e+02 1.498480510711669922e+01
8.940000000000000000e+02 1.330910778045654297e+01
8.960000000000000000e+02 1.238317012786865234e+01
8.980000000000000000e+02 1.108227252960205078e+01
9.000000000000000000e+02 9.810602188110351562e+00
9.020000000000000000e+02 1.258646392822265625e+01
9.040000000000000000e+02 1.271352386474609375e+01
9.060000000000000000e+02 1.167229366302490234e+01
9.080000000000000000e+02 1.089472198486328125e+01
9.100000000000000000e+02 1.131690979003906250e+01
9.120000000000000000e+02 1.461451339721679688e+01
9.140000000000000000e+02 1.298580646514892578e+01
9.160000000000000000e+02 1.456379604339599609e+01
9.180000000000000000e+02 1.249854373931884766e+01
9.200000000000000000e+02 1.494450664520263672e+01
9.220000000000000000e+02 1.388994598388671875e+01
9.240000000000000000e+02 1.051626586914062500e+01
9.260000000000000000e+02 9.190002441406250000e+00
9.280000000000000000e+02 9.187965393066406250e+00
9.300000000000000000e+02 9.807279586791992188e+00
9.320000000000000000e+02 1.140846347808837891e+01
9.340000000000000000e+02 1.633009719848632812e+01
9.360000000000000000e+02 1.657653617858886719e+01
9.380000000000000000e+02 1.486365413665771484e+01
9.400000000000000000e+02 1.445597743988037109e+01
9.420000000000000000e+02 1.217338371276855469e+01
9.440000000000000000e+02 1.682559204101562500e+01
9.460000000000000000e+02 1.498028850555419922e+01
9.480000000000000000e+02 1.363845539093017578e+01
9.500000000000000000e+02 1.472591400146484375e+01
9.520000000000000000e+02 1.460419559478759766e+01
9.540000000000000000e+02 1.509095191955566406e+01
9.560000000000000000e+02 1.371494865417480469e+01
9.580000000000000000e+02 1.187148380279541016e+01
9.600000000000000000e+02 1.125083541870117188e+01
9.620000000000000000e+02 1.001066589355468750e+01
9.640000000000000000e+02 1.405376243591308594e+01
9.660000000000000000e+02 1.453898525238037109e+01
9.680000000000000000e+02 1.627077484130859375e+01
9.700000000000000000e+02 1.933905792236328125e+01
9.720000000000000000e+02 2.010183715820312500e+01
9.740000000000000000e+02 1.952987098693847656e+01
9.760000000000000000e+02 1.888170814514160156e+01
9.780000000000000000e+02 1.782762145996093750e+01
9.800000000000000000e+02 1.957477951049804688e+01
9.820000000000000000e+02 1.840743637084960938e+01
9.840000000000000000e+02 2.020679473876953125e+01
9.860000000000000000e+02 1.968688392639160156e+01
9.880000000000000000e+02 1.946913146972656250e+01
9.900000000000000000e+02 1.771788597106933594e+01
9.920000000000000000e+02 1.646443939208984375e+01
9.940000000000000000e+02 1.918644142150878906e+01
9.960000000000000000e+02 1.930388832092285156e+01
9.980000000000000000e+02 1.783633232116699219e+01
1.000000000000000000e+03 1.568006324768066406e+01
1.002000000000000000e+03 1.521355152130126953e+01
1.004000000000000000e+03 1.647626304626464844e+01
1.006000000000000000e+03 1.559899520874023438e+01
1.008000000000000000e+03 1.276161003112792969e+01
1.010000000000000000e+03 1.146527862548828125e+01
1.012000000000000000e+03 1.155604457855224609e+01
1.014000000000000000e+03 7.442547321319580078e+00
1.016000000000000000e+03 7.448986053466796875e+00
1.018000000000000000e+03 7.370197296142578125e+00
1.020000000000000000e+03 7.110642433166503906e+00
1.022000000000000000e+03 6.251906871795654297e+00
1.024000000000000000e+03 7.258981227874755859e+00
1.026000000000000000e+03 8.177384376525878906e+00
1.028000000000000000e+03 8.562160491943359375e+00
1.030000000000000000e+03 5.676311969757080078e+00
1.032000000000000000e+03 8.483230590820312500e+00
1.034000000000000000e+03 7.960110187530517578e+00
1.036000000000000000e+03 8.405825614929199219e+00
1.038000000000000000e+03 1.004223728179931641e+01
1.040000000000000000e+03 8.774301528930664062e+00
1.042000000000000000e+03 1.083435821533203125e+01
1.044000000000000000e+03 1.016826248168945312e+01
1.046000000000000000e+03 6.467975139617919922e+00
1.048000000000000000e+03 6.259144783020019531e+00
1.050000000000000000e+03 5.241012096405029297e+00
1.052000000000000000e+03 4.556280612945556641e+00
1.054000000000000000e+03 3.362187385559082031e+00
1.056000000000000000e+03 3.903769016265869141e+00
1.058000000000000000e+03 4.585430622100830078e+00
1.060000000000000000e+03 5.732262134552001953e+00
1.062000000000000000e+03 7.425602436065673828e+00
1.064000000000000000e+03 6.801375389099121094e+00
1.066000000000000000e+03 1.005957031250000000e+01
1.068000000000000000e+03 1.064971256256103516e+01
1.070000000000000000e+03 8.442984580993652344e+00
1.072000000000000000e+03 1.027053833007812500e+01
1.074000000000000000e+03 1.135568141937255859e+01
1.076000000000000000e+03 1.257859706878662109e+01
1.078000000000000000e+03 1.330821418762207031e+01
1.080000000000000000e+03 1.394858741760253906e+01
1.082000000000000000e+03 1.691207122802734375e+01
1.084000000000000000e+03 1.647898674011230469e+01
1.086000000000000000e+03 1.449035930633544922e+01
1.088000000000000000e+03 1.290322208404541016e+01
1.090000000000000000e+03 1.262659072875976562e+01
1.092000000000000000e+03 1.307894420623779297e+01
1.094000000000000000e+03 1.490108203887939453e+01
1.096000000000000000e+03 1.634631919860839844e+01
1.098000000000000000e+03 1.773982238769531250e+01
1.100000000000000000e+03 1.878115844726562500e+01
1.102000000000000000e+03 1.887498474121093750e+01
1.104000000000000000e+03 1.528035831451416016e+01
1.106000000000000000e+03 1.693452072143554688e+01
1.108000000000000000e+03 1.127935028076171875e+01
1.110000000000000000e+03 1.233158588409423828e+01
1.112000000000000000e+03 1.320836448669433594e+01
1.114000000000000000e+03 1.290964317321777344e+01
1.116000000000000000e+03 1.228672218322753906e+01
1.118000000000000000e+03 1.181756496429443359e+01
1.120000000000000000e+03 1.161384582519531250e+01
1.122000000000000000e+03 1.332244110107421875e+01
1.124000000000000000e+03 1.769666099548339844e+01
1.126000000000000000e+03 1.381051349639892578e+01
1.128000000000000000e+03 1.211462306976318359e+01
1.130000000000000000e+03 1.388140678405761719e+01
1.132000000000000000e+03 1.353469944000244141e+01
1.134000000000000000e+03 1.266090106964111328e+01
1.136000000000000000e+03 1.317778015136718750e+01
1.138000000000000000e+03 1.186582469940185547e+01
1.140000000000000000e+03 1.224471378326416016e+01
1.142000000000000000e+03 1.353892612457275391e+01
1.144000000000000000e+03 1.377755832672119141e+01
1.146000000000000000e+03 1.435618686676025391e+01
1.148000000000000000e+03 1.636852455139160156e+01
1.150000000000000000e+03 1.496827983856201172e+01
1.152000000000000000e+03 1.737361145019531250e+01
1.154000000000000000e+03 1.796757698059082031e+01
1.156000000000000000e+03 1.824058532714843750e+01
1.158000000000000000e+03 1.682233047485351562e+01
1.160000000000000000e+03 2.004903030395507812e+01
1.162000000000000000e+03 2.034575843811035156e+01
1.164000000000000000e+03 1.607384872436523438e+01
1.166000000000000000e+03 1.633538436889648438e+01
1.168000000000000000e+03 1.407017230987548828e+01
1.170000000000000000e+03 1.255650711059570312e+01
1.172000000000000000e+03 1.207258510589599609e+01
1.174000000000000000e+03 1.400206851959228516e+01
1.176000000000000000e+03 1.465757369995117188e+01
1.178000000000000000e+03 1.647501373291015625e+01
1.180000000000000000e+03 1.399516010284423828e+01
1.182000000000000000e+03 1.685401153564453125e+01
1.184000000000000000e+03 2.052451515197753906e+01
1.186000000000000000e+03 2.002514076232910156e+01
1.188000000000000000e+03 1.858694839477539062e+01
1.190000000000000000e+03 2.061640930175781250e+01
1.192000000000000000e+03 2.171961784362792969e+01
1.194000000000000000e+03 1.984914016723632812e+01
1.196000000000000000e+03 1.880245018005371094e+01
1.198000000000000000e+03 1.887576866149902344e+01
1.200000000000000000e+03 1.744520568847656250e+01
1.202000000000000000e+03 1.712039184570312500e+01
1.204000000000000000e+03 2.039666175842285156e+01
1.206000000000000000e+03 2.194467353820800781e+01
1.208000000000000000e+03 2.073669052124023438e+01
1.210000000000000000e+03 2.023464965820312500e+01
1.212000000000000000e+03 1.951732063293457031e+01
1.214000000000000000e+03 2.000887298583984375e+01
1.216000000000000000e+03 1.681676864624023438e+01
1.218000000000000000e+03 1.756051254272460938e+01
1.220000000000000000e+03 1.440387153625488281e+01
1.222000000000000000e+03 1.528628730773925781e+01
1.224000000000000000e+03 1.292780590057373047e+01
1.226000000000000000e+03 1.120868396759033203e+01
1.228000000000000000e+03 1.173606109619140625e+01
1.230000000000000000e+03 1.661305809020996094e+01
1.232000000000000000e+03 1.695580482482910156e+01
1.234000000000000000e+03 1.460744667053222656e+01
1.236000000000000000e+03 1.309000015258789062e+01
1.238000000000000000e+03 1.432160377502441406e+01
1.240000000000000000e+03 1.129542827606201172e+01
1.242000000000000000e+03 1.432462596893310547e+01
1.244000000000000000e+03 1.832807540893554688e+01
1.246000000000000000e+03 1.521070003509521484e+01
1.248000000000000000e+03 1.614816665649414062e+01
1.250000000000000000e+03 1.415273952484130859e+01
1.252000000000000000e+03 1.726065635681152344e+01
1.254000000000000000e+03 1.651715278625488281e+01
1.256000000000000000e+03 1.498582267761230469e+01
1.258000000000000000e+03 1.474844169616699219e+01
1.260000000000000000e+03 1.384882545471191406e+01
1.262000000000000000e+03 1.178356647491455078e+01
1.264000000000000000e+03 1.068879890441894531e+01
1.266000000000000000e+03 1.082750415802001953e+01
1.268000000000000000e+03 7.684125423431396484e+00
1.270000000000000000e+03 8.222932815551757812e+00
1.272000000000000000e+03 5.562736988067626953e+00
1.274000000000000000e+03 3.228300094604492188e+00
1.276000000000000000e+03 1.340730381011962891e+01
1.278000000000000000e+03 1.897606086730957031e+01
1.280000000000000000e+03 1.713085746765136719e+01
1.282000000000000000e+03 1.567150592803955078e+01
1.284000000000000000e+03 1.313746929168701172e+01
1.286000000000000000e+03 1.359611129760742188e+01
1.288000000000000000e+03 1.298337936401367188e+01
1.290000000000000000e+03 1.475850391387939453e+01
1.292000000000000000e+03 1.143577384948730469e+01
1.294000000000000000e+03 1.338020420074462891e+01
1.296000000000000000e+03 1.438398933410644531e+01
1.298000000000000000e+03 1.493256950378417969e+01
1.300000000000000000e+03 1.487276077270507812e+01
1.302000000000000000e+03 1.872094726562500000e+01
1.304000000000000000e+03 1.922569274902343750e+01
1.306000000000000000e+03 1.839778327941894531e+01
1.308000000000000000e+03 1.754689216613769531e+01
1.310000000000000000e+03 1.973072052001953125e+01
1.312000000000000000e+03 1.481914329528808594e+01
1.314000000000000000e+03 1.558917903900146484e+01
1.316000000000000000e+03 1.165354537963867188e+01
1.318000000000000000e+03 1.218427753448486328e+01
1.320000000000000000e+03 1.219294738769531250e+01
1.322000000000000000e+03 1.318327045440673828e+01
1.324000000000000000e+03 1.319975090026855469e+01
1.326000000000000000e+03 1.365659713745117188e+01
1.328000000000000000e+03 1.290743732452392578e+01
1.330000000000000000e+03 1.159998703002929688e+01
1.332000000000000000e+03 9.719964027404785156e+00
1.334000000000000000e+03 1.113208961486816406e+01
1.336000000000000000e+03 1.019870567321777344e+01
1.338000000000000000e+03 1.279455471038818359e+01
1.340000000000000000e+03 1.412610149383544922e+01
1.342000000000000000e+03 1.403048610687255859e+01
1.344000000000000000e+03 1.149280357360839844e+01
1.346000000000000000e+03 1.190787029266357422e+01
1.348000000000000000e+03 1.096461391448974609e+01
1.350000000000000000e+03 9.102736473083496094e+00
1.352000000000000000e+03 6.979693412780761719e+00
1.354000000000000000e+03 1.224570941925048828e+01
1.356000000000000000e+03 1.550034332275390625e+01
1.358000000000000000e+03 1.155677795410156250e+01
1.360000000000000000e+03 1.040558242797851562e+01
1.362000000000000000e+03 1.237378501892089844e+01
1.364000000000000000e+03 1.181000709533691406e+01
1.366000000000000000e+03 1.101418209075927734e+01
1.368000000000000000e+03 1.072804355621337891e+01
1.370000000000000000e+03 9.232233047485351562e+00
1.372000000000000000e+03 1.030152606964111328e+01
1.374000000000000000e+03 1.145054340362548828e+01
1.376000000000000000e+03 1.151355934143066406e+01
1.378000000000000000e+03 1.372030448913574219e+01
1.380000000000000000e+03 1.165216350555419922e+01
1.382000000000000000e+03 1.289691829681396484e+01
1.384000000000000000e+03 1.040851211547851562e+01
1.386000000000000000e+03 1.380754756927490234e+01
1.388000000000000000e+03 1.598976993560791016e+01
1.390000000000000000e+03 1.639615631103515625e+01
1.392000000000000000e+03 1.675557518005371094e+01
1.394000000000000000e+03 1.610663223266601562e+01
1.396000000000000000e+03 1.663634300231933594e+01
1.398000000000000000e+03 1.573698329925537109e+01
1.400000000000000000e+03 1.307988834381103516e+01
1.402000000000000000e+03 1.106573104858398438e+01
1.404000000000000000e+03 1.066895389556884766e+01
1.406000000000000000e+03 1.043203926086425781e+01
1.408000000000000000e+03 1.216193008422851562e+01
1.410000000000000000e+03 1.426722526550292969e+01
1.412000000000000000e+03 1.666962242126464844e+01
1.414000000000000000e+03 1.233276844024658203e+01
1.416000000000000000e+03 9.724718093872070312e+00
1.418000000000000000e+03 1.122191047668457031e+01
1.420000000000000000e+03 1.063306713104248047e+01
1.422000000000000000e+03 1.229996109008789062e+01
1.424000000000000000e+03 1.017551040649414062e+01
1.426000000000000000e+03 9.673624992370605469e+00
1.428000000000000000e+03 1.197308921813964844e+01
1.430000000000000000e+03 1.212925338745117188e+01
1.432000000000000000e+03 9.704582214355468750e+00
1.434000000000000000e+03 1.180117034912109375e+01
1.436000000000000000e+03 1.010343742370605469e+01
1.438000000000000000e+03 1.184220886230468750e+01
1.440000000000000000e+03 1.000730705261230469e+01
1.442000000000000000e+03 9.195574760437011719e+00
1.444000000000000000e+03 8.465914726257324219e+00
1.446000000000000000e+03 7.813431262969970703e+00
1.448000000000000000e+03 9.106751441955566406e+00
1.450000000000000000e+03 1.201749515533447266e+01
1.452000000000000000e+03 1.465413475036621094e+01
1.454000000000000000e+03 1.456289768218994141e+01
1.456000000000000000e+03 1.269104766845703125e+01
1.458000000000000000e+03 1.071831035614013672e+01
1.460000000000000000e+03 9.367669105529785156e+00
1.462000000000000000e+03 8.883084297180175781e+00
1.464000000000000000e+03 7.917470455169677734e+00
1.466000000000000000e+03 9.407299041748046875e+00
1.468000000000000000e+03 7.226416587829589844e+00
1.470000000000000000e+03 9.070021629333496094e+00
1.472000000000000000e+03 1.013509178161621094e+01
1.474000000000000000e+03 1.065489959716796875e+01
1.476000000000000000e+03 8.885879516601562500e+00
1.478000000000000000e+03 1.019936084747314453e+01
1.480000000000000000e+03 1.309346675872802734e+01
1.482000000000000000e+03 1.120841312408447266e+01
1.484000000000000000e+03 1.078375530242919922e+01
1.486000000000000000e+03 1.153741550445556641e+01
1.488000000000000000e+03 1.166362953186035156e+01
1.490000000000000000e+03 1.335667324066162109e+01
1.492000000000000000e+03 1.451172924041748047e+01
1.494000000000000000e+03 1.359591579437255859e+01
1.496000000000000000e+03 1.335898303985595703e+01
1.498000000000000000e+03 1.483666896820068359e+01
1.500000000000000000e+03 1.796971130371093750e+01
1.502000000000000000e+03 1.721067810058593750e+01
1.504000000000000000e+03 1.706112098693847656e+01
1.506000000000000000e+03 1.624628257751464844e+01
1.508000000000000000e+03 1.828218269348144531e+01
1.510000000000000000e+03 1.855395317077636719e+01
1.512000000000000000e+03 1.784008026123046875e+01
1.514000000000000000e+03 1.630410194396972656e+01
1.516000000000000000e+03 1.756363105773925781e+01
1.518000000000000000e+03 1.704275512695312500e+01
1.520000000000000000e+03 1.606150817871093750e+01
1.522000000000000000e+03 1.515252494812011719e+01
1.524000000000000000e+03 1.611896324157714844e+01
1.526000000000000000e+03 1.826711082458496094e+01
1.528000000000000000e+03 1.848076438903808594e+01
1.530000000000000000e+03 1.595389175415039062e+01
1.532000000000000000e+03 1.369855022430419922e+01
1.534000000000000000e+03 1.686298942565917969e+01
1.536000000000000000e+03 2.137965774536132812e+01
1.538000000000000000e+03 1.743555450439453125e+01
1.540000000000000000e+03 2.021488952636718750e+01
1.542000000000000000e+03 2.202532768249511719e+01
1.544000000000000000e+03 1.920048332214355469e+01
1.546000000000000000e+03 2.206089019775390625e+01
1.548000000000000000e+03 2.084471893310546875e+01
1.550000000000000000e+03 2.282501220703125000e+01
1.552000000000000000e+03 2.067785072326660156e+01
1.554000000000000000e+03 1.970712471008300781e+01
1.556000000000000000e+03 1.814936256408691406e+01
1.558000000000000000e+03 1.598869323730468750e+01
1.560000000000000000e+03 1.497219371795654297e+01
1.562000000000000000e+03 1.610412216186523438e+01
1.564000000000000000e+03 1.914176940917968750e+01
1.566000000000000000e+03 1.786515998840332031e+01
1.568000000000000000e+03 1.814450263977050781e+01
1.570000000000000000e+03 1.856465911865234375e+01
1.572000000000000000e+03 1.662221717834472656e+01
1.574000000000000000e+03 1.659679985046386719e+01
1.576000000000000000e+03 1.598343753814697266e+01
1.578000000000000000e+03 1.763429069519042969e+01
1.580000000000000000e+03 1.834845542907714844e+01
1.582000000000000000e+03 1.772830200195312500e+01
1.584000000000000000e+03 1.705774879455566406e+01
1.586000000000000000e+03 1.759871482849121094e+01
1.588000000000000000e+03 1.988280105590820312e+01
1.590000000000000000e+03 1.892128944396972656e+01
1.592000000000000000e+03 1.716451835632324219e+01
1.594000000000000000e+03 1.564295673370361328e+01
1.596000000000000000e+03 1.540980815887451172e+01
1.598000000000000000e+03 1.417280673980712891e+01
1.600000000000000000e+03 1.417266082763671875e+01
1.602000000000000000e+03 1.680852508544921875e+01
1.604000000000000000e+03 1.448014831542968750e+01
1.606000000000000000e+03 1.594816875457763672e+01
1.608000000000000000e+03 1.412671947479248047e+01
1.610000000000000000e+03 1.494504642486572266e+01
1.612000000000000000e+03 1.446003246307373047e+01
1.614000000000000000e+03 1.529451847076416016e+01
1.616000000000000000e+03 1.513180637359619141e+01
1.618000000000000000e+03 1.493990993499755859e+01
1.620000000000000000e+03 1.664930152893066406e+01
1.622000000000000000e+03 1.645452117919921875e+01
1.624000000000000000e+03 1.415650558471679688e+01
1.626000000000000000e+03 1.635234832763671875e+01
1.628000000000000000e+03 1.253958606719970703e+01
1.630000000000000000e+03 1.664445304870605469e+01
1.632000000000000000e+03 1.298203659057617188e+01
1.634000000000000000e+03 1.428900337219238281e+01
1.636000000000000000e+03 1.807363128662109375e+01
1.638000000000000000e+03 1.640639686584472656e+01
1.640000000000000000e+03 1.512161350250244141e+01
1.642000000000000000e+03 1.575116729736328125e+01
1.644000000000000000e+03 1.784921455383300781e+01
1.646000000000000000e+03 1.902896690368652344e+01
1.648000000000000000e+03 2.188231277465820312e+01
1.650000000000000000e+03 1.842661476135253906e+01
1.652000000000000000e+03 2.064690780639648438e+01
1.654000000000000000e+03 2.026877021789550781e+01
1.656000000000000000e+03 1.914381790161132812e+01
1.658000000000000000e+03 1.884314537048339844e+01
1.660000000000000000e+03 1.940839576721191406e+01
1.662000000000000000e+03 1.894448852539062500e+01
1.664000000000000000e+03 1.971851348876953125e+01
1.666000000000000000e+03 1.974144172668457031e+01
1.668000000000000000e+03 1.629556274414062500e+01
1.670000000000000000e+03 1.630837821960449219e+01
1.672000000000000000e+03 1.485385608673095703e+01
1.674000000000000000e+03 1.446110343933105469e+01
1.676000000000000000e+03 1.383504867553710938e+01
1.678000000000000000e+03 1.398015975952148438e+01
1.680000000000000000e+03 1.414926624298095703e+01
1.682000000000000000e+03 1.493815231323242188e+01
1.684000000000000000e+03 1.414919853210449219e+01
1.686000000000000000e+03 1.462845706939697266e+01
1.688000000000000000e+03 1.653517913818359375e+01
1.690000000000000000e+03 1.437474822998046875e+01
1.692000000000000000e+03 1.482323265075683594e+01
1.694000000000000000e+03 1.400766563415527344e+01
1.696000000000000000e+03 1.307501602172851562e+01
1.698000000000000000e+03 1.435883617401123047e+01
1.700000000000000000e+03 1.407622146606445312e+01
1.702000000000000000e+03 1.422120857238769531e+01
1.704000000000000000e+03 1.218502426147460938e+01
1.706000000000000000e+03 1.743705368041992188e+01
1.708000000000000000e+03 1.681539154052734375e+01
1.710000000000000000e+03 1.760064506530761719e+01
1.712000000000000000e+03 2.100520324707031250e+01
1.714000000000000000e+03 2.058342933654785156e+01
1.716000000000000000e+03 1.885134315490722656e+01
1.718000000000000000e+03 1.720967102050781250e+01
1.720000000000000000e+03 1.766340255737304688e+01
1.722000000000000000e+03 1.790359878540039062e+01
1.724000000000000000e+03 1.987014579772949219e+01
1.726000000000000000e+03 1.584920692443847656e+01
1.728000000000000000e+03 1.902470779418945312e+01
1.730000000000000000e+03 1.899137878417968750e+01
1.732000000000000000e+03 2.013290214538574219e+01
1.734000000000000000e+03 2.014199066162109375e+01
1.736000000000000000e+03 1.630509376525878906e+01
1.738000000000000000e+03 1.385626792907714844e+01
1.740000000000000000e+03 1.160450267791748047e+01
1.742000000000000000e+03 1.134796524047851562e+01
1.744000000000000000e+03 1.107583808898925781e+01
1.746000000000000000e+03 1.232334423065185547e+01
1.748000000000000000e+03 1.129092121124267578e+01
1.750000000000000000e+03 8.235544204711914062e+00
1.752000000000000000e+03 8.293152809143066406e+00
1.754000000000000000e+03 6.677625179290771484e+00
1.756000000000000000e+03 9.365045547485351562e+00
1.758000000000000000e+03 8.797624588012695312e+00
1.760000000000000000e+03 7.603774070739746094e+00
1.762000000000000000e+03 8.211176872253417969e+00
1.764000000000000000e+03 8.722549438476562500e+00
1.766000000000000000e+03 1.111309719085693359e+01
1.768000000000000000e+03 1.029936695098876953e+01
1.770000000000000000e+03 1.334763050079345703e+01
1.772000000000000000e+03 1.630194664001464844e+01
1.774000000000000000e+03 1.543044757843017578e+01
1.776000000000000000e+03 1.325514793395996094e+01
1.778000000000000000e+03 1.208382415771484375e+01
1.780000000000000000e+03 1.304858112335205078e+01
1.782000000000000000e+03 1.297441482543945312e+01
1.784000000000000000e+03 1.235161590576171875e+01
1.786000000000000000e+03 1.299571132659912109e+01
1.788000000000000000e+03 1.155017852783203125e+01
1.790000000000000000e+03 8.263322830200195312e+00
1.792000000000000000e+03 1.026444435119628906e+01
1.794000000000000000e+03 7.022962570190429688e+00
1.796000000000000000e+03 8.312917709350585938e+00
1.798000000000000000e+03 8.029776573181152344e+00
1.800000000000000000e+03 5.757855415344238281e+00
1.802000000000000000e+03 7.836600303649902344e+00
1.804000000000000000e+03 7.558532238006591797e+00
1.806000000000000000e+03 1.177414989471435547e+01
1.808000000000000000e+03 1.091199874877929688e+01
1.810000000000000000e+03 1.223426055908203125e+01
1.812000000000000000e+03 1.313644599914550781e+01
1.814000000000000000e+03 1.108744907379150391e+01
1.816000000000000000e+03 1.250585842132568359e+01
1.818000000000000000e+03 1.206331443786621094e+01
1.820000000000000000e+03 9.704891204833984375e+00
1.822000000000000000e+03 1.192344188690185547e+01
1.824000000000000000e+03 1.129182147979736328e+01
1.826000000000000000e+03 1.231175613403320312e+01
1.828000000000000000e+03 1.351302719116210938e+01
1.830000000000000000e+03 1.285776805877685547e+01
1.832000000000000000e+03 1.293345832824707031e+01
1.834000000000000000e+03 9.040435791015625000e+00
1.836000000000000000e+03 8.139086723327636719e+00
1.838000000000000000e+03 5.573994159698486328e+00
1.840000000000000000e+03 5.850025653839111328e+00
1.842000000000000000e+03 7.436525344848632812e+00
1.844000000000000000e+03 7.893872261047363281e+00
1.846000000000000000e+03 6.485352516174316406e+00
1.848000000000000000e+03 7.207282066345214844e+00
1.850000000000000000e+03 6.590163230895996094e+00
1.852000000000000000e+03 6.367557048797607422e+00
1.854000000000000000e+03 8.554235458374023438e+00
1.856000000000000000e+03 9.237125396728515625e+00
1.858000000000000000e+03 1.258675861358642578e+01
1.860000000000000000e+03 1.375729942321777344e+01
1.862000000000000000e+03 1.398828792572021484e+01
1.864000000000000000e+03 1.785039520263671875e+01
1.866000000000000000e+03 1.833783149719238281e+01
1.868000000000000000e+03 1.558214664459228516e+01
1.870000000000000000e+03 1.903861618041992188e+01
1.872000000000000000e+03 1.875672531127929688e+01
1.874000000000000000e+03 1.761199378967285156e+01
1.876000000000000000e+03 1.476922988891601562e+01
1.878000000000000000e+03 1.426109886169433594e+01
1.880000000000000000e+03 1.588525009155273438e+01
1.882000000000000000e+03 1.340828132629394531e+01
1.884000000000000000e+03 1.467066097259521484e+01
1.886000000000000000e+03 1.477629852294921875e+01
1.888000000000000000e+03 1.587649059295654297e+01
1.890000000000000000e+03 1.654835319519042969e+01
1.892000000000000000e+03 1.854442787170410156e+01
1.894000000000000000e+03 1.870241165161132812e+01
1.896000000000000000e+03 1.939227294921875000e+01
1.898000000000000000e+03 1.970232200622558594e+01
1.900000000000000000e+03 1.778601837158203125e+01
1.902000000000000000e+03 1.942358207702636719e+01
1.904000000000000000e+03 2.181174468994140625e+01
1.906000000000000000e+03 1.930596542358398438e+01
1.908000000000000000e+03 1.901582527160644531e+01
1.910000000000000000e+03 2.037538337707519531e+01
1.912000000000000000e+03 1.851016235351562500e+01
1.914000000000000000e+03 1.810685157775878906e+01
1.916000000000000000e+03 1.717871284484863281e+01
1.918000000000000000e+03 1.529458999633789062e+01
1.920000000000000000e+03 1.760504722595214844e+01
1.922000000000000000e+03 1.561309242248535156e+01
1.924000000000000000e+03 1.468316555023193359e+01
1.926000000000000000e+03 1.230556678771972656e+01
1.928000000000000000e+03 1.132592582702636719e+01
1.930000000000000000e+03 1.302941322326660156e+01
1.932000000000000000e+03 1.379153728485107422e+01
1.934000000000000000e+03 1.270222759246826172e+01
1.936000000000000000e+03 1.419515132904052734e+01
1.938000000000000000e+03 1.361301898956298828e+01
1.940000000000000000e+03 1.695254325866699219e+01
1.942000000000000000e+03 1.654564476013183594e+01
1.944000000000000000e+03 1.797601509094238281e+01
1.946000000000000000e+03 1.492251110076904297e+01
1.948000000000000000e+03 1.470570087432861328e+01
1.950000000000000000e+03 1.473984336853027344e+01
1.952000000000000000e+03 1.408119392395019531e+01
1.954000000000000000e+03 1.238095188140869141e+01
1.956000000000000000e+03 9.172720909118652344e+00
1.958000000000000000e+03 1.060242366790771484e+01
1.960000000000000000e+03 1.198482608795166016e+01
1.962000000000000000e+03 1.301178264617919922e+01
1.964000000000000000e+03 1.211997509002685547e+01
1.966000000000000000e+03 1.235292816162109375e+01
1.968000000000000000e+03 1.260594367980957031e+01
1.970000000000000000e+03 1.607052993774414062e+01
1.972000000000000000e+03 1.533346748352050781e+01
1.974000000000000000e+03 1.588733196258544922e+01
1.976000000000000000e+03 1.717032241821289062e+01
1.978000000000000000e+03 1.918738174438476562e+01
1.980000000000000000e+03 1.778028106689453125e+01
1.982000000000000000e+03 1.603138732910156250e+01
1.984000000000000000e+03 1.478374290466308594e+01
1.986000000000000000e+03 1.543015670776367188e+01
1.988000000000000000e+03 1.159452915191650391e+01
1.990000000000000000e+03 1.375896167755126953e+01
1.992000000000000000e+03 1.144139194488525391e+01
1.994000000000000000e+03 1.314085769653320312e+01
1.996000000000000000e+03 1.019406223297119141e+01
1.998000000000000000e+03 1.067333507537841797e+01
2.000000000000000000e+03 9.614244461059570312e+00
2.002000000000000000e+03 7.403517723083496094e+00
2.004000000000000000e+03 1.008096790313720703e+01
2.006000000000000000e+03 1.714079856872558594e+01
2.008000000000000000e+03 1.634737205505371094e+01
2.010000000000000000e+03 1.557622909545898438e+01
2.012000000000000000e+03 1.441789436340332031e+01
2.014000000000000000e+03 1.421510124206542969e+01
2.016000000000000000e+03 1.422987461090087891e+01
2.018000000000000000e+03 1.822606277465820312e+01
2.020000000000000000e+03 1.898710250854492188e+01
2.022000000000000000e+03 1.610657501220703125e+01
2.024000000000000000e+03 1.588818645477294922e+01
2.026000000000000000e+03 1.669578742980957031e+01
2.028000000000000000e+03 1.560623455047607422e+01
2.030000000000000000e+03 1.691444778442382812e+01
2.032000000000000000e+03 1.630129051208496094e+01
2.034000000000000000e+03 1.388532257080078125e+01
2.036000000000000000e+03 1.435840892791748047e+01
2.038000000000000000e+03 1.121141147613525391e+01
2.040000000000000000e+03 1.018670654296875000e+01
2.042000000000000000e+03 1.333305263519287109e+01
2.044000000000000000e+03 1.377477550506591797e+01
2.046000000000000000e+03 1.464178657531738281e+01
2.048000000000000000e+03 1.334597015380859375e+01
2.050000000000000000e+03 1.024595069885253906e+01
2.052000000000000000e+03 1.013860225677490234e+01
2.054000000000000000e+03 1.383916854858398438e+01
2.056000000000000000e+03 1.215524101257324219e+01
2.058000000000000000e+03 1.436783313751220703e+01
2.060000000000000000e+03 1.380851364135742188e+01
2.062000000000000000e+03 1.186582660675048828e+01
2.064000000000000000e+03 1.348863220214843750e+01
2.066000000000000000e+03 1.029652309417724609e+01
2.068000000000000000e+03 7.376193523406982422e+00
2.070000000000000000e+03 7.783405303955078125e+00
2.072000000000000000e+03 8.627613067626953125e+00
2.074000000000000000e+03 8.644611358642578125e+00
2.076000000000000000e+03 1.249485588073730469e+01
2.078000000000000000e+03 1.142219352722167969e+01
2.080000000000000000e+03 1.410084915161132812e+01
2.082000000000000000e+03 1.437372016906738281e+01
2.084000000000000000e+03 1.368462562561035156e+01
2.086000000000000000e+03 1.411605358123779297e+01
2.088000000000000000e+03 1.756101417541503906e+01
2.090000000000000000e+03 1.767748451232910156e+01
2.092000000000000000e+03 1.620057487487792969e+01
2.094000000000000000e+03 1.519445133209228516e+01
2.096000000000000000e+03 1.508366584777832031e+01
2.098000000000000000e+03 1.480174541473388672e+01
2.100000000000000000e+03 1.297246551513671875e+01
2.102000000000000000e+03 1.378065395355224609e+01
2.104000000000000000e+03 1.305057048797607422e+01
2.106000000000000000e+03 1.464963340759277344e+01
2.108000000000000000e+03 1.566352939605712891e+01
2.110000000000000000e+03 1.478091335296630859e+01
2.112000000000000000e+03 1.385650157928466797e+01
2.114000000000000000e+03 1.421183490753173828e+01
2.116000000000000000e+03 1.878725814819335938e+01
2.118000000000000000e+03 1.951473617553710938e+01
2.120000000000000000e+03 1.960091781616210938e+01
2.122000000000000000e+03 1.779950714111328125e+01
2.124000000000000000e+03 2.033879280090332031e+01
2.126000000000000000e+03 2.151668548583984375e+01
2.128000000000000000e+03 2.181186103820800781e+01
2.130000000000000000e+03 2.266551017761230469e+01
2.132000000000000000e+03 2.003705215454101562e+01
2.134000000000000000e+03 1.954880523681640625e+01
2.136000000000000000e+03 2.013314247131347656e+01
2.138000000000000000e+03 1.719956779479980469e+01
2.140000000000000000e+03 1.742646980285644531e+01
2.142000000000000000e+03 1.765893554687500000e+01
2.144000000000000000e+03 1.799612808227539062e+01
2.146000000000000000e+03 1.746780967712402344e+01
2.148000000000000000e+03 1.764763832092285156e+01
2.150000000000000000e+03 1.597370624542236328e+01
2.152000000000000000e+03 1.781853294372558594e+01
2.154000000000000000e+03 1.689013481140136719e+01
2.156000000000000000e+03 1.742589378356933594e+01
2.158000000000000000e+03 1.626467704772949219e+01
2.160000000000000000e+03 1.872269248962402344e+01
2.162000000000000000e+03 2.016492271423339844e+01
2.164000000000000000e+03 2.042443847656250000e+01
2.166000000000000000e+03 1.820799446105957031e+01
2.168000000000000000e+03 1.876503372192382812e+01
2.170000000000000000e+03 1.729326438903808594e+01
2.172000000000000000e+03 1.536820602416992188e+01
2.174000000000000000e+03 1.414635848999023438e+01
2.176000000000000000e+03 1.663742828369140625e+01
2.178000000000000000e+03 1.480038452148437500e+01
2.180000000000000000e+03 1.750442695617675781e+01
2.182000000000000000e+03 1.615782928466796875e+01
2.184000000000000000e+03 1.575044059753417969e+01
2.186000000000000000e+03 1.598973369598388672e+01
2.188000000000000000e+03 1.634244155883789062e+01
2.190000000000000000e+03 1.489182758331298828e+01
2.192000000000000000e+03 1.519685268402099609e+01
2.194000000000000000e+03 1.228293991088867188e+01
2.196000000000000000e+03 1.096061134338378906e+01
2.198000000000000000e+03 1.045984363555908203e+01
2.200000000000000000e+03 1.675674819946289062e+01
2.202000000000000000e+03 1.563353919982910156e+01
2.204000000000000000e+03 1.602252006530761719e+01
2.206000000000000000e+03 1.441190242767333984e+01
2.208000000000000000e+03 1.585725879669189453e+01
2.210000000000000000e+03 1.973428535461425781e+01
2.212000000000000000e+03 1.923434257507324219e+01
2.214000000000000000e+03 1.758078002929687500e+01
2.216000000000000000e+03 1.862980461120605469e+01
2.218000000000000000e+03 1.746334075927734375e+01
2.220000000000000000e+03 1.519305515289306641e+01
2.222000000000000000e+03 1.611351203918457031e+01
2.224000000000000000e+03 1.460916233062744141e+01
2.226000000000000000e+03 1.410561847686767578e+01
2.228000000000000000e+03 1.106289577484130859e+01
2.230000000000000000e+03 1.093899250030517578e+01
2.232000000000000000e+03 1.251099109649658203e+01
2.234000000000000000e+03 1.120874118804931641e+01
2.236000000000000000e+03 9.726092338562011719e+00
2.238000000000000000e+03 9.827858924865722656e+00
2.240000000000000000e+03 1.406466960906982422e+01
2.242000000000000000e+03 1.522847938537597656e+01
2.244000000000000000e+03 1.641515350341796875e+01
2.246000000000000000e+03 1.273818206787109375e+01
2.248000000000000000e+03 1.548595237731933594e+01
2.250000000000000000e+03 1.637229728698730469e+01
2.252000000000000000e+03 1.538367462158203125e+01
2.254000000000000000e+03 1.487337970733642578e+01
2.256000000000000000e+03 1.718427085876464844e+01
2.258000000000000000e+03 1.352901172637939453e+01
2.260000000000000000e+03 1.556277656555175781e+01
2.262000000000000000e+03 1.741114425659179688e+01
2.264000000000000000e+03 1.532973766326904297e+01
2.266000000000000000e+03 1.829032516479492188e+01
2.268000000000000000e+03 1.771978378295898438e+01
2.270000000000000000e+03 1.745037078857421875e+01
2.272000000000000000e+03 1.659359550476074219e+01
2.274000000000000000e+03 1.516684913635253906e+01
2.276000000000000000e+03 1.591364383697509766e+01
2.278000000000000000e+03 1.666748428344726562e+01
2.280000000000000000e+03 1.495887184143066406e+01
2.282000000000000000e+03 1.469016265869140625e+01
2.284000000000000000e+03 1.488946533203125000e+01
2.286000000000000000e+03 1.389593982696533203e+01
2.288000000000000000e+03 1.235227298736572266e+01
2.290000000000000000e+03 1.257963180541992188e+01
2.292000000000000000e+03 1.411584186553955078e+01
2.294000000000000000e+03 1.534160709381103516e+01
2.296000000000000000e+03 1.329114437103271484e+01
2.298000000000000000e+03 1.704438781738281250e+01
2.300000000000000000e+03 1.342676925659179688e+01
2.302000000000000000e+03 1.376243114471435547e+01
2.304000000000000000e+03 1.429116630554199219e+01
2.306000000000000000e+03 1.747415542602539062e+01
2.308000000000000000e+03 1.959325408935546875e+01
2.310000000000000000e+03 2.001238250732421875e+01
2.312000000000000000e+03 1.987875938415527344e+01
2.314000000000000000e+03 1.944807052612304688e+01
2.316000000000000000e+03 2.281176567077636719e+01
2.318000000000000000e+03 2.228431892395019531e+01
2.320000000000000000e+03 2.183236694335937500e+01
2.322000000000000000e+03 2.013719558715820312e+01
2.324000000000000000e+03 1.814560317993164062e+01
2.326000000000000000e+03 2.002476882934570312e+01
2.328000000000000000e+03 2.028256607055664062e+01
2.330000000000000000e+03 1.779483604431152344e+01
2.332000000000000000e+03 1.828050804138183594e+01
2.334000000000000000e+03 1.957682800292968750e+01
2.336000000000000000e+03 1.818492507934570312e+01
2.338000000000000000e+03 1.894063377380371094e+01
2.340000000000000000e+03 1.668506050109863281e+01
2.342000000000000000e+03 1.820238685607910156e+01
2.344000000000000000e+03 1.922833251953125000e+01
2.346000000000000000e+03 2.006807136535644531e+01
2.348000000000000000e+03 1.625259017944335938e+01
2.350000000000000000e+03 1.558811283111572266e+01
2.352000000000000000e+03 1.445366382598876953e+01
2.354000000000000000e+03 1.449164295196533203e+01
2.356000000000000000e+03 1.863583374023437500e+01
2.358000000000000000e+03 1.747473716735839844e+01
2.360000000000000000e+03 1.808844947814941406e+01
2.362000000000000000e+03 1.613646316528320312e+01
2.364000000000000000e+03 1.830541610717773438e+01
2.366000000000000000e+03 2.191933822631835938e+01
2.368000000000000000e+03 2.208997154235839844e+01
2.370000000000000000e+03 2.161442756652832031e+01
2.372000000000000000e+03 1.562366008758544922e+01
2.374000000000000000e+03 1.456033802032470703e+01
2.376000000000000000e+03 1.286155128479003906e+01
2.378000000000000000e+03 1.042311954498291016e+01
2.380000000000000000e+03 1.037778472900390625e+01
2.382000000000000000e+03 1.303699874877929688e+01
2.384000000000000000e+03 1.308442211151123047e+01
2.386000000000000000e+03 1.344356155395507812e+01
2.388000000000000000e+03 1.241194057464599609e+01
2.390000000000000000e+03 1.503491210937500000e+01
2.392000000000000000e+03 1.514852333068847656e+01
2.394000000000000000e+03 1.362395381927490234e+01
2.396000000000000000e+03 1.431430339813232422e+01
2.398000000000000000e+03 1.508890247344970703e+01
2.400000000000000000e+03 1.369221115112304688e+01
2.402000000000000000e+03 1.279889488220214844e+01
2.404000000000000000e+03 8.223298072814941406e+00
2.406000000000000000e+03 1.273958587646484375e+01
2.408000000000000000e+03 1.344415760040283203e+01
2.410000000000000000e+03 1.497123146057128906e+01
2.412000000000000000e+03 1.436699295043945312e+01
2.414000000000000000e+03 1.731010055541992188e+01
2.416000000000000000e+03 1.754688835144042969e+01
2.418000000000000000e+03 1.752836418151855469e+01
2.420000000000000000e+03 1.757590103149414062e+01
2.422000000000000000e+03 1.775150299072265625e+01
2.424000000000000000e+03 1.732271003723144531e+01
2.426000000000000000e+03 1.888393211364746094e+01
2.428000000000000000e+03 1.796560859680175781e+01
2.430000000000000000e+03 1.574749183654785156e+01
2.432000000000000000e+03 1.892518234252929688e+01
2.434000000000000000e+03 1.587515640258789062e+01
2.436000000000000000e+03 1.772119903564453125e+01
2.438000000000000000e+03 1.675489616394042969e+01
2.440000000000000000e+03 1.617658424377441406e+01
2.442000000000000000e+03 1.872174263000488281e+01
2.444000000000000000e+03 1.912376022338867188e+01
2.446000000000000000e+03 2.041340446472167969e+01
2.448000000000000000e+03 1.831974220275878906e+01
2.450000000000000000e+03 1.884277534484863281e+01
2.452000000000000000e+03 2.088397216796875000e+01
2.454000000000000000e+03 1.892748451232910156e+01
2.456000000000000000e+03 1.651889610290527344e+01
2.458000000000000000e+03 1.631257247924804688e+01
2.460000000000000000e+03 1.646260261535644531e+01
2.462000000000000000e+03 1.772304725646972656e+01
2.464000000000000000e+03 1.591558361053466797e+01
2.466000000000000000e+03 1.686095428466796875e+01
2.468000000000000000e+03 1.663300514221191406e+01
2.470000000000000000e+03 1.648749542236328125e+01
2.472000000000000000e+03 1.793314361572265625e+01
2.474000000000000000e+03 1.755746459960937500e+01
2.476000000000000000e+03 1.694735527038574219e+01
2.478000000000000000e+03 1.554533958435058594e+01
2.480000000000000000e+03 1.573423767089843750e+01
2.482000000000000000e+03 1.366589069366455078e+01
2.484000000000000000e+03 1.280702972412109375e+01
2.486000000000000000e+03 1.719420433044433594e+01
2.488000000000000000e+03 1.634391021728515625e+01
2.490000000000000000e+03 1.931336402893066406e+01
2.492000000000000000e+03 1.563660907745361328e+01
2.494000000000000000e+03 1.781447029113769531e+01
2.496000000000000000e+03 2.033936691284179688e+01
2.498000000000000000e+03 2.012990188598632812e+01
2.500000000000000000e+03 1.861147117614746094e+01
2.502000000000000000e+03 1.911547279357910156e+01
2.504000000000000000e+03 1.826078033447265625e+01
2.506000000000000000e+03 1.980483627319335938e+01
2.508000000000000000e+03 2.299432754516601562e+01
2.510000000000000000e+03 2.029376983642578125e+01
2.512000000000000000e+03 1.895931816101074219e+01
2.514000000000000000e+03 1.946157646179199219e+01
2.516000000000000000e+03 1.515331554412841797e+01
2.518000000000000000e+03 1.704161453247070312e+01
2.520000000000000000e+03 1.711851119995117188e+01
2.522000000000000000e+03 1.608504486083984375e+01
2.524000000000000000e+03 1.896420097351074219e+01
2.526000000000000000e+03 1.718561553955078125e+01
2.528000000000000000e+03 1.668991851806640625e+01
2.530000000000000000e+03 1.531052780151367188e+01
2.532000000000000000e+03 1.880296707153320312e+01
2.534000000000000000e+03 1.550432682037353516e+01
2.536000000000000000e+03 1.821236610412597656e+01
2.538000000000000000e+03 1.689958000183105469e+01
2.540000000000000000e+03 1.370272731781005859e+01
2.542000000000000000e+03 9.208119392395019531e+00
2.544000000000000000e+03 1.144847106933593750e+01
2.546000000000000000e+03 1.447326660156250000e+01
2.548000000000000000e+03 1.236423492431640625e+01
2.550000000000000000e+03 1.073366928100585938e+01
2.552000000000000000e+03 1.046041107177734375e+01
2.554000000000000000e+03 1.517949485778808594e+01
2.556000000000000000e+03 1.332282543182373047e+01
2.558000000000000000e+03 1.550591754913330078e+01
2.560000000000000000e+03 1.725622367858886719e+01
2.562000000000000000e+03 1.736134719848632812e+01
2.564000000000000000e+03 1.501462173461914062e+01
2.566000000000000000e+03 1.000788211822509766e+01
2.568000000000000000e+03 8.457055091857910156e+00
2.570000000000000000e+03 8.690603256225585938e+00
2.572000000000000000e+03 1.119827747344970703e+01
2.574000000000000000e+03 8.915699958801269531e+00
2.576000000000000000e+03 9.572544097900390625e+00
2.578000000000000000e+03 8.984863281250000000e+00
2.580000000000000000e+03 8.365717887878417969e+00
2.582000000000000000e+03 8.067994117736816406e+00
2.584000000000000000e+03 2.927653551101684570e+00
2.586000000000000000e+03 3.903128623962402344e+00
2.588000000000000000e+03 4.971731185913085938e+00
2.590000000000000000e+03 3.381672620773315430e+00
2.592000000000000000e+03 4.881495952606201172e+00
2.594000000000000000e+03 4.965612411499023438e+00
2.596000000000000000e+03 3.434924125671386719e+00
2.598000000000000000e+03 5.852461338043212891e+00
2.600000000000000000e+03 5.840600013732910156e+00
2.602000000000000000e+03 5.443343639373779297e+00
2.604000000000000000e+03 5.538058757781982422e+00
2.606000000000000000e+03 3.876866817474365234e+00
2.608000000000000000e+03 6.780195236206054688e+00
2.610000000000000000e+03 5.513520240783691406e+00
2.612000000000000000e+03 5.775384902954101562e+00
2.614000000000000000e+03 8.713650703430175781e+00
2.616000000000000000e+03 9.083953857421875000e+00
2.618000000000000000e+03 9.569803237915039062e+00
2.620000000000000000e+03 1.110908794403076172e+01
2.622000000000000000e+03 1.103013229370117188e+01
2.624000000000000000e+03 9.680175781250000000e+00
2.626000000000000000e+03 8.961613655090332031e+00
2.628000000000000000e+03 6.385084152221679688e+00
2.630000000000000000e+03 3.792478322982788086e+00
2.632000000000000000e+03 6.981875896453857422e+00
2.634000000000000000e+03 6.576611518859863281e+00
2.636000000000000000e+03 1.175663757324218750e+01
2.638000000000000000e+03 1.123245906829833984e+01
2.640000000000000000e+03 8.028407096862792969e+00
2.642000000000000000e+03 1.139321708679199219e+01
2.644000000000000000e+03 1.378839492797851562e+01
2.646000000000000000e+03 1.072408199310302734e+01
2.648000000000000000e+03 9.867508888244628906e+00
2.650000000000000000e+03 1.134029006958007812e+01
2.652000000000000000e+03 1.188850784301757812e+01
2.654000000000000000e+03 1.167002010345458984e+01
2.656000000000000000e+03 9.263912200927734375e+00
2.658000000000000000e+03 6.531750679016113281e+00
2.660000000000000000e+03 7.930765628814697266e+00
2.662000000000000000e+03 7.853090286254882812e+00
2.664000000000000000e+03 6.830807209014892578e+00
2.666000000000000000e+03 1.204804134368896484e+01
2.668000000000000000e+03 6.792376041412353516e+00
2.670000000000000000e+03 8.643276214599609375e+00
2.672000000000000000e+03 9.807131767272949219e+00
2.674000000000000000e+03 1.391825580596923828e+01
2.676000000000000000e+03 1.302440261840820312e+01
2.678000000000000000e+03 1.116229057312011719e+01
2.680000000000000000e+03 1.122918605804443359e+01
2.682000000000000000e+03 9.751095771789550781e+00
2.684000000000000000e+03 8.341637611389160156e+00
2.686000000000000000e+03 1.042981624603271484e+01
2.688000000000000000e+03 1.399086761474609375e+01
2.690000000000000000e+03 1.649097633361816406e+01
2.692000000000000000e+03 1.946808433532714844e+01
2.694000000000000000e+03 1.825748443603515625e+01
2.696000000000000000e+03 1.918820190429687500e+01
2.698000000000000000e+03 2.012960433959960938e+01
2.700000000000000000e+03 2.213449859619140625e+01
2.702000000000000000e+03 2.023475456237792969e+01
2.704000000000000000e+03 1.805919075012207031e+01
2.706000000000000000e+03 1.824000740051269531e+01
2.708000000000000000e+03 2.048795318603515625e+01
2.710000000000000000e+03 2.009656524658203125e+01
2.712000000000000000e+03 1.982052421569824219e+01
2.714000000000000000e+03 2.128971099853515625e+01
2.716000000000000000e+03 1.857969474792480469e+01
2.718000000000000000e+03 1.249195575714111328e+01
2.720000000000000000e+03 1.158786487579345703e+01
2.722000000000000000e+03 1.124353313446044922e+01
2.724000000000000000e+03 1.153450775146484375e+01
2.726000000000000000e+03 1.448922538757324219e+01
2.728000000000000000e+03 1.350766563415527344e+01
2.730000000000000000e+03 1.213349056243896484e+01
2.732000000000000000e+03 1.480084133148193359e+01
2.734000000000000000e+03 1.536628150939941406e+01
2.736000000000000000e+03 1.294902992248535156e+01
2.738000000000000000e+03 1.236781787872314453e+01
2.740000000000000000e+03 1.507648944854736328e+01
2.742000000000000000e+03 1.669424819946289062e+01
2.744000000000000000e+03 1.338556671142578125e+01
2.746000000000000000e+03 1.289532184600830078e+01
2.748000000000000000e+03 1.413567543029785156e+01
2.750000000000000000e+03 1.594398403167724609e+01
2.752000000000000000e+03 1.480800151824951172e+01
2.754000000000000000e+03 1.769788360595703125e+01
2.756000000000000000e+03 1.647674942016601562e+01
2.758000000000000000e+03 1.562928676605224609e+01
2.760000000000000000e+03 1.293875122070312500e+01
2.762000000000000000e+03 1.518427371978759766e+01
2.764000000000000000e+03 1.602215766906738281e+01
2.766000000000000000e+03 1.407171058654785156e+01
2.768000000000000000e+03 1.398907566070556641e+01
2.770000000000000000e+03 1.104299545288085938e+01
2.772000000000000000e+03 1.439947986602783203e+01
2.774000000000000000e+03 1.369375514984130859e+01
2.776000000000000000e+03 1.548074531555175781e+01
2.778000000000000000e+03 1.506312751770019531e+01
2.780000000000000000e+03 1.448337650299072266e+01
2.782000000000000000e+03 1.421852588653564453e+01
2.784000000000000000e+03 1.421751022338867188e+01
2.786000000000000000e+03 1.405476856231689453e+01
2.788000000000000000e+03 1.548924350738525391e+01
2.790000000000000000e+03 1.139713859558105469e+01
2.792000000000000000e+03 1.455370140075683594e+01
2.794000000000000000e+03 1.377026176452636719e+01
2.796000000000000000e+03 1.610029602050781250e+01
2.798000000000000000e+03 1.715437126159667969e+01
2.800000000000000000e+03 1.687927818298339844e+01
2.802000000000000000e+03 1.499833965301513672e+01
2.804000000000000000e+03 1.646188926696777344e+01
2.806000000000000000e+03 1.464567279815673828e+01
2.808000000000000000e+03 1.850139427185058594e+01
2.810000000000000000e+03 1.818179130554199219e+01
2.812000000000000000e+03 1.435954856872558594e+01
2.814000000000000000e+03 1.802933311462402344e+01
2.816000000000000000e+03 1.669547653198242188e+01
2.818000000000000000e+03 1.604549789428710938e+01
2.820000000000000000e+03 1.529571056365966797e+01
2.822000000000000000e+03 1.685729408264160156e+01
2.824000000000000000e+03 1.775542449951171875e+01
2.826000000000000000e+03 1.689225006103515625e+01
2.828000000000000000e+03 1.890691757202148438e+01
2.830000000000000000e+03 1.960812377929687500e+01
2.832000000000000000e+03 1.827801704406738281e+01
2.834000000000000000e+03 1.369421863555908203e+01
2.836000000000000000e+03 1.621714019775390625e+01
2.838000000000000000e+03 1.523467350006103516e+01
2.840000000000000000e+03 1.524268722534179688e+01
2.842000000000000000e+03 1.294613361358642578e+01
2.844000000000000000e+03 1.503689384460449219e+01
2.846000000000000000e+03 1.710792922973632812e+01
2.848000000000000000e+03 1.896080398559570312e+01
2.850000000000000000e+03 1.725260925292968750e+01
2.852000000000000000e+03 1.800767135620117188e+01
2.854000000000000000e+03 1.665637588500976562e+01
2.856000000000000000e+03 1.539933586120605469e+01
2.858000000000000000e+03 1.559828090667724609e+01
2.860000000000000000e+03 1.754609680175781250e+01
2.862000000000000000e+03 1.632949256896972656e+01
2.864000000000000000e+03 1.712942123413085938e+01
2.866000000000000000e+03 1.843965148925781250e+01
2.868000000000000000e+03 1.484035587310791016e+01
2.870000000000000000e+03 1.409489250183105469e+01
2.872000000000000000e+03 1.082714176177978516e+01
2.874000000000000000e+03 8.351517677307128906e+00
2.876000000000000000e+03 9.654356002807617188e+00
2.878000000000000000e+03 6.736439228057861328e+00
2.880000000000000000e+03 7.098052024841308594e+00
2.882000000000000000e+03 1.104837608337402344e+01
2.884000000000000000e+03 1.068751144409179688e+01
2.886000000000000000e+03 9.164798736572265625e+00
2.888000000000000000e+03 1.273732280731201172e+01
2.890000000000000000e+03 1.300092887878417969e+01
2.892000000000000000e+03 1.389669418334960938e+01
2.894000000000000000e+03 1.105776309967041016e+01
2.896000000000000000e+03 1.332668113708496094e+01
2.898000000000000000e+03 1.403125858306884766e+01
2.900000000000000000e+03 1.437438201904296875e+01
2.902000000000000000e+03 1.331511402130126953e+01
2.904000000000000000e+03 1.240385913848876953e+01
2.906000000000000000e+03 9.984277725219726562e+00
2.908000000000000000e+03 1.141509151458740234e+01
2.910000000000000000e+03 1.036873912811279297e+01
2.912000000000000000e+03 1.369080638885498047e+01
2.914000000000000000e+03 1.151821613311767578e+01
2.916000000000000000e+03 1.466550064086914062e+01
2.918000000000000000e+03 1.654673385620117188e+01
2.920000000000000000e+03 1.746174812316894531e+01
2.922000000000000000e+03 1.331706428527832031e+01
2.924000000000000000e+03 8.921990394592285156e+00
2.926000000000000000e+03 1.056876564025878906e+01
2.928000000000000000e+03 7.980647087097167969e+00
2.930000000000000000e+03 7.271089076995849609e+00
2.932000000000000000e+03 8.822896003723144531e+00
2.934000000000000000e+03 9.908114433288574219e+00
2.936000000000000000e+03 1.406899929046630859e+01
2.938000000000000000e+03 1.509444522857666016e+01
2.940000000000000000e+03 1.689608192443847656e+01
2.942000000000000000e+03 1.578446006774902344e+01
2.944000000000000000e+03 1.739912223815917969e+01
2.946000000000000000e+03 1.416938400268554688e+01
2.948000000000000000e+03 1.261153697967529297e+01
2.950000000000000000e+03 1.409657096862792969e+01
2.952000000000000000e+03 1.419550991058349609e+01
2.954000000000000000e+03 1.282880210876464844e+01
2.956000000000000000e+03 1.561150264739990234e+01
2.958000000000000000e+03 1.663825988769531250e+01
2.960000000000000000e+03 1.670555496215820312e+01
2.962000000000000000e+03 1.622289085388183594e+01
2.964000000000000000e+03 1.761011123657226562e+01
2.966000000000000000e+03 1.484045982360839844e+01
2.968000000000000000e+03 1.455052375793457031e+01
2.970000000000000000e+03 1.500294780731201172e+01
2.972000000000000000e+03 1.555264282226562500e+01
2.974000000000000000e+03 1.231888771057128906e+01
2.976000000000000000e+03 9.035696029663085938e+00
2.978000000000000000e+03 1.004855251312255859e+01
2.980000000000000000e+03 9.129080772399902344e+00
2.982000000000000000e+03 1.218762111663818359e+01
2.984000000000000000e+03 7.780238628387451172e+00
2.986000000000000000e+03 9.499821662902832031e+00
2.988000000000000000e+03 8.046192169189453125e+00
2.990000000000000000e+03 8.417280197143554688e+00
2.992000000000000000e+03 9.400702476501464844e+00
2.994000000000000000e+03 9.787385940551757812e+00
2.996000000000000000e+03 6.905251502990722656e+00
2.998000000000000000e+03 8.506568908691406250e+00
3.000000000000000000e+03 7.768508434295654297e+00
3.002000000000000000e+03 1.018749332427978516e+01
3.004000000000000000e+03 1.457815933227539062e+01
3.006000000000000000e+03 1.522019195556640625e+01
3.008000000000000000e+03 1.168438816070556641e+01
3.010000000000000000e+03 1.477174472808837891e+01
3.012000000000000000e+03 1.726348114013671875e+01
3.014000000000000000e+03 1.929457283020019531e+01
3.016000000000000000e+03 1.901962471008300781e+01
3.018000000000000000e+03 1.757166481018066406e+01
3.020000000000000000e+03 1.933373641967773438e+01
3.022000000000000000e+03 1.810567092895507812e+01
3.024000000000000000e+03 1.791759109497070312e+01
3.026000000000000000e+03 1.852846908569335938e+01
3.028000000000000000e+03 1.935532951354980469e+01
3.030000000000000000e+03 1.702568817138671875e+01
3.032000000000000000e+03 1.810355186462402344e+01
3.034000000000000000e+03 1.726759529113769531e+01
3.036000000000000000e+03 1.734502601623535156e+01
3.038000000000000000e+03 1.634183502197265625e+01
3.040000000000000000e+03 1.634066200256347656e+01
3.042000000000000000e+03 1.319122791290283203e+01
3.044000000000000000e+03 1.280636024475097656e+01
3.046000000000000000e+03 1.337650871276855469e+01
3.048000000000000000e+03 1.495766544342041016e+01
3.050000000000000000e+03 1.621069908142089844e+01
3.052000000000000000e+03 1.600664710998535156e+01
3.054000000000000000e+03 1.522033786773681641e+01
3.056000000000000000e+03 1.846274375915527344e+01
3.058000000000000000e+03 2.093490982055664062e+01
3.060000000000000000e+03 1.944334411621093750e+01
3.062000000000000000e+03 1.929609298706054688e+01
3.064000000000000000e+03 1.704198455810546875e+01
3.066000000000000000e+03 1.638907051086425781e+01
3.068000000000000000e+03 1.593427658081054688e+01
3.070000000000000000e+03 1.292659854888916016e+01
3.072000000000000000e+03 1.478126239776611328e+01
3.074000000000000000e+03 1.511777114868164062e+01
3.076000000000000000e+03 1.610164260864257812e+01
3.078000000000000000e+03 1.325999355316162109e+01
3.080000000000000000e+03 1.608927536010742188e+01
3.082000000000000000e+03 1.418317794799804688e+01
3.084000000000000000e+03 1.209933948516845703e+01
3.086000000000000000e+03 1.237784099578857422e+01
3.088000000000000000e+03 1.109576702117919922e+01
3.090000000000000000e+03 1.306015396118164062e+01
3.092000000000000000e+03 9.893685340881347656e+00
3.094000000000000000e+03 1.189465045928955078e+01
3.096000000000000000e+03 1.213942337036132812e+01
3.098000000000000000e+03 1.361499691009521484e+01
3.100000000000000000e+03 1.593324756622314453e+01
3.102000000000000000e+03 1.385541725158691406e+01
3.104000000000000000e+03 1.208259868621826172e+01
3.106000000000000000e+03 1.552934455871582031e+01
3.108000000000000000e+03 1.598180961608886719e+01
3.110000000000000000e+03 1.626362228393554688e+01
3.112000000000000000e+03 1.478392887115478516e+01
3.114000000000000000e+03 1.623112297058105469e+01
3.116000000000000000e+03 1.892751693725585938e+01
3.118000000000000000e+03 1.989830780029296875e+01
3.120000000000000000e+03 1.938265991210937500e+01
3.122000000000000000e+03 1.819724273681640625e+01
3.124000000000000000e+03 1.637644195556640625e+01
3.126000000000000000e+03 1.562035942077636719e+01
3.128000000000000000e+03 1.447216033935546875e+01
3.130000000000000000e+03 1.526843166351318359e+01
3.132000000000000000e+03 1.175162220001220703e+01
3.134000000000000000e+03 1.109550380706787109e+01
3.136000000000000000e+03 1.330298709869384766e+01
3.138000000000000000e+03 1.321664619445800781e+01
3.140000000000000000e+03 1.540118026733398438e+01
3.142000000000000000e+03 1.900548553466796875e+01
3.144000000000000000e+03 1.722621917724609375e+01
3.146000000000000000e+03 1.525580692291259766e+01
3.148000000000000000e+03 1.439374446868896484e+01
3.150000000000000000e+03 1.552962303161621094e+01
3.152000000000000000e+03 1.717477989196777344e+01
3.154000000000000000e+03 1.470263385772705078e+01
3.156000000000000000e+03 1.432917594909667969e+01
3.158000000000000000e+03 1.050202369689941406e+01
3.160000000000000000e+03 1.077578163146972656e+01
3.162000000000000000e+03 9.174079895019531250e+00
3.164000000000000000e+03 1.104503440856933594e+01
3.166000000000000000e+03 1.421376514434814453e+01
3.168000000000000000e+03 1.513369560241699219e+01
3.170000000000000000e+03 1.352846527099609375e+01
3.172000000000000000e+03 1.363695907592773438e+01
3.174000000000000000e+03 1.132767486572265625e+01
3.176000000000000000e+03 1.048951435089111328e+01
3.178000000000000000e+03 1.102758407592773438e+01
3.180000000000000000e+03 1.282080364227294922e+01
3.182000000000000000e+03 1.568963623046875000e+01
3.184000000000000000e+03 1.242977905273437500e+01
3.186000000000000000e+03 1.353693771362304688e+01
3.188000000000000000e+03 1.427334594726562500e+01
3.190000000000000000e+03 1.343939495086669922e+01
3.192000000000000000e+03 1.613160133361816406e+01
3.194000000000000000e+03 1.664050865173339844e+01
3.196000000000000000e+03 1.688873481750488281e+01
3.198000000000000000e+03 1.800671005249023438e+01
3.200000000000000000e+03 1.786967849731445312e+01
3.202000000000000000e+03 1.824848365783691406e+01
3.204000000000000000e+03 1.825334167480468750e+01
3.206000000000000000e+03 1.925838470458984375e+01
3.208000000000000000e+03 1.949019432067871094e+01
3.210000000000000000e+03 1.603346443176269531e+01
3.212000000000000000e+03 1.646664810180664062e+01
3.214000000000000000e+03 1.451927661895751953e+01
3.216000000000000000e+03 1.228906250000000000e+01
3.218000000000000000e+03 1.300875949859619141e+01
3.220000000000000000e+03 1.220382022857666016e+01
3.222000000000000000e+03 1.411366367340087891e+01
3.224000000000000000e+03 1.279481410980224609e+01
3.226000000000000000e+03 1.166592121124267578e+01
3.228000000000000000e+03 1.205009460449218750e+01
3.230000000000000000e+03 1.015631389617919922e+01
3.232000000000000000e+03 9.490925788879394531e+00
3.234000000000000000e+03 8.767175674438476562e+00
3.236000000000000000e+03 9.316831588745117188e+00
3.238000000000000000e+03 9.030265808105468750e+00
3.240000000000000000e+03 8.896376609802246094e+00
3.242000000000000000e+03 6.568690776824951172e+00
3.244000000000000000e+03 8.733892440795898438e+00
3.246000000000000000e+03 6.736733913421630859e+00
3.248000000000000000e+03 7.421239376068115234e+00
3.250000000000000000e+03 7.526671886444091797e+00
3.252000000000000000e+03 7.282372951507568359e+00
3.254000000000000000e+03 6.936670780181884766e+00
3.256000000000000000e+03 6.969837665557861328e+00
3.258000000000000000e+03 8.077276229858398438e+00
3.260000000000000000e+03 9.445778846740722656e+00
3.262000000000000000e+03 9.057295799255371094e+00
3.264000000000000000e+03 1.013954067230224609e+01
3.266000000000000000e+03 1.046256732940673828e+01
3.268000000000000000e+03 1.347484207153320312e+01
3.270000000000000000e+03 1.514428138732910156e+01
3.272000000000000000e+03 1.591784858703613281e+01
3.274000000000000000e+03 1.363883209228515625e+01
3.276000000000000000e+03 1.506406402587890625e+01
3.278000000000000000e+03 1.785744476318359375e+01
3.280000000000000000e+03 1.513611888885498047e+01
3.282000000000000000e+03 1.273566150665283203e+01
3.284000000000000000e+03 1.533380985260009766e+01
3.286000000000000000e+03 1.330708312988281250e+01
3.288000000000000000e+03 1.463514041900634766e+01
3.290000000000000000e+03 1.521088218688964844e+01
3.292000000000000000e+03 1.558148193359375000e+01
3.294000000000000000e+03 1.341385078430175781e+01
3.296000000000000000e+03 1.241338253021240234e+01
3.298000000000000000e+03 1.330966663360595703e+01
3.300000000000000000e+03 1.537002086639404297e+01
3.302000000000000000e+03 1.382350540161132812e+01
3.304000000000000000e+03 1.322209453582763672e+01
3.306000000000000000e+03 1.412067317962646484e+01
3.308000000000000000e+03 1.315727996826171875e+01
3.310000000000000000e+03 1.287438583374023438e+01
3.312000000000000000e+03 1.211880302429199219e+01
3.314000000000000000e+03 1.142492485046386719e+01
3.316000000000000000e+03 1.271856498718261719e+01
3.318000000000000000e+03 1.001713180541992188e+01
3.320000000000000000e+03 9.394900321960449219e+00
3.322000000000000000e+03 1.314343261718750000e+01
3.324000000000000000e+03 1.162534618377685547e+01
3.326000000000000000e+03 1.263580513000488281e+01
3.328000000000000000e+03 1.196452808380126953e+01
3.330000000000000000e+03 1.397564506530761719e+01
3.332000000000000000e+03 1.650269317626953125e+01
3.334000000000000000e+03 1.439088535308837891e+01
3.336000000000000000e+03 1.138234806060791016e+01
3.338000000000000000e+03 1.226386833190917969e+01
3.340000000000000000e+03 1.378187751770019531e+01
3.342000000000000000e+03 1.181395912170410156e+01
3.344000000000000000e+03 1.499312019348144531e+01
3.346000000000000000e+03 1.376697444915771484e+01
3.348000000000000000e+03 1.256929111480712891e+01
3.350000000000000000e+03 1.214358043670654297e+01
3.352000000000000000e+03 1.393169021606445312e+01
3.354000000000000000e+03 1.412448024749755859e+01
3.356000000000000000e+03 1.092844676971435547e+01
3.358000000000000000e+03 9.594503402709960938e+00
3.360000000000000000e+03 9.013656616210937500e+00
3.362000000000000000e+03 1.110718059539794922e+01
3.364000000000000000e+03 1.248558521270751953e+01
3.366000000000000000e+03 1.074290084838867188e+01
3.368000000000000000e+03 1.022254467010498047e+01
3.370000000000000000e+03 1.259549140930175781e+01
3.372000000000000000e+03 8.529444694519042969e+00
3.374000000000000000e+03 9.310555458068847656e+00
3.376000000000000000e+03 8.239115715026855469e+00
3.378000000000000000e+03 1.144547939300537109e+01
3.380000000000000000e+03 1.024580478668212891e+01
3.382000000000000000e+03 9.321233749389648438e+00
3.384000000000000000e+03 8.588142395019531250e+00
3.386000000000000000e+03 1.144526958465576172e+01
3.388000000000000000e+03 1.215921974182128906e+01
3.390000000000000000e+03 1.406562042236328125e+01
3.392000000000000000e+03 1.491810417175292969e+01
3.394000000000000000e+03 1.176423835754394531e+01
3.396000000000000000e+03 1.268391895294189453e+01
3.398000000000000000e+03 1.364075279235839844e+01
3.400000000000000000e+03 1.442055225372314453e+01
3.402000000000000000e+03 1.460292243957519531e+01
3.404000000000000000e+03 1.383562850952148438e+01
3.406000000000000000e+03 1.376003074645996094e+01
3.408000000000000000e+03 1.361695003509521484e+01
3.410000000000000000e+03 1.312641716003417969e+01
3.412000000000000000e+03 1.284012794494628906e+01
3.414000000000000000e+03 1.478963947296142578e+01
3.416000000000000000e+03 1.512512969970703125e+01
3.418000000000000000e+03 1.599197673797607422e+01
3.420000000000000000e+03 1.785726547241210938e+01
3.422000000000000000e+03 1.956187629699707031e+01
3.424000000000000000e+03 1.874684715270996094e+01
3.426000000000000000e+03 1.798557662963867188e+01
3.428000000000000000e+03 1.610934448242187500e+01
3.430000000000000000e+03 1.864042282104492188e+01
3.432000000000000000e+03 1.729106521606445312e+01
3.434000000000000000e+03 1.626694297790527344e+01
3.436000000000000000e+03 1.559552860260009766e+01
3.438000000000000000e+03 1.129423332214355469e+01
3.440000000000000000e+03 8.701408386230468750e+00
3.442000000000000000e+03 9.014150619506835938e+00
3.444000000000000000e+03 8.206261634826660156e+00
3.446000000000000000e+03 1.073306751251220703e+01
3.448000000000000000e+03 1.310403919219970703e+01
3.450000000000000000e+03 1.695742225646972656e+01
3.452000000000000000e+03 1.675743865966796875e+01
3.454000000000000000e+03 1.651001358032226562e+01
3.456000000000000000e+03 1.707203292846679688e+01
3.458000000000000000e+03 1.936327171325683594e+01
3.460000000000000000e+03 2.028390502929687500e+01
3.462000000000000000e+03 2.019166946411132812e+01
3.464000000000000000e+03 1.849239921569824219e+01
3.466000000000000000e+03 1.849560356140136719e+01
3.468000000000000000e+03 1.906299209594726562e+01
3.470000000000000000e+03 2.019133567810058594e+01
3.472000000000000000e+03 2.005623435974121094e+01
3.474000000000000000e+03 1.905736732482910156e+01
3.476000000000000000e+03 1.919856452941894531e+01
3.478000000000000000e+03 1.908309555053710938e+01
3.480000000000000000e+03 1.936263656616210938e+01
3.482000000000000000e+03 1.870269203186035156e+01
3.484000000000000000e+03 1.614570617675781250e+01
3.486000000000000000e+03 1.865568161010742188e+01
3.488000000000000000e+03 1.688856124877929688e+01
3.490000000000000000e+03 1.642351341247558594e+01
3.492000000000000000e+03 1.577708148956298828e+01
3.494000000000000000e+03 1.778559684753417969e+01
3.496000000000000000e+03 1.613570022583007812e+01
3.498000000000000000e+03 1.570011329650878906e+01
3.500000000000000000e+03 1.726708412170410156e+01
3.502000000000000000e+03 1.634437942504882812e+01
3.504000000000000000e+03 1.509580326080322266e+01
3.506000000000000000e+03 1.747850227355957031e+01
3.508000000000000000e+03 1.807399940490722656e+01
3.510000000000000000e+03 1.899348640441894531e+01
3.512000000000000000e+03 1.791329002380371094e+01
3.514000000000000000e+03 1.671710968017578125e+01
3.516000000000000000e+03 1.557912445068359375e+01
3.518000000000000000e+03 1.629352569580078125e+01
3.520000000000000000e+03 1.338310337066650391e+01
3.522000000000000000e+03 1.183833599090576172e+01
3.524000000000000000e+03 1.337255859375000000e+01
3.526000000000000000e+03 1.294496631622314453e+01
3.528000000000000000e+03 1.305197811126708984e+01
3.530000000000000000e+03 1.448346233367919922e+01
3.532000000000000000e+03 1.520006084442138672e+01
3.534000000000000000e+03 1.531512069702148438e+01
3.536000000000000000e+03 1.387343215942382812e+01
3.538000000000000000e+03 1.567903518676757812e+01
3.540000000000000000e+03 1.785824966430664062e+01
3.542000000000000000e+03 1.679781913757324219e+01
3.544000000000000000e+03 1.801231384277343750e+01
3.546000000000000000e+03 1.818824005126953125e+01
3.548000000000000000e+03 1.912201309204101562e+01
3.550000000000000000e+03 1.763303184509277344e+01
3.552000000000000000e+03 1.715081977844238281e+01
3.554000000000000000e+03 1.485058021545410156e+01
3.556000000000000000e+03 1.373206520080566406e+01
3.558000000000000000e+03 1.379926776885986328e+01
3.560000000000000000e+03 1.532508563995361328e+01
3.562000000000000000e+03 1.503456974029541016e+01
3.564000000000000000e+03 1.613357162475585938e+01
3.566000000000000000e+03 1.561339378356933594e+01
3.568000000000000000e+03 1.652763366699218750e+01
3.570000000000000000e+03 1.472869873046875000e+01
3.572000000000000000e+03 1.573672103881835938e+01
3.574000000000000000e+03 1.550023841857910156e+01
3.576000000000000000e+03 1.288996887207031250e+01
3.578000000000000000e+03 1.546269798278808594e+01
3.580000000000000000e+03 1.483422374725341797e+01
3.582000000000000000e+03 1.369949245452880859e+01
3.584000000000000000e+03 1.275431346893310547e+01
3.586000000000000000e+03 1.377107524871826172e+01
3.588000000000000000e+03 1.284614467620849609e+01
3.590000000000000000e+03 9.151968002319335938e+00
3.592000000000000000e+03 8.227872848510742188e+00
3.594000000000000000e+03 1.266278362274169922e+01
3.596000000000000000e+03 1.458811950683593750e+01
3.598000000000000000e+03 1.441857147216796875e+01
3.600000000000000000e+03 1.151960659027099609e+01
3.602000000000000000e+03 1.205541992187500000e+01
3.604000000000000000e+03 8.836350440979003906e+00
3.606000000000000000e+03 1.112023448944091797e+01
3.608000000000000000e+03 1.350949001312255859e+01
3.610000000000000000e+03 1.433355712890625000e+01
3.612000000000000000e+03 1.670421409606933594e+01
3.614000000000000000e+03 1.565005874633789062e+01
3.616000000000000000e+03 1.381086063385009766e+01
3.618000000000000000e+03 1.414851665496826172e+01
3.620000000000000000e+03 1.489807605743408203e+01
3.622000000000000000e+03 1.528081893920898438e+01
3.624000000000000000e+03 1.670070838928222656e+01
3.626000000000000000e+03 1.177882099151611328e+01
3.628000000000000000e+03 1.380632877349853516e+01
3.630000000000000000e+03 1.464431953430175781e+01
3.632000000000000000e+03 1.318655014038085938e+01
3.634000000000000000e+03 1.205734348297119141e+01
3.636000000000000000e+03 1.367577648162841797e+01
3.638000000000000000e+03 1.389256858825683594e+01
3.640000000000000000e+03 1.199599742889404297e+01
3.642000000000000000e+03 1.104178142547607422e+01
3.644000000000000000e+03 1.145805549621582031e+01
3.646000000000000000e+03 1.366566848754882812e+01
3.648000000000000000e+03 1.430435180664062500e+01
3.650000000000000000e+03 1.477638053894042969e+01
3.652000000000000000e+03 1.307335376739501953e+01
3.654000000000000000e+03 1.086786746978759766e+01
3.656000000000000000e+03 1.126918029785156250e+01
3.658000000000000000e+03 1.189085292816162109e+01
3.660000000000000000e+03 1.378481769561767578e+01
3.662000000000000000e+03 1.321160411834716797e+01
3.664000000000000000e+03 1.438178730010986328e+01
3.666000000000000000e+03 1.153245067596435547e+01
3.668000000000000000e+03 1.359098911285400391e+01
3.670000000000000000e+03 1.573936462402343750e+01
3.672000000000000000e+03 1.318475151062011719e+01
3.674000000000000000e+03 1.332311725616455078e+01
3.676000000000000000e+03 1.513357257843017578e+01
3.678000000000000000e+03 1.586019325256347656e+01
3.680000000000000000e+03 1.371977806091308594e+01
3.682000000000000000e+03 1.646782493591308594e+01
3.684000000000000000e+03 1.777383804321289062e+01
3.686000000000000000e+03 1.902973175048828125e+01
3.688000000000000000e+03 1.843912506103515625e+01
3.690000000000000000e+03 1.539865207672119141e+01
3.692000000000000000e+03 1.363873291015625000e+01
3.694000000000000000e+03 1.593421840667724609e+01
3.696000000000000000e+03 1.765469169616699219e+01
3.698000000000000000e+03 1.663332939147949219e+01
3.700000000000000000e+03 1.527973079681396484e+01
3.702000000000000000e+03 1.489860820770263672e+01
3.704000000000000000e+03 1.588955974578857422e+01
3.706000000000000000e+03 1.586945247650146484e+01
3.708000000000000000e+03 1.669219589233398438e+01
3.710000000000000000e+03 1.649400138854980469e+01
3.712000000000000000e+03 1.696352958679199219e+01
3.714000000000000000e+03 1.720297622680664062e+01
3.716000000000000000e+03 1.554304313659667969e+01
3.718000000000000000e+03 1.480089664459228516e+01
3.720000000000000000e+03 1.442893695831298828e+01
3.722000000000000000e+03 1.661253356933593750e+01
3.724000000000000000e+03 1.601216888427734375e+01
3.726000000000000000e+03 1.601167678833007812e+01
3.728000000000000000e+03 1.590759277343750000e+01
3.730000000000000000e+03 1.649272155761718750e+01
3.732000000000000000e+03 1.686848449707031250e+01
3.734000000000000000e+03 1.573542785644531250e+01
3.736000000000000000e+03 1.385052871704101562e+01
3.738000000000000000e+03 1.757647323608398438e+01
3.740000000000000000e+03 1.708165740966796875e+01
3.742000000000000000e+03 1.947977066040039062e+01
3.744000000000000000e+03 1.844588279724121094e+01
3.746000000000000000e+03 1.845566177368164062e+01
3.748000000000000000e+03 1.906771469116210938e+01
3.750000000000000000e+03 1.593383026123046875e+01
3.752000000000000000e+03 1.767738723754882812e+01
3.754000000000000000e+03 1.703276824951171875e+01
3.756000000000000000e+03 1.788578224182128906e+01
3.758000000000000000e+03 1.819065093994140625e+01
3.760000000000000000e+03 1.799814796447753906e+01
3.762000000000000000e+03 1.397608566284179688e+01
3.764000000000000000e+03 1.513179397583007812e+01
3.766000000000000000e+03 1.402006816864013672e+01
3.768000000000000000e+03 1.309035873413085938e+01
3.770000000000000000e+03 1.447858905792236328e+01
3.772000000000000000e+03 1.639684677124023438e+01
3.774000000000000000e+03 1.830499649047851562e+01
3.776000000000000000e+03 1.941728019714355469e+01
3.778000000000000000e+03 1.746638298034667969e+01
3.780000000000000000e+03 1.789848899841308594e+01
3.782000000000000000e+03 1.752697944641113281e+01
3.784000000000000000e+03 1.715334701538085938e+01
3.786000000000000000e+03 1.876755523681640625e+01
3.788000000000000000e+03 1.915400886535644531e+01
3.790000000000000000e+03 1.852987670898437500e+01
3.792000000000000000e+03 1.576780605316162109e+01
3.794000000000000000e+03 1.655581855773925781e+01
3.796000000000000000e+03 1.417644596099853516e+01
3.798000000000000000e+03 1.628179359436035156e+01
3.800000000000000000e+03 1.437756633758544922e+01
3.802000000000000000e+03 1.097521972656250000e+01
3.804000000000000000e+03 1.145153713226318359e+01
3.806000000000000000e+03 1.043451023101806641e+01
3.808000000000000000e+03 7.553402900695800781e+00
3.810000000000000000e+03 1.016154098510742188e+01
3.812000000000000000e+03 8.732250213623046875e+00
3.814000000000000000e+03 5.792140960693359375e+00
3.816000000000000000e+03 7.592706680297851562e+00
3.818000000000000000e+03 7.672411441802978516e+00
3.820000000000000000e+03 5.768268108367919922e+00
3.822000000000000000e+03 7.445865631103515625e+00
3.824000000000000000e+03 8.728282928466796875e+00
3.826000000000000000e+03 1.020036125183105469e+01
3.828000000000000000e+03 6.515466213226318359e+00
3.830000000000000000e+03 6.924795150756835938e+00
3.832000000000000000e+03 6.619760036468505859e+00
3.834000000000000000e+03 5.794532299041748047e+00
3.836000000000000000e+03 2.861065864562988281e+00
3.838000000000000000e+03 4.693380355834960938e+00
3.840000000000000000e+03 4.707481384277343750e+00
3.842000000000000000e+03 6.126027107238769531e+00
3.844000000000000000e+03 5.860674381256103516e+00
3.846000000000000000e+03 6.012172222137451172e+00
3.848000000000000000e+03 8.435373306274414062e+00
3.850000000000000000e+03 9.412826538085937500e+00
3.852000000000000000e+03 6.937297344207763672e+00
3.854000000000000000e+03 5.759459972381591797e+00
3.856000000000000000e+03 9.492554664611816406e+00
3.858000000000000000e+03 1.057085418701171875e+01
3.860000000000000000e+03 1.329095268249511719e+01
3.862000000000000000e+03 1.448228549957275391e+01
3.864000000000000000e+03 1.170489120483398438e+01
3.866000000000000000e+03 8.991426467895507812e+00
3.868000000000000000e+03 9.678917884826660156e+00
3.870000000000000000e+03 1.163220882415771484e+01
3.872000000000000000e+03 1.425953006744384766e+01
3.874000000000000000e+03 1.635411643981933594e+01
3.876000000000000000e+03 1.641050338745117188e+01
3.878000000000000000e+03 1.688994598388671875e+01
3.880000000000000000e+03 1.678870010375976562e+01
3.882000000000000000e+03 1.956671714782714844e+01
3.884000000000000000e+03 1.870750617980957031e+01
3.886000000000000000e+03 1.916204071044921875e+01
3.888000000000000000e+03 1.952650070190429688e+01
3.890000000000000000e+03 1.744852256774902344e+01
3.892000000000000000e+03 1.859554481506347656e+01
3.894000000000000000e+03 1.809025382995605469e+01
3.896000000000000000e+03 1.696856307983398438e+01
3.898000000000000000e+03 1.745804405212402344e+01
3.900000000000000000e+03 1.884869384765625000e+01
3.902000000000000000e+03 1.804605102539062500e+01
3.904000000000000000e+03 1.321350097656250000e+01
3.906000000000000000e+03 1.441361618041992188e+01
3.908000000000000000e+03 1.406613159179687500e+01
3.910000000000000000e+03 1.288031864166259766e+01
3.912000000000000000e+03 1.335991764068603516e+01
3.914000000000000000e+03 1.533936882019042969e+01
3.916000000000000000e+03 1.314428043365478516e+01
3.918000000000000000e+03 1.391940307617187500e+01
3.920000000000000000e+03 1.212433147430419922e+01
3.922000000000000000e+03 1.411998462677001953e+01
3.924000000000000000e+03 1.567952537536621094e+01
3.926000000000000000e+03 1.421677875518798828e+01
3.928000000000000000e+03 1.636643791198730469e+01
3.930000000000000000e+03 1.659604072570800781e+01
3.932000000000000000e+03 1.853984069824218750e+01
3.934000000000000000e+03 1.573583698272705078e+01
3.936000000000000000e+03 1.498559951782226562e+01
3.938000000000000000e+03 1.417514991760253906e+01
3.940000000000000000e+03 1.515930366516113281e+01
3.942000000000000000e+03 1.610886001586914062e+01
3.944000000000000000e+03 1.273668766021728516e+01
3.946000000000000000e+03 1.433078861236572266e+01
3.948000000000000000e+03 1.086383438110351562e+01
3.950000000000000000e+03 1.071342086791992188e+01
3.952000000000000000e+03 9.844129562377929688e+00
3.954000000000000000e+03 9.565361022949218750e+00
3.956000000000000000e+03 8.978201866149902344e+00
3.958000000000000000e+03 9.763201713562011719e+00
3.960000000000000000e+03 7.780765056610107422e+00
3.962000000000000000e+03 1.049126338958740234e+01
3.964000000000000000e+03 1.093592262268066406e+01
3.966000000000000000e+03 1.409733200073242188e+01
3.968000000000000000e+03 1.225767898559570312e+01
3.970000000000000000e+03 1.435931491851806641e+01
3.972000000000000000e+03 1.457583427429199219e+01
3.974000000000000000e+03 1.302113819122314453e+01
3.976000000000000000e+03 1.342944812774658203e+01
3.978000000000000000e+03 1.459055233001708984e+01
3.980000000000000000e+03 1.441466426849365234e+01
3.982000000000000000e+03 1.554825115203857422e+01
3.984000000000000000e+03 1.462527275085449219e+01
3.986000000000000000e+03 1.499569511413574219e+01
3.988000000000000000e+03 1.446993446350097656e+01
3.990000000000000000e+03 1.350096702575683594e+01
3.992000000000000000e+03 1.502459049224853516e+01
3.994000000000000000e+03 1.405453586578369141e+01
3.996000000000000000e+03 1.408506965637207031e+01
3.998000000000000000e+03 1.586326313018798828e+01
4.000000000000000000e+03 1.519770050048828125e+01
4.002000000000000000e+03 1.885167884826660156e+01
4.004000000000000000e+03 2.167371177673339844e+01
4.006000000000000000e+03 2.127175140380859375e+01
4.008000000000000000e+03 2.349459838867187500e+01
4.010000000000000000e+03 1.916517257690429688e+01
4.012000000000000000e+03 1.704922485351562500e+01
4.014000000000000000e+03 1.717983818054199219e+01
4.016000000000000000e+03 1.871635246276855469e+01
4.018000000000000000e+03 1.952169418334960938e+01
4.020000000000000000e+03 1.624415969848632812e+01
4.022000000000000000e+03 1.759706497192382812e+01
4.024000000000000000e+03 1.435415458679199219e+01
4.026000000000000000e+03 1.402743339538574219e+01
4.028000000000000000e+03 1.324553489685058594e+01
4.030000000000000000e+03 1.410458946228027344e+01
4.032000000000000000e+03 1.215491771697998047e+01
4.034000000000000000e+03 1.407984066009521484e+01
4.036000000000000000e+03 1.129300308227539062e+01
4.038000000000000000e+03 1.259730815887451172e+01
4.040000000000000000e+03 1.223689079284667969e+01
4.042000000000000000e+03 1.391925621032714844e+01
4.044000000000000000e+03 1.496901988983154297e+01
4.046000000000000000e+03 1.295293426513671875e+01
4.048000000000000000e+03 1.336462497711181641e+01
4.050000000000000000e+03 1.524639320373535156e+01
4.052000000000000000e+03 1.315203189849853516e+01
4.054000000000000000e+03 1.575790786743164062e+01
4.056000000000000000e+03 1.505623435974121094e+01
4.058000000000000000e+03 1.691042327880859375e+01
4.060000000000000000e+03 1.956462478637695312e+01
4.062000000000000000e+03 1.869338417053222656e+01
4.064000000000000000e+03 1.777252769470214844e+01
4.066000000000000000e+03 1.922154617309570312e+01
4.068000000000000000e+03 1.725443840026855469e+01
4.070000000000000000e+03 1.576708030700683594e+01
4.072000000000000000e+03 1.753651618957519531e+01
4.074000000000000000e+03 1.941759109497070312e+01
4.076000000000000000e+03 1.929281234741210938e+01
4.078000000000000000e+03 1.710564613342285156e+01
4.080000000000000000e+03 1.744682502746582031e+01
4.082000000000000000e+03 1.817281341552734375e+01
4.084000000000000000e+03 1.830744361877441406e+01
4.086000000000000000e+03 1.685523796081542969e+01
4.088000000000000000e+03 1.666679954528808594e+01
4.090000000000000000e+03 1.558546829223632812e+01
4.092000000000000000e+03 1.396447181701660156e+01
4.094000000000000000e+03 1.586813163757324219e+01
4.096000000000000000e+03 1.476880264282226562e+01
4.098000000000000000e+03 1.628740119934082031e+01
4.100000000000000000e+03 1.564249706268310547e+01
4.102000000000000000e+03 1.663048362731933594e+01
4.104000000000000000e+03 1.883401298522949219e+01
4.106000000000000000e+03 1.590999698638916016e+01
4.108000000000000000e+03 1.768498039245605469e+01
4.110000000000000000e+03 1.807186317443847656e+01
4.112000000000000000e+03 1.611651420593261719e+01
4.114000000000000000e+03 1.648978424072265625e+01
4.116000000000000000e+03 1.480011749267578125e+01
4.118000000000000000e+03 1.550666522979736328e+01
4.120000000000000000e+03 1.507211017608642578e+01
4.122000000000000000e+03 1.612733840942382812e+01
4.124000000000000000e+03 1.721610260009765625e+01
4.126000000000000000e+03 1.509212398529052734e+01
4.128000000000000000e+03 1.441989612579345703e+01
4.130000000000000000e+03 1.528876018524169922e+01
4.132000000000000000e+03 1.513332366943359375e+01
4.134000000000000000e+03 1.623405265808105469e+01
4.136000000000000000e+03 1.827395439147949219e+01
4.138000000000000000e+03 1.815582084655761719e+01
4.140000000000000000e+03 1.750157165527343750e+01
4.142000000000000000e+03 1.815180969238281250e+01
4.144000000000000000e+03 1.582891559600830078e+01
4.146000000000000000e+03 1.435500621795654297e+01
4.148000000000000000e+03 1.491780757904052734e+01
4.150000000000000000e+03 1.743268394470214844e+01
4.152000000000000000e+03 1.570944499969482422e+01
4.154000000000000000e+03 1.478420066833496094e+01
4.156000000000000000e+03 1.422198772430419922e+01
4.158000000000000000e+03 1.506150341033935547e+01
4.160000000000000000e+03 1.546264648437500000e+01
4.162000000000000000e+03 1.452587223052978516e+01
4.164000000000000000e+03 1.519998550415039062e+01
4.166000000000000000e+03 1.540722942352294922e+01
4.168000000000000000e+03 1.175535297393798828e+01
4.170000000000000000e+03 8.781645774841308594e+00
4.172000000000000000e+03 7.731424331665039062e+00
4.174000000000000000e+03 1.132566261291503906e+01
4.176000000000000000e+03 1.243360042572021484e+01
4.178000000000000000e+03 9.843322753906250000e+00
4.180000000000000000e+03 1.009060001373291016e+01
4.182000000000000000e+03 9.478459358215332031e+00
4.184000000000000000e+03 1.312547683715820312e+01
4.186000000000000000e+03 1.289345455169677734e+01
4.188000000000000000e+03 1.532567787170410156e+01
4.190000000000000000e+03 1.641077232360839844e+01
4.192000000000000000e+03 1.466319751739501953e+01
4.194000000000000000e+03 1.756177711486816406e+01
4.196000000000000000e+03 1.756944274902343750e+01
4.198000000000000000e+03 1.647675132751464844e+01
4.200000000000000000e+03 1.712008285522460938e+01
4.202000000000000000e+03 1.639297485351562500e+01
4.204000000000000000e+03 1.855355262756347656e+01
4.206000000000000000e+03 1.941497993469238281e+01
4.208000000000000000e+03 2.165406036376953125e+01
4.210000000000000000e+03 2.115006065368652344e+01
4.212000000000000000e+03 1.849831962585449219e+01
4.214000000000000000e+03 1.692734718322753906e+01
4.216000000000000000e+03 1.717193222045898438e+01
4.218000000000000000e+03 1.576474952697753906e+01
4.220000000000000000e+03 1.539490318298339844e+01
4.222000000000000000e+03 1.600737762451171875e+01
4.224000000000000000e+03 1.438906288146972656e+01
4.226000000000000000e+03 1.220575809478759766e+01
4.228000000000000000e+03 1.631017494201660156e+01
4.230000000000000000e+03 1.626926422119140625e+01
4.232000000000000000e+03 1.608336830139160156e+01
4.234000000000000000e+03 1.318194770812988281e+01
4.236000000000000000e+03 1.123770999908447266e+01
4.238000000000000000e+03 1.323372745513916016e+01
4.240000000000000000e+03 1.368507766723632812e+01
4.242000000000000000e+03 1.314181709289550781e+01
4.244000000000000000e+03 1.367802619934082031e+01
4.246000000000000000e+03 1.436004161834716797e+01
4.248000000000000000e+03 1.348355102539062500e+01
4.250000000000000000e+03 1.371858024597167969e+01
4.252000000000000000e+03 1.432424163818359375e+01
4.254000000000000000e+03 1.615038108825683594e+01
4.256000000000000000e+03 1.725773239135742188e+01
4.258000000000000000e+03 1.663770675659179688e+01
4.260000000000000000e+03 1.909200477600097656e+01
4.262000000000000000e+03 1.954971313476562500e+01
4.264000000000000000e+03 1.634738349914550781e+01
4.266000000000000000e+03 1.260535621643066406e+01
4.268000000000000000e+03 1.310097122192382812e+01
4.270000000000000000e+03 1.335175228118896484e+01
4.272000000000000000e+03 1.255166435241699219e+01
4.274000000000000000e+03 1.194781017303466797e+01
4.276000000000000000e+03 1.450319385528564453e+01
4.278000000000000000e+03 1.079098415374755859e+01
4.280000000000000000e+03 1.110612964630126953e+01
4.282000000000000000e+03 1.119681072235107422e+01
4.284000000000000000e+03 1.253475570678710938e+01
4.286000000000000000e+03 1.046615123748779297e+01
4.288000000000000000e+03 7.637957096099853516e+00
4.290000000000000000e+03 1.523704528808593750e+01
4.292000000000000000e+03 1.863656234741210938e+01
4.294000000000000000e+03 1.622305107116699219e+01
4.296000000000000000e+03 1.782211112976074219e+01
4.298000000000000000e+03 1.902876472473144531e+01
4.300000000000000000e+03 1.314767265319824219e+01
4.302000000000000000e+03 1.427732944488525391e+01
4.304000000000000000e+03 1.397282028198242188e+01
4.306000000000000000e+03 1.650775909423828125e+01
4.308000000000000000e+03 1.806023979187011719e+01
4.310000000000000000e+03 1.650073432922363281e+01
4.312000000000000000e+03 2.045067787170410156e+01
4.314000000000000000e+03 1.900462150573730469e+01
4.316000000000000000e+03 2.141940689086914062e+01
4.318000000000000000e+03 1.920034408569335938e+01
4.320000000000000000e+03 1.711026191711425781e+01
4.322000000000000000e+03 1.895188903808593750e+01
4.324000000000000000e+03 1.450512599945068359e+01
4.326000000000000000e+03 1.457074928283691406e+01
4.328000000000000000e+03 1.657327461242675781e+01
4.330000000000000000e+03 1.930548667907714844e+01
4.332000000000000000e+03 1.795366668701171875e+01
4.334000000000000000e+03 1.546632480621337891e+01
4.336000000000000000e+03 1.487526226043701172e+01
4.338000000000000000e+03 1.389435672760009766e+01
4.340000000000000000e+03 1.634482765197753906e+01
4.342000000000000000e+03 1.258197212219238281e+01
4.344000000000000000e+03 1.262907123565673828e+01
4.346000000000000000e+03 1.393257427215576172e+01
4.348000000000000000e+03 1.290604114532470703e+01
4.350000000000000000e+03 1.222829818725585938e+01
4.352000000000000000e+03 9.435880661010742188e+00
4.354000000000000000e+03 1.185270881652832031e+01
4.356000000000000000e+03 1.437996482849121094e+01
4.358000000000000000e+03 1.544413757324218750e+01
4.360000000000000000e+03 1.659093284606933594e+01
4.362000000000000000e+03 1.791706085205078125e+01
4.364000000000000000e+03 1.980377578735351562e+01
4.366000000000000000e+03 2.023198127746582031e+01
4.368000000000000000e+03 2.109217071533203125e+01
4.370000000000000000e+03 2.023276329040527344e+01
4.372000000000000000e+03 1.871012878417968750e+01
4.374000000000000000e+03 1.600884246826171875e+01
4.376000000000000000e+03 1.472843551635742188e+01
4.378000000000000000e+03 1.395677375793457031e+01
4.380000000000000000e+03 1.660144233703613281e+01
4.382000000000000000e+03 1.641007614135742188e+01
4.384000000000000000e+03 1.574276447296142578e+01
4.386000000000000000e+03 1.644412231445312500e+01
4.388000000000000000e+03 1.552111244201660156e+01
4.390000000000000000e+03 1.636035919189453125e+01
4.392000000000000000e+03 1.144900131225585938e+01
4.394000000000000000e+03 9.923935890197753906e+00
4.396000000000000000e+03 1.204973506927490234e+01
4.398000000000000000e+03 1.747293663024902344e+01
4.400000000000000000e+03 1.631816864013671875e+01
4.402000000000000000e+03 1.873132324218750000e+01
4.404000000000000000e+03 1.596627998352050781e+01
4.406000000000000000e+03 1.478861045837402344e+01
4.408000000000000000e+03 1.737965583801269531e+01
4.410000000000000000e+03 2.001559829711914062e+01
4.412000000000000000e+03 1.973085594177246094e+01
4.414000000000000000e+03 2.110516357421875000e+01
4.416000000000000000e+03 2.121137237548828125e+01
4.418000000000000000e+03 1.910517883300781250e+01
4.420000000000000000e+03 1.968687629699707031e+01
4.422000000000000000e+03 1.859998512268066406e+01
4.424000000000000000e+03 1.956696128845214844e+01
4.426000000000000000e+03 2.058031082153320312e+01
4.428000000000000000e+03 2.055368423461914062e+01
4.430000000000000000e+03 1.970733070373535156e+01
4.432000000000000000e+03 1.724342918395996094e+01
4.434000000000000000e+03 1.898416709899902344e+01
4.436000000000000000e+03 1.992464447021484375e+01
4.438000000000000000e+03 1.849420166015625000e+01
4.440000000000000000e+03 1.733734130859375000e+01
4.442000000000000000e+03 1.885495758056640625e+01
4.444000000000000000e+03 1.954332923889160156e+01
4.446000000000000000e+03 1.760003662109375000e+01
4.448000000000000000e+03 1.567855644226074219e+01
4.450000000000000000e+03 1.352748203277587891e+01
4.452000000000000000e+03 1.692099761962890625e+01
4.454000000000000000e+03 1.692174148559570312e+01
4.456000000000000000e+03 1.613069534301757812e+01
4.458000000000000000e+03 1.720074081420898438e+01
4.460000000000000000e+03 1.483049106597900391e+01
4.462000000000000000e+03 1.674559211730957031e+01
4.464000000000000000e+03 1.583582115173339844e+01
4.466000000000000000e+03 1.482776641845703125e+01
4.468000000000000000e+03 1.753407287597656250e+01
4.470000000000000000e+03 1.376508045196533203e+01
4.472000000000000000e+03 1.656242561340332031e+01
4.474000000000000000e+03 1.762211608886718750e+01
4.476000000000000000e+03 1.525917625427246094e+01
4.478000000000000000e+03 1.558617496490478516e+01
4.480000000000000000e+03 1.706012916564941406e+01
4.482000000000000000e+03 1.352478218078613281e+01
4.484000000000000000e+03 1.339251995086669922e+01
4.486000000000000000e+03 1.208845996856689453e+01
4.488000000000000000e+03 1.166561508178710938e+01
4.490000000000000000e+03 1.059057903289794922e+01
4.492000000000000000e+03 1.110710048675537109e+01
4.494000000000000000e+03 1.018095493316650391e+01
4.496000000000000000e+03 7.952850341796875000e+00
4.498000000000000000e+03 1.154109668731689453e+01
4.500000000000000000e+03 9.881253242492675781e+00
4.502000000000000000e+03 1.491813182830810547e+01
4.504000000000000000e+03 1.509980869293212891e+01
4.506000000000000000e+03 1.442825222015380859e+01
4.508000000000000000e+03 1.436792945861816406e+01
4.510000000000000000e+03 1.887994194030761719e+01
4.512000000000000000e+03 1.619110298156738281e+01
4.514000000000000000e+03 1.688672637939453125e+01
4.516000000000000000e+03 1.581255817413330078e+01
4.518000000000000000e+03 1.495169734954833984e+01
4.520000000000000000e+03 1.608497619628906250e+01
4.522000000000000000e+03 1.580370807647705078e+01
4.524000000000000000e+03 1.474166393280029297e+01
4.526000000000000000e+03 1.510468959808349609e+01
4.528000000000000000e+03 1.365226459503173828e+01
4.530000000000000000e+03 1.465153789520263672e+01
4.532000000000000000e+03 1.596195602416992188e+01
4.534000000000000000e+03 1.976317596435546875e+01
4.536000000000000000e+03 1.836606788635253906e+01
4.538000000000000000e+03 1.959983444213867188e+01
4.540000000000000000e+03 1.905045509338378906e+01
4.542000000000000000e+03 1.662910842895507812e+01
4.544000000000000000e+03 1.597734260559082031e+01
4.546000000000000000e+03 1.612888717651367188e+01
4.548000000000000000e+03 1.814460182189941406e+01
4.550000000000000000e+03 1.571712970733642578e+01
4.552000000000000000e+03 1.779072189331054688e+01
4.554000000000000000e+03 1.724110603332519531e+01
4.556000000000000000e+03 1.930293273925781250e+01
4.558000000000000000e+03 2.098742866516113281e+01
4.560000000000000000e+03 2.151539421081542969e+01
4.562000000000000000e+03 2.067145347595214844e+01
4.564000000000000000e+03 2.130322837829589844e+01
4.566000000000000000e+03 2.294261360168457031e+01
4.568000000000000000e+03 2.161426925659179688e+01
4.570000000000000000e+03 2.295758438110351562e+01
4.572000000000000000e+03 2.196791076660156250e+01
4.574000000000000000e+03 1.982839965820312500e+01
4.576000000000000000e+03 1.960701179504394531e+01
4.578000000000000000e+03 1.949228668212890625e+01
4.580000000000000000e+03 1.540148639678955078e+01
4.582000000000000000e+03 1.674867248535156250e+01
4.584000000000000000e+03 1.700850105285644531e+01
4.586000000000000000e+03 2.031098937988281250e+01
4.588000000000000000e+03 1.788728332519531250e+01
4.590000000000000000e+03 1.776061630249023438e+01
4.592000000000000000e+03 1.660607719421386719e+01
4.594000000000000000e+03 1.444523429870605469e+01
4.596000000000000000e+03 1.017341804504394531e+01
4.598000000000000000e+03 1.200166702270507812e+01
4.600000000000000000e+03 1.213872814178466797e+01
4.602000000000000000e+03 1.132874488830566406e+01
4.604000000000000000e+03 1.846211433410644531e+01
4.606000000000000000e+03 1.836497497558593750e+01
4.608000000000000000e+03 1.952423477172851562e+01
4.610000000000000000e+03 1.957757377624511719e+01
4.612000000000000000e+03 2.077148628234863281e+01
4.614000000000000000e+03 2.178316307067871094e+01
4.616000000000000000e+03 2.112738037109375000e+01
4.618000000000000000e+03 2.032470703125000000e+01
4.620000000000000000e+03 1.997922134399414062e+01
4.622000000000000000e+03 1.864121818542480469e+01
4.624000000000000000e+03 1.997623634338378906e+01
4.626000000000000000e+03 1.819284629821777344e+01
4.628000000000000000e+03 1.763284301757812500e+01
4.630000000000000000e+03 1.666022300720214844e+01
4.632000000000000000e+03 1.661633682250976562e+01
4.634000000000000000e+03 1.581462383270263672e+01
4.636000000000000000e+03 1.698903274536132812e+01
4.638000000000000000e+03 1.684922027587890625e+01
4.640000000000000000e+03 1.657907295227050781e+01
4.642000000000000000e+03 1.482144546508789062e+01
4.644000000000000000e+03 1.519268608093261719e+01
4.646000000000000000e+03 1.667567253112792969e+01
4.648000000000000000e+03 1.659286880493164062e+01
4.650000000000000000e+03 1.380959606170654297e+01
4.652000000000000000e+03 1.376621913909912109e+01
4.654000000000000000e+03 1.284008026123046875e+01
4.656000000000000000e+03 1.337232780456542969e+01
4.658000000000000000e+03 1.481902503967285156e+01
4.660000000000000000e+03 1.374146938323974609e+01
4.662000000000000000e+03 1.463448238372802734e+01
4.664000000000000000e+03 1.309346961975097656e+01
4.666000000000000000e+03 1.186911964416503906e+01
4.668000000000000000e+03 1.070965862274169922e+01
4.670000000000000000e+03 1.051386165618896484e+01
4.672000000000000000e+03 9.086803436279296875e+00
4.674000000000000000e+03 9.332669258117675781e+00
4.676000000000000000e+03 1.055564975738525391e+01
4.678000000000000000e+03 1.142558002471923828e+01
4.680000000000000000e+03 1.193222236633300781e+01
4.682000000000000000e+03 1.261372375488281250e+01
4.684000000000000000e+03 1.363942909240722656e+01
4.686000000000000000e+03 1.357931327819824219e+01
4.688000000000000000e+03 1.583418178558349609e+01
4.690000000000000000e+03 1.831147193908691406e+01
4.692000000000000000e+03 1.865801429748535156e+01
4.694000000000000000e+03 1.693464469909667969e+01
4.696000000000000000e+03 1.563656044006347656e+01
4.698000000000000000e+03 1.205514335632324219e+01
4.700000000000000000e+03 1.181680583953857422e+01
4.702000000000000000e+03 1.253774356842041016e+01
4.704000000000000000e+03 1.498549556732177734e+01
4.706000000000000000e+03 1.423710727691650391e+01
4.708000000000000000e+03 1.243328475952148438e+01
4.710000000000000000e+03 1.042950153350830078e+01
4.712000000000000000e+03 1.070061111450195312e+01
4.714000000000000000e+03 9.040031433105468750e+00
4.716000000000000000e+03 8.571874618530273438e+00
4.718000000000000000e+03 1.073170471191406250e+01
4.720000000000000000e+03 1.056667709350585938e+01
4.722000000000000000e+03 1.173578929901123047e+01
4.724000000000000000e+03 7.502859592437744141e+00
4.726000000000000000e+03 8.232417106628417969e+00
4.728000000000000000e+03 9.796539306640625000e+00
4.730000000000000000e+03 1.338548088073730469e+01
4.732000000000000000e+03 9.868936538696289062e+00
4.734000000000000000e+03 1.075443458557128906e+01
4.736000000000000000e+03 1.312736225128173828e+01
4.738000000000000000e+03 1.296872901916503906e+01
4.740000000000000000e+03 1.227415084838867188e+01
4.742000000000000000e+03 1.727393531799316406e+01
4.744000000000000000e+03 1.903970336914062500e+01
4.746000000000000000e+03 1.510092544555664062e+01
4.748000000000000000e+03 1.638780021667480469e+01
4.750000000000000000e+03 1.715088081359863281e+01
4.752000000000000000e+03 1.714789581298828125e+01
4.754000000000000000e+03 1.901332473754882812e+01
4.756000000000000000e+03 1.652140808105468750e+01
4.758000000000000000e+03 1.587396812438964844e+01
4.760000000000000000e+03 1.606790161132812500e+01
4.762000000000000000e+03 1.772084426879882812e+01
4.764000000000000000e+03 1.710738182067871094e+01
4.766000000000000000e+03 1.799591445922851562e+01
4.768000000000000000e+03 1.412097358703613281e+01
4.770000000000000000e+03 1.644050788879394531e+01
4.772000000000000000e+03 2.011690521240234375e+01
4.774000000000000000e+03 1.899382400512695312e+01
4.776000000000000000e+03 2.016589736938476562e+01
4.778000000000000000e+03 1.945258331298828125e+01
4.780000000000000000e+03 1.870102882385253906e+01
4.782000000000000000e+03 1.857037734985351562e+01
4.784000000000000000e+03 1.696297645568847656e+01
4.786000000000000000e+03 1.905679512023925781e+01
4.788000000000000000e+03 1.568155860900878906e+01
4.790000000000000000e+03 1.490110874176025391e+01
4.792000000000000000e+03 1.574071788787841797e+01
4.794000000000000000e+03 1.950055122375488281e+01
4.796000000000000000e+03 1.652849197387695312e+01
4.798000000000000000e+03 2.034720039367675781e+01
4.800000000000000000e+03 2.005221366882324219e+01
4.802000000000000000e+03 1.856989288330078125e+01
4.804000000000000000e+03 1.643220138549804688e+01
4.806000000000000000e+03 1.697448348999023438e+01
4.808000000000000000e+03 1.819672775268554688e+01
4.810000000000000000e+03 1.712398910522460938e+01
4.812000000000000000e+03 1.641930961608886719e+01
4.814000000000000000e+03 1.816291427612304688e+01
4.816000000000000000e+03 2.209062576293945312e+01
4.818000000000000000e+03 2.178173828125000000e+01
4.820000000000000000e+03 1.802991485595703125e+01
4.822000000000000000e+03 1.761723899841308594e+01
4.824000000000000000e+03 1.825498199462890625e+01
4.826000000000000000e+03 1.389360809326171875e+01
4.828000000000000000e+03 1.133100414276123047e+01
4.830000000000000000e+03 1.093932819366455078e+01
4.832000000000000000e+03 1.123585700988769531e+01
4.834000000000000000e+03 8.632190704345703125e+00
4.836000000000000000e+03 6.603249549865722656e+00
4.838000000000000000e+03 5.706575393676757812e+00
4.840000000000000000e+03 6.891930103302001953e+00
4.842000000000000000e+03 4.183432579040527344e+00
4.844000000000000000e+03 3.219007968902587891e+00
4.846000000000000000e+03 9.727115631103515625e+00
4.848000000000000000e+03 8.987040519714355469e+00
4.850000000000000000e+03 9.693459510803222656e+00
4.852000000000000000e+03 9.283504486083984375e+00
4.854000000000000000e+03 1.075833606719970703e+01
4.856000000000000000e+03 7.836191654205322266e+00
4.858000000000000000e+03 8.890040397644042969e+00
4.860000000000000000e+03 1.065812397003173828e+01
4.862000000000000000e+03 1.251906204223632812e+01
4.864000000000000000e+03 1.159146785736083984e+01
4.866000000000000000e+03 1.556850051879882812e+01
4.868000000000000000e+03 1.712094879150390625e+01
4.870000000000000000e+03 1.588629627227783203e+01
4.872000000000000000e+03 1.592149925231933594e+01
4.874000000000000000e+03 1.694255638122558594e+01
4.876000000000000000e+03 1.855250740051269531e+01
4.878000000000000000e+03 1.772636795043945312e+01
4.880000000000000000e+03 1.909785842895507812e+01
4.882000000000000000e+03 1.893235588073730469e+01
4.884000000000000000e+03 1.908900260925292969e+01
4.886000000000000000e+03 1.738091850280761719e+01
4.888000000000000000e+03 1.660765075683593750e+01
4.890000000000000000e+03 1.720191574096679688e+01
4.892000000000000000e+03 1.812247276306152344e+01
4.894000000000000000e+03 1.704113578796386719e+01
4.896000000000000000e+03 1.967770767211914062e+01
4.898000000000000000e+03 1.896817398071289062e+01
4.900000000000000000e+03 1.615710830688476562e+01
4.902000000000000000e+03 1.789654731750488281e+01
4.904000000000000000e+03 1.512694549560546875e+01
4.906000000000000000e+03 1.795233726501464844e+01
4.908000000000000000e+03 1.704070854187011719e+01
4.910000000000000000e+03 1.856055450439453125e+01
4.912000000000000000e+03 1.668737792968750000e+01
4.914000000000000000e+03 1.721198272705078125e+01
4.916000000000000000e+03 1.333978748321533203e+01
4.918000000000000000e+03 1.661810874938964844e+01
4.920000000000000000e+03 1.675917053222656250e+01
4.922000000000000000e+03 1.789109420776367188e+01
4.924000000000000000e+03 1.885960578918457031e+01
4.926000000000000000e+03 1.973279953002929688e+01
4.928000000000000000e+03 1.991311073303222656e+01
4.930000000000000000e+03 2.236234474182128906e+01
4.932000000000000000e+03 2.001917648315429688e+01
4.934000000000000000e+03 1.994841575622558594e+01
4.936000000000000000e+03 1.991413307189941406e+01
4.938000000000000000e+03 1.983518600463867188e+01
4.940000000000000000e+03 1.694703674316406250e+01
4.942000000000000000e+03 1.607219886779785156e+01
4.944000000000000000e+03 1.491170883178710938e+01
4.946000000000000000e+03 1.729557609558105469e+01
4.948000000000000000e+03 1.819463729858398438e+01
4.950000000000000000e+03 1.769641494750976562e+01
4.952000000000000000e+03 1.787771606445312500e+01
4.954000000000000000e+03 1.877529144287109375e+01
4.956000000000000000e+03 1.735288047790527344e+01
4.958000000000000000e+03 1.719505500793457031e+01
4.960000000000000000e+03 1.719944000244140625e+01
4.962000000000000000e+03 1.726558494567871094e+01
4.964000000000000000e+03 1.676338005065917969e+01
4.966000000000000000e+03 1.569378185272216797e+01
4.968000000000000000e+03 1.748877143859863281e+01
4.970000000000000000e+03 1.485477924346923828e+01
4.972000000000000000e+03 1.361824607849121094e+01
4.974000000000000000e+03 1.385287857055664062e+01
4.976000000000000000e+03 1.265518379211425781e+01
4.978000000000000000e+03 1.428717517852783203e+01
4.980000000000000000e+03 1.324396419525146484e+01
4.982000000000000000e+03 1.436094093322753906e+01
4.984000000000000000e+03 1.566464519500732422e+01
4.986000000000000000e+03 1.692213630676269531e+01
4.988000000000000000e+03 1.479660129547119141e+01
4.990000000000000000e+03 1.786909866333007812e+01
4.992000000000000000e+03 1.789787673950195312e+01
4.994000000000000000e+03 1.841311836242675781e+01
4.996000000000000000e+03 1.673013305664062500e+01
4.998000000000000000e+03 1.720173835754394531e+01
5.000000000000000000e+03 1.887708282470703125e+01
5.002000000000000000e+03 1.735182189941406250e+01
5.004000000000000000e+03 1.820289993286132812e+01
5.006000000000000000e+03 1.783903884887695312e+01
5.008000000000000000e+03 1.671207427978515625e+01
5.010000000000000000e+03 1.604384994506835938e+01
5.012000000000000000e+03 1.827156448364257812e+01
5.014000000000000000e+03 1.964648628234863281e+01
5.016000000000000000e+03 1.885551452636718750e+01
5.018000000000000000e+03 1.659262847900390625e+01
5.020000000000000000e+03 1.524625968933105469e+01
5.022000000000000000e+03 1.944985961914062500e+01
5.024000000000000000e+03 1.934382820129394531e+01
5.026000000000000000e+03 1.741033554077148438e+01
5.028000000000000000e+03 1.675760841369628906e+01
5.030000000000000000e+03 1.712629318237304688e+01
5.032000000000000000e+03 2.211998367309570312e+01
5.034000000000000000e+03 2.144988441467285156e+01
5.036000000000000000e+03 2.292284774780273438e+01
5.038000000000000000e+03 2.059557151794433594e+01
5.040000000000000000e+03 2.135438537597656250e+01
5.042000000000000000e+03 2.180394554138183594e+01
5.044000000000000000e+03 2.149578857421875000e+01
5.046000000000000000e+03 2.034360313415527344e+01
5.048000000000000000e+03 1.901554489135742188e+01
5.050000000000000000e+03 1.664902114868164062e+01
5.052000000000000000e+03 1.811278533935546875e+01
5.054000000000000000e+03 1.429481315612792969e+01
5.056000000000000000e+03 1.333021831512451172e+01
5.058000000000000000e+03 1.170106887817382812e+01
5.060000000000000000e+03 1.261895942687988281e+01
5.062000000000000000e+03 1.588643360137939453e+01
5.064000000000000000e+03 1.862130165100097656e+01
5.066000000000000000e+03 1.695891571044921875e+01
5.068000000000000000e+03 1.804942703247070312e+01
5.070000000000000000e+03 1.677189636230468750e+01
5.072000000000000000e+03 1.621727943420410156e+01
5.074000000000000000e+03 1.834338760375976562e+01
5.076000000000000000e+03 2.047666168212890625e+01
5.078000000000000000e+03 1.931171035766601562e+01
5.080000000000000000e+03 1.913229942321777344e+01
5.082000000000000000e+03 2.157311630249023438e+01
5.084000000000000000e+03 1.831492614746093750e+01
5.086000000000000000e+03 1.765697860717773438e+01
5.088000000000000000e+03 1.980275726318359375e+01
5.090000000000000000e+03 1.939619255065917969e+01
5.092000000000000000e+03 1.580058383941650391e+01
5.094000000000000000e+03 1.471560192108154297e+01
5.096000000000000000e+03 1.407987499237060547e+01
5.098000000000000000e+03 1.463833618164062500e+01
5.100000000000000000e+03 1.411672115325927734e+01
5.102000000000000000e+03 1.500814151763916016e+01
5.104000000000000000e+03 1.571278381347656250e+01
5.106000000000000000e+03 1.656287002563476562e+01
5.108000000000000000e+03 1.793849945068359375e+01
5.110000000000000000e+03 1.328691387176513672e+01
5.112000000000000000e+03 1.223642539978027344e+01
5.114000000000000000e+03 9.835824012756347656e+00
5.116000000000000000e+03 8.032185554504394531e+00
5.118000000000000000e+03 8.794878005981445312e+00
5.120000000000000000e+03 1.272701644897460938e+01
5.122000000000000000e+03 1.108218574523925781e+01
5.124000000000000000e+03 1.335327529907226562e+01
5.126000000000000000e+03 1.521974277496337891e+01
5.128000000000000000e+03 1.197411441802978516e+01
5.130000000000000000e+03 1.281675052642822266e+01
5.132000000000000000e+03 1.127732658386230469e+01
5.134000000000000000e+03 1.017864990234375000e+01
5.136000000000000000e+03 1.219994258880615234e+01
5.138000000000000000e+03 9.969583511352539062e+00
5.140000000000000000e+03 1.130402660369873047e+01
5.142000000000000000e+03 1.339031314849853516e+01
5.144000000000000000e+03 1.292073154449462891e+01
5.146000000000000000e+03 1.652086639404296875e+01
5.148000000000000000e+03 1.723070526123046875e+01
5.150000000000000000e+03 1.439233303070068359e+01
5.152000000000000000e+03 1.601334762573242188e+01
5.154000000000000000e+03 1.860862731933593750e+01
5.156000000000000000e+03 1.976365089416503906e+01
5.158000000000000000e+03 1.745388603210449219e+01
5.160000000000000000e+03 1.961643218994140625e+01
5.162000000000000000e+03 1.930199432373046875e+01
5.164000000000000000e+03 1.787368202209472656e+01
5.166000000000000000e+03 1.744262886047363281e+01
5.168000000000000000e+03 1.882444000244140625e+01
5.170000000000000000e+03 1.703066444396972656e+01
5.172000000000000000e+03 1.521515369415283203e+01
5.174000000000000000e+03 1.758987808227539062e+01
5.176000000000000000e+03 1.819368553161621094e+01
5.178000000000000000e+03 1.890502166748046875e+01
5.180000000000000000e+03 2.051554298400878906e+01
5.182000000000000000e+03 2.067538070678710938e+01
5.184000000000000000e+03 2.032716560363769531e+01
5.186000000000000000e+03 2.385773277282714844e+01
5.188000000000000000e+03 2.156838989257812500e+01
5.190000000000000000e+03 2.173169517517089844e+01
5.192000000000000000e+03 1.867872428894042969e+01
5.194000000000000000e+03 1.841094398498535156e+01
5.196000000000000000e+03 2.130245399475097656e+01
5.198000000000000000e+03 2.153338241577148438e+01
5.200000000000000000e+03 1.452097892761230469e+01
5.202000000000000000e+03 1.694338417053222656e+01
5.204000000000000000e+03 1.448297691345214844e+01
5.206000000000000000e+03 1.546023654937744141e+01
5.208000000000000000e+03 1.580601596832275391e+01
5.210000000000000000e+03 1.703719329833984375e+01
5.212000000000000000e+03 1.937634086608886719e+01
5.214000000000000000e+03 2.039047622680664062e+01
5.216000000000000000e+03 1.713538551330566406e+01
5.218000000000000000e+03 1.821851348876953125e+01
5.220000000000000000e+03 1.598044109344482422e+01
5.222000000000000000e+03 1.601339721679687500e+01
5.224000000000000000e+03 1.654732322692871094e+01
5.226000000000000000e+03 1.697068595886230469e+01
5.228000000000000000e+03 1.842496681213378906e+01
5.230000000000000000e+03 1.969183349609375000e+01
5.232000000000000000e+03 1.660014152526855469e+01
5.234000000000000000e+03 1.758974647521972656e+01
5.236000000000000000e+03 1.830558586120605469e+01
5.238000000000000000e+03 1.878570175170898438e+01
5.240000000000000000e+03 1.661339378356933594e+01
5.242000000000000000e+03 1.655184745788574219e+01
5.244000000000000000e+03 1.611793327331542969e+01
5.246000000000000000e+03 1.233982276916503906e+01
5.248000000000000000e+03 1.211556339263916016e+01
5.250000000000000000e+03 1.248449516296386719e+01
5.252000000000000000e+03 1.359241199493408203e+01
5.254000000000000000e+03 1.407423305511474609e+01
5.256000000000000000e+03 7.674014568328857422e+00
5.258000000000000000e+03 7.991576671600341797e+00
5.260000000000000000e+03 6.841503143310546875e+00
5.262000000000000000e+03 8.639421463012695312e+00
5.264000000000000000e+03 9.692438125610351562e+00
5.266000000000000000e+03 8.837633132934570312e+00
5.268000000000000000e+03 1.328582763671875000e+01
5.270000000000000000e+03 1.328534030914306641e+01
5.272000000000000000e+03 1.384371566772460938e+01
5.274000000000000000e+03 1.452638626098632812e+01
5.276000000000000000e+03 1.432108497619628906e+01
5.278000000000000000e+03 1.291364574432373047e+01
5.280000000000000000e+03 1.398732471466064453e+01
5.282000000000000000e+03 1.210841274261474609e+01
5.284000000000000000e+03 1.162225723266601562e+01
5.286000000000000000e+03 1.383262252807617188e+01
5.288000000000000000e+03 1.266110515594482422e+01
5.290000000000000000e+03 1.283773231506347656e+01
5.292000000000000000e+03 1.419593334197998047e+01
5.294000000000000000e+03 1.417901897430419922e+01
5.296000000000000000e+03 1.499278926849365234e+01
5.298000000000000000e+03 1.528686618804931641e+01
5.300000000000000000e+03 1.419470310211181641e+01
5.302000000000000000e+03 1.286998558044433594e+01
5.304000000000000000e+03 1.257781410217285156e+01
5.306000000000000000e+03 1.485619354248046875e+01
5.308000000000000000e+03 1.491575527191162109e+01
5.310000000000000000e+03 1.656727218627929688e+01
5.312000000000000000e+03 2.136721801757812500e+01
5.314000000000000000e+03 1.943207740783691406e+01
5.316000000000000000e+03 2.171246719360351562e+01
5.318000000000000000e+03 2.143045806884765625e+01
5.320000000000000000e+03 2.065985870361328125e+01
5.322000000000000000e+03 2.135296821594238281e+01
5.324000000000000000e+03 1.997705650329589844e+01
5.326000000000000000e+03 1.937913513183593750e+01
5.328000000000000000e+03 1.688313674926757812e+01
5.330000000000000000e+03 1.573537540435791016e+01
5.332000000000000000e+03 1.382523250579833984e+01
5.334000000000000000e+03 1.295954895019531250e+01
5.336000000000000000e+03 1.544928646087646484e+01
5.338000000000000000e+03 1.581900405883789062e+01
5.340000000000000000e+03 1.665690612792968750e+01
5.342000000000000000e+03 1.592842006683349609e+01
5.344000000000000000e+03 1.535344982147216797e+01
5.346000000000000000e+03 1.350428390502929688e+01
5.348000000000000000e+03 1.326932621002197266e+01
5.350000000000000000e+03 1.463425827026367188e+01
5.352000000000000000e+03 1.319662857055664062e+01
5.354000000000000000e+03 1.348676776885986328e+01
5.356000000000000000e+03 1.539116096496582031e+01
5.358000000000000000e+03 1.451691055297851562e+01
5.360000000000000000e+03 1.345629882812500000e+01
5.362000000000000000e+03 1.248780441284179688e+01
5.364000000000000000e+03 1.309102535247802734e+01
5.366000000000000000e+03 1.346578598022460938e+01
5.368000000000000000e+03 1.254386711120605469e+01
5.370000000000000000e+03 1.624583435058593750e+01
5.372000000000000000e+03 1.711856651306152344e+01
5.374000000000000000e+03 1.741458320617675781e+01
5.376000000000000000e+03 1.679962921142578125e+01
5.378000000000000000e+03 2.039160346984863281e+01
5.380000000000000000e+03 1.759503173828125000e+01
5.382000000000000000e+03 1.652225303649902344e+01
5.384000000000000000e+03 1.522143745422363281e+01
5.386000000000000000e+03 1.655704689025878906e+01
5.388000000000000000e+03 1.547058963775634766e+01
5.390000000000000000e+03 1.500661659240722656e+01
5.392000000000000000e+03 1.695729827880859375e+01
5.394000000000000000e+03 1.665623283386230469e+01
5.396000000000000000e+03 1.672011184692382812e+01
5.398000000000000000e+03 1.656011199951171875e+01
5.400000000000000000e+03 1.731730079650878906e+01
5.402000000000000000e+03 1.411819934844970703e+01
5.404000000000000000e+03 1.774328231811523438e+01
5.406000000000000000e+03 1.656376266479492188e+01
5.408000000000000000e+03 1.498284721374511719e+01
5.410000000000000000e+03 1.546047973632812500e+01
5.412000000000000000e+03 1.681038665771484375e+01
5.414000000000000000e+03 1.669691276550292969e+01
5.416000000000000000e+03 1.741424369812011719e+01
5.418000000000000000e+03 1.750075149536132812e+01
5.420000000000000000e+03 1.563796997070312500e+01
5.422000000000000000e+03 1.568101406097412109e+01
5.424000000000000000e+03 1.497845554351806641e+01
5.426000000000000000e+03 1.049840354919433594e+01
5.428000000000000000e+03 8.655778884887695312e+00
5.430000000000000000e+03 8.295553207397460938e+00
5.432000000000000000e+03 7.882753372192382812e+00
5.434000000000000000e+03 9.156180381774902344e+00
5.436000000000000000e+03 1.131028556823730469e+01
5.438000000000000000e+03 1.305777072906494141e+01
5.440000000000000000e+03 1.448352146148681641e+01
5.442000000000000000e+03 1.309607124328613281e+01
5.444000000000000000e+03 1.221920967102050781e+01
5.446000000000000000e+03 1.346965217590332031e+01
5.448000000000000000e+03 1.342007827758789062e+01
5.450000000000000000e+03 1.646553802490234375e+01
5.452000000000000000e+03 1.623627662658691406e+01
5.454000000000000000e+03 1.501708507537841797e+01
5.456000000000000000e+03 1.568203449249267578e+01
5.458000000000000000e+03 1.609387207031250000e+01
5.460000000000000000e+03 1.696333122253417969e+01
5.462000000000000000e+03 1.325608062744140625e+01
5.464000000000000000e+03 1.155292510986328125e+01
5.466000000000000000e+03 7.755487918853759766e+00
5.468000000000000000e+03 1.233356666564941406e+01
5.470000000000000000e+03 1.339198970794677734e+01
5.472000000000000000e+03 1.402587318420410156e+01
5.474000000000000000e+03 1.234237670898437500e+01
5.476000000000000000e+03 1.256806373596191406e+01
5.478000000000000000e+03 1.017861652374267578e+01
5.480000000000000000e+03 6.758232116699218750e+00
5.482000000000000000e+03 7.757229328155517578e+00
5.484000000000000000e+03 6.949597835540771484e+00
5.486000000000000000e+03 5.815230369567871094e+00
5.488000000000000000e+03 5.647779941558837891e+00
5.490000000000000000e+03 7.346726417541503906e+00
5.492000000000000000e+03 4.395404815673828125e+00
5.494000000000000000e+03 4.746407032012939453e+00
5.496000000000000000e+03 4.668287754058837891e+00
5.498000000000000000e+03 7.750221729278564453e+00
5.500000000000000000e+03 8.055231094360351562e+00
5.502000000000000000e+03 7.981249332427978516e+00
5.504000000000000000e+03 1.220965671539306641e+01
5.506000000000000000e+03 1.280378913879394531e+01
5.508000000000000000e+03 1.096743202209472656e+01
5.510000000000000000e+03 1.424194145202636719e+01
5.512000000000000000e+03 1.497034740447998047e+01
5.514000000000000000e+03 1.577162933349609375e+01
5.516000000000000000e+03 1.621828842163085938e+01
5.518000000000000000e+03 1.636431884765625000e+01
5.520000000000000000e+03 1.516724681854248047e+01
5.522000000000000000e+03 1.200623893737792969e+01
5.524000000000000000e+03 1.264521503448486328e+01
5.526000000000000000e+03 1.310647106170654297e+01
5.528000000000000000e+03 1.232432937622070312e+01
5.530000000000000000e+03 1.144976997375488281e+01
5.532000000000000000e+03 1.182402229309082031e+01
5.534000000000000000e+03 1.238785934448242188e+01
5.536000000000000000e+03 1.167651462554931641e+01
5.538000000000000000e+03 1.130273151397705078e+01
5.540000000000000000e+03 8.475393295288085938e+00
5.542000000000000000e+03 7.519000530242919922e+00
5.544000000000000000e+03 1.133170700073242188e+01
5.546000000000000000e+03 8.654186248779296875e+00
5.548000000000000000e+03 1.035932445526123047e+01
5.550000000000000000e+03 8.520042419433593750e+00
5.552000000000000000e+03 1.164115047454833984e+01
5.554000000000000000e+03 1.567006015777587891e+01
5.556000000000000000e+03 1.293736171722412109e+01
5.558000000000000000e+03 1.531840515136718750e+01
5.560000000000000000e+03 1.470884895324707031e+01
5.562000000000000000e+03 1.473380470275878906e+01
5.564000000000000000e+03 1.551072311401367188e+01
5.566000000000000000e+03 1.443404674530029297e+01
5.568000000000000000e+03 1.161682796478271484e+01
5.570000000000000000e+03 1.606777191162109375e+01
5.572000000000000000e+03 1.835237121582031250e+01
5.574000000000000000e+03 1.877385330200195312e+01
5.576000000000000000e+03 2.076980209350585938e+01
5.578000000000000000e+03 1.677848243713378906e+01
5.580000000000000000e+03 1.770902252197265625e+01
5.582000000000000000e+03 1.444818878173828125e+01
5.584000000000000000e+03 1.843288230895996094e+01
5.586000000000000000e+03 1.585967445373535156e+01
5.588000000000000000e+03 1.783539581298828125e+01
5.590000000000000000e+03 1.769018363952636719e+01
5.592000000000000000e+03 1.299868488311767578e+01
5.594000000000000000e+03 1.273384094238281250e+01
5.596000000000000000e+03 1.201086807250976562e+01
5.598000000000000000e+03 1.152223205566406250e+01
5.600000000000000000e+03 1.084325027465820312e+01
5.602000000000000000e+03 1.460516548156738281e+01
5.604000000000000000e+03 1.436230850219726562e+01
5.606000000000000000e+03 1.692669486999511719e+01
5.608000000000000000e+03 1.888672256469726562e+01
5.610000000000000000e+03 1.884759140014648438e+01
5.612000000000000000e+03 1.808671951293945312e+01
5.614000000000000000e+03 1.452701663970947266e+01
5.616000000000000000e+03 1.045444488525390625e+01
5.618000000000000000e+03 7.681457996368408203e+00
5.620000000000000000e+03 9.661992073059082031e+00
5.622000000000000000e+03 1.369118118286132812e+01
5.624000000000000000e+03 1.403579044342041016e+01
5.626000000000000000e+03 8.476149559020996094e+00
5.628000000000000000e+03 9.258779525756835938e+00
5.630000000000000000e+03 8.848916053771972656e+00
5.632000000000000000e+03 6.418989658355712891e+00
5.634000000000000000e+03 7.351094722747802734e+00
5.636000000000000000e+03 8.931769371032714844e+00
5.638000000000000000e+03 8.264901161193847656e+00
5.640000000000000000e+03 6.156663894653320312e+00
5.642000000000000000e+03 6.447309970855712891e+00
5.644000000000000000e+03 7.181177616119384766e+00
5.646000000000000000e+03 1.006537628173828125e+01
5.648000000000000000e+03 1.145778846740722656e+01
5.650000000000000000e+03 9.066146850585937500e+00
5.652000000000000000e+03 1.015296268463134766e+01
5.654000000000000000e+03 1.081278038024902344e+01
5.656000000000000000e+03 9.115606307983398438e+00
5.658000000000000000e+03 1.255036830902099609e+01
5.660000000000000000e+03 1.275101757049560547e+01
5.662000000000000000e+03 1.003299427032470703e+01
5.664000000000000000e+03 8.593510627746582031e+00
5.666000000000000000e+03 8.658896446228027344e+00
5.668000000000000000e+03 6.134173393249511719e+00
5.670000000000000000e+03 6.527327060699462891e+00
5.672000000000000000e+03 7.014349460601806641e+00
5.674000000000000000e+03 4.552986621856689453e+00
5.676000000000000000e+03 5.380652904510498047e+00
5.678000000000000000e+03 4.533982753753662109e+00
5.680000000000000000e+03 4.198868274688720703e+00
5.682000000000000000e+03 5.968757152557373047e+00
5.684000000000000000e+03 7.817648410797119141e+00
5.686000000000000000e+03 8.462553024291992188e+00
5.688000000000000000e+03 6.227022171020507812e+00
5.690000000000000000e+03 6.177603244781494141e+00
5.692000000000000000e+03 9.114942550659179688e+00
5.694000000000000000e+03 7.345366954803466797e+00
5.696000000000000000e+03 4.075998306274414062e+00
5.698000000000000000e+03 3.206506013870239258e+00
5.700000000000000000e+03 5.976093769073486328e+00
5.702000000000000000e+03 4.693080902099609375e+00
5.704000000000000000e+03 7.680201053619384766e+00
5.706000000000000000e+03 8.855286598205566406e+00
5.708000000000000000e+03 8.617568969726562500e+00
5.710000000000000000e+03 7.660727024078369141e+00
5.712000000000000000e+03 1.345941352844238281e+01
5.714000000000000000e+03 1.655239868164062500e+01
5.716000000000000000e+03 1.632401084899902344e+01
5.718000000000000000e+03 1.278872394561767578e+01
5.720000000000000000e+03 1.209268856048583984e+01
5.722000000000000000e+03 1.385517597198486328e+01
5.724000000000000000e+03 1.510834980010986328e+01
5.726000000000000000e+03 1.189874172210693359e+01
5.728000000000000000e+03 1.536559581756591797e+01
5.730000000000000000e+03 1.690403556823730469e+01
5.732000000000000000e+03 1.714535903930664062e+01
5.734000000000000000e+03 1.590282058715820312e+01
5.736000000000000000e+03 1.692010307312011719e+01
5.738000000000000000e+03 1.753433036804199219e+01
5.740000000000000000e+03 1.674779510498046875e+01
5.742000000000000000e+03 1.630229568481445312e+01
5.744000000000000000e+03 1.948684120178222656e+01
5.746000000000000000e+03 1.693101310729980469e+01
5.748000000000000000e+03 2.147641372680664062e+01
5.750000000000000000e+03 2.193790435791015625e+01
5.752000000000000000e+03 2.292410087585449219e+01
5.754000000000000000e+03 2.205091476440429688e+01
5.756000000000000000e+03 2.115540313720703125e+01
5.758000000000000000e+03 1.872131347656250000e+01
5.760000000000000000e+03 2.157311630249023438e+01
5.762000000000000000e+03 2.072333335876464844e+01
5.764000000000000000e+03 1.925433349609375000e+01
5.766000000000000000e+03 1.779003334045410156e+01
5.768000000000000000e+03 1.499433612823486328e+01
5.770000000000000000e+03 1.839916801452636719e+01
5.772000000000000000e+03 1.660772132873535156e+01
5.774000000000000000e+03 1.964036178588867188e+01
5.776000000000000000e+03 1.675801658630371094e+01
5.778000000000000000e+03 1.754364204406738281e+01
5.780000000000000000e+03 1.332571315765380859e+01
5.782000000000000000e+03 1.438881397247314453e+01
5.784000000000000000e+03 1.108398628234863281e+01
5.786000000000000000e+03 1.465962696075439453e+01
5.788000000000000000e+03 1.215803813934326172e+01
5.790000000000000000e+03 1.625946044921875000e+01
5.792000000000000000e+03 1.065372276306152344e+01
5.794000000000000000e+03 8.222127914428710938e+00
5.796000000000000000e+03 8.216953277587890625e+00
5.798000000000000000e+03 1.116025161743164062e+01
5.800000000000000000e+03 1.665052413940429688e+01
5.802000000000000000e+03 1.817728042602539062e+01
5.804000000000000000e+03 1.622115325927734375e+01
5.806000000000000000e+03 1.070548534393310547e+01
5.808000000000000000e+03 1.061578559875488281e+01
5.810000000000000000e+03 1.431863117218017578e+01
5.812000000000000000e+03 1.267644691467285156e+01
5.814000000000000000e+03 1.452904510498046875e+01
5.816000000000000000e+03 1.434529972076416016e+01
5.818000000000000000e+03 1.537298107147216797e+01
5.820000000000000000e+03 1.634256362915039062e+01
5.822000000000000000e+03 1.514772224426269531e+01
5.824000000000000000e+03 1.479067802429199219e+01
5.826000000000000000e+03 1.471313190460205078e+01
5.828000000000000000e+03 1.281128597259521484e+01
5.830000000000000000e+03 1.392520141601562500e+01
5.832000000000000000e+03 1.290729141235351562e+01
5.834000000000000000e+03 1.454568481445312500e+01
5.836000000000000000e+03 1.785917854309082031e+01
5.838000000000000000e+03 1.558186244964599609e+01
5.840000000000000000e+03 1.344525527954101562e+01
5.842000000000000000e+03 1.165070629119873047e+01
5.844000000000000000e+03 1.408701133728027344e+01
5.846000000000000000e+03 8.978169441223144531e+00
5.848000000000000000e+03 9.317932128906250000e+00
5.850000000000000000e+03 9.053246498107910156e+00
5.852000000000000000e+03 1.066135501861572266e+01
5.854000000000000000e+03 1.121407413482666016e+01
5.856000000000000000e+03 1.253378200531005859e+01
5.858000000000000000e+03 1.334976768493652344e+01
5.860000000000000000e+03 1.187895679473876953e+01
5.862000000000000000e+03 1.198900318145751953e+01
5.864000000000000000e+03 9.310389518737792969e+00
5.866000000000000000e+03 7.115435123443603516e+00
5.868000000000000000e+03 9.197990417480468750e+00
5.870000000000000000e+03 9.716184616088867188e+00
5.872000000000000000e+03 1.242174243927001953e+01
5.874000000000000000e+03 1.110447692871093750e+01
5.876000000000000000e+03 1.288343429565429688e+01
5.878000000000000000e+03 1.606522369384765625e+01
5.880000000000000000e+03 1.606720733642578125e+01
5.882000000000000000e+03 1.533303928375244141e+01
5.884000000000000000e+03 1.590536308288574219e+01
5.886000000000000000e+03 1.474642086029052734e+01
5.888000000000000000e+03 1.131472492218017578e+01
5.890000000000000000e+03 1.149184989929199219e+01
5.892000000000000000e+03 1.001002502441406250e+01
5.894000000000000000e+03 1.299081230163574219e+01
5.896000000000000000e+03 1.709681510925292969e+01
5.898000000000000000e+03 1.727556800842285156e+01
5.900000000000000000e+03 1.667603874206542969e+01
5.902000000000000000e+03 1.512692070007324219e+01
5.904000000000000000e+03 1.558778476715087891e+01
5.906000000000000000e+03 1.546708488464355469e+01
5.908000000000000000e+03 1.618461036682128906e+01
5.910000000000000000e+03 1.766266441345214844e+01
5.912000000000000000e+03 1.971711158752441406e+01
5.914000000000000000e+03 1.659067535400390625e+01
5.916000000000000000e+03 1.663294219970703125e+01
5.918000000000000000e+03 1.466082954406738281e+01
5.920000000000000000e+03 1.180426979064941406e+01
5.922000000000000000e+03 1.310544395446777344e+01
5.924000000000000000e+03 1.546631717681884766e+01
5.926000000000000000e+03 1.615259933471679688e+01
5.928000000000000000e+03 1.416504669189453125e+01
5.930000000000000000e+03 1.622251129150390625e+01
5.932000000000000000e+03 1.923451423645019531e+01
5.934000000000000000e+03 1.977054405212402344e+01
5.936000000000000000e+03 2.008720397949218750e+01
5.938000000000000000e+03 1.897203636169433594e+01
5.940000000000000000e+03 1.824759864807128906e+01
5.942000000000000000e+03 1.655756378173828125e+01
5.944000000000000000e+03 1.797476768493652344e+01
5.946000000000000000e+03 1.686973571777343750e+01
5.948000000000000000e+03 1.674745750427246094e+01
5.950000000000000000e+03 1.666296958923339844e+01
5.952000000000000000e+03 1.684920692443847656e+01
5.954000000000000000e+03 1.417839622497558594e+01
5.956000000000000000e+03 1.164970016479492188e+01
5.958000000000000000e+03 1.589038085937500000e+01
5.960000000000000000e+03 1.300930309295654297e+01
5.962000000000000000e+03 1.164997768402099609e+01
5.964000000000000000e+03 1.266866207122802734e+01
5.966000000000000000e+03 1.393275451660156250e+01
5.968000000000000000e+03 1.438697338104248047e+01
5.970000000000000000e+03 1.248359394073486328e+01
5.972000000000000000e+03 1.563470649719238281e+01
5.974000000000000000e+03 1.629621505737304688e+01
5.976000000000000000e+03 1.567404174804687500e+01
5.978000000000000000e+03 1.571020507812500000e+01
5.980000000000000000e+03 1.507141399383544922e+01
5.982000000000000000e+03 1.686209106445312500e+01
5.984000000000000000e+03 1.895443725585937500e+01
5.986000000000000000e+03 2.031957435607910156e+01
5.988000000000000000e+03 1.612388610839843750e+01
5.990000000000000000e+03 1.884172630310058594e+01
5.992000000000000000e+03 1.764806747436523438e+01
5.994000000000000000e+03 1.655140304565429688e+01
5.996000000000000000e+03 2.035859107971191406e+01
5.998000000000000000e+03 1.904833221435546875e+01
6.000000000000000000e+03 2.023729515075683594e+01
6.002000000000000000e+03 2.039151573181152344e+01
6.004000000000000000e+03 2.077298355102539062e+01
6.006000000000000000e+03 2.118440246582031250e+01
6.008000000000000000e+03 2.038727569580078125e+01
6.010000000000000000e+03 2.218736076354980469e+01
6.012000000000000000e+03 1.934248733520507812e+01
6.014000000000000000e+03 1.767289733886718750e+01
6.016000000000000000e+03 1.713291931152343750e+01
6.018000000000000000e+03 1.688007545471191406e+01
6.020000000000000000e+03 1.831020164489746094e+01
6.022000000000000000e+03 1.862661933898925781e+01
6.024000000000000000e+03 1.866319656372070312e+01
6.026000000000000000e+03 1.544779872894287109e+01
6.028000000000000000e+03 1.491579914093017578e+01
6.030000000000000000e+03 1.494542598724365234e+01
6.032000000000000000e+03 1.375073146820068359e+01
6.034000000000000000e+03 1.447238445281982422e+01
6.036000000000000000e+03 1.714039611816406250e+01
6.038000000000000000e+03 1.970240974426269531e+01
6.040000000000000000e+03 1.713325881958007812e+01
6.042000000000000000e+03 1.699374580383300781e+01
6.044000000000000000e+03 1.522499275207519531e+01
6.046000000000000000e+03 1.403506278991699219e+01
6.048000000000000000e+03 1.404569530487060547e+01
6.050000000000000000e+03 1.525567626953125000e+01
6.052000000000000000e+03 1.332634449005126953e+01
6.054000000000000000e+03 1.174743461608886719e+01
6.056000000000000000e+03 1.410264015197753906e+01
6.058000000000000000e+03 1.751400947570800781e+01
6.060000000000000000e+03 1.688277053833007812e+01
6.062000000000000000e+03 1.480399417877197266e+01
6.064000000000000000e+03 1.731777954101562500e+01
6.066000000000000000e+03 1.531384658813476562e+01
6.068000000000000000e+03 1.615990638732910156e+01
6.070000000000000000e+03 1.687143707275390625e+01
6.072000000000000000e+03 1.735467338562011719e+01
6.074000000000000000e+03 1.769686508178710938e+01
6.076000000000000000e+03 1.926733589172363281e+01
6.078000000000000000e+03 1.824232292175292969e+01
6.080000000000000000e+03 1.681088256835937500e+01
6.082000000000000000e+03 1.459011554718017578e+01
6.084000000000000000e+03 1.151222515106201172e+01
6.086000000000000000e+03 1.128282928466796875e+01
6.088000000000000000e+03 1.435422801971435547e+01
6.090000000000000000e+03 1.575821590423583984e+01
6.092000000000000000e+03 1.493091392517089844e+01
6.094000000000000000e+03 1.291145229339599609e+01
6.096000000000000000e+03 1.385346221923828125e+01
6.098000000000000000e+03 1.365367794036865234e+01
6.100000000000000000e+03 1.187955284118652344e+01
6.102000000000000000e+03 9.415163040161132812e+00
6.104000000000000000e+03 9.154938697814941406e+00
6.106000000000000000e+03 1.070217704772949219e+01
6.108000000000000000e+03 8.192310333251953125e+00
6.110000000000000000e+03 1.131675815582275391e+01
6.112000000000000000e+03 8.519067764282226562e+00
6.114000000000000000e+03 7.660678863525390625e+00
6.116000000000000000e+03 1.189984703063964844e+01
6.118000000000000000e+03 1.005750083923339844e+01
6.120000000000000000e+03 1.028897094726562500e+01
6.122000000000000000e+03 1.212930870056152344e+01
6.124000000000000000e+03 1.331502914428710938e+01
6.126000000000000000e+03 1.402142620086669922e+01
6.128000000000000000e+03 1.139837646484375000e+01
6.130000000000000000e+03 1.300622177124023438e+01
6.132000000000000000e+03 1.128541278839111328e+01
6.134000000000000000e+03 1.011393260955810547e+01
6.136000000000000000e+03 9.310881614685058594e+00
6.138000000000000000e+03 1.092031192779541016e+01
6.140000000000000000e+03 8.205712318420410156e+00
6.142000000000000000e+03 8.717666625976562500e+00
6.144000000000000000e+03 8.798301696777343750e+00
6.146000000000000000e+03 8.886428833007812500e+00
6.148000000000000000e+03 9.131812095642089844e+00
6.150000000000000000e+03 7.045885562896728516e+00
6.152000000000000000e+03 6.327037811279296875e+00
6.154000000000000000e+03 7.557472229003906250e+00
6.156000000000000000e+03 9.795658111572265625e+00
6.158000000000000000e+03 1.450134468078613281e+01
6.160000000000000000e+03 1.686118316650390625e+01
6.162000000000000000e+03 1.394510173797607422e+01
6.164000000000000000e+03 1.393024730682373047e+01
6.166000000000000000e+03 1.275788021087646484e+01
6.168000000000000000e+03 1.261065387725830078e+01
6.170000000000000000e+03 1.288230228424072266e+01
6.172000000000000000e+03 1.028703975677490234e+01
6.174000000000000000e+03 1.012665271759033203e+01
6.176000000000000000e+03 1.036049365997314453e+01
6.178000000000000000e+03 1.086223316192626953e+01
6.180000000000000000e+03 1.288929843902587891e+01
6.182000000000000000e+03 1.390067863464355469e+01
6.184000000000000000e+03 1.248865127563476562e+01
6.186000000000000000e+03 1.610409927368164062e+01
6.188000000000000000e+03 1.333047676086425781e+01
6.190000000000000000e+03 1.265814590454101562e+01
6.192000000000000000e+03 1.392182254791259766e+01
6.194000000000000000e+03 1.613392257690429688e+01
6.196000000000000000e+03 1.506000137329101562e+01
6.198000000000000000e+03 1.399130535125732422e+01
6.200000000000000000e+03 1.473138618469238281e+01
6.202000000000000000e+03 1.451529693603515625e+01
6.204000000000000000e+03 1.673623085021972656e+01
6.206000000000000000e+03 1.803600502014160156e+01
6.208000000000000000e+03 1.708019065856933594e+01
6.210000000000000000e+03 1.533049774169921875e+01
6.212000000000000000e+03 1.758235359191894531e+01
6.214000000000000000e+03 2.024976539611816406e+01
6.216000000000000000e+03 2.096768379211425781e+01
6.218000000000000000e+03 1.774696922302246094e+01
6.220000000000000000e+03 1.366111564636230469e+01
6.222000000000000000e+03 1.234384918212890625e+01
6.224000000000000000e+03 1.350592899322509766e+01
6.226000000000000000e+03 1.226085662841796875e+01
6.228000000000000000e+03 1.091421031951904297e+01
6.230000000000000000e+03 1.457099246978759766e+01
6.232000000000000000e+03 1.235619258880615234e+01
6.234000000000000000e+03 1.139123344421386719e+01
6.236000000000000000e+03 1.105491733551025391e+01
6.238000000000000000e+03 1.575962829589843750e+01
6.240000000000000000e+03 1.348094081878662109e+01
6.242000000000000000e+03 1.157823085784912109e+01
6.244000000000000000e+03 1.000003051757812500e+01
6.246000000000000000e+03 1.026736164093017578e+01
6.248000000000000000e+03 1.250963783264160156e+01
6.250000000000000000e+03 1.586640071868896484e+01
6.252000000000000000e+03 1.565119266510009766e+01
6.254000000000000000e+03 1.514479827880859375e+01
6.256000000000000000e+03 1.703805160522460938e+01
6.258000000000000000e+03 1.896415901184082031e+01
6.260000000000000000e+03 2.006820297241210938e+01
6.262000000000000000e+03 1.523297786712646484e+01
6.264000000000000000e+03 1.333707618713378906e+01
6.266000000000000000e+03 1.424112606048583984e+01
6.268000000000000000e+03 1.356432819366455078e+01
6.270000000000000000e+03 1.411013317108154297e+01
6.272000000000000000e+03 1.432413196563720703e+01
6.274000000000000000e+03 1.407636642456054688e+01
6.276000000000000000e+03 1.463224411010742188e+01
6.278000000000000000e+03 1.384470081329345703e+01
6.280000000000000000e+03 1.191601085662841797e+01
6.282000000000000000e+03 1.309496879577636719e+01
6.284000000000000000e+03 1.150257778167724609e+01
6.286000000000000000e+03 7.980024814605712891e+00
6.288000000000000000e+03 8.251268386840820312e+00
6.290000000000000000e+03 7.822809219360351562e+00
6.292000000000000000e+03 9.410378456115722656e+00
6.294000000000000000e+03 9.731546401977539062e+00
6.296000000000000000e+03 1.153394222259521484e+01
6.298000000000000000e+03 1.035657978057861328e+01
6.300000000000000000e+03 1.279772663116455078e+01
6.302000000000000000e+03 1.388090038299560547e+01
6.304000000000000000e+03 1.679305648803710938e+01
6.306000000000000000e+03 1.791045379638671875e+01
6.308000000000000000e+03 1.671866416931152344e+01
6.310000000000000000e+03 1.738822937011718750e+01
6.312000000000000000e+03 1.693826293945312500e+01
6.314000000000000000e+03 1.410896205902099609e+01
6.316000000000000000e+03 1.480713653564453125e+01
6.318000000000000000e+03 1.505759429931640625e+01
6.320000000000000000e+03 1.304232597351074219e+01
6.322000000000000000e+03 1.470968532562255859e+01
6.324000000000000000e+03 1.650913619995117188e+01
6.326000000000000000e+03 1.483907890319824219e+01
6.328000000000000000e+03 1.551727581024169922e+01
6.330000000000000000e+03 1.520899391174316406e+01
6.332000000000000000e+03 1.446862316131591797e+01
6.334000000000000000e+03 1.478525733947753906e+01
6.336000000000000000e+03 1.510145282745361328e+01
6.338000000000000000e+03 1.610715293884277344e+01
6.340000000000000000e+03 1.674595451354980469e+01
6.342000000000000000e+03 1.460472202301025391e+01
6.344000000000000000e+03 1.429298591613769531e+01
6.346000000000000000e+03 1.455418872833251953e+01
6.348000000000000000e+03 1.336423110961914062e+01
6.350000000000000000e+03 1.275669574737548828e+01
6.352000000000000000e+03 1.190591526031494141e+01
6.354000000000000000e+03 1.351267910003662109e+01
6.356000000000000000e+03 1.361509609222412109e+01
6.358000000000000000e+03 1.427541255950927734e+01
6.360000000000000000e+03 1.339448070526123047e+01
6.362000000000000000e+03 1.075840854644775391e+01
6.364000000000000000e+03 1.307202720642089844e+01
6.366000000000000000e+03 8.437509536743164062e+00
6.368000000000000000e+03 1.164062213897705078e+01
6.370000000000000000e+03 1.321567535400390625e+01
6.372000000000000000e+03 1.431929397583007812e+01
6.374000000000000000e+03 1.396152877807617188e+01
6.376000000000000000e+03 1.541241645812988281e+01
6.378000000000000000e+03 1.486011219024658203e+01
6.380000000000000000e+03 1.566174507141113281e+01
6.382000000000000000e+03 1.588494491577148438e+01
6.384000000000000000e+03 1.517852401733398438e+01
6.386000000000000000e+03 1.485285758972167969e+01
6.388000000000000000e+03 1.540608119964599609e+01
6.390000000000000000e+03 1.480007171630859375e+01
6.392000000000000000e+03 1.269268989562988281e+01
6.394000000000000000e+03 1.021486091613769531e+01
6.396000000000000000e+03 1.578702831268310547e+01
6.398000000000000000e+03 1.265648269653320312e+01
6.400000000000000000e+03 1.311540699005126953e+01
6.402000000000000000e+03 1.259936141967773438e+01
6.404000000000000000e+03 1.116101169586181641e+01
6.406000000000000000e+03 8.418313026428222656e+00
6.408000000000000000e+03 9.236323356628417969e+00
6.410000000000000000e+03 1.441998863220214844e+01
6.412000000000000000e+03 1.475047302246093750e+01
6.414000000000000000e+03 1.703775596618652344e+01
6.416000000000000000e+03 1.705148124694824219e+01
6.418000000000000000e+03 1.562243461608886719e+01
6.420000000000000000e+03 1.415981101989746094e+01
6.422000000000000000e+03 1.629499435424804688e+01
6.424000000000000000e+03 1.467788410186767578e+01
6.426000000000000000e+03 1.741824340820312500e+01
6.428000000000000000e+03 1.707232284545898438e+01
6.430000000000000000e+03 1.808118438720703125e+01
6.432000000000000000e+03 1.727190399169921875e+01
6.434000000000000000e+03 1.540243625640869141e+01
6.436000000000000000e+03 1.630790519714355469e+01
6.438000000000000000e+03 1.378513431549072266e+01
6.440000000000000000e+03 1.243212413787841797e+01
6.442000000000000000e+03 1.357341861724853516e+01
6.444000000000000000e+03 1.268575763702392578e+01
6.446000000000000000e+03 1.447094058990478516e+01
6.448000000000000000e+03 1.428702831268310547e+01
6.450000000000000000e+03 1.485100650787353516e+01
6.452000000000000000e+03 1.360049247741699219e+01
6.454000000000000000e+03 1.260307121276855469e+01
6.456000000000000000e+03 1.352432155609130859e+01
6.458000000000000000e+03 1.401583957672119141e+01
6.460000000000000000e+03 1.375060653686523438e+01
6.462000000000000000e+03 1.324203205108642578e+01
6.464000000000000000e+03 1.400755119323730469e+01
6.466000000000000000e+03 1.324735069274902344e+01
6.468000000000000000e+03 1.351288223266601562e+01
6.470000000000000000e+03 1.059130859375000000e+01
6.472000000000000000e+03 1.041232872009277344e+01
6.474000000000000000e+03 1.147193050384521484e+01
6.476000000000000000e+03 8.997858047485351562e+00
6.478000000000000000e+03 5.752236843109130859e+00
6.480000000000000000e+03 5.214633941650390625e+00
6.482000000000000000e+03 5.181872367858886719e+00
6.484000000000000000e+03 6.873946666717529297e+00
6.486000000000000000e+03 8.468520164489746094e+00
6.488000000000000000e+03 9.274071693420410156e+00
6.490000000000000000e+03 7.552008628845214844e+00
6.492000000000000000e+03 1.081222152709960938e+01
6.494000000000000000e+03 1.044364261627197266e+01
6.496000000000000000e+03 1.254103755950927734e+01
6.498000000000000000e+03 1.168403434753417969e+01
6.500000000000000000e+03 1.030082702636718750e+01
6.502000000000000000e+03 1.276909351348876953e+01
6.504000000000000000e+03 1.483333587646484375e+01
6.506000000000000000e+03 1.522930145263671875e+01
6.508000000000000000e+03 1.368296241760253906e+01
6.510000000000000000e+03 1.758235359191894531e+01
6.512000000000000000e+03 1.728679656982421875e+01
6.514000000000000000e+03 2.008016967773437500e+01
6.516000000000000000e+03 2.070259857177734375e+01
6.518000000000000000e+03 2.087373542785644531e+01
6.520000000000000000e+03 1.827168655395507812e+01
6.522000000000000000e+03 2.019176864624023438e+01
6.524000000000000000e+03 1.980698585510253906e+01
6.526000000000000000e+03 2.134626007080078125e+01
6.528000000000000000e+03 2.236047363281250000e+01
6.530000000000000000e+03 1.991820335388183594e+01
6.532000000000000000e+03 1.963841247558593750e+01
6.534000000000000000e+03 1.912889480590820312e+01
6.536000000000000000e+03 1.753232002258300781e+01
6.538000000000000000e+03 1.970645904541015625e+01
6.540000000000000000e+03 1.881471824645996094e+01
6.542000000000000000e+03 1.729213523864746094e+01
6.544000000000000000e+03 1.541274452209472656e+01
6.546000000000000000e+03 1.592809867858886719e+01
6.548000000000000000e+03 1.702411460876464844e+01
6.550000000000000000e+03 1.728812789916992188e+01
6.552000000000000000e+03 1.905332565307617188e+01
6.554000000000000000e+03 1.739638137817382812e+01
6.556000000000000000e+03 1.759136390686035156e+01
6.558000000000000000e+03 1.989590835571289062e+01
6.560000000000000000e+03 1.706503868103027344e+01
6.562000000000000000e+03 1.872544860839843750e+01
6.564000000000000000e+03 1.739634895324707031e+01
6.566000000000000000e+03 1.708807945251464844e+01
6.568000000000000000e+03 1.516160011291503906e+01
6.570000000000000000e+03 1.637812232971191406e+01
6.572000000000000000e+03 1.491091632843017578e+01
6.574000000000000000e+03 1.651053810119628906e+01
6.576000000000000000e+03 1.760565948486328125e+01
6.578000000000000000e+03 1.723728179931640625e+01
6.580000000000000000e+03 1.510387611389160156e+01
6.582000000000000000e+03 1.722419929504394531e+01
6.584000000000000000e+03 2.013747978210449219e+01
6.586000000000000000e+03 2.292261695861816406e+01
6.588000000000000000e+03 2.124599075317382812e+01
6.590000000000000000e+03 2.106117248535156250e+01
6.592000000000000000e+03 2.117084693908691406e+01
6.594000000000000000e+03 2.077230453491210938e+01
6.596000000000000000e+03 1.992034721374511719e+01
6.598000000000000000e+03 1.802626037597656250e+01
6.600000000000000000e+03 1.994278907775878906e+01
6.602000000000000000e+03 1.653442192077636719e+01
6.604000000000000000e+03 1.289474582672119141e+01
6.606000000000000000e+03 1.236388492584228516e+01
6.608000000000000000e+03 1.188732242584228516e+01
6.610000000000000000e+03 1.386423206329345703e+01
6.612000000000000000e+03 1.199398136138916016e+01
6.614000000000000000e+03 1.247862148284912109e+01
6.616000000000000000e+03 1.315065383911132812e+01
6.618000000000000000e+03 1.505671596527099609e+01
6.620000000000000000e+03 1.180816841125488281e+01
6.622000000000000000e+03 1.073022460937500000e+01
6.624000000000000000e+03 9.305147171020507812e+00
6.626000000000000000e+03 8.053739547729492188e+00
6.628000000000000000e+03 8.878819465637207031e+00
6.630000000000000000e+03 9.139615058898925781e+00
6.632000000000000000e+03 1.009684848785400391e+01
6.634000000000000000e+03 1.130203247070312500e+01
6.636000000000000000e+03 1.137425708770751953e+01
6.638000000000000000e+03 7.319809436798095703e+00
6.640000000000000000e+03 1.012119483947753906e+01
6.642000000000000000e+03 7.947446823120117188e+00
6.644000000000000000e+03 1.057573986053466797e+01
6.646000000000000000e+03 9.100181579589843750e+00
6.648000000000000000e+03 8.371967315673828125e+00
6.650000000000000000e+03 1.172609329223632812e+01
6.652000000000000000e+03 1.144191741943359375e+01
6.654000000000000000e+03 1.440694236755371094e+01
6.656000000000000000e+03 1.559147167205810547e+01
6.658000000000000000e+03 1.274874019622802734e+01
6.660000000000000000e+03 1.382345008850097656e+01
6.662000000000000000e+03 1.485411834716796875e+01
6.664000000000000000e+03 1.324445343017578125e+01
6.666000000000000000e+03 1.380515766143798828e+01
6.668000000000000000e+03 1.404807376861572266e+01
6.670000000000000000e+03 1.505767917633056641e+01
6.672000000000000000e+03 1.480930137634277344e+01
6.674000000000000000e+03 1.278193569183349609e+01
6.676000000000000000e+03 1.035490703582763672e+01
6.678000000000000000e+03 9.446268081665039062e+00
6.680000000000000000e+03 1.346212387084960938e+01
6.682000000000000000e+03 1.317718219757080078e+01
6.684000000000000000e+03 1.052806663513183594e+01
6.686000000000000000e+03 8.237586975097656250e+00
6.688000000000000000e+03 7.541994094848632812e+00
6.690000000000000000e+03 6.360583782196044922e+00
6.692000000000000000e+03 8.650581359863281250e+00
6.694000000000000000e+03 1.052447128295898438e+01
6.696000000000000000e+03 1.020212745666503906e+01
6.698000000000000000e+03 1.131879138946533203e+01
6.700000000000000000e+03 1.135640144348144531e+01
6.702000000000000000e+03 1.172618579864501953e+01
6.704000000000000000e+03 1.400565338134765625e+01
6.706000000000000000e+03 1.451421070098876953e+01
6.708000000000000000e+03 1.498793888092041016e+01
6.710000000000000000e+03 1.346794319152832031e+01
6.712000000000000000e+03 1.077146434783935547e+01
6.714000000000000000e+03 1.239273834228515625e+01
6.716000000000000000e+03 1.400940132141113281e+01
6.718000000000000000e+03 1.581129550933837891e+01
6.720000000000000000e+03 1.693393898010253906e+01
6.722000000000000000e+03 1.606131553649902344e+01
6.724000000000000000e+03 1.606452369689941406e+01
6.726000000000000000e+03 1.563821983337402344e+01
6.728000000000000000e+03 1.752070045471191406e+01
6.730000000000000000e+03 1.776959037780761719e+01
6.732000000000000000e+03 1.590460681915283203e+01
6.734000000000000000e+03 1.686325263977050781e+01
6.736000000000000000e+03 1.502309513092041016e+01
6.738000000000000000e+03 1.926991653442382812e+01
6.740000000000000000e+03 1.854316711425781250e+01
6.742000000000000000e+03 2.183665847778320312e+01
6.744000000000000000e+03 2.052926826477050781e+01
6.746000000000000000e+03 1.995599555969238281e+01
6.748000000000000000e+03 1.725647735595703125e+01
6.750000000000000000e+03 1.582594871520996094e+01
6.752000000000000000e+03 1.665203285217285156e+01
6.754000000000000000e+03 1.649058151245117188e+01
6.756000000000000000e+03 1.518532943725585938e+01
6.758000000000000000e+03 1.460145282745361328e+01
6.760000000000000000e+03 1.526797676086425781e+01
6.762000000000000000e+03 1.749715232849121094e+01
6.764000000000000000e+03 1.740191268920898438e+01
6.766000000000000000e+03 1.625351333618164062e+01
6.768000000000000000e+03 2.025284957885742188e+01
6.770000000000000000e+03 1.825467872619628906e+01
6.772000000000000000e+03 2.005217742919921875e+01
6.774000000000000000e+03 1.999252319335937500e+01
6.776000000000000000e+03 1.925587463378906250e+01
6.778000000000000000e+03 1.519533443450927734e+01
6.780000000000000000e+03 2.067396736145019531e+01
6.782000000000000000e+03 1.791367149353027344e+01
6.784000000000000000e+03 1.552182388305664062e+01
6.786000000000000000e+03 1.463054466247558594e+01
6.788000000000000000e+03 1.312032127380371094e+01
6.790000000000000000e+03 1.239213275909423828e+01
6.792000000000000000e+03 1.621286201477050781e+01
6.794000000000000000e+03 1.719827270507812500e+01
6.796000000000000000e+03 1.663919067382812500e+01
6.798000000000000000e+03 1.485272312164306641e+01
6.800000000000000000e+03 1.313790893554687500e+01
6.802000000000000000e+03 9.735643386840820312e+00
6.804000000000000000e+03 5.762543201446533203e+00
6.806000000000000000e+03 4.088790893554687500e+00
6.808000000000000000e+03 5.800035953521728516e+00
6.810000000000000000e+03 8.588981628417968750e+00
6.812000000000000000e+03 7.700473785400390625e+00
6.814000000000000000e+03 9.833585739135742188e+00
6.816000000000000000e+03 1.034586334228515625e+01
6.818000000000000000e+03 1.186639881134033203e+01
6.820000000000000000e+03 1.536695766448974609e+01
6.822000000000000000e+03 1.512571907043457031e+01
6.824000000000000000e+03 1.597434520721435547e+01
6.826000000000000000e+03 1.458590221405029297e+01
6.828000000000000000e+03 1.431988048553466797e+01
6.830000000000000000e+03 1.367742156982421875e+01
6.832000000000000000e+03 1.474655342102050781e+01
6.834000000000000000e+03 1.271975326538085938e+01
6.836000000000000000e+03 1.499200725555419922e+01
6.838000000000000000e+03 1.400366497039794922e+01
6.840000000000000000e+03 1.331598758697509766e+01
6.842000000000000000e+03 1.509878540039062500e+01
6.844000000000000000e+03 1.233429431915283203e+01
6.846000000000000000e+03 1.364456653594970703e+01
6.848000000000000000e+03 1.153407573699951172e+01
6.850000000000000000e+03 1.390745639801025391e+01
6.852000000000000000e+03 1.306330871582031250e+01
6.854000000000000000e+03 1.367481231689453125e+01
6.856000000000000000e+03 1.431099319458007812e+01
6.858000000000000000e+03 1.428321361541748047e+01
6.860000000000000000e+03 1.384897422790527344e+01
6.862000000000000000e+03 1.369853687286376953e+01
6.864000000000000000e+03 1.290877723693847656e+01
6.866000000000000000e+03 1.458594226837158203e+01
6.868000000000000000e+03 1.414539623260498047e+01
6.870000000000000000e+03 1.553166580200195312e+01
6.872000000000000000e+03 1.498353004455566406e+01
6.874000000000000000e+03 1.517394542694091797e+01
6.876000000000000000e+03 1.458928680419921875e+01
6.878000000000000000e+03 1.426631355285644531e+01
6.880000000000000000e+03 1.250019073486328125e+01
6.882000000000000000e+03 1.033366966247558594e+01
6.884000000000000000e+03 8.603832244873046875e+00
6.886000000000000000e+03 1.281226730346679688e+01
6.888000000000000000e+03 1.056389141082763672e+01
6.890000000000000000e+03 9.004073143005371094e+00
6.892000000000000000e+03 9.591736793518066406e+00
6.894000000000000000e+03 9.063031196594238281e+00
6.896000000000000000e+03 7.708106517791748047e+00
6.898000000000000000e+03 6.183932304382324219e+00
6.900000000000000000e+03 7.747470855712890625e+00
6.902000000000000000e+03 7.644463539123535156e+00
6.904000000000000000e+03 6.393044471740722656e+00
6.906000000000000000e+03 6.918051242828369141e+00
6.908000000000000000e+03 6.608434200286865234e+00
6.910000000000000000e+03 7.964334487915039062e+00
6.912000000000000000e+03 1.027736186981201172e+01
6.914000000000000000e+03 1.374433994293212891e+01
6.916000000000000000e+03 1.528191852569580078e+01
6.918000000000000000e+03 1.502623748779296875e+01
6.920000000000000000e+03 1.407399463653564453e+01
6.922000000000000000e+03 1.051155853271484375e+01
6.924000000000000000e+03 1.152036476135253906e+01
6.926000000000000000e+03 1.378028488159179688e+01
6.928000000000000000e+03 1.406061744689941406e+01
6.930000000000000000e+03 1.468595027923583984e+01
6.932000000000000000e+03 1.422939777374267578e+01
6.934000000000000000e+03 1.419034004211425781e+01
6.936000000000000000e+03 1.216257953643798828e+01
6.938000000000000000e+03 1.164812660217285156e+01
6.940000000000000000e+03 1.039189720153808594e+01
6.942000000000000000e+03 1.191034412384033203e+01
6.944000000000000000e+03 8.401183128356933594e+00
6.946000000000000000e+03 1.186950397491455078e+01
6.948000000000000000e+03 1.238847541809082031e+01
6.950000000000000000e+03 9.407618522644042969e+00
6.952000000000000000e+03 1.022844696044921875e+01
6.954000000000000000e+03 1.050682067871093750e+01
6.956000000000000000e+03 1.120558357238769531e+01
6.958000000000000000e+03 1.463763141632080078e+01
6.960000000000000000e+03 1.296549320220947266e+01
6.962000000000000000e+03 1.374042701721191406e+01
6.964000000000000000e+03 1.619704437255859375e+01
6.966000000000000000e+03 1.500564575195312500e+01
6.968000000000000000e+03 1.836692237854003906e+01
6.970000000000000000e+03 1.464289855957031250e+01
6.972000000000000000e+03 1.578654766082763672e+01
6.974000000000000000e+03 1.827851295471191406e+01
6.976000000000000000e+03 1.887584304809570312e+01
6.978000000000000000e+03 1.875909805297851562e+01
6.980000000000000000e+03 1.980195617675781250e+01
6.982000000000000000e+03 1.824739646911621094e+01
6.984000000000000000e+03 1.902672004699707031e+01
6.986000000000000000e+03 1.994805335998535156e+01
6.988000000000000000e+03 1.853166580200195312e+01
6.990000000000000000e+03 1.987228584289550781e+01
6.992000000000000000e+03 1.916924667358398438e+01
6.994000000000000000e+03 1.742168235778808594e+01
6.996000000000000000e+03 1.996666336059570312e+01
6.998000000000000000e+03 1.884791946411132812e+01
7.000000000000000000e+03 1.615134811401367188e+01
7.002000000000000000e+03 1.879885482788085938e+01
7.004000000000000000e+03 1.608668327331542969e+01
7.006000000000000000e+03 1.854856109619140625e+01
7.008000000000000000e+03 1.995717620849609375e+01
7.010000000000000000e+03 1.738248252868652344e+01
7.012000000000000000e+03 1.494157123565673828e+01
7.014000000000000000e+03 2.031445121765136719e+01
7.016000000000000000e+03 1.787866592407226562e+01
7.018000000000000000e+03 1.910103225708007812e+01
7.020000000000000000e+03 1.793720245361328125e+01
7.022000000000000000e+03 1.984209251403808594e+01
7.024000000000000000e+03 1.926659584045410156e+01
7.026000000000000000e+03 2.109070396423339844e+01
7.028000000000000000e+03 2.158463859558105469e+01
7.030000000000000000e+03 1.780926322937011719e+01
7.032000000000000000e+03 1.879610633850097656e+01
7.034000000000000000e+03 2.057992744445800781e+01
7.036000000000000000e+03 1.978952217102050781e+01
7.038000000000000000e+03 1.970425796508789062e+01
7.040000000000000000e+03 2.018571090698242188e+01
7.042000000000000000e+03 2.222560691833496094e+01
7.044000000000000000e+03 1.973985481262207031e+01
7.046000000000000000e+03 2.174907302856445312e+01
7.048000000000000000e+03 2.196077156066894531e+01
7.050000000000000000e+03 1.960092544555664062e+01
7.052000000000000000e+03 1.808512115478515625e+01
7.054000000000000000e+03 2.056507492065429688e+01
7.056000000000000000e+03 2.130327987670898438e+01
7.058000000000000000e+03 2.128204917907714844e+01
7.060000000000000000e+03 2.149588203430175781e+01
7.062000000000000000e+03 2.024934959411621094e+01
7.064000000000000000e+03 2.023033523559570312e+01
7.066000000000000000e+03 1.835498619079589844e+01
7.068000000000000000e+03 2.067992591857910156e+01
7.070000000000000000e+03 1.901162528991699219e+01
7.072000000000000000e+03 1.988483428955078125e+01
7.074000000000000000e+03 1.763880157470703125e+01
7.076000000000000000e+03 1.758227920532226562e+01
7.078000000000000000e+03 1.972093963623046875e+01
7.080000000000000000e+03 2.124351310729980469e+01
7.082000000000000000e+03 1.926176834106445312e+01
7.084000000000000000e+03 1.698825836181640625e+01
7.086000000000000000e+03 1.711115646362304688e+01
7.088000000000000000e+03 1.639293289184570312e+01
7.090000000000000000e+03 1.895145988464355469e+01
7.092000000000000000e+03 1.864621162414550781e+01
7.094000000000000000e+03 2.091007232666015625e+01
7.096000000000000000e+03 2.030462646484375000e+01
7.098000000000000000e+03 2.070726585388183594e+01
7.100000000000000000e+03 2.188387870788574219e+01
7.102000000000000000e+03 1.938029098510742188e+01
7.104000000000000000e+03 1.804603004455566406e+01
7.106000000000000000e+03 1.766551971435546875e+01
7.108000000000000000e+03 1.616650772094726562e+01
7.110000000000000000e+03 1.626805877685546875e+01
7.112000000000000000e+03 1.888006782531738281e+01
7.114000000000000000e+03 1.736657333374023438e+01
7.116000000000000000e+03 1.807411193847656250e+01
7.118000000000000000e+03 1.684301567077636719e+01
7.120000000000000000e+03 1.437015438079833984e+01
7.122000000000000000e+03 1.387877273559570312e+01
7.124000000000000000e+03 1.133823394775390625e+01
7.126000000000000000e+03 1.470240783691406250e+01
7.128000000000000000e+03 1.604454040527343750e+01
7.130000000000000000e+03 1.692497062683105469e+01
7.132000000000000000e+03 1.617768096923828125e+01
7.134000000000000000e+03 1.494334411621093750e+01
7.136000000000000000e+03 1.540225601196289062e+01
7.138000000000000000e+03 1.586082363128662109e+01
7.140000000000000000e+03 1.330637073516845703e+01
7.142000000000000000e+03 1.453195762634277344e+01
7.144000000000000000e+03 1.636501312255859375e+01
7.146000000000000000e+03 1.809094238281250000e+01
7.148000000000000000e+03 1.923973846435546875e+01
7.150000000000000000e+03 1.611196136474609375e+01
7.152000000000000000e+03 1.610825347900390625e+01
7.154000000000000000e+03 1.443317699432373047e+01
7.156000000000000000e+03 1.558066272735595703e+01
7.158000000000000000e+03 1.624311065673828125e+01
7.160000000000000000e+03 1.735257148742675781e+01
7.162000000000000000e+03 1.789288139343261719e+01
7.164000000000000000e+03 1.985645103454589844e+01
7.166000000000000000e+03 2.106792259216308594e+01
7.168000000000000000e+03 1.773028373718261719e+01
7.170000000000000000e+03 1.766527175903320312e+01
7.172000000000000000e+03 1.636094284057617188e+01
7.174000000000000000e+03 1.615711402893066406e+01
7.176000000000000000e+03 1.890369033813476562e+01
7.178000000000000000e+03 1.845912742614746094e+01
7.180000000000000000e+03 1.802339363098144531e+01
7.182000000000000000e+03 1.982415199279785156e+01
7.184000000000000000e+03 1.783515357971191406e+01
7.186000000000000000e+03 1.965705490112304688e+01
7.188000000000000000e+03 2.053334236145019531e+01
7.190000000000000000e+03 1.988813018798828125e+01
7.192000000000000000e+03 2.051752090454101562e+01
7.194000000000000000e+03 2.180506515502929688e+01
7.196000000000000000e+03 2.110500335693359375e+01
7.198000000000000000e+03 2.214686584472656250e+01
7.200000000000000000e+03 2.133917045593261719e+01
7.202000000000000000e+03 2.293066596984863281e+01
7.204000000000000000e+03 2.206880187988281250e+01
7.206000000000000000e+03 2.218582344055175781e+01
7.208000000000000000e+03 2.173838996887207031e+01
7.210000000000000000e+03 2.280063819885253906e+01
7.212000000000000000e+03 2.239133453369140625e+01
7.214000000000000000e+03 2.383700180053710938e+01
7.216000000000000000e+03 2.090609931945800781e+01
7.218000000000000000e+03 2.010252571105957031e+01
7.220000000000000000e+03 1.820594406127929688e+01
7.222000000000000000e+03 1.862705612182617188e+01
7.224000000000000000e+03 1.744233894348144531e+01
7.226000000000000000e+03 1.882128524780273438e+01
7.228000000000000000e+03 1.823230934143066406e+01
7.230000000000000000e+03 2.157776641845703125e+01
7.232000000000000000e+03 2.343808174133300781e+01
7.234000000000000000e+03 2.281302070617675781e+01
7.236000000000000000e+03 1.903839874267578125e+01
7.238000000000000000e+03 1.737538528442382812e+01
7.240000000000000000e+03 1.705082511901855469e+01
7.242000000000000000e+03 1.438771057128906250e+01
7.244000000000000000e+03 1.372687816619873047e+01
7.246000000000000000e+03 1.439237594604492188e+01
7.248000000000000000e+03 1.885546112060546875e+01
7.250000000000000000e+03 1.945721244812011719e+01
7.252000000000000000e+03 1.587276935577392578e+01
7.254000000000000000e+03 1.641831779479980469e+01
7.256000000000000000e+03 1.375488471984863281e+01
7.258000000000000000e+03 1.499207973480224609e+01
7.260000000000000000e+03 1.529985046386718750e+01
7.262000000000000000e+03 1.594069099426269531e+01
7.264000000000000000e+03 1.634494590759277344e+01
7.266000000000000000e+03 1.735204315185546875e+01
7.268000000000000000e+03 1.926828956604003906e+01
7.270000000000000000e+03 1.884155273437500000e+01
7.272000000000000000e+03 1.996447372436523438e+01
7.274000000000000000e+03 2.001369857788085938e+01
7.276000000000000000e+03 1.917900085449218750e+01
7.278000000000000000e+03 1.757631492614746094e+01
7.280000000000000000e+03 1.768458938598632812e+01
7.282000000000000000e+03 1.680795097351074219e+01
7.284000000000000000e+03 1.831096839904785156e+01
7.286000000000000000e+03 1.760890007019042969e+01
7.288000000000000000e+03 1.452756500244140625e+01
7.290000000000000000e+03 1.326837253570556641e+01
7.292000000000000000e+03 1.376494026184082031e+01
7.294000000000000000e+03 1.369917583465576172e+01
7.296000000000000000e+03 1.057569694519042969e+01
7.298000000000000000e+03 8.674283981323242188e+00
7.300000000000000000e+03 9.150689125061035156e+00
7.302000000000000000e+03 6.581868648529052734e+00
7.304000000000000000e+03 8.852169036865234375e+00
7.306000000000000000e+03 6.873471260070800781e+00
7.308000000000000000e+03 6.569999694824218750e+00
7.310000000000000000e+03 6.035016059875488281e+00
7.312000000000000000e+03 7.090986251831054688e+00
7.314000000000000000e+03 8.695860862731933594e+00
7.316000000000000000e+03 1.118223476409912109e+01
7.318000000000000000e+03 9.908562660217285156e+00
7.320000000000000000e+03 1.041693687438964844e+01
7.322000000000000000e+03 1.350394058227539062e+01
7.324000000000000000e+03 9.948813438415527344e+00
7.326000000000000000e+03 1.100919723510742188e+01
7.328000000000000000e+03 1.067740058898925781e+01
7.330000000000000000e+03 1.130174160003662109e+01
7.332000000000000000e+03 1.028435611724853516e+01
7.334000000000000000e+03 1.455570507049560547e+01
7.336000000000000000e+03 1.533275508880615234e+01
7.338000000000000000e+03 1.247444915771484375e+01
7.340000000000000000e+03 1.558737754821777344e+01
7.342000000000000000e+03 1.438041019439697266e+01
7.344000000000000000e+03 8.759078979492187500e+00
7.346000000000000000e+03 8.083488464355468750e+00
7.348000000000000000e+03 4.827815055847167969e+00
7.350000000000000000e+03 5.606168746948242188e+00
7.352000000000000000e+03 4.970310211181640625e+00
7.354000000000000000e+03 4.946867942810058594e+00
7.356000000000000000e+03 7.036182403564453125e+00
7.358000000000000000e+03 7.516324520111083984e+00
7.360000000000000000e+03 5.706070423126220703e+00
7.362000000000000000e+03 6.628983497619628906e+00
7.364000000000000000e+03 8.302878379821777344e+00
7.366000000000000000e+03 6.935448646545410156e+00
7.368000000000000000e+03 8.227696418762207031e+00
7.370000000000000000e+03 9.742092132568359375e+00
7.372000000000000000e+03 8.224186897277832031e+00
7.374000000000000000e+03 1.223483562469482422e+01
7.376000000000000000e+03 1.286906242370605469e+01
7.378000000000000000e+03 1.147359561920166016e+01
7.380000000000000000e+03 1.322445583343505859e+01
7.382000000000000000e+03 1.330325126647949219e+01
7.384000000000000000e+03 1.441695976257324219e+01
7.386000000000000000e+03 1.402583217620849609e+01
7.388000000000000000e+03 1.261550712585449219e+01
7.390000000000000000e+03 1.231844902038574219e+01
7.392000000000000000e+03 9.550004959106445312e+00
7.394000000000000000e+03 9.230806350708007812e+00
7.396000000000000000e+03 8.765918731689453125e+00
7.398000000000000000e+03 1.147692203521728516e+01
7.400000000000000000e+03 7.747418880462646484e+00
7.402000000000000000e+03 1.291589736938476562e+01
7.404000000000000000e+03 1.430307102203369141e+01
7.406000000000000000e+03 1.236274337768554688e+01
7.408000000000000000e+03 1.115563011169433594e+01
7.410000000000000000e+03 9.458320617675781250e+00
7.412000000000000000e+03 7.945144176483154297e+00
7.414000000000000000e+03 6.409001350402832031e+00
7.416000000000000000e+03 6.808088779449462891e+00
7.418000000000000000e+03 6.587002277374267578e+00
7.420000000000000000e+03 9.315854072570800781e+00
7.422000000000000000e+03 1.041890907287597656e+01
7.424000000000000000e+03 9.742331504821777344e+00
7.426000000000000000e+03 7.518037796020507812e+00
7.428000000000000000e+03 7.908540248870849609e+00
7.430000000000000000e+03 7.644560813903808594e+00
7.432000000000000000e+03 7.218075275421142578e+00
7.434000000000000000e+03 9.742183685302734375e+00
7.436000000000000000e+03 1.029894256591796875e+01
7.438000000000000000e+03 1.093665409088134766e+01
7.440000000000000000e+03 9.907601356506347656e+00
7.442000000000000000e+03 9.858442306518554688e+00
7.444000000000000000e+03 8.530055999755859375e+00
7.446000000000000000e+03 8.512684822082519531e+00
7.448000000000000000e+03 8.714562416076660156e+00
7.450000000000000000e+03 1.146721553802490234e+01
7.452000000000000000e+03 1.390586566925048828e+01
7.454000000000000000e+03 1.462762355804443359e+01
7.456000000000000000e+03 1.724249267578125000e+01
7.458000000000000000e+03 1.357805156707763672e+01
7.460000000000000000e+03 1.283561801910400391e+01
7.462000000000000000e+03 1.272569274902343750e+01
7.464000000000000000e+03 8.959543228149414062e+00
7.466000000000000000e+03 1.074832630157470703e+01
7.468000000000000000e+03 1.086823940277099609e+01
7.470000000000000000e+03 1.438535499572753906e+01
7.472000000000000000e+03 1.406100177764892578e+01
7.474000000000000000e+03 1.415181636810302734e+01
7.476000000000000000e+03 1.240732097625732422e+01
7.478000000000000000e+03 1.326628208160400391e+01
7.480000000000000000e+03 1.660319900512695312e+01
7.482000000000000000e+03 1.853841972351074219e+01
7.484000000000000000e+03 1.880472564697265625e+01
7.486000000000000000e+03 1.784077644348144531e+01
7.488000000000000000e+03 1.976444625854492188e+01
7.490000000000000000e+03 2.313859748840332031e+01
7.492000000000000000e+03 1.953253364562988281e+01
7.494000000000000000e+03 1.898166847229003906e+01
7.496000000000000000e+03 1.783957481384277344e+01
7.498000000000000000e+03 1.723275184631347656e+01
7.500000000000000000e+03 1.613213920593261719e+01
7.502000000000000000e+03 1.501027107238769531e+01
7.504000000000000000e+03 1.454341411590576172e+01
7.506000000000000000e+03 1.426114845275878906e+01
7.508000000000000000e+03 1.120207786560058594e+01
7.510000000000000000e+03 9.933181762695312500e+00
7.512000000000000000e+03 1.007865142822265625e+01
7.514000000000000000e+03 7.741486549377441406e+00
7.516000000000000000e+03 1.271772861480712891e+01
7.518000000000000000e+03 1.216485786437988281e+01
7.520000000000000000e+03 1.420011043548583984e+01
7.522000000000000000e+03 9.685674667358398438e+00
7.524000000000000000e+03 9.373681068420410156e+00
7.526000000000000000e+03 8.423028945922851562e+00
7.528000000000000000e+03 1.080649662017822266e+01
7.530000000000000000e+03 1.452678871154785156e+01
7.532000000000000000e+03 1.361750507354736328e+01
7.534000000000000000e+03 1.435464000701904297e+01
7.536000000000000000e+03 1.459549140930175781e+01
7.538000000000000000e+03 1.640622901916503906e+01
7.540000000000000000e+03 1.572706890106201172e+01
7.542000000000000000e+03 1.830066680908203125e+01
7.544000000000000000e+03 1.926004028320312500e+01
7.546000000000000000e+03 1.598929595947265625e+01
7.548000000000000000e+03 1.913848876953125000e+01
7.550000000000000000e+03 1.672676277160644531e+01
7.552000000000000000e+03 1.725133132934570312e+01
7.554000000000000000e+03 1.807542800903320312e+01
7.556000000000000000e+03 1.838576889038085938e+01
7.558000000000000000e+03 1.867545509338378906e+01
7.560000000000000000e+03 1.941192054748535156e+01
7.562000000000000000e+03 2.043769073486328125e+01
7.564000000000000000e+03 2.015864562988281250e+01
7.566000000000000000e+03 2.163894081115722656e+01
7.568000000000000000e+03 2.000154495239257812e+01
7.570000000000000000e+03 1.944685935974121094e+01
7.572000000000000000e+03 1.927479362487792969e+01
7.574000000000000000e+03 2.096867942810058594e+01
7.576000000000000000e+03 1.880065727233886719e+01
7.578000000000000000e+03 1.871544265747070312e+01
7.580000000000000000e+03 1.489204883575439453e+01
7.582000000000000000e+03 1.558866691589355469e+01
7.584000000000000000e+03 1.413024425506591797e+01
7.586000000000000000e+03 1.218156433105468750e+01
7.588000000000000000e+03 1.822930145263671875e+01
7.590000000000000000e+03 1.303835296630859375e+01
7.592000000000000000e+03 1.403103065490722656e+01
7.594000000000000000e+03 1.562683391571044922e+01
7.596000000000000000e+03 1.352133846282958984e+01
7.598000000000000000e+03 1.543990325927734375e+01
7.600000000000000000e+03 1.566648483276367188e+01
7.602000000000000000e+03 1.452655982971191406e+01
7.604000000000000000e+03 1.431721115112304688e+01
7.606000000000000000e+03 1.141108798980712891e+01
7.608000000000000000e+03 1.447641849517822266e+01
7.610000000000000000e+03 1.349491214752197266e+01
7.612000000000000000e+03 1.338239765167236328e+01
7.614000000000000000e+03 1.250576019287109375e+01
7.616000000000000000e+03 9.784053802490234375e+00
7.618000000000000000e+03 7.629704952239990234e+00
7.620000000000000000e+03 9.414170265197753906e+00
7.622000000000000000e+03 8.397908210754394531e+00
7.624000000000000000e+03 9.015851974487304688e+00
7.626000000000000000e+03 7.884965896606445312e+00
7.628000000000000000e+03 5.789680480957031250e+00
7.630000000000000000e+03 4.439437389373779297e+00
7.632000000000000000e+03 3.513965368270874023e+00
7.634000000000000000e+03 4.133581161499023438e+00
7.636000000000000000e+03 5.643101692199707031e+00
7.638000000000000000e+03 5.685815811157226562e+00
7.640000000000000000e+03 4.446683883666992188e+00
7.642000000000000000e+03 3.898948431015014648e+00
7.644000000000000000e+03 7.847937107086181641e+00
7.646000000000000000e+03 6.136913776397705078e+00
7.648000000000000000e+03 7.659586906433105469e+00
7.650000000000000000e+03 4.487873077392578125e+00
7.652000000000000000e+03 5.112425327301025391e+00
7.654000000000000000e+03 3.455561637878417969e+00
7.656000000000000000e+03 4.913798809051513672e+00
7.658000000000000000e+03 4.804749011993408203e+00
7.660000000000000000e+03 6.758498191833496094e+00
7.662000000000000000e+03 6.716859340667724609e+00
7.664000000000000000e+03 7.419934272766113281e+00
7.666000000000000000e+03 7.147027492523193359e+00
7.668000000000000000e+03 5.054285526275634766e+00
7.670000000000000000e+03 4.851443290710449219e+00
7.672000000000000000e+03 6.204523086547851562e+00
7.674000000000000000e+03 8.683583259582519531e+00
7.676000000000000000e+03 8.582062721252441406e+00
7.678000000000000000e+03 1.233134174346923828e+01
7.680000000000000000e+03 1.429483318328857422e+01
7.682000000000000000e+03 1.000196743011474609e+01
7.684000000000000000e+03 6.196217536926269531e+00
7.686000000000000000e+03 5.387103557586669922e+00
7.688000000000000000e+03 3.919706106185913086e+00
7.690000000000000000e+03 7.031208992004394531e+00
7.692000000000000000e+03 6.870699405670166016e+00
7.694000000000000000e+03 1.264924716949462891e+01
7.696000000000000000e+03 1.386490917205810547e+01
7.698000000000000000e+03 1.524870586395263672e+01
7.700000000000000000e+03 1.888053894042968750e+01
7.702000000000000000e+03 1.928209114074707031e+01
7.704000000000000000e+03 2.083712196350097656e+01
7.706000000000000000e+03 2.007857322692871094e+01
7.708000000000000000e+03 1.615136528015136719e+01
7.710000000000000000e+03 1.855070114135742188e+01
7.712000000000000000e+03 1.574283027648925781e+01
7.714000000000000000e+03 1.697777175903320312e+01
7.716000000000000000e+03 1.739386940002441406e+01
7.718000000000000000e+03 1.769813537597656250e+01
7.720000000000000000e+03 1.656023406982421875e+01
7.722000000000000000e+03 1.886906051635742188e+01
7.724000000000000000e+03 1.753775405883789062e+01
7.726000000000000000e+03 1.902267074584960938e+01
7.728000000000000000e+03 1.726097106933593750e+01
7.730000000000000000e+03 1.590632915496826172e+01
7.732000000000000000e+03 1.495736408233642578e+01
7.734000000000000000e+03 1.234870910644531250e+01
7.736000000000000000e+03 1.533575153350830078e+01
7.738000000000000000e+03 1.504627418518066406e+01
7.740000000000000000e+03 1.121691226959228516e+01
7.742000000000000000e+03 1.511319637298583984e+01
7.744000000000000000e+03 1.327068328857421875e+01
7.746000000000000000e+03 1.528327846527099609e+01
7.748000000000000000e+03 1.514619541168212891e+01
7.750000000000000000e+03 1.313959407806396484e+01
7.752000000000000000e+03 1.345741939544677734e+01
7.754000000000000000e+03 1.122641468048095703e+01
7.756000000000000000e+03 1.023884296417236328e+01
7.758000000000000000e+03 9.303623199462890625e+00
7.760000000000000000e+03 1.046711921691894531e+01
7.762000000000000000e+03 1.034399414062500000e+01
7.764000000000000000e+03 8.908216476440429688e+00
7.766000000000000000e+03 1.133160591125488281e+01
7.768000000000000000e+03 8.975334167480468750e+00
7.770000000000000000e+03 6.894468307495117188e+00
7.772000000000000000e+03 6.761367321014404297e+00
7.774000000000000000e+03 4.690811157226562500e+00
7.776000000000000000e+03 4.692271709442138672e+00
7.778000000000000000e+03 7.463846683502197266e+00
7.780000000000000000e+03 9.248928070068359375e+00
7.782000000000000000e+03 9.656221389770507812e+00
7.784000000000000000e+03 7.937362194061279297e+00
7.786000000000000000e+03 1.058366203308105469e+01
7.788000000000000000e+03 1.095915126800537109e+01
7.790000000000000000e+03 9.526778221130371094e+00
7.792000000000000000e+03 8.741557121276855469e+00
7.794000000000000000e+03 1.110931396484375000e+01
7.796000000000000000e+03 9.059750556945800781e+00
7.798000000000000000e+03 1.042850971221923828e+01
7.800000000000000000e+03 1.120101261138916016e+01
7.802000000000000000e+03 1.027827453613281250e+01
7.804000000000000000e+03 1.103643512725830078e+01
7.806000000000000000e+03 1.051994895935058594e+01
7.808000000000000000e+03 1.109939193725585938e+01
7.810000000000000000e+03 1.096093177795410156e+01
7.812000000000000000e+03 1.305233001708984375e+01
7.814000000000000000e+03 1.634084701538085938e+01
7.816000000000000000e+03 1.962982559204101562e+01
7.818000000000000000e+03 1.908438301086425781e+01
7.820000000000000000e+03 1.512161827087402344e+01
7.822000000000000000e+03 1.485305976867675781e+01
7.824000000000000000e+03 1.663337326049804688e+01
7.826000000000000000e+03 1.717307472229003906e+01
7.828000000000000000e+03 1.798361587524414062e+01
7.830000000000000000e+03 1.793513107299804688e+01
7.832000000000000000e+03 1.596386528015136719e+01
7.834000000000000000e+03 1.976683998107910156e+01
7.836000000000000000e+03 1.983150291442871094e+01
7.838000000000000000e+03 1.710366439819335938e+01
7.840000000000000000e+03 1.863753128051757812e+01
7.842000000000000000e+03 1.855716514587402344e+01
7.844000000000000000e+03 1.938165664672851562e+01
7.846000000000000000e+03 1.847604179382324219e+01
7.848000000000000000e+03 1.597879409790039062e+01
7.850000000000000000e+03 1.918841743469238281e+01
7.852000000000000000e+03 2.101170158386230469e+01
7.854000000000000000e+03 2.074785041809082031e+01
7.856000000000000000e+03 2.073378753662109375e+01
7.858000000000000000e+03 2.113359069824218750e+01
7.860000000000000000e+03 1.912870025634765625e+01
7.862000000000000000e+03 1.695706939697265625e+01
7.864000000000000000e+03 1.698354148864746094e+01
7.866000000000000000e+03 2.046010208129882812e+01
7.868000000000000000e+03 2.117887496948242188e+01
7.870000000000000000e+03 2.117073822021484375e+01
7.872000000000000000e+03 2.173834991455078125e+01
7.874000000000000000e+03 2.211014366149902344e+01
7.876000000000000000e+03 1.997743034362792969e+01
7.878000000000000000e+03 2.009777259826660156e+01
7.880000000000000000e+03 2.181824684143066406e+01
7.882000000000000000e+03 1.942933082580566406e+01
7.884000000000000000e+03 1.389604759216308594e+01
7.886000000000000000e+03 1.386286926269531250e+01
7.888000000000000000e+03 1.292750644683837891e+01
7.890000000000000000e+03 1.182875347137451172e+01
7.892000000000000000e+03 7.360583782196044922e+00
7.894000000000000000e+03 9.206293106079101562e+00
7.896000000000000000e+03 1.242583084106445312e+01
7.898000000000000000e+03 1.562409114837646484e+01
7.900000000000000000e+03 1.534687328338623047e+01
7.902000000000000000e+03 1.738948631286621094e+01
7.904000000000000000e+03 1.762230110168457031e+01
7.906000000000000000e+03 1.822318840026855469e+01
7.908000000000000000e+03 1.705651283264160156e+01
7.910000000000000000e+03 1.684014129638671875e+01
7.912000000000000000e+03 1.397221279144287109e+01
7.914000000000000000e+03 1.471510982513427734e+01
7.916000000000000000e+03 1.666641807556152344e+01
7.918000000000000000e+03 1.801386070251464844e+01
7.920000000000000000e+03 1.920941734313964844e+01
7.922000000000000000e+03 1.852199745178222656e+01
7.924000000000000000e+03 1.627247428894042969e+01
7.926000000000000000e+03 1.606011009216308594e+01
7.928000000000000000e+03 1.573560428619384766e+01
7.930000000000000000e+03 1.461377048492431641e+01
7.932000000000000000e+03 1.030834388732910156e+01
7.934000000000000000e+03 1.394592094421386719e+01
7.936000000000000000e+03 1.268132591247558594e+01
7.938000000000000000e+03 1.204563140869140625e+01
7.940000000000000000e+03 1.086215400695800781e+01
7.942000000000000000e+03 1.057664966583251953e+01
7.944000000000000000e+03 1.325811767578125000e+01
7.946000000000000000e+03 1.365025234222412109e+01
7.948000000000000000e+03 1.067813873291015625e+01
7.950000000000000000e+03 7.901397705078125000e+00
7.952000000000000000e+03 1.274197101593017578e+01
7.954000000000000000e+03 1.216517639160156250e+01
7.956000000000000000e+03 1.146691417694091797e+01
7.958000000000000000e+03 1.146797847747802734e+01
7.960000000000000000e+03 1.670605468750000000e+01
7.962000000000000000e+03 1.695644760131835938e+01
7.964000000000000000e+03 1.593356990814208984e+01
7.966000000000000000e+03 1.455860424041748047e+01
7.968000000000000000e+03 1.432091617584228516e+01
7.970000000000000000e+03 1.501699924468994141e+01
7.972000000000000000e+03 1.447888565063476562e+01
7.974000000000000000e+03 1.329436779022216797e+01
7.976000000000000000e+03 1.129062080383300781e+01
7.978000000000000000e+03 1.375914573669433594e+01
7.980000000000000000e+03 1.269319915771484375e+01
7.982000000000000000e+03 1.346774768829345703e+01
7.984000000000000000e+03 1.477927398681640625e+01
7.986000000000000000e+03 1.628949928283691406e+01
7.988000000000000000e+03 1.689876747131347656e+01
7.990000000000000000e+03 1.652897834777832031e+01
7.992000000000000000e+03 1.525820159912109375e+01
7.994000000000000000e+03 1.302758216857910156e+01
7.996000000000000000e+03 1.582493877410888672e+01
7.998000000000000000e+03 1.561895942687988281e+01
8.000000000000000000e+03 1.575601387023925781e+01
8.002000000000000000e+03 1.291497802734375000e+01
8.004000000000000000e+03 1.186717319488525391e+01
8.006000000000000000e+03 1.201186847686767578e+01
8.008000000000000000e+03 7.124585151672363281e+00
8.010000000000000000e+03 6.661997795104980469e+00
8.012000000000000000e+03 4.676260471343994141e+00
8.014000000000000000e+03 6.942744255065917969e+00
8.016000000000000000e+03 6.672772407531738281e+00
8.018000000000000000e+03 8.235934257507324219e+00
8.020000000000000000e+03 8.276098251342773438e+00
8.022000000000000000e+03 9.885058403015136719e+00
8.024000000000000000e+03 1.051787090301513672e+01
8.026000000000000000e+03 1.669212341308593750e+01
8.028000000000000000e+03 1.625750541687011719e+01
8.030000000000000000e+03 1.780025482177734375e+01
8.032000000000000000e+03 1.751207923889160156e+01
8.034000000000000000e+03 1.631625175476074219e+01
8.036000000000000000e+03 1.999784660339355469e+01
8.038000000000000000e+03 1.921475982666015625e+01
8.040000000000000000e+03 1.840438652038574219e+01
8.042000000000000000e+03 2.123428535461425781e+01
8.044000000000000000e+03 2.150563621520996094e+01
8.046000000000000000e+03 1.785968780517578125e+01
8.048000000000000000e+03 1.746002197265625000e+01
8.050000000000000000e+03 1.730058288574218750e+01
8.052000000000000000e+03 1.497820186614990234e+01
8.054000000000000000e+03 1.312310218811035156e+01
8.056000000000000000e+03 1.174047088623046875e+01
8.058000000000000000e+03 1.322065925598144531e+01
8.060000000000000000e+03 1.523240756988525391e+01
8.062000000000000000e+03 1.502106952667236328e+01
8.064000000000000000e+03 1.453501701354980469e+01
8.066000000000000000e+03 1.235525035858154297e+01
8.068000000000000000e+03 1.363134860992431641e+01
8.070000000000000000e+03 1.235540866851806641e+01
8.072000000000000000e+03 1.319187164306640625e+01
8.074000000000000000e+03 1.268744945526123047e+01
8.076000000000000000e+03 1.467593002319335938e+01
8.078000000000000000e+03 1.388353824615478516e+01
8.080000000000000000e+03 1.704763221740722656e+01
8.082000000000000000e+03 1.429496574401855469e+01
8.084000000000000000e+03 1.402296733856201172e+01
8.086000000000000000e+03 1.327100849151611328e+01
8.088000000000000000e+03 1.135544967651367188e+01
8.090000000000000000e+03 1.058922958374023438e+01
8.092000000000000000e+03 1.425328922271728516e+01
8.094000000000000000e+03 1.338052654266357422e+01
8.096000000000000000e+03 1.216009140014648438e+01
8.098000000000000000e+03 1.156645584106445312e+01
8.100000000000000000e+03 1.345530700683593750e+01
8.102000000000000000e+03 1.368726825714111328e+01
8.104000000000000000e+03 1.494060611724853516e+01
8.106000000000000000e+03 1.661010169982910156e+01
8.108000000000000000e+03 1.333818244934082031e+01
8.110000000000000000e+03 1.428827667236328125e+01
8.112000000000000000e+03 1.476993274688720703e+01
8.114000000000000000e+03 1.540191555023193359e+01
8.116000000000000000e+03 1.353409671783447266e+01
8.118000000000000000e+03 1.319391918182373047e+01
8.120000000000000000e+03 1.049678611755371094e+01
8.122000000000000000e+03 1.340260982513427734e+01
8.124000000000000000e+03 1.473941707611083984e+01
8.126000000000000000e+03 1.509200572967529297e+01
8.128000000000000000e+03 1.454768085479736328e+01
8.130000000000000000e+03 1.443505859375000000e+01
8.132000000000000000e+03 1.597368812561035156e+01
8.134000000000000000e+03 1.699135589599609375e+01
8.136000000000000000e+03 1.575891971588134766e+01
8.138000000000000000e+03 1.745883750915527344e+01
8.140000000000000000e+03 1.839924621582031250e+01
8.142000000000000000e+03 1.686671638488769531e+01
8.144000000000000000e+03 1.456250667572021484e+01
8.146000000000000000e+03 1.278973865509033203e+01
8.148000000000000000e+03 1.343346405029296875e+01
8.150000000000000000e+03 1.331834697723388672e+01
8.152000000000000000e+03 1.559590911865234375e+01
8.154000000000000000e+03 1.669308471679687500e+01
8.156000000000000000e+03 2.048979568481445312e+01
8.158000000000000000e+03 1.998205947875976562e+01
8.160000000000000000e+03 1.905424690246582031e+01
8.162000000000000000e+03 1.768490028381347656e+01
8.164000000000000000e+03 1.754531478881835938e+01
8.166000000000000000e+03 1.832209396362304688e+01
8.168000000000000000e+03 1.712853622436523438e+01
8.170000000000000000e+03 1.622588729858398438e+01
8.172000000000000000e+03 1.443471336364746094e+01
8.174000000000000000e+03 1.955917739868164062e+01
8.176000000000000000e+03 1.916071701049804688e+01
8.178000000000000000e+03 2.009490203857421875e+01
8.180000000000000000e+03 1.861101341247558594e+01
8.182000000000000000e+03 1.615285110473632812e+01
8.184000000000000000e+03 1.740612602233886719e+01
8.186000000000000000e+03 1.374914360046386719e+01
8.188000000000000000e+03 1.672288894653320312e+01
8.190000000000000000e+03 1.447061538696289062e+01
8.192000000000000000e+03 1.859403228759765625e+01
8.194000000000000000e+03 1.928769111633300781e+01
8.196000000000000000e+03 1.802766036987304688e+01
8.198000000000000000e+03 1.793619918823242188e+01
8.200000000000000000e+03 1.801261520385742188e+01
8.202000000000000000e+03 1.619619178771972656e+01
8.204000000000000000e+03 1.549160861968994141e+01
8.206000000000000000e+03 1.641819953918457031e+01
8.208000000000000000e+03 1.649541282653808594e+01
8.210000000000000000e+03 1.508139801025390625e+01
8.212000000000000000e+03 1.553299427032470703e+01
8.214000000000000000e+03 1.435582447052001953e+01
8.216000000000000000e+03 1.577132606506347656e+01
8.218000000000000000e+03 1.244598770141601562e+01
8.220000000000000000e+03 1.053155422210693359e+01
8.222000000000000000e+03 1.141086101531982422e+01
8.224000000000000000e+03 9.035966873168945312e+00
8.226000000000000000e+03 6.953743457794189453e+00
8.228000000000000000e+03 5.434096336364746094e+00
8.230000000000000000e+03 5.997055530548095703e+00
8.232000000000000000e+03 5.058483123779296875e+00
8.234000000000000000e+03 3.066083192825317383e+00
8.236000000000000000e+03 5.081596851348876953e+00
8.238000000000000000e+03 6.252334117889404297e+00
8.240000000000000000e+03 4.857766151428222656e+00
8.242000000000000000e+03 5.294723510742187500e+00
8.244000000000000000e+03 6.306493282318115234e+00
8.246000000000000000e+03 9.984117507934570312e+00
8.248000000000000000e+03 1.346970176696777344e+01
8.250000000000000000e+03 1.186276054382324219e+01
8.252000000000000000e+03 1.448727226257324219e+01
8.254000000000000000e+03 1.279276943206787109e+01
8.256000000000000000e+03 1.582496356964111328e+01
8.258000000000000000e+03 1.427354431152343750e+01
8.260000000000000000e+03 1.481070327758789062e+01
8.262000000000000000e+03 1.370486354827880859e+01
8.264000000000000000e+03 1.418198776245117188e+01
8.266000000000000000e+03 1.487329769134521484e+01
8.268000000000000000e+03 1.377931022644042969e+01
8.270000000000000000e+03 1.492288398742675781e+01
8.272000000000000000e+03 1.585827350616455078e+01
8.274000000000000000e+03 1.743176269531250000e+01
8.276000000000000000e+03 1.886946105957031250e+01
8.278000000000000000e+03 1.689496803283691406e+01
8.280000000000000000e+03 1.782670974731445312e+01
8.282000000000000000e+03 1.795608520507812500e+01
8.284000000000000000e+03 1.902169609069824219e+01
8.286000000000000000e+03 1.339511299133300781e+01
8.288000000000000000e+03 1.589768028259277344e+01
8.290000000000000000e+03 1.453840065002441406e+01
8.292000000000000000e+03 1.458412170410156250e+01
8.294000000000000000e+03 1.589000415802001953e+01
8.296000000000000000e+03 1.686483383178710938e+01
8.298000000000000000e+03 1.717316627502441406e+01
8.300000000000000000e+03 1.911300468444824219e+01
8.302000000000000000e+03 2.032013320922851562e+01
8.304000000000000000e+03 1.948673820495605469e+01
8.306000000000000000e+03 1.778071975708007812e+01
8.308000000000000000e+03 1.899978637695312500e+01
8.310000000000000000e+03 1.545363616943359375e+01
8.312000000000000000e+03 1.550396156311035156e+01
8.314000000000000000e+03 1.199453735351562500e+01
8.316000000000000000e+03 1.129538536071777344e+01
8.318000000000000000e+03 1.200442123413085938e+01
8.320000000000000000e+03 1.010560798645019531e+01
8.322000000000000000e+03 8.777989387512207031e+00
8.324000000000000000e+03 6.554046630859375000e+00
8.326000000000000000e+03 6.103456497192382812e+00
8.328000000000000000e+03 4.382168769836425781e+00
8.330000000000000000e+03 5.900083065032958984e+00
8.332000000000000000e+03 2.627052307128906250e+00
8.334000000000000000e+03 4.254810333251953125e+00
8.336000000000000000e+03 4.404542446136474609e+00
8.338000000000000000e+03 8.984850883483886719e+00
8.340000000000000000e+03 1.004615020751953125e+01
8.342000000000000000e+03 1.206476783752441406e+01
8.344000000000000000e+03 1.821639060974121094e+01
8.346000000000000000e+03 1.678543472290039062e+01
8.348000000000000000e+03 1.486498928070068359e+01
8.350000000000000000e+03 1.458615207672119141e+01
8.352000000000000000e+03 1.792004394531250000e+01
8.354000000000000000e+03 1.633371734619140625e+01
8.356000000000000000e+03 1.629071617126464844e+01
8.358000000000000000e+03 1.446517372131347656e+01
8.360000000000000000e+03 1.451534175872802734e+01
8.362000000000000000e+03 1.339179229736328125e+01
8.364000000000000000e+03 1.802518844604492188e+01
8.366000000000000000e+03 1.850504302978515625e+01
8.368000000000000000e+03 1.571754646301269531e+01
8.370000000000000000e+03 1.702332687377929688e+01
8.372000000000000000e+03 1.683314704895019531e+01
8.374000000000000000e+03 1.622146606445312500e+01
8.376000000000000000e+03 1.857369422912597656e+01
8.378000000000000000e+03 2.040619468688964844e+01
8.380000000000000000e+03 2.009066200256347656e+01
8.382000000000000000e+03 2.040299415588378906e+01
8.384000000000000000e+03 1.693420600891113281e+01
8.386000000000000000e+03 1.817033004760742188e+01
8.388000000000000000e+03 2.009470176696777344e+01
8.390000000000000000e+03 2.203028869628906250e+01
8.392000000000000000e+03 1.854826354980468750e+01
8.394000000000000000e+03 1.953041839599609375e+01
8.396000000000000000e+03 1.794363403320312500e+01
8.398000000000000000e+03 1.677035331726074219e+01
8.400000000000000000e+03 1.961359596252441406e+01
8.402000000000000000e+03 1.974232292175292969e+01
8.404000000000000000e+03 1.909237861633300781e+01
8.406000000000000000e+03 1.627761268615722656e+01
8.408000000000000000e+03 1.547266387939453125e+01
8.410000000000000000e+03 1.541908931732177734e+01
8.412000000000000000e+03 2.002473068237304688e+01
8.414000000000000000e+03 1.870268440246582031e+01
8.416000000000000000e+03 1.939866828918457031e+01
8.418000000000000000e+03 1.986147117614746094e+01
8.420000000000000000e+03 2.122027969360351562e+01
8.422000000000000000e+03 2.066589164733886719e+01
8.424000000000000000e+03 1.873885726928710938e+01
8.426000000000000000e+03 1.642396354675292969e+01
8.428000000000000000e+03 1.560144901275634766e+01
8.430000000000000000e+03 1.600506973266601562e+01
8.432000000000000000e+03 1.544657993316650391e+01
8.434000000000000000e+03 1.521123313903808594e+01
8.436000000000000000e+03 1.592040729522705078e+01
8.438000000000000000e+03 1.829177284240722656e+01
8.440000000000000000e+03 1.603085517883300781e+01
8.442000000000000000e+03 1.559264659881591797e+01
8.444000000000000000e+03 1.316901683807373047e+01
8.446000000000000000e+03 1.455368709564208984e+01
8.448000000000000000e+03 1.467429351806640625e+01
8.450000000000000000e+03 1.473426342010498047e+01
8.452000000000000000e+03 1.846826744079589844e+01
8.454000000000000000e+03 1.805480384826660156e+01
8.456000000000000000e+03 1.607316207885742188e+01
8.458000000000000000e+03 1.661991500854492188e+01
8.460000000000000000e+03 1.733025360107421875e+01
8.462000000000000000e+03 1.803673553466796875e+01
8.464000000000000000e+03 1.950116729736328125e+01
8.466000000000000000e+03 1.789513015747070312e+01
8.468000000000000000e+03 1.927516555786132812e+01
8.470000000000000000e+03 2.112630653381347656e+01
8.472000000000000000e+03 1.934616279602050781e+01
8.474000000000000000e+03 1.904868698120117188e+01
8.476000000000000000e+03 1.821346664428710938e+01
8.478000000000000000e+03 1.784646415710449219e+01
8.480000000000000000e+03 1.711594581604003906e+01
8.482000000000000000e+03 1.642105484008789062e+01
8.484000000000000000e+03 1.517059421539306641e+01
8.486000000000000000e+03 1.716007804870605469e+01
8.488000000000000000e+03 1.907796096801757812e+01
8.490000000000000000e+03 2.205073547363281250e+01
8.492000000000000000e+03 1.816168022155761719e+01
8.494000000000000000e+03 1.845027160644531250e+01
8.496000000000000000e+03 1.625954437255859375e+01
8.498000000000000000e+03 1.975555038452148438e+01
8.500000000000000000e+03 1.748201751708984375e+01
8.502000000000000000e+03 1.747424888610839844e+01
8.504000000000000000e+03 1.524698352813720703e+01
8.506000000000000000e+03 1.306073474884033203e+01
8.508000000000000000e+03 1.348706912994384766e+01
8.510000000000000000e+03 1.159749126434326172e+01
8.512000000000000000e+03 9.731363296508789062e+00
8.514000000000000000e+03 1.246918582916259766e+01
8.516000000000000000e+03 1.393310928344726562e+01
8.518000000000000000e+03 1.563776016235351562e+01
8.520000000000000000e+03 1.276595020294189453e+01
8.522000000000000000e+03 1.693683242797851562e+01
8.524000000000000000e+03 1.484903144836425781e+01
8.526000000000000000e+03 1.580092048645019531e+01
8.528000000000000000e+03 1.553193092346191406e+01
8.530000000000000000e+03 1.774332237243652344e+01
8.532000000000000000e+03 1.640683937072753906e+01
8.534000000000000000e+03 1.654924774169921875e+01
8.536000000000000000e+03 1.809269905090332031e+01
8.538000000000000000e+03 1.873486328125000000e+01
8.540000000000000000e+03 1.740026664733886719e+01
8.542000000000000000e+03 1.514494609832763672e+01
8.544000000000000000e+03 1.293924045562744141e+01
8.546000000000000000e+03 1.716184997558593750e+01
8.548000000000000000e+03 1.107938194274902344e+01
8.550000000000000000e+03 1.456761550903320312e+01
8.552000000000000000e+03 1.605380249023437500e+01
8.554000000000000000e+03 1.704759216308593750e+01
8.556000000000000000e+03 1.777123641967773438e+01
8.558000000000000000e+03 1.840966606140136719e+01
8.560000000000000000e+03 1.978964614868164062e+01
8.562000000000000000e+03 1.996092414855957031e+01
8.564000000000000000e+03 2.184151649475097656e+01
8.566000000000000000e+03 1.763975143432617188e+01
8.568000000000000000e+03 1.609970092773437500e+01
8.570000000000000000e+03 1.665845870971679688e+01
8.572000000000000000e+03 1.675039100646972656e+01
8.574000000000000000e+03 1.442928504943847656e+01
8.576000000000000000e+03 1.270649242401123047e+01
8.578000000000000000e+03 1.532061672210693359e+01
8.580000000000000000e+03 1.213603305816650391e+01
8.582000000000000000e+03 1.410544204711914062e+01
8.584000000000000000e+03 1.667086029052734375e+01
8.586000000000000000e+03 1.686805152893066406e+01
8.588000000000000000e+03 2.037244033813476562e+01
8.590000000000000000e+03 1.764771652221679688e+01
8.592000000000000000e+03 1.836819839477539062e+01
8.594000000000000000e+03 1.677690315246582031e+01
8.596000000000000000e+03 1.369123363494873047e+01
8.598000000000000000e+03 1.477014350891113281e+01
8.600000000000000000e+03 1.712408065795898438e+01
8.602000000000000000e+03 1.847454833984375000e+01
8.604000000000000000e+03 1.822728538513183594e+01
8.606000000000000000e+03 1.696628761291503906e+01
8.608000000000000000e+03 1.563003349304199219e+01
8.610000000000000000e+03 1.508512210845947266e+01
8.612000000000000000e+03 1.734154891967773438e+01
8.614000000000000000e+03 1.743699836730957031e+01
8.616000000000000000e+03 2.088170623779296875e+01
8.618000000000000000e+03 2.336240386962890625e+01
8.620000000000000000e+03 2.222400665283203125e+01
8.622000000000000000e+03 2.298314476013183594e+01
8.624000000000000000e+03 2.381974601745605469e+01
8.626000000000000000e+03 2.021163940429687500e+01
8.628000000000000000e+03 2.165790939331054688e+01
8.630000000000000000e+03 2.314420127868652344e+01
8.632000000000000000e+03 2.122159385681152344e+01
8.634000000000000000e+03 2.008324623107910156e+01
8.636000000000000000e+03 1.847502899169921875e+01
8.638000000000000000e+03 1.751029968261718750e+01
8.640000000000000000e+03 1.615709877014160156e+01
8.642000000000000000e+03 1.421612548828125000e+01
8.644000000000000000e+03 1.451495456695556641e+01
8.646000000000000000e+03 1.293255138397216797e+01
8.648000000000000000e+03 1.709725952148437500e+01
8.650000000000000000e+03 1.371227264404296875e+01
8.652000000000000000e+03 1.191459560394287109e+01
8.654000000000000000e+03 1.489765644073486328e+01
8.656000000000000000e+03 1.485075473785400391e+01
8.658000000000000000e+03 1.610969161987304688e+01
8.660000000000000000e+03 1.912130165100097656e+01
8.662000000000000000e+03 1.941630935668945312e+01
8.664000000000000000e+03 2.201395988464355469e+01
8.666000000000000000e+03 2.010847282409667969e+01
8.668000000000000000e+03 2.095146751403808594e+01
8.670000000000000000e+03 2.202497482299804688e+01
8.672000000000000000e+03 2.264806365966796875e+01
8.674000000000000000e+03 2.001189041137695312e+01
8.676000000000000000e+03 2.015283012390136719e+01
8.678000000000000000e+03 2.025396347045898438e+01
8.680000000000000000e+03 1.986403656005859375e+01
8.682000000000000000e+03 1.916203308105468750e+01
8.684000000000000000e+03 1.619007873535156250e+01
8.686000000000000000e+03 1.591159343719482422e+01
8.688000000000000000e+03 1.922228431701660156e+01
8.690000000000000000e+03 2.089417648315429688e+01
8.692000000000000000e+03 1.752602005004882812e+01
8.694000000000000000e+03 1.698663520812988281e+01
8.696000000000000000e+03 1.711922073364257812e+01
8.698000000000000000e+03 1.502791213989257812e+01
8.700000000000000000e+03 1.612469863891601562e+01
8.702000000000000000e+03 1.385951995849609375e+01
8.704000000000000000e+03 1.166127204895019531e+01
8.706000000000000000e+03 1.351978778839111328e+01
8.708000000000000000e+03 1.056377506256103516e+01
8.710000000000000000e+03 1.134433746337890625e+01
8.712000000000000000e+03 1.560784626007080078e+01
8.714000000000000000e+03 1.583756923675537109e+01
8.716000000000000000e+03 1.705320739746093750e+01
8.718000000000000000e+03 1.643221855163574219e+01
8.720000000000000000e+03 1.572268486022949219e+01
8.722000000000000000e+03 1.586645889282226562e+01
8.724000000000000000e+03 1.580673694610595703e+01
8.726000000000000000e+03 1.262860012054443359e+01
8.728000000000000000e+03 1.103910827636718750e+01
8.730000000000000000e+03 1.110752868652343750e+01
8.732000000000000000e+03 8.525495529174804688e+00
8.734000000000000000e+03 1.277152442932128906e+01
8.736000000000000000e+03 1.135192298889160156e+01
8.738000000000000000e+03 1.087540435791015625e+01
8.740000000000000000e+03 9.473251342773437500e+00
8.742000000000000000e+03 1.067920398712158203e+01
8.744000000000000000e+03 1.129076194763183594e+01
8.746000000000000000e+03 1.419776248931884766e+01
8.748000000000000000e+03 1.570620536804199219e+01
8.750000000000000000e+03 1.698012924194335938e+01
8.752000000000000000e+03 1.608752632141113281e+01
8.754000000000000000e+03 1.709902381896972656e+01
8.756000000000000000e+03 1.388048934936523438e+01
8.758000000000000000e+03 1.408523082733154297e+01
8.760000000000000000e+03 1.277552700042724609e+01
8.762000000000000000e+03 1.093338680267333984e+01
8.764000000000000000e+03 1.329181766510009766e+01
8.766000000000000000e+03 1.455551528930664062e+01
8.768000000000000000e+03 1.340068340301513672e+01
8.770000000000000000e+03 1.107194995880126953e+01
8.772000000000000000e+03 1.253368473052978516e+01
8.774000000000000000e+03 1.092498588562011719e+01
8.776000000000000000e+03 9.721987724304199219e+00
8.778000000000000000e+03 6.649068832397460938e+00
8.780000000000000000e+03 8.505435943603515625e+00
8.782000000000000000e+03 1.014639091491699219e+01
8.784000000000000000e+03 1.155669593811035156e+01
8.786000000000000000e+03 1.175172805786132812e+01
8.788000000000000000e+03 1.209110927581787109e+01
8.790000000000000000e+03 1.186737632751464844e+01
8.792000000000000000e+03 1.496775245666503906e+01
8.794000000000000000e+03 1.461885643005371094e+01
8.796000000000000000e+03 1.571276187896728516e+01
8.798000000000000000e+03 1.760092353820800781e+01
8.800000000000000000e+03 1.652466964721679688e+01
8.802000000000000000e+03 1.640497779846191406e+01
8.804000000000000000e+03 1.772977256774902344e+01
8.806000000000000000e+03 1.497334384918212891e+01
8.808000000000000000e+03 1.555238533020019531e+01
8.810000000000000000e+03 1.620908737182617188e+01
8.812000000000000000e+03 1.820826148986816406e+01
8.814000000000000000e+03 1.499055767059326172e+01
8.816000000000000000e+03 1.055117511749267578e+01
8.818000000000000000e+03 1.265799903869628906e+01
8.820000000000000000e+03 9.024237632751464844e+00
8.822000000000000000e+03 7.978325366973876953e+00
8.824000000000000000e+03 8.849978446960449219e+00
8.826000000000000000e+03 9.742875099182128906e+00
8.828000000000000000e+03 9.205205917358398438e+00
8.830000000000000000e+03 1.011063194274902344e+01
8.832000000000000000e+03 8.151252746582031250e+00
8.834000000000000000e+03 1.286812114715576172e+01
8.836000000000000000e+03 1.190055942535400391e+01
8.838000000000000000e+03 1.193161773681640625e+01
8.840000000000000000e+03 1.151350975036621094e+01
8.842000000000000000e+03 7.920878410339355469e+00
8.844000000000000000e+03 9.994144439697265625e+00
8.846000000000000000e+03 8.495330810546875000e+00
8.848000000000000000e+03 1.230632400512695312e+01
8.850000000000000000e+03 1.350070858001708984e+01
8.852000000000000000e+03 1.445860671997070312e+01
8.854000000000000000e+03 1.531829071044921875e+01
8.856000000000000000e+03 1.367945766448974609e+01
8.858000000000000000e+03 1.248040485382080078e+01
8.860000000000000000e+03 1.264760017395019531e+01
8.862000000000000000e+03 1.278598213195800781e+01
8.864000000000000000e+03 1.265435028076171875e+01
8.866000000000000000e+03 1.167247200012207031e+01
8.868000000000000000e+03 1.355488586425781250e+01
8.870000000000000000e+03 1.233273315429687500e+01
8.872000000000000000e+03 1.612188720703125000e+01
8.874000000000000000e+03 1.319389438629150391e+01
8.876000000000000000e+03 1.532752799987792969e+01
8.878000000000000000e+03 1.258699989318847656e+01
8.880000000000000000e+03 1.218400478363037109e+01
8.882000000000000000e+03 1.347585010528564453e+01
8.884000000000000000e+03 1.642777824401855469e+01
8.886000000000000000e+03 1.303254413604736328e+01
8.888000000000000000e+03 1.367186355590820312e+01
8.890000000000000000e+03 1.805615615844726562e+01
8.892000000000000000e+03 1.558106994628906250e+01
8.894000000000000000e+03 1.810342407226562500e+01
8.896000000000000000e+03 1.920327377319335938e+01
8.898000000000000000e+03 1.728060531616210938e+01
8.900000000000000000e+03 1.932089614868164062e+01
8.902000000000000000e+03 2.057460975646972656e+01
8.904000000000000000e+03 1.823956108093261719e+01
8.906000000000000000e+03 1.725746154785156250e+01
8.908000000000000000e+03 1.642730140686035156e+01
8.910000000000000000e+03 1.658128738403320312e+01
8.912000000000000000e+03 1.967994689941406250e+01
8.914000000000000000e+03 2.140609931945800781e+01
8.916000000000000000e+03 2.009918212890625000e+01
8.918000000000000000e+03 2.127672958374023438e+01
8.920000000000000000e+03 1.595615386962890625e+01
8.922000000000000000e+03 1.841835021972656250e+01
8.924000000000000000e+03 1.571749973297119141e+01
8.926000000000000000e+03 1.583046340942382812e+01
8.928000000000000000e+03 1.622627639770507812e+01
8.930000000000000000e+03 1.613837051391601562e+01
8.932000000000000000e+03 1.518530273437500000e+01
8.934000000000000000e+03 1.675776863098144531e+01
8.936000000000000000e+03 1.522935104370117188e+01
8.938000000000000000e+03 1.486359405517578125e+01
8.940000000000000000e+03 1.755444335937500000e+01
8.942000000000000000e+03 1.987642478942871094e+01
8.944000000000000000e+03 2.130054664611816406e+01
8.946000000000000000e+03 2.060165786743164062e+01
8.948000000000000000e+03 2.105870246887207031e+01
8.950000000000000000e+03 2.011233329772949219e+01
8.952000000000000000e+03 1.960280418395996094e+01
8.954000000000000000e+03 2.305560302734375000e+01
8.956000000000000000e+03 2.007211494445800781e+01
8.958000000000000000e+03 1.961008071899414062e+01
8.960000000000000000e+03 1.972295951843261719e+01
8.962000000000000000e+03 2.149062919616699219e+01
8.964000000000000000e+03 2.181084060668945312e+01
8.966000000000000000e+03 2.115711784362792969e+01
8.968000000000000000e+03 2.118595123291015625e+01
8.970000000000000000e+03 1.880502700805664062e+01
8.972000000000000000e+03 1.889296150207519531e+01
8.974000000000000000e+03 1.882443618774414062e+01
8.976000000000000000e+03 1.723399353027343750e+01
8.978000000000000000e+03 1.896198081970214844e+01
8.980000000000000000e+03 2.039345169067382812e+01
8.982000000000000000e+03 2.058843612670898438e+01
8.984000000000000000e+03 2.236838722229003906e+01
8.986000000000000000e+03 2.402057075500488281e+01
8.988000000000000000e+03 2.422938346862792969e+01
8.990000000000000000e+03 1.902187728881835938e+01
8.992000000000000000e+03 1.784580039978027344e+01
8.994000000000000000e+03 1.680701828002929688e+01
8.996000000000000000e+03 1.771626853942871094e+01
8.998000000000000000e+03 1.778604507446289062e+01
9.000000000000000000e+03 1.536006546020507812e+01
9.002000000000000000e+03 1.364200496673583984e+01
9.004000000000000000e+03 1.197124576568603516e+01
9.006000000000000000e+03 1.385828590393066406e+01
9.008000000000000000e+03 1.499607658386230469e+01
9.010000000000000000e+03 1.501505088806152344e+01
9.012000000000000000e+03 1.430023002624511719e+01
9.014000000000000000e+03 1.158797645568847656e+01
9.016000000000000000e+03 8.649786949157714844e+00
9.018000000000000000e+03 8.630543708801269531e+00
9.020000000000000000e+03 8.952762603759765625e+00
9.022000000000000000e+03 1.333540344238281250e+01
9.024000000000000000e+03 1.067425251007080078e+01
9.026000000000000000e+03 9.630440711975097656e+00
9.028000000000000000e+03 1.108337974548339844e+01
9.030000000000000000e+03 1.238029193878173828e+01
9.032000000000000000e+03 1.326396656036376953e+01
9.034000000000000000e+03 1.487018775939941406e+01
9.036000000000000000e+03 1.289669513702392578e+01
9.038000000000000000e+03 1.463774681091308594e+01
9.040000000000000000e+03 1.336395931243896484e+01
9.042000000000000000e+03 1.297017097473144531e+01
9.044000000000000000e+03 1.401718235015869141e+01
9.046000000000000000e+03 1.372379398345947266e+01
9.048000000000000000e+03 1.246763515472412109e+01
9.050000000000000000e+03 1.425776481628417969e+01
9.052000000000000000e+03 1.535884666442871094e+01
9.054000000000000000e+03 1.498916625976562500e+01
9.056000000000000000e+03 1.297451591491699219e+01
9.058000000000000000e+03 1.608396530151367188e+01
9.060000000000000000e+03 1.425035190582275391e+01
9.062000000000000000e+03 1.079214477539062500e+01
9.064000000000000000e+03 7.833320617675781250e+00
9.066000000000000000e+03 1.034968090057373047e+01
9.068000000000000000e+03 1.377357387542724609e+01
9.070000000000000000e+03 1.523952484130859375e+01
9.072000000000000000e+03 1.681612014770507812e+01
9.074000000000000000e+03 1.596309947967529297e+01
9.076000000000000000e+03 1.952814674377441406e+01
9.078000000000000000e+03 2.140926551818847656e+01
9.080000000000000000e+03 1.821711921691894531e+01
9.082000000000000000e+03 1.892257690429687500e+01
9.084000000000000000e+03 1.756080436706542969e+01
9.086000000000000000e+03 1.898803520202636719e+01
9.088000000000000000e+03 1.944372558593750000e+01
9.090000000000000000e+03 1.995347595214843750e+01
9.092000000000000000e+03 2.046927642822265625e+01
9.094000000000000000e+03 1.912431716918945312e+01
9.096000000000000000e+03 2.030545806884765625e+01
9.098000000000000000e+03 2.201671028137207031e+01
9.100000000000000000e+03 2.196092605590820312e+01
9.102000000000000000e+03 2.311851882934570312e+01
9.104000000000000000e+03 2.340233612060546875e+01
9.106000000000000000e+03 2.066971206665039062e+01
9.108000000000000000e+03 2.027673149108886719e+01
9.110000000000000000e+03 1.952186775207519531e+01
9.112000000000000000e+03 1.844450950622558594e+01
9.114000000000000000e+03 1.688741874694824219e+01
9.116000000000000000e+03 1.661798286437988281e+01
9.118000000000000000e+03 1.579091167449951172e+01
9.120000000000000000e+03 1.675638961791992188e+01
9.122000000000000000e+03 1.527877521514892578e+01
9.124000000000000000e+03 1.558031177520751953e+01
9.126000000000000000e+03 1.594900035858154297e+01
9.128000000000000000e+03 1.492709159851074219e+01
9.130000000000000000e+03 1.791899490356445312e+01
9.132000000000000000e+03 1.778787612915039062e+01
9.134000000000000000e+03 1.917098236083984375e+01
9.136000000000000000e+03 1.688455581665039062e+01
9.138000000000000000e+03 1.571561908721923828e+01
9.140000000000000000e+03 1.488679790496826172e+01
9.142000000000000000e+03 1.368028450012207031e+01
9.144000000000000000e+03 1.229465293884277344e+01
9.146000000000000000e+03 1.232891368865966797e+01
9.148000000000000000e+03 1.031438446044921875e+01
9.150000000000000000e+03 8.457714080810546875e+00
9.152000000000000000e+03 8.568867683410644531e+00
9.154000000000000000e+03 9.753637313842773438e+00
9.156000000000000000e+03 1.494628047943115234e+01
9.158000000000000000e+03 1.357589435577392578e+01
9.160000000000000000e+03 1.471243476867675781e+01
9.162000000000000000e+03 1.553152275085449219e+01
9.164000000000000000e+03 1.736257743835449219e+01
9.166000000000000000e+03 1.680959320068359375e+01
9.168000000000000000e+03 1.642187118530273438e+01
9.170000000000000000e+03 1.593472671508789062e+01
9.172000000000000000e+03 1.118637180328369141e+01
9.174000000000000000e+03 1.471863555908203125e+01
9.176000000000000000e+03 1.661777877807617188e+01
9.178000000000000000e+03 1.632408523559570312e+01
9.180000000000000000e+03 1.551456546783447266e+01
9.182000000000000000e+03 1.788619422912597656e+01
9.184000000000000000e+03 2.027726936340332031e+01
9.186000000000000000e+03 1.990596199035644531e+01
9.188000000000000000e+03 1.853510665893554688e+01
9.190000000000000000e+03 1.435489654541015625e+01
9.192000000000000000e+03 1.641620826721191406e+01
9.194000000000000000e+03 1.830513572692871094e+01
9.196000000000000000e+03 1.806444549560546875e+01
9.198000000000000000e+03 1.738967895507812500e+01
9.200000000000000000e+03 1.448192691802978516e+01
9.202000000000000000e+03 1.383914756774902344e+01
9.204000000000000000e+03 1.245380496978759766e+01
9.206000000000000000e+03 1.188406181335449219e+01
9.208000000000000000e+03 1.108823204040527344e+01
9.210000000000000000e+03 1.059787845611572266e+01
9.212000000000000000e+03 1.120732498168945312e+01
9.214000000000000000e+03 1.155199146270751953e+01
9.216000000000000000e+03 1.267838573455810547e+01
9.218000000000000000e+03 1.134661388397216797e+01
9.220000000000000000e+03 1.380645179748535156e+01
9.222000000000000000e+03 1.327433967590332031e+01
9.224000000000000000e+03 1.491869449615478516e+01
9.226000000000000000e+03 1.669343948364257812e+01
9.228000000000000000e+03 1.513651657104492188e+01
9.230000000000000000e+03 1.798186111450195312e+01
9.232000000000000000e+03 1.876080513000488281e+01
9.234000000000000000e+03 1.957077026367187500e+01
9.236000000000000000e+03 1.679135322570800781e+01
9.238000000000000000e+03 1.808639144897460938e+01
9.240000000000000000e+03 1.890719413757324219e+01
9.242000000000000000e+03 1.763825607299804688e+01
9.244000000000000000e+03 1.511565589904785156e+01
9.246000000000000000e+03 1.782890892028808594e+01
9.248000000000000000e+03 1.588203430175781250e+01
9.250000000000000000e+03 1.759773826599121094e+01
9.252000000000000000e+03 1.689663124084472656e+01
9.254000000000000000e+03 1.655492973327636719e+01
9.256000000000000000e+03 1.653566169738769531e+01
9.258000000000000000e+03 1.590141487121582031e+01
9.260000000000000000e+03 1.548270797729492188e+01
9.262000000000000000e+03 1.376008129119873047e+01
9.264000000000000000e+03 1.474289989471435547e+01
9.266000000000000000e+03 1.135488700866699219e+01
9.268000000000000000e+03 9.377158164978027344e+00
9.270000000000000000e+03 1.115981578826904297e+01
9.272000000000000000e+03 1.258304214477539062e+01
9.274000000000000000e+03 1.475685596466064453e+01
9.276000000000000000e+03 1.616586875915527344e+01
9.278000000000000000e+03 1.681186676025390625e+01
9.280000000000000000e+03 1.586913490295410156e+01
9.282000000000000000e+03 1.804501724243164062e+01
9.284000000000000000e+03 1.736123847961425781e+01
9.286000000000000000e+03 1.912123680114746094e+01
9.288000000000000000e+03 1.883256530761718750e+01
9.290000000000000000e+03 1.965146636962890625e+01
9.292000000000000000e+03 1.783492088317871094e+01
9.294000000000000000e+03 1.699314689636230469e+01
9.296000000000000000e+03 1.796171379089355469e+01
9.298000000000000000e+03 1.690578269958496094e+01
9.300000000000000000e+03 1.758177757263183594e+01
9.302000000000000000e+03 1.738708496093750000e+01
9.304000000000000000e+03 1.397567272186279297e+01
9.306000000000000000e+03 1.801543045043945312e+01
9.308000000000000000e+03 1.929482841491699219e+01
9.310000000000000000e+03 1.994282913208007812e+01
9.312000000000000000e+03 1.711589431762695312e+01
9.314000000000000000e+03 1.697034454345703125e+01
9.316000000000000000e+03 1.144662666320800781e+01
9.318000000000000000e+03 1.377017402648925781e+01
9.320000000000000000e+03 1.376098918914794922e+01
9.322000000000000000e+03 1.197700214385986328e+01
9.324000000000000000e+03 1.377214336395263672e+01
9.326000000000000000e+03 1.165841484069824219e+01
9.328000000000000000e+03 1.010236167907714844e+01
9.330000000000000000e+03 1.212096118927001953e+01
9.332000000000000000e+03 1.541519546508789062e+01
9.334000000000000000e+03 1.797548484802246094e+01
9.336000000000000000e+03 1.708786773681640625e+01
9.338000000000000000e+03 1.743007087707519531e+01
9.340000000000000000e+03 1.802106094360351562e+01
9.342000000000000000e+03 1.835857582092285156e+01
9.344000000000000000e+03 1.547044277191162109e+01
9.346000000000000000e+03 1.688404655456542969e+01
9.348000000000000000e+03 1.825641441345214844e+01
9.350000000000000000e+03 1.532158946990966797e+01
9.352000000000000000e+03 1.539203929901123047e+01
9.354000000000000000e+03 1.420238113403320312e+01
9.356000000000000000e+03 1.449134540557861328e+01
9.358000000000000000e+03 1.347863864898681641e+01
9.360000000000000000e+03 1.565940380096435547e+01
9.362000000000000000e+03 1.566362094879150391e+01
9.364000000000000000e+03 1.412733936309814453e+01
9.366000000000000000e+03 1.245537757873535156e+01
9.368000000000000000e+03 1.150726890563964844e+01
9.370000000000000000e+03 1.484904098510742188e+01
9.372000000000000000e+03 1.258163928985595703e+01
9.374000000000000000e+03 1.010866451263427734e+01
9.376000000000000000e+03 9.437354087829589844e+00
9.378000000000000000e+03 1.033677864074707031e+01
9.380000000000000000e+03 9.164114952087402344e+00
9.382000000000000000e+03 9.003678321838378906e+00
9.384000000000000000e+03 8.677747726440429688e+00
9.386000000000000000e+03 1.250966930389404297e+01
9.388000000000000000e+03 1.325322914123535156e+01
9.390000000000000000e+03 1.312614059448242188e+01
9.392000000000000000e+03 1.433640766143798828e+01
9.394000000000000000e+03 1.380988407135009766e+01
9.396000000000000000e+03 1.409630298614501953e+01
9.398000000000000000e+03 1.451158046722412109e+01
9.400000000000000000e+03 1.199474239349365234e+01
9.402000000000000000e+03 1.424246311187744141e+01
9.404000000000000000e+03 1.551249313354492188e+01
9.406000000000000000e+03 1.558012294769287109e+01
9.408000000000000000e+03 1.470222568511962891e+01
9.410000000000000000e+03 1.537567138671875000e+01
9.412000000000000000e+03 1.468346786499023438e+01
9.414000000000000000e+03 1.449646377563476562e+01
9.416000000000000000e+03 1.611969566345214844e+01
9.418000000000000000e+03 1.965677642822265625e+01
9.420000000000000000e+03 2.081180000305175781e+01
9.422000000000000000e+03 1.894215774536132812e+01
9.424000000000000000e+03 1.665865707397460938e+01
9.426000000000000000e+03 1.045170783996582031e+01
9.428000000000000000e+03 1.015197563171386719e+01
9.430000000000000000e+03 9.829676628112792969e+00
9.432000000000000000e+03 1.424379634857177734e+01
9.434000000000000000e+03 1.134749507904052734e+01
9.436000000000000000e+03 1.038504314422607422e+01
9.438000000000000000e+03 8.255458831787109375e+00
9.440000000000000000e+03 9.737890243530273438e+00
9.442000000000000000e+03 1.440427112579345703e+01
9.444000000000000000e+03 1.234804058074951172e+01
9.446000000000000000e+03 1.472188377380371094e+01
9.448000000000000000e+03 1.578050994873046875e+01
9.450000000000000000e+03 1.624031066894531250e+01
9.452000000000000000e+03 1.575585365295410156e+01
9.454000000000000000e+03 1.750564384460449219e+01
9.456000000000000000e+03 1.865148925781250000e+01
9.458000000000000000e+03 1.594234466552734375e+01
9.460000000000000000e+03 1.786439514160156250e+01
9.462000000000000000e+03 1.804276847839355469e+01
9.464000000000000000e+03 2.215483093261718750e+01
9.466000000000000000e+03 2.231413650512695312e+01
9.468000000000000000e+03 2.068161010742187500e+01
9.470000000000000000e+03 1.830966758728027344e+01
9.472000000000000000e+03 2.031560516357421875e+01
9.474000000000000000e+03 2.020714187622070312e+01
9.476000000000000000e+03 2.266082572937011719e+01
9.478000000000000000e+03 2.223473167419433594e+01
9.480000000000000000e+03 2.211475944519042969e+01
9.482000000000000000e+03 2.235928153991699219e+01
9.484000000000000000e+03 2.362915039062500000e+01
9.486000000000000000e+03 2.191562271118164062e+01
9.488000000000000000e+03 2.105351257324218750e+01
9.490000000000000000e+03 2.173997306823730469e+01
9.492000000000000000e+03 2.288909339904785156e+01
9.494000000000000000e+03 2.225506210327148438e+01
9.496000000000000000e+03 2.169327163696289062e+01
9.498000000000000000e+03 2.239213371276855469e+01
9.500000000000000000e+03 2.137281417846679688e+01
9.502000000000000000e+03 2.267541313171386719e+01
9.504000000000000000e+03 2.300641632080078125e+01
9.506000000000000000e+03 2.338095855712890625e+01
9.508000000000000000e+03 2.185083007812500000e+01
9.510000000000000000e+03 2.180682754516601562e+01
9.512000000000000000e+03 2.127781677246093750e+01
9.514000000000000000e+03 1.889210891723632812e+01
9.516000000000000000e+03 2.030114555358886719e+01
9.518000000000000000e+03 1.981954765319824219e+01
9.520000000000000000e+03 1.855577278137207031e+01
9.522000000000000000e+03 2.188794708251953125e+01
9.524000000000000000e+03 2.002303314208984375e+01
9.526000000000000000e+03 2.013881683349609375e+01
9.528000000000000000e+03 2.076701354980468750e+01
9.530000000000000000e+03 1.903435516357421875e+01
9.532000000000000000e+03 1.617890548706054688e+01
9.534000000000000000e+03 1.586964702606201172e+01
9.536000000000000000e+03 1.277532291412353516e+01
9.538000000000000000e+03 1.611487197875976562e+01
9.540000000000000000e+03 1.529389667510986328e+01
9.542000000000000000e+03 1.657182312011718750e+01
9.544000000000000000e+03 1.942051124572753906e+01
9.546000000000000000e+03 1.763926315307617188e+01
9.548000000000000000e+03 1.602635955810546875e+01
9.550000000000000000e+03 1.451549530029296875e+01
9.552000000000000000e+03 1.355705356597900391e+01
9.554000000000000000e+03 1.201245212554931641e+01
9.556000000000000000e+03 1.365419292449951172e+01
9.558000000000000000e+03 1.605681610107421875e+01
9.560000000000000000e+03 1.324384689331054688e+01
9.562000000000000000e+03 1.541348838806152344e+01
9.564000000000000000e+03 1.772129631042480469e+01
9.566000000000000000e+03 1.449623012542724609e+01
9.568000000000000000e+03 1.680690574645996094e+01
9.570000000000000000e+03 1.680341720581054688e+01
9.572000000000000000e+03 1.649023056030273438e+01
9.574000000000000000e+03 2.019470787048339844e+01
9.576000000000000000e+03 1.950696182250976562e+01
9.578000000000000000e+03 2.017125129699707031e+01
9.580000000000000000e+03 2.065728569030761719e+01
9.582000000000000000e+03 1.959425926208496094e+01
9.584000000000000000e+03 2.024364662170410156e+01
9.586000000000000000e+03 1.923339653015136719e+01
9.588000000000000000e+03 2.061644744873046875e+01
9.590000000000000000e+03 1.939771080017089844e+01
9.592000000000000000e+03 1.718631362915039062e+01
9.594000000000000000e+03 1.977925682067871094e+01
9.596000000000000000e+03 1.902246665954589844e+01
9.598000000000000000e+03 1.932675170898437500e+01
9.600000000000000000e+03 1.664371681213378906e+01
9.602000000000000000e+03 1.886387443542480469e+01
9.604000000000000000e+03 2.070827674865722656e+01
9.606000000000000000e+03 1.734582710266113281e+01
9.608000000000000000e+03 1.614588546752929688e+01
9.610000000000000000e+03 1.673348236083984375e+01
9.612000000000000000e+03 1.619637298583984375e+01
9.614000000000000000e+03 1.416771411895751953e+01
9.616000000000000000e+03 1.394725418090820312e+01
9.618000000000000000e+03 1.410409545898437500e+01
9.620000000000000000e+03 1.211785316467285156e+01
9.622000000000000000e+03 1.630784606933593750e+01
9.624000000000000000e+03 1.728071403503417969e+01
9.626000000000000000e+03 1.991575431823730469e+01
9.628000000000000000e+03 1.967732429504394531e+01
9.630000000000000000e+03 1.969547271728515625e+01
9.632000000000000000e+03 1.832102775573730469e+01
9.634000000000000000e+03 1.530053901672363281e+01
9.636000000000000000e+03 1.634798240661621094e+01
9.638000000000000000e+03 1.778806495666503906e+01
9.640000000000000000e+03 1.593727111816406250e+01
9.642000000000000000e+03 1.726489830017089844e+01
9.644000000000000000e+03 1.844712066650390625e+01
9.646000000000000000e+03 1.665085220336914062e+01
9.648000000000000000e+03 1.785338211059570312e+01
9.650000000000000000e+03 1.767671203613281250e+01
9.652000000000000000e+03 1.632418441772460938e+01
9.654000000000000000e+03 1.392022800445556641e+01
9.656000000000000000e+03 1.295705509185791016e+01
9.658000000000000000e+03 1.101283359527587891e+01
9.660000000000000000e+03 1.335609912872314453e+01
9.662000000000000000e+03 1.435407257080078125e+01
9.664000000000000000e+03 1.521279144287109375e+01
9.666000000000000000e+03 1.779605102539062500e+01
9.668000000000000000e+03 1.848734092712402344e+01
9.670000000000000000e+03 1.714093971252441406e+01
9.672000000000000000e+03 1.597521305084228516e+01
9.674000000000000000e+03 1.428308868408203125e+01
9.676000000000000000e+03 1.810154724121093750e+01
9.678000000000000000e+03 1.717153358459472656e+01
9.680000000000000000e+03 1.856799125671386719e+01
9.682000000000000000e+03 1.919032478332519531e+01
9.684000000000000000e+03 1.663986206054687500e+01
9.686000000000000000e+03 1.564513683319091797e+01
9.688000000000000000e+03 1.593147563934326172e+01
9.690000000000000000e+03 1.530810260772705078e+01
9.692000000000000000e+03 1.685890769958496094e+01
9.694000000000000000e+03 1.715263748168945312e+01
9.696000000000000000e+03 1.550689029693603516e+01
9.698000000000000000e+03 1.717580223083496094e+01
9.700000000000000000e+03 1.635924530029296875e+01
9.702000000000000000e+03 1.451341819763183594e+01
9.704000000000000000e+03 1.415144538879394531e+01
9.706000000000000000e+03 1.460056018829345703e+01
9.708000000000000000e+03 1.308788394927978516e+01
9.710000000000000000e+03 1.421945953369140625e+01
9.712000000000000000e+03 1.168352603912353516e+01
9.714000000000000000e+03 1.208052730560302734e+01
9.716000000000000000e+03 1.673613357543945312e+01
9.718000000000000000e+03 1.501071453094482422e+01
9.720000000000000000e+03 1.196500873565673828e+01
9.722000000000000000e+03 1.287664985656738281e+01
9.724000000000000000e+03 1.625724220275878906e+01
9.726000000000000000e+03 1.692247772216796875e+01
9.728000000000000000e+03 1.565489578247070312e+01
9.730000000000000000e+03 1.705858421325683594e+01
9.732000000000000000e+03 1.772469711303710938e+01
9.734000000000000000e+03 1.741458129882812500e+01
9.736000000000000000e+03 1.827793884277343750e+01
9.738000000000000000e+03 1.799230384826660156e+01
9.740000000000000000e+03 1.852317047119140625e+01
9.742000000000000000e+03 2.030895423889160156e+01
9.744000000000000000e+03 1.244969558715820312e+01
9.746000000000000000e+03 1.197428131103515625e+01
9.748000000000000000e+03 1.251335620880126953e+01
9.750000000000000000e+03 1.010842227935791016e+01
9.752000000000000000e+03 1.130180931091308594e+01
9.754000000000000000e+03 7.727107524871826172e+00
9.756000000000000000e+03 8.515169143676757812e+00
9.758000000000000000e+03 1.095331001281738281e+01
9.760000000000000000e+03 1.329183673858642578e+01
9.762000000000000000e+03 1.588956642150878906e+01
9.764000000000000000e+03 1.552070331573486328e+01
9.766000000000000000e+03 1.338424205780029297e+01
9.768000000000000000e+03 1.406543922424316406e+01
9.770000000000000000e+03 1.592772006988525391e+01
9.772000000000000000e+03 1.587724971771240234e+01
9.774000000000000000e+03 1.647914505004882812e+01
9.776000000000000000e+03 1.700308799743652344e+01
9.778000000000000000e+03 1.567615604400634766e+01
9.780000000000000000e+03 1.644163894653320312e+01
9.782000000000000000e+03 1.521110439300537109e+01
9.784000000000000000e+03 1.136542129516601562e+01
9.786000000000000000e+03 1.368881416320800781e+01
9.788000000000000000e+03 1.018683052062988281e+01
9.790000000000000000e+03 1.094432640075683594e+01
9.792000000000000000e+03 1.481947612762451172e+01
9.794000000000000000e+03 1.393873786926269531e+01
9.796000000000000000e+03 1.102276706695556641e+01
9.798000000000000000e+03 1.990649032592773438e+01
9.800000000000000000e+03 2.222843360900878906e+01
9.802000000000000000e+03 1.719185447692871094e+01
9.804000000000000000e+03 1.893634223937988281e+01
9.806000000000000000e+03 1.768534278869628906e+01
9.808000000000000000e+03 1.922596168518066406e+01
9.810000000000000000e+03 2.007527160644531250e+01
9.812000000000000000e+03 2.074314117431640625e+01
9.814000000000000000e+03 1.922842597961425781e+01
9.816000000000000000e+03 1.691525840759277344e+01
9.818000000000000000e+03 1.654895782470703125e+01
9.820000000000000000e+03 1.639164543151855469e+01
9.822000000000000000e+03 1.856899070739746094e+01
9.824000000000000000e+03 1.989655685424804688e+01
9.826000000000000000e+03 1.991136741638183594e+01
9.828000000000000000e+03 1.770408821105957031e+01
9.830000000000000000e+03 1.752083015441894531e+01
9.832000000000000000e+03 1.705798530578613281e+01
9.834000000000000000e+03 1.708370018005371094e+01
9.836000000000000000e+03 1.651508331298828125e+01
9.838000000000000000e+03 1.668293762207031250e+01
9.840000000000000000e+03 1.814196586608886719e+01
9.842000000000000000e+03 1.709970283508300781e+01
9.844000000000000000e+03 1.948449325561523438e+01
9.846000000000000000e+03 1.975580406188964844e+01
9.848000000000000000e+03 1.937016868591308594e+01
9.850000000000000000e+03 1.957008552551269531e+01
9.852000000000000000e+03 1.994236755371093750e+01
9.854000000000000000e+03 1.830499458312988281e+01
9.856000000000000000e+03 2.051824760437011719e+01
9.858000000000000000e+03 2.048574829101562500e+01
9.860000000000000000e+03 1.585247039794921875e+01
9.862000000000000000e+03 1.500384712219238281e+01
9.864000000000000000e+03 1.331011295318603516e+01
9.866000000000000000e+03 1.518949031829833984e+01
9.868000000000000000e+03 1.664823341369628906e+01
9.870000000000000000e+03 1.710219955444335938e+01
9.872000000000000000e+03 1.797773933410644531e+01
9.874000000000000000e+03 1.803738594055175781e+01
9.876000000000000000e+03 1.758081436157226562e+01
9.878000000000000000e+03 1.635692024230957031e+01
9.880000000000000000e+03 1.518253326416015625e+01
9.882000000000000000e+03 1.853727149963378906e+01
9.884000000000000000e+03 1.290050697326660156e+01
9.886000000000000000e+03 1.269037818908691406e+01
9.888000000000000000e+03 1.448536872863769531e+01
9.890000000000000000e+03 1.274048805236816406e+01
9.892000000000000000e+03 1.518187141418457031e+01
9.894000000000000000e+03 1.493217277526855469e+01
9.896000000000000000e+03 1.835322380065917969e+01
9.898000000000000000e+03 1.866948890686035156e+01
9.900000000000000000e+03 2.040865898132324219e+01
9.902000000000000000e+03 1.742666244506835938e+01
9.904000000000000000e+03 1.696130371093750000e+01
9.906000000000000000e+03 1.663436698913574219e+01
9.908000000000000000e+03 1.769799423217773438e+01
9.910000000000000000e+03 1.818527793884277344e+01
9.912000000000000000e+03 1.897706985473632812e+01
9.914000000000000000e+03 1.797984313964843750e+01
9.916000000000000000e+03 1.623321914672851562e+01
9.918000000000000000e+03 1.681166076660156250e+01
9.920000000000000000e+03 1.687844085693359375e+01
9.922000000000000000e+03 1.466320991516113281e+01
9.924000000000000000e+03 1.485114765167236328e+01
9.926000000000000000e+03 1.445975589752197266e+01
9.928000000000000000e+03 1.426143169403076172e+01
9.930000000000000000e+03 1.412181186676025391e+01
9.932000000000000000e+03 1.496648216247558594e+01
9.934000000000000000e+03 1.423496055603027344e+01
9.936000000000000000e+03 1.498056697845458984e+01
9.938000000000000000e+03 1.592794132232666016e+01
9.940000000000000000e+03 1.487258625030517578e+01
9.942000000000000000e+03 1.411849021911621094e+01
9.944000000000000000e+03 1.405484580993652344e+01
9.946000000000000000e+03 1.481732940673828125e+01
9.948000000000000000e+03 1.853856277465820312e+01
9.950000000000000000e+03 1.851045608520507812e+01
9.952000000000000000e+03 1.741343688964843750e+01
9.954000000000000000e+03 1.590227603912353516e+01
9.956000000000000000e+03 1.323989105224609375e+01
9.958000000000000000e+03 1.645280075073242188e+01
9.960000000000000000e+03 1.897451210021972656e+01
9.962000000000000000e+03 2.052571296691894531e+01
9.964000000000000000e+03 2.129956436157226562e+01
9.966000000000000000e+03 1.695065879821777344e+01
9.968000000000000000e+03 1.680976486206054688e+01
9.970000000000000000e+03 1.562839126586914062e+01
9.972000000000000000e+03 1.607747840881347656e+01
9.974000000000000000e+03 1.552416801452636719e+01
9.976000000000000000e+03 1.696463775634765625e+01
9.978000000000000000e+03 1.522709846496582031e+01
9.980000000000000000e+03 1.577804183959960938e+01
9.982000000000000000e+03 1.693538665771484375e+01
9.984000000000000000e+03 1.704563331604003906e+01
9.986000000000000000e+03 1.558283138275146484e+01
9.988000000000000000e+03 1.963084030151367188e+01
9.990000000000000000e+03 1.582536411285400391e+01
9.992000000000000000e+03 1.694877815246582031e+01
9.994000000000000000e+03 1.862160682678222656e+01
9.996000000000000000e+03 1.998002052307128906e+01
9.998000000000000000e+03 1.982901573181152344e+01
1.000000000000000000e+04 2.039841270446777344e+01
