0.000000000000000000e+00 1.864126205444335938e+00
2.000000000000000000e+00 1.465020775794982910e+00
4.000000000000000000e+00 6.789139509201049805e-01
6.000000000000000000e+00 6.618180274963378906e-01
8.000000000000000000e+00 1.095245718955993652e+00
1.000000000000000000e+01 1.656706094741821289e+00
1.200000000000000000e+01 1.790564656257629395e+00
1.400000000000000000e+01 1.001053452491760254e+00
1.600000000000000000e+01 9.770852923393249512e-01
1.800000000000000000e+01 9.309956431388854980e-01
2.000000000000000000e+01 1.167617678642272949e+00
2.200000000000000000e+01 1.603870153427124023e+00
2.400000000000000000e+01 6.961174011230468750e-01
2.600000000000000000e+01 2.017294883728027344e+00
2.800000000000000000e+01 1.886612057685852051e+00
3.000000000000000000e+01 1.610611438751220703e+00
3.200000000000000000e+01 1.630438327789306641e+00
3.400000000000000000e+01 8.638993501663208008e-01
3.600000000000000000e+01 8.046547174453735352e-01
3.800000000000000000e+01 1.066949248313903809e+00
4.000000000000000000e+01 9.293961524963378906e-01
4.200000000000000000e+01 7.286249399185180664e-01
4.400000000000000000e+01 9.173330664634704590e-01
4.600000000000000000e+01 7.810967564582824707e-01
4.800000000000000000e+01 8.471658825874328613e-01
5.000000000000000000e+01 8.844055533409118652e-01
5.200000000000000000e+01 9.458446502685546875e-01
5.400000000000000000e+01 2.756978273391723633e-01
5.600000000000000000e+01 1.243088021874427795e-01
5.800000000000000000e+01 1.104595184326171875e+00
6.000000000000000000e+01 6.791566610336303711e-01
6.200000000000000000e+01 7.149911522865295410e-01
6.400000000000000000e+01 7.082113623619079590e-01
6.600000000000000000e+01 1.948071837425231934e+00
6.800000000000000000e+01 2.615556001663208008e+00
7.000000000000000000e+01 9.743476510047912598e-01
7.200000000000000000e+01 2.807014942169189453e+00
7.400000000000000000e+01 2.668080806732177734e+00
7.600000000000000000e+01 2.075369119644165039e+00
7.800000000000000000e+01 1.696568489074707031e+00
8.000000000000000000e+01 1.630109667778015137e+00
8.200000000000000000e+01 1.504759788513183594e+00
8.400000000000000000e+01 1.716716766357421875e+00
8.600000000000000000e+01 1.689740777015686035e+00
8.800000000000000000e+01 2.683799982070922852e+00
9.000000000000000000e+01 2.293013811111450195e+00
9.200000000000000000e+01 7.199968099594116211e-01
9.400000000000000000e+01 1.035376310348510742e+00
9.600000000000000000e+01 1.149338603019714355e+00
9.800000000000000000e+01 9.417037963867187500e-01
1.000000000000000000e+02 1.249314427375793457e+00
1.020000000000000000e+02 1.030797734856605530e-01
1.040000000000000000e+02 1.438573360443115234e+00
1.060000000000000000e+02 2.134980678558349609e+00
1.080000000000000000e+02 2.044443130493164062e+00
1.100000000000000000e+02 2.447604417800903320e+00
1.120000000000000000e+02 1.769923329353332520e+00
1.140000000000000000e+02 9.579011797904968262e-01
1.160000000000000000e+02 1.344548702239990234e+00
1.180000000000000000e+02 5.780632495880126953e-01
1.200000000000000000e+02 7.165786027908325195e-01
1.220000000000000000e+02 4.385668039321899414e-01
1.240000000000000000e+02 1.915280461311340332e+00
1.260000000000000000e+02 1.597155690193176270e+00
1.280000000000000000e+02 1.894908785820007324e+00
1.300000000000000000e+02 2.257902383804321289e+00
1.320000000000000000e+02 1.650586843490600586e+00
1.340000000000000000e+02 2.104945182800292969e+00
1.360000000000000000e+02 9.083201885223388672e-01
1.380000000000000000e+02 1.905564188957214355e+00
1.400000000000000000e+02 1.886269211769104004e+00
1.420000000000000000e+02 2.288324832916259766e+00
1.440000000000000000e+02 1.617243409156799316e+00
1.460000000000000000e+02 2.037392139434814453e+00
1.480000000000000000e+02 2.311953306198120117e+00
1.500000000000000000e+02 2.565134763717651367e+00
1.520000000000000000e+02 1.676546812057495117e+00
1.540000000000000000e+02 2.328226089477539062e+00
1.560000000000000000e+02 2.786768436431884766e+00
1.580000000000000000e+02 2.876744747161865234e+00
1.600000000000000000e+02 1.690743923187255859e+00
1.620000000000000000e+02 1.155219912528991699e+00
1.640000000000000000e+02 9.323173165321350098e-01
1.660000000000000000e+02 1.663215875625610352e+00
1.680000000000000000e+02 2.344969749450683594e+00
1.700000000000000000e+02 2.249474048614501953e+00
1.720000000000000000e+02 2.685439348220825195e+00
1.740000000000000000e+02 1.477735042572021484e+00
1.760000000000000000e+02 9.825183153152465820e-01
1.780000000000000000e+02 2.912969827651977539e+00
1.800000000000000000e+02 1.317025065422058105e+00
1.820000000000000000e+02 1.282822132110595703e+00
1.840000000000000000e+02 1.504738211631774902e+00
1.860000000000000000e+02 1.260337591171264648e+00
1.880000000000000000e+02 1.052628993988037109e+00
1.900000000000000000e+02 2.031432867050170898e+00
1.920000000000000000e+02 2.066929340362548828e+00
1.940000000000000000e+02 2.288685798645019531e+00
1.960000000000000000e+02 9.667438864707946777e-01
1.980000000000000000e+02 2.051133871078491211e+00
2.000000000000000000e+02 1.398588180541992188e+00
2.020000000000000000e+02 1.026430845260620117e+00
2.040000000000000000e+02 9.263854026794433594e-01
2.060000000000000000e+02 1.577387571334838867e+00
2.080000000000000000e+02 1.491554498672485352e+00
2.100000000000000000e+02 2.584345579147338867e+00
2.120000000000000000e+02 2.364031314849853516e+00
2.140000000000000000e+02 1.764083147048950195e+00
2.160000000000000000e+02 4.308271408081054688e-01
2.180000000000000000e+02 7.061660289764404297e-01
2.200000000000000000e+02 1.544342041015625000e+00
2.220000000000000000e+02 1.942347407341003418e+00
2.240000000000000000e+02 1.817106604576110840e+00
2.260000000000000000e+02 1.290087819099426270e+00
2.280000000000000000e+02 1.133267760276794434e+00
2.300000000000000000e+02 1.233951926231384277e+00
2.320000000000000000e+02 1.046421647071838379e+00
2.340000000000000000e+02 1.498027086257934570e+00
2.360000000000000000e+02 9.602690339088439941e-01
2.380000000000000000e+02 8.981431722640991211e-01
2.400000000000000000e+02 4.973489046096801758e-01
2.420000000000000000e+02 1.544271826744079590e+00
2.440000000000000000e+02 1.817749023437500000e+00
2.460000000000000000e+02 2.121669769287109375e+00
2.480000000000000000e+02 2.554310321807861328e+00
2.500000000000000000e+02 2.759839057922363281e+00
2.520000000000000000e+02 9.239953756332397461e-01
2.540000000000000000e+02 1.199253559112548828e+00
2.560000000000000000e+02 1.485035657882690430e+00
2.580000000000000000e+02 1.127958416938781738e+00
2.600000000000000000e+02 5.193157792091369629e-01
2.620000000000000000e+02 1.226908087730407715e+00
2.640000000000000000e+02 2.327648639678955078e+00
2.660000000000000000e+02 2.697310924530029297e+00
2.680000000000000000e+02 2.073490619659423828e+00
2.700000000000000000e+02 2.237425804138183594e+00
2.720000000000000000e+02 1.036518692970275879e+00
2.740000000000000000e+02 1.756349802017211914e+00
2.760000000000000000e+02 2.475656747817993164e+00
2.780000000000000000e+02 1.858983278274536133e+00
2.800000000000000000e+02 1.498163819313049316e+00
2.820000000000000000e+02 1.564202070236206055e+00
2.840000000000000000e+02 1.471504330635070801e+00
2.860000000000000000e+02 1.067671298980712891e+00
2.880000000000000000e+02 9.828082919120788574e-01
2.900000000000000000e+02 2.231913328170776367e+00
2.920000000000000000e+02 2.111256122589111328e+00
2.940000000000000000e+02 1.838801741600036621e+00
2.960000000000000000e+02 1.070102095603942871e+00
2.980000000000000000e+02 8.600995540618896484e-01
3.000000000000000000e+02 2.737703025341033936e-01
3.020000000000000000e+02 9.022338390350341797e-01
3.040000000000000000e+02 4.509566128253936768e-01
3.060000000000000000e+02 1.269558906555175781e+00
3.080000000000000000e+02 1.345312714576721191e+00
3.100000000000000000e+02 1.281901240348815918e+00
3.120000000000000000e+02 9.799978733062744141e-01
3.140000000000000000e+02 6.575414538383483887e-01
3.160000000000000000e+02 8.828827738761901855e-01
3.180000000000000000e+02 1.184183239936828613e+00
3.200000000000000000e+02 2.840043783187866211e+00
3.220000000000000000e+02 8.272224664688110352e-01
3.240000000000000000e+02 2.420122385025024414e+00
3.260000000000000000e+02 2.651121139526367188e+00
3.280000000000000000e+02 1.743451952934265137e+00
3.300000000000000000e+02 2.143782138824462891e+00
3.320000000000000000e+02 2.823448896408081055e+00
3.340000000000000000e+02 2.434478759765625000e+00
3.360000000000000000e+02 2.411164760589599609e+00
3.380000000000000000e+02 1.887470602989196777e+00
3.400000000000000000e+02 2.422888755798339844e+00
3.420000000000000000e+02 1.824931144714355469e+00
3.440000000000000000e+02 8.445644378662109375e-01
3.460000000000000000e+02 1.703207015991210938e+00
3.480000000000000000e+02 2.103258848190307617e+00
3.500000000000000000e+02 2.376133441925048828e+00
3.520000000000000000e+02 1.927731037139892578e+00
3.540000000000000000e+02 1.310542821884155273e+00
3.560000000000000000e+02 8.533698320388793945e-01
3.580000000000000000e+02 1.942883610725402832e+00
3.600000000000000000e+02 1.643307447433471680e+00
3.620000000000000000e+02 1.871494293212890625e+00
3.640000000000000000e+02 5.780631899833679199e-01
3.660000000000000000e+02 7.560730576515197754e-01
3.680000000000000000e+02 2.725336313247680664e+00
3.700000000000000000e+02 1.478320479393005371e+00
3.720000000000000000e+02 8.833802342414855957e-01
3.740000000000000000e+02 2.132088422775268555e+00
3.760000000000000000e+02 4.973489046096801758e-01
3.780000000000000000e+02 1.717441201210021973e+00
3.800000000000000000e+02 1.623588562011718750e+00
3.820000000000000000e+02 1.852070927619934082e+00
3.840000000000000000e+02 2.473223924636840820e+00
3.860000000000000000e+02 5.598946809768676758e-01
3.880000000000000000e+02 2.001028805971145630e-01
3.900000000000000000e+02 1.316537022590637207e+00
3.920000000000000000e+02 1.683401703834533691e+00
3.940000000000000000e+02 1.511216998100280762e+00
3.960000000000000000e+02 1.051581263542175293e+00
3.980000000000000000e+02 8.912731409072875977e-01
4.000000000000000000e+02 1.113412261009216309e+00
4.020000000000000000e+02 2.010353505611419678e-01
4.040000000000000000e+02 6.788058876991271973e-01
4.060000000000000000e+02 2.283349990844726562e+00
4.080000000000000000e+02 1.858769655227661133e+00
4.100000000000000000e+02 1.804909467697143555e+00
4.120000000000000000e+02 2.162466287612915039e+00
4.140000000000000000e+02 2.684376001358032227e+00
4.160000000000000000e+02 2.573462247848510742e+00
4.180000000000000000e+02 1.343481540679931641e+00
4.200000000000000000e+02 1.749808430671691895e+00
4.220000000000000000e+02 2.642320394515991211e+00
4.240000000000000000e+02 9.217665195465087891e-01
4.260000000000000000e+02 2.775641441345214844e+00
4.280000000000000000e+02 1.550958275794982910e+00
4.300000000000000000e+02 1.530980706214904785e+00
4.320000000000000000e+02 1.431372880935668945e+00
4.340000000000000000e+02 7.970681190490722656e-01
4.360000000000000000e+02 1.717386126518249512e+00
4.380000000000000000e+02 1.823486447334289551e+00
4.400000000000000000e+02 2.276253461837768555e+00
4.420000000000000000e+02 1.559043049812316895e+00
4.440000000000000000e+02 2.329716682434082031e+00
4.460000000000000000e+02 2.123212814331054688e+00
4.480000000000000000e+02 1.817841649055480957e+00
4.500000000000000000e+02 1.963520646095275879e+00
4.520000000000000000e+02 4.986327588558197021e-01
4.540000000000000000e+02 1.948817372322082520e-01
4.560000000000000000e+02 4.129473865032196045e-01
4.580000000000000000e+02 1.783843159675598145e+00
4.600000000000000000e+02 1.457857370376586914e+00
4.620000000000000000e+02 2.608033895492553711e+00
4.640000000000000000e+02 8.323515653610229492e-01
4.660000000000000000e+02 1.411527514457702637e+00
4.680000000000000000e+02 7.564891576766967773e-01
4.700000000000000000e+02 1.111204504966735840e+00
4.720000000000000000e+02 1.398225545883178711e+00
4.740000000000000000e+02 5.147038102149963379e-01
4.760000000000000000e+02 6.570903062820434570e-01
4.780000000000000000e+02 1.531083345413208008e+00
4.800000000000000000e+02 7.521575689315795898e-01
4.820000000000000000e+02 7.583243846893310547e-01
4.840000000000000000e+02 2.763111889362335205e-01
4.860000000000000000e+02 1.430856823921203613e+00
4.880000000000000000e+02 2.046267509460449219e+00
4.900000000000000000e+02 2.266990423202514648e+00
4.920000000000000000e+02 1.810285806655883789e+00
4.940000000000000000e+02 1.663422703742980957e+00
4.960000000000000000e+02 1.098221182823181152e+00
4.980000000000000000e+02 1.288729190826416016e+00
5.000000000000000000e+02 1.154016256332397461e+00
5.020000000000000000e+02 1.082965612411499023e+00
5.040000000000000000e+02 2.414166450500488281e+00
5.060000000000000000e+02 1.577428936958312988e+00
5.080000000000000000e+02 1.432131409645080566e+00
5.100000000000000000e+02 1.709588289260864258e+00
5.120000000000000000e+02 2.250638961791992188e+00
5.140000000000000000e+02 4.827339947223663330e-01
5.160000000000000000e+02 1.805294275283813477e+00
5.180000000000000000e+02 7.771407365798950195e-01
5.200000000000000000e+02 1.716536402702331543e+00
5.220000000000000000e+02 2.479578256607055664e-01
5.240000000000000000e+02 1.240745425224304199e+00
5.260000000000000000e+02 1.249399423599243164e+00
5.280000000000000000e+02 1.744132280349731445e+00
5.300000000000000000e+02 2.793805837631225586e+00
5.320000000000000000e+02 2.617665767669677734e+00
5.340000000000000000e+02 2.318955361843109131e-01
5.360000000000000000e+02 2.466696977615356445e+00
5.380000000000000000e+02 1.372057914733886719e+00
5.400000000000000000e+02 2.348979949951171875e+00
5.420000000000000000e+02 1.949338793754577637e+00
5.440000000000000000e+02 2.660153865814208984e+00
5.460000000000000000e+02 2.332612991333007812e+00
5.480000000000000000e+02 2.650316715240478516e+00
5.500000000000000000e+02 2.022429466247558594e+00
5.520000000000000000e+02 1.789595961570739746e+00
5.540000000000000000e+02 1.577394127845764160e+00
5.560000000000000000e+02 1.551028490066528320e+00
5.580000000000000000e+02 1.743828177452087402e+00
5.600000000000000000e+02 7.386066913604736328e-01
5.620000000000000000e+02 9.137595295906066895e-01
5.640000000000000000e+02 1.092118263244628906e+00
5.660000000000000000e+02 1.404500007629394531e+00
5.680000000000000000e+02 7.439350485801696777e-01
5.700000000000000000e+02 8.406697511672973633e-01
5.720000000000000000e+02 6.192103028297424316e-01
5.740000000000000000e+02 1.970296740531921387e+00
5.760000000000000000e+02 1.777009725570678711e+00
5.780000000000000000e+02 2.621443748474121094e+00
5.800000000000000000e+02 2.580024480819702148e+00
5.820000000000000000e+02 2.799436569213867188e+00
5.840000000000000000e+02 2.524279117584228516e+00
5.860000000000000000e+02 2.949450492858886719e+00
5.880000000000000000e+02 1.391469836235046387e+00
5.900000000000000000e+02 1.082143068313598633e+00
5.920000000000000000e+02 1.730325579643249512e+00
5.940000000000000000e+02 2.489886999130249023e+00
5.960000000000000000e+02 2.183768749237060547e+00
5.980000000000000000e+02 1.524301767349243164e+00
6.000000000000000000e+02 9.831125736236572266e-01
6.020000000000000000e+02 1.213163375854492188e+00
6.040000000000000000e+02 1.723543763160705566e+00
6.060000000000000000e+02 2.051270246505737305e+00
6.080000000000000000e+02 2.558005809783935547e+00
6.100000000000000000e+02 1.384875416755676270e+00
6.120000000000000000e+02 1.696723103523254395e+00
6.140000000000000000e+02 1.603813886642456055e+00
6.160000000000000000e+02 9.913090467453002930e-01
6.180000000000000000e+02 2.298762083053588867e+00
6.200000000000000000e+02 1.337307572364807129e+00
6.220000000000000000e+02 1.006184339523315430e+00
6.240000000000000000e+02 9.411142468452453613e-01
6.260000000000000000e+02 2.577155113220214844e+00
6.280000000000000000e+02 2.144928216934204102e+00
6.300000000000000000e+02 1.096408724784851074e+00
6.320000000000000000e+02 8.528525829315185547e-01
6.340000000000000000e+02 1.084499597549438477e+00
6.360000000000000000e+02 1.511439800262451172e+00
6.380000000000000000e+02 6.094056367874145508e-01
6.400000000000000000e+02 6.283563971519470215e-01
6.420000000000000000e+02 2.096911907196044922e+00
6.440000000000000000e+02 2.292916297912597656e+00
6.460000000000000000e+02 2.487853288650512695e+00
6.480000000000000000e+02 1.736933946609497070e+00
6.500000000000000000e+02 3.294301927089691162e-01
6.520000000000000000e+02 1.276975631713867188e+00
6.540000000000000000e+02 7.888457179069519043e-01
6.560000000000000000e+02 9.421491026878356934e-01
6.580000000000000000e+02 8.094347715377807617e-01
6.600000000000000000e+02 1.036635041236877441e+00
6.620000000000000000e+02 2.279406070709228516e+00
6.640000000000000000e+02 2.426475524902343750e+00
6.660000000000000000e+02 2.411020040512084961e+00
6.680000000000000000e+02 2.891925096511840820e+00
6.700000000000000000e+02 1.097776293754577637e+00
6.720000000000000000e+02 2.305469989776611328e+00
6.740000000000000000e+02 2.577257156372070312e+00
6.760000000000000000e+02 2.246848344802856445e+00
6.780000000000000000e+02 1.927245855331420898e+00
6.800000000000000000e+02 8.014016747474670410e-01
6.820000000000000000e+02 7.297706007957458496e-01
6.840000000000000000e+02 7.685824632644653320e-01
6.860000000000000000e+02 1.085765242576599121e+00
6.880000000000000000e+02 1.690272808074951172e+00
6.900000000000000000e+02 1.610466480255126953e+00
6.920000000000000000e+02 9.647328853607177734e-01
6.940000000000000000e+02 9.651333093643188477e-01
6.960000000000000000e+02 2.483853816986083984e+00
6.980000000000000000e+02 1.950163960456848145e+00
7.000000000000000000e+02 1.358026385307312012e+00
7.020000000000000000e+02 2.330632448196411133e+00
7.040000000000000000e+02 2.737660884857177734e+00
7.060000000000000000e+02 1.108119606971740723e+00
7.080000000000000000e+02 2.015969991683959961e+00
7.100000000000000000e+02 9.897642731666564941e-01
7.120000000000000000e+02 2.056789159774780273e+00
7.140000000000000000e+02 2.870312690734863281e+00
7.160000000000000000e+02 1.970866918563842773e+00
7.180000000000000000e+02 1.157404780387878418e+00
7.200000000000000000e+02 1.730145931243896484e+00
7.220000000000000000e+02 1.971680521965026855e+00
7.240000000000000000e+02 2.007661581039428711e+00
7.260000000000000000e+02 2.075186967849731445e+00
7.280000000000000000e+02 2.104131460189819336e+00
7.300000000000000000e+02 2.224812030792236328e+00
7.320000000000000000e+02 1.656346917152404785e+00
7.340000000000000000e+02 1.391852498054504395e+00
7.360000000000000000e+02 1.584006309509277344e+00
7.380000000000000000e+02 5.034524798393249512e-01
7.400000000000000000e+02 7.474677562713623047e-01
7.420000000000000000e+02 1.345505714416503906e+00
7.440000000000000000e+02 1.261064171791076660e+00
7.460000000000000000e+02 2.611087799072265625e+00
7.480000000000000000e+02 2.076303958892822266e+00
7.500000000000000000e+02 1.670388102531433105e+00
7.520000000000000000e+02 2.171579122543334961e+00
7.540000000000000000e+02 2.397562265396118164e+00
7.560000000000000000e+02 4.436271786689758301e-01
7.580000000000000000e+02 6.537405848503112793e-01
7.600000000000000000e+02 1.170568943023681641e+00
7.620000000000000000e+02 8.041710257530212402e-01
7.640000000000000000e+02 2.479165554046630859e+00
7.660000000000000000e+02 1.790364980697631836e+00
7.680000000000000000e+02 2.290619850158691406e+00
7.700000000000000000e+02 1.050728917121887207e+00
7.720000000000000000e+02 5.916411057114601135e-02
7.740000000000000000e+02 1.337717175483703613e+00
7.760000000000000000e+02 1.309398770332336426e+00
7.780000000000000000e+02 1.465054869651794434e+00
7.800000000000000000e+02 3.187381625175476074e-01
7.820000000000000000e+02 4.505493640899658203e-01
7.840000000000000000e+02 2.248612642288208008e+00
7.860000000000000000e+02 1.676446676254272461e+00
7.880000000000000000e+02 2.356697320938110352e+00
7.900000000000000000e+02 6.939899325370788574e-01
7.920000000000000000e+02 2.847406148910522461e+00
7.940000000000000000e+02 1.657282114028930664e+00
7.960000000000000000e+02 8.451979160308837891e-01
7.980000000000000000e+02 2.224726915359497070e+00
8.000000000000000000e+02 1.743232965469360352e+00
8.020000000000000000e+02 1.597204923629760742e+00
8.040000000000000000e+02 1.390482068061828613e+00
8.060000000000000000e+02 1.913493394851684570e+00
8.080000000000000000e+02 1.743615984916687012e+00
8.100000000000000000e+02 1.524497389793395996e+00
8.120000000000000000e+02 2.820841789245605469e+00
8.140000000000000000e+02 1.227595806121826172e+00
8.160000000000000000e+02 1.445252180099487305e+00
8.180000000000000000e+02 1.062096357345581055e+00
8.200000000000000000e+02 1.656674861907958984e+00
8.220000000000000000e+02 1.275396794080734253e-01
8.240000000000000000e+02 2.098632335662841797e+00
8.260000000000000000e+02 1.405242562294006348e+00
8.280000000000000000e+02 2.074607372283935547e+00
8.300000000000000000e+02 1.656709313392639160e+00
8.320000000000000000e+02 8.149151206016540527e-01
8.340000000000000000e+02 2.889523506164550781e-01
8.360000000000000000e+02 6.856842637062072754e-01
8.380000000000000000e+02 1.014622330665588379e+00
8.400000000000000000e+02 2.117511034011840820e+00
8.420000000000000000e+02 2.962811708450317383e+00
8.440000000000000000e+02 2.327423095703125000e+00
8.460000000000000000e+02 1.886105298995971680e+00
8.480000000000000000e+02 1.198851346969604492e+00
8.500000000000000000e+02 1.377654671669006348e+00
8.520000000000000000e+02 1.491595983505249023e+00
8.540000000000000000e+02 1.485256791114807129e+00
8.560000000000000000e+02 1.240008592605590820e+00
8.580000000000000000e+02 1.670416355133056641e+00
8.600000000000000000e+02 1.263598322868347168e+00
8.620000000000000000e+02 1.994934320449829102e+00
8.640000000000000000e+02 4.162551760673522949e-01
8.660000000000000000e+02 1.859263896942138672e+00
8.680000000000000000e+02 1.804456830024719238e+00
8.700000000000000000e+02 2.384178876876831055e+00
8.720000000000000000e+02 8.431965708732604980e-01
8.740000000000000000e+02 8.092027902603149414e-01
8.760000000000000000e+02 1.391927003860473633e+00
8.780000000000000000e+02 7.236943840980529785e-01
8.800000000000000000e+02 1.126895666122436523e+00
8.820000000000000000e+02 1.457954525947570801e+00
8.840000000000000000e+02 2.053155422210693359e+00
8.860000000000000000e+02 1.743538498878479004e+00
8.880000000000000000e+02 1.303438425064086914e+00
8.900000000000000000e+02 1.061465859413146973e+00
8.920000000000000000e+02 3.054707050323486328e+00
8.940000000000000000e+02 2.768613576889038086e+00
8.960000000000000000e+02 1.170505046844482422e+00
8.980000000000000000e+02 8.850836753845214844e-01
9.000000000000000000e+02 1.038499593734741211e+00
9.020000000000000000e+02 1.156749248504638672e+00
9.040000000000000000e+02 1.438448905944824219e+00
9.060000000000000000e+02 1.330519318580627441e+00
9.080000000000000000e+02 1.083000183105468750e+00
9.100000000000000000e+02 1.204839348793029785e+00
9.120000000000000000e+02 1.211777925491333008e+00
9.140000000000000000e+02 9.858082532882690430e-01
9.160000000000000000e+02 1.045906782150268555e+00
9.180000000000000000e+02 2.482171297073364258e+00
9.200000000000000000e+02 2.354626893997192383e+00
9.220000000000000000e+02 1.669671177864074707e+00
9.240000000000000000e+02 2.472783565521240234e+00
9.260000000000000000e+02 1.977950572967529297e+00
9.280000000000000000e+02 2.213658571243286133e+00
9.300000000000000000e+02 2.358674287796020508e+00
9.320000000000000000e+02 2.689081668853759766e+00
9.340000000000000000e+02 2.195607662200927734e+00
9.360000000000000000e+02 1.610384821891784668e+00
9.380000000000000000e+02 1.357407927513122559e+00
9.400000000000000000e+02 4.743169844150543213e-01
9.420000000000000000e+02 2.328908920288085938e+00
9.440000000000000000e+02 1.336845278739929199e+00
9.460000000000000000e+02 1.597151160240173340e+00
9.480000000000000000e+02 4.489136636257171631e-01
9.500000000000000000e+02 2.706927537918090820e+00
9.520000000000000000e+02 8.554953336715698242e-01
9.540000000000000000e+02 2.041425704956054688e+00
9.560000000000000000e+02 1.217799708247184753e-01
9.580000000000000000e+02 5.175731182098388672e-01
9.600000000000000000e+02 1.330603718757629395e+00
9.620000000000000000e+02 1.709548115730285645e+00
9.640000000000000000e+02 5.302088260650634766e-01
9.660000000000000000e+02 7.705101370811462402e-01
9.680000000000000000e+02 1.790080189704895020e+00
9.700000000000000000e+02 2.789311647415161133e+00
9.720000000000000000e+02 2.072582244873046875e+00
9.740000000000000000e+02 1.710220813751220703e+00
9.760000000000000000e+02 1.088584423065185547e+00
9.780000000000000000e+02 1.297689795494079590e+00
9.800000000000000000e+02 1.934411525726318359e+00
9.820000000000000000e+02 1.275801301002502441e+00
9.840000000000000000e+02 1.920513868331909180e+00
9.860000000000000000e+02 8.887020945549011230e-01
9.880000000000000000e+02 1.737059950828552246e+00
9.900000000000000000e+02 7.895904779434204102e-01
9.920000000000000000e+02 1.557539820671081543e+00
9.940000000000000000e+02 2.063464879989624023e+00
9.960000000000000000e+02 2.612718105316162109e+00
9.980000000000000000e+02 7.836228609085083008e-01
1.000000000000000000e+03 1.060481905937194824e+00
1.002000000000000000e+03 2.206622838973999023e+00
1.004000000000000000e+03 1.226908087730407715e+00
1.006000000000000000e+03 3.413606882095336914e-01
1.008000000000000000e+03 8.199144601821899414e-01
1.010000000000000000e+03 1.297355055809020996e+00
1.012000000000000000e+03 1.577391028404235840e+00
1.014000000000000000e+03 1.128594994544982910e+00
1.016000000000000000e+03 1.006786584854125977e+00
1.018000000000000000e+03 3.586218357086181641e-01
1.020000000000000000e+03 1.162537455558776855e+00
1.022000000000000000e+03 1.184307456016540527e+00
1.024000000000000000e+03 9.202383756637573242e-01
1.026000000000000000e+03 1.076323986053466797e+00
1.028000000000000000e+03 1.623652338981628418e+00
1.030000000000000000e+03 2.283198356628417969e+00
1.032000000000000000e+03 1.915595531463623047e+00
1.034000000000000000e+03 2.838931083679199219e+00
1.036000000000000000e+03 1.703162193298339844e+00
1.038000000000000000e+03 2.385126113891601562e+00
1.040000000000000000e+03 2.911530494689941406e+00
1.042000000000000000e+03 1.080853104591369629e+00
1.044000000000000000e+03 1.418098092079162598e+00
1.046000000000000000e+03 4.268804788589477539e-01
1.048000000000000000e+03 9.657038450241088867e-01
1.050000000000000000e+03 1.127227187156677246e+00
1.052000000000000000e+03 1.636739134788513184e+00
1.054000000000000000e+03 1.683158993721008301e+00
1.056000000000000000e+03 2.516208887100219727e+00
1.058000000000000000e+03 2.210948467254638672e+00
1.060000000000000000e+03 2.334380865097045898e+00
1.062000000000000000e+03 1.275246858596801758e+00
1.064000000000000000e+03 7.652316689491271973e-01
1.066000000000000000e+03 1.498044729232788086e+00
1.068000000000000000e+03 2.138399124145507812e+00
1.070000000000000000e+03 2.052242517471313477e+00
1.072000000000000000e+03 1.763392448425292969e+00
1.074000000000000000e+03 1.901546359062194824e+00
1.076000000000000000e+03 2.095800399780273438e+00
1.078000000000000000e+03 1.670311093330383301e+00
1.080000000000000000e+03 1.955632209777832031e+00
1.082000000000000000e+03 2.872199773788452148e+00
1.084000000000000000e+03 2.483516931533813477e+00
1.086000000000000000e+03 2.118581056594848633e+00
1.088000000000000000e+03 1.597174525260925293e+00
1.090000000000000000e+03 1.676371812820434570e+00
1.092000000000000000e+03 7.933685779571533203e-01
1.094000000000000000e+03 5.496316552162170410e-01
1.096000000000000000e+03 1.690476179122924805e+00
1.098000000000000000e+03 1.845463275909423828e+00
1.100000000000000000e+03 4.759000837802886963e-01
1.102000000000000000e+03 7.219726443290710449e-01
1.104000000000000000e+03 1.749806880950927734e+00
1.106000000000000000e+03 3.109054863452911377e-01
1.108000000000000000e+03 5.179135203361511230e-01
1.110000000000000000e+03 1.451433420181274414e+00
1.112000000000000000e+03 1.913601279258728027e+00
1.114000000000000000e+03 1.551005482673645020e+00
1.116000000000000000e+03 2.029350519180297852e+00
1.118000000000000000e+03 2.079098463058471680e+00
1.120000000000000000e+03 2.668415546417236328e+00
1.122000000000000000e+03 2.361752033233642578e+00
1.124000000000000000e+03 2.141748666763305664e+00
1.126000000000000000e+03 1.866429209709167480e+00
1.128000000000000000e+03 8.587518930435180664e-01
1.130000000000000000e+03 6.987222433090209961e-01
1.132000000000000000e+03 3.537124991416931152e-01
1.134000000000000000e+03 2.097827196121215820e+00
1.136000000000000000e+03 2.200477838516235352e+00
1.138000000000000000e+03 2.230290412902832031e+00
1.140000000000000000e+03 2.394124984741210938e+00
1.142000000000000000e+03 1.404187083244323730e+00
1.144000000000000000e+03 1.200494527816772461e+00
1.146000000000000000e+03 2.317085742950439453e+00
1.148000000000000000e+03 2.689373016357421875e+00
1.150000000000000000e+03 2.918346643447875977e+00
1.152000000000000000e+03 3.031815528869628906e+00
1.154000000000000000e+03 1.275229454040527344e+00
1.156000000000000000e+03 1.610323548316955566e+00
1.158000000000000000e+03 2.110616922378540039e+00
1.160000000000000000e+03 1.168185830116271973e+00
1.162000000000000000e+03 1.438061952590942383e+00
1.164000000000000000e+03 8.510311841964721680e-01
1.166000000000000000e+03 5.911896824836730957e-01
1.168000000000000000e+03 1.198562502861022949e+00
1.170000000000000000e+03 2.013880252838134766e+00
1.172000000000000000e+03 1.018899559974670410e+00
1.174000000000000000e+03 2.856716513633728027e-01
1.176000000000000000e+03 6.135418415069580078e-01
1.178000000000000000e+03 1.797203421592712402e+00
1.180000000000000000e+03 1.189478397369384766e+00
1.182000000000000000e+03 8.216494917869567871e-01
1.184000000000000000e+03 2.058165311813354492e+00
1.186000000000000000e+03 2.294073820114135742e+00
1.188000000000000000e+03 2.028532981872558594e+00
1.190000000000000000e+03 1.111605048179626465e+00
1.192000000000000000e+03 1.999737977981567383e+00
1.194000000000000000e+03 2.051464557647705078e+00
1.196000000000000000e+03 1.710433125495910645e+00
1.198000000000000000e+03 1.465156435966491699e+00
1.200000000000000000e+03 6.578504443168640137e-01
1.202000000000000000e+03 1.451096057891845703e+00
1.204000000000000000e+03 1.141317009925842285e+00
1.206000000000000000e+03 1.418105363845825195e+00
1.208000000000000000e+03 1.677002549171447754e+00
1.210000000000000000e+03 1.485056638717651367e+00
1.212000000000000000e+03 1.444771289825439453e+00
1.214000000000000000e+03 1.663765311241149902e+00
1.216000000000000000e+03 9.758540987968444824e-01
1.218000000000000000e+03 1.845710277557373047e+00
1.220000000000000000e+03 1.324305415153503418e+00
1.222000000000000000e+03 1.977585792541503906e+00
1.224000000000000000e+03 1.696590423583984375e+00
1.226000000000000000e+03 1.597223997116088867e+00
1.228000000000000000e+03 2.763698816299438477e+00
1.230000000000000000e+03 1.723783493041992188e+00
1.232000000000000000e+03 1.170643210411071777e+00
1.234000000000000000e+03 1.770815610885620117e+00
1.236000000000000000e+03 3.512698709964752197e-01
1.238000000000000000e+03 1.371532917022705078e+00
1.240000000000000000e+03 1.451579928398132324e+00
1.242000000000000000e+03 1.289489984512329102e+00
1.244000000000000000e+03 2.986735999584197998e-01
1.246000000000000000e+03 4.962204694747924805e-01
1.248000000000000000e+03 8.129524588584899902e-01
1.250000000000000000e+03 1.205124735832214355e+00
1.252000000000000000e+03 2.028276681900024414e+00
1.254000000000000000e+03 1.818278074264526367e+00
1.256000000000000000e+03 1.824189305305480957e+00
1.258000000000000000e+03 6.027531027793884277e-01
1.260000000000000000e+03 1.417346835136413574e+00
1.262000000000000000e+03 9.282099604606628418e-01
1.264000000000000000e+03 1.790467143058776855e+00
1.266000000000000000e+03 1.763630509376525879e+00
1.268000000000000000e+03 6.814525723457336426e-01
1.270000000000000000e+03 1.337052345275878906e+00
1.272000000000000000e+03 2.485690116882324219e+00
1.274000000000000000e+03 2.393184185028076172e+00
1.276000000000000000e+03 2.750043392181396484e+00
1.278000000000000000e+03 1.990269064903259277e+00
1.280000000000000000e+03 2.248805284500122070e+00
1.282000000000000000e+03 1.886361598968505859e+00
1.284000000000000000e+03 1.570796370506286621e+00
1.286000000000000000e+03 1.803319096565246582e+00
1.288000000000000000e+03 9.738574028015136719e-01
1.290000000000000000e+03 1.935207843780517578e+00
1.292000000000000000e+03 1.249059915542602539e+00
1.294000000000000000e+03 1.669699072837829590e+00
1.296000000000000000e+03 1.531045436859130859e+00
1.298000000000000000e+03 1.304106354713439941e+00
1.300000000000000000e+03 2.102097511291503906e+00
1.302000000000000000e+03 2.326909065246582031e+00
1.304000000000000000e+03 2.503658056259155273e+00
1.306000000000000000e+03 1.623782634735107422e+00
1.308000000000000000e+03 1.471182823181152344e+00
1.310000000000000000e+03 1.241937637329101562e+00
1.312000000000000000e+03 9.528211355209350586e-01
1.314000000000000000e+03 2.330526828765869141e+00
1.316000000000000000e+03 9.573467373847961426e-01
1.318000000000000000e+03 1.403906464576721191e+00
1.320000000000000000e+03 7.948286533355712891e-01
1.322000000000000000e+03 2.275973081588745117e+00
1.324000000000000000e+03 1.240887880325317383e+00
1.326000000000000000e+03 2.167024135589599609e+00
1.328000000000000000e+03 2.774589300155639648e+00
1.330000000000000000e+03 2.964388132095336914e+00
1.332000000000000000e+03 2.582992792129516602e+00
1.334000000000000000e+03 3.049611330032348633e+00
1.336000000000000000e+03 1.865467667579650879e+00
1.338000000000000000e+03 1.177141070365905762e+00
1.340000000000000000e+03 2.948997974395751953e+00
1.342000000000000000e+03 4.259217679500579834e-01
1.344000000000000000e+03 2.347450494766235352e+00
1.346000000000000000e+03 2.256189584732055664e+00
1.348000000000000000e+03 1.317353367805480957e+00
1.350000000000000000e+03 2.564029216766357422e+00
1.352000000000000000e+03 2.234315633773803711e+00
1.354000000000000000e+03 2.580754518508911133e+00
1.356000000000000000e+03 2.452288389205932617e+00
1.358000000000000000e+03 1.026431322097778320e+00
1.360000000000000000e+03 3.724211752414703369e-01
1.362000000000000000e+03 3.541181385517120361e-01
1.364000000000000000e+03 1.935615837574005127e-01
1.366000000000000000e+03 5.542469620704650879e-01
1.368000000000000000e+03 9.837785959243774414e-01
1.370000000000000000e+03 1.133196830749511719e+00
1.372000000000000000e+03 1.696981191635131836e+00
1.374000000000000000e+03 2.371618509292602539e+00
1.376000000000000000e+03 1.125622510910034180e+00
1.378000000000000000e+03 1.504671812057495117e+00
1.380000000000000000e+03 2.051394939422607422e+00
1.382000000000000000e+03 1.076041936874389648e+00
1.384000000000000000e+03 1.225594997406005859e+00
1.386000000000000000e+03 1.689300417900085449e+00
1.388000000000000000e+03 1.696516275405883789e+00
1.390000000000000000e+03 4.202020466327667236e-01
1.392000000000000000e+03 1.557608366012573242e+00
1.394000000000000000e+03 1.309421658515930176e+00
1.396000000000000000e+03 1.511202573776245117e+00
1.398000000000000000e+03 2.344969749450683594e+00
1.400000000000000000e+03 1.676341891288757324e+00
1.402000000000000000e+03 1.537811756134033203e+00
1.404000000000000000e+03 8.334584236145019531e-01
1.406000000000000000e+03 1.623697996139526367e+00
1.408000000000000000e+03 4.535227417945861816e-01
1.410000000000000000e+03 1.790604829788208008e+00
1.412000000000000000e+03 2.215552806854248047e+00
1.414000000000000000e+03 1.846138477325439453e+00
1.416000000000000000e+03 2.889525592327117920e-01
1.418000000000000000e+03 3.123212456703186035e-01
1.420000000000000000e+03 4.518004059791564941e-01
1.422000000000000000e+03 1.275443315505981445e+00
1.424000000000000000e+03 1.736852049827575684e+00
1.426000000000000000e+03 1.531249284744262695e+00
1.428000000000000000e+03 1.650014877319335938e+00
1.430000000000000000e+03 1.107191920280456543e+00
1.432000000000000000e+03 5.877403020858764648e-01
1.434000000000000000e+03 6.931498646736145020e-01
1.436000000000000000e+03 1.039139747619628906e+00
1.438000000000000000e+03 1.557608485221862793e+00
1.440000000000000000e+03 7.015085816383361816e-01
1.442000000000000000e+03 6.823433041572570801e-01
1.444000000000000000e+03 1.119162917137145996e+00
1.446000000000000000e+03 8.822529315948486328e-01
1.448000000000000000e+03 1.907800316810607910e+00
1.450000000000000000e+03 2.275880336761474609e+00
1.452000000000000000e+03 1.927916526794433594e+00
1.454000000000000000e+03 2.543547391891479492e+00
1.456000000000000000e+03 2.190626859664916992e+00
1.458000000000000000e+03 2.557672500610351562e+00
1.460000000000000000e+03 1.417886853218078613e+00
1.462000000000000000e+03 1.330201387405395508e+00
1.464000000000000000e+03 1.471620559692382812e+00
1.466000000000000000e+03 2.799241304397583008e+00
1.468000000000000000e+03 1.893754124641418457e+00
1.470000000000000000e+03 2.876987695693969727e+00
1.472000000000000000e+03 2.492510080337524414e+00
1.474000000000000000e+03 1.749917149543762207e+00
1.476000000000000000e+03 1.709634304046630859e+00
1.478000000000000000e+03 2.183062553405761719e+00
1.480000000000000000e+03 1.844929099082946777e+00
1.482000000000000000e+03 5.151637196540832520e-01
1.484000000000000000e+03 4.827753007411956787e-01
1.486000000000000000e+03 8.743821978569030762e-01
1.488000000000000000e+03 1.650229930877685547e+00
1.490000000000000000e+03 2.655171632766723633e+00
1.492000000000000000e+03 5.296167731285095215e-01
1.494000000000000000e+03 1.830103635787963867e+00
1.496000000000000000e+03 1.797813296318054199e+00
1.498000000000000000e+03 1.405493736267089844e+00
1.500000000000000000e+03 2.719877481460571289e+00
1.502000000000000000e+03 1.630475044250488281e+00
1.504000000000000000e+03 1.837937951087951660e+00
1.506000000000000000e+03 2.699279308319091797e+00
1.508000000000000000e+03 1.929156541824340820e+00
1.510000000000000000e+03 2.052147150039672852e+00
1.512000000000000000e+03 2.371620178222656250e+00
1.514000000000000000e+03 5.744405388832092285e-01
1.516000000000000000e+03 1.267781496047973633e+00
1.518000000000000000e+03 2.608292579650878906e+00
1.520000000000000000e+03 7.165784239768981934e-01
1.522000000000000000e+03 4.437345564365386963e-01
1.524000000000000000e+03 4.763444066047668457e-01
1.526000000000000000e+03 2.569047927856445312e+00
1.528000000000000000e+03 1.511556267738342285e+00
1.530000000000000000e+03 1.990345954895019531e+00
1.532000000000000000e+03 1.425389766693115234e+00
1.534000000000000000e+03 5.800557732582092285e-01
1.536000000000000000e+03 2.473332643508911133e+00
1.538000000000000000e+03 5.865607261657714844e-01
1.540000000000000000e+03 2.520299673080444336e+00
1.542000000000000000e+03 7.491577267646789551e-01
1.544000000000000000e+03 2.013917684555053711e+00
1.546000000000000000e+03 7.305732369422912598e-01
1.548000000000000000e+03 4.862956702709197998e-01
1.550000000000000000e+03 1.303372740745544434e+00
1.552000000000000000e+03 8.672705888748168945e-01
1.554000000000000000e+03 1.058397650718688965e+00
1.556000000000000000e+03 1.650162935256958008e+00
1.558000000000000000e+03 1.297415852546691895e+00
1.560000000000000000e+03 1.343582987785339355e+00
1.562000000000000000e+03 1.764452576637268066e+00
1.564000000000000000e+03 1.045544028282165527e+00
1.566000000000000000e+03 1.317131876945495605e+00
1.568000000000000000e+03 2.413576364517211914e+00
1.570000000000000000e+03 2.256296396255493164e+00
1.572000000000000000e+03 1.603900432586669922e+00
1.574000000000000000e+03 1.730551242828369141e+00
1.576000000000000000e+03 2.548011064529418945e+00
1.578000000000000000e+03 2.740127801895141602e+00
1.580000000000000000e+03 1.524508595466613770e+00
1.582000000000000000e+03 1.105170130729675293e+00
1.584000000000000000e+03 2.072881221771240234e+00
1.586000000000000000e+03 7.087715268135070801e-01
1.588000000000000000e+03 3.197247087955474854e-01
1.590000000000000000e+03 6.186250448226928711e-01
1.592000000000000000e+03 2.351693391799926758e+00
1.594000000000000000e+03 2.240580081939697266e+00
1.596000000000000000e+03 2.095473289489746094e+00
1.598000000000000000e+03 2.460744619369506836e+00
1.600000000000000000e+03 1.991272807121276855e+00
1.602000000000000000e+03 1.851598620414733887e+00
1.604000000000000000e+03 2.187971353530883789e+00
1.606000000000000000e+03 2.166653633117675781e+00
1.608000000000000000e+03 1.999697446823120117e+00
1.610000000000000000e+03 1.124951124191284180e+00
1.612000000000000000e+03 1.008259057998657227e+00
1.614000000000000000e+03 9.807625412940979004e-01
1.616000000000000000e+03 1.819190621376037598e+00
1.618000000000000000e+03 6.125828623771667480e-01
1.620000000000000000e+03 1.005782365798950195e+00
1.622000000000000000e+03 1.337048888206481934e+00
1.624000000000000000e+03 1.590616583824157715e+00
1.626000000000000000e+03 1.219774246215820312e+00
1.628000000000000000e+03 1.570796370506286621e+00
1.630000000000000000e+03 6.501080393791198730e-01
1.632000000000000000e+03 1.424568057060241699e+00
1.634000000000000000e+03 2.581801891326904297e+00
1.636000000000000000e+03 2.783376693725585938e+00
1.638000000000000000e+03 4.409779906272888184e-01
1.640000000000000000e+03 2.143092393875122070e+00
1.642000000000000000e+03 6.227544546127319336e-01
1.644000000000000000e+03 6.969283819198608398e-01
1.646000000000000000e+03 1.156135797500610352e+00
1.648000000000000000e+03 1.303319454193115234e+00
1.650000000000000000e+03 2.955723762512207031e+00
1.652000000000000000e+03 2.239151954650878906e+00
1.654000000000000000e+03 1.316160321235656738e+00
1.656000000000000000e+03 1.162915349006652832e+00
1.658000000000000000e+03 1.069306373596191406e+00
1.660000000000000000e+03 1.260705590248107910e+00
1.662000000000000000e+03 2.692829370498657227e+00
1.664000000000000000e+03 2.734656333923339844e+00
1.666000000000000000e+03 1.610397338867187500e+00
1.668000000000000000e+03 1.710615038871765137e+00
1.670000000000000000e+03 2.131917476654052734e+00
1.672000000000000000e+03 2.222843647003173828e+00
1.674000000000000000e+03 2.511335611343383789e+00
1.676000000000000000e+03 9.673463106155395508e-01
1.678000000000000000e+03 1.464841961860656738e+00
1.680000000000000000e+03 1.262709856033325195e+00
1.682000000000000000e+03 1.156193494796752930e+00
1.684000000000000000e+03 1.227781057357788086e+00
1.686000000000000000e+03 1.024739980697631836e+00
1.688000000000000000e+03 1.676456809043884277e+00
1.690000000000000000e+03 6.713554859161376953e-01
1.692000000000000000e+03 7.107458114624023438e-01
1.694000000000000000e+03 2.043015956878662109e+00
1.696000000000000000e+03 8.218100070953369141e-01
1.698000000000000000e+03 2.219923496246337891e+00
1.700000000000000000e+03 1.879643678665161133e+00
1.702000000000000000e+03 1.524632453918457031e+00
1.704000000000000000e+03 1.850748658180236816e+00
1.706000000000000000e+03 1.689984321594238281e+00
1.708000000000000000e+03 1.643539786338806152e+00
1.710000000000000000e+03 2.783899784088134766e+00
1.712000000000000000e+03 2.564497470855712891e+00
1.714000000000000000e+03 2.475741147994995117e+00
1.716000000000000000e+03 2.498779296875000000e+00
1.718000000000000000e+03 2.006268739700317383e+00
1.720000000000000000e+03 9.628795385360717773e-01
1.722000000000000000e+03 1.000220060348510742e+00
1.724000000000000000e+03 6.968493461608886719e-01
1.726000000000000000e+03 9.485858082771301270e-01
1.728000000000000000e+03 1.234729409217834473e+00
1.730000000000000000e+03 4.977914690971374512e-01
1.732000000000000000e+03 8.124567270278930664e-01
1.734000000000000000e+03 3.009202778339385986e-01
1.736000000000000000e+03 6.153877973556518555e-01
1.738000000000000000e+03 2.147211313247680664e+00
1.740000000000000000e+03 1.791605234146118164e+00
1.742000000000000000e+03 1.743416547775268555e+00
1.744000000000000000e+03 2.513782024383544922e+00
1.746000000000000000e+03 9.228507876396179199e-01
1.748000000000000000e+03 9.981626272201538086e-01
1.750000000000000000e+03 2.335661649703979492e+00
1.752000000000000000e+03 1.498190879821777344e+00
1.754000000000000000e+03 1.696447610855102539e+00
1.756000000000000000e+03 1.318104267120361328e+00
1.758000000000000000e+03 1.088743925094604492e+00
1.760000000000000000e+03 6.444742083549499512e-01
1.762000000000000000e+03 1.550958752632141113e+00
1.764000000000000000e+03 1.424529314041137695e+00
1.766000000000000000e+03 1.233975172042846680e+00
1.768000000000000000e+03 1.371813893318176270e+00
1.770000000000000000e+03 1.220316171646118164e+00
1.772000000000000000e+03 1.871173501014709473e+00
1.774000000000000000e+03 2.675117492675781250e+00
1.776000000000000000e+03 1.557575225830078125e+00
1.778000000000000000e+03 7.781133651733398438e-01
1.780000000000000000e+03 1.950253248214721680e+00
1.782000000000000000e+03 2.777338266372680664e+00
1.784000000000000000e+03 2.532751798629760742e+00
1.786000000000000000e+03 2.686640024185180664e+00
1.788000000000000000e+03 2.230426073074340820e+00
1.790000000000000000e+03 2.145695686340332031e+00
1.792000000000000000e+03 1.670120120048522949e+00
1.794000000000000000e+03 1.935337901115417480e+00
1.796000000000000000e+03 1.067382931709289551e+00
1.798000000000000000e+03 8.516696095466613770e-02
1.800000000000000000e+03 8.412771821022033691e-01
1.802000000000000000e+03 1.076885461807250977e+00
1.804000000000000000e+03 9.357882142066955566e-01
1.806000000000000000e+03 1.577384471893310547e+00
1.808000000000000000e+03 1.059859275817871094e+00
1.810000000000000000e+03 8.321328759193420410e-01
1.812000000000000000e+03 7.948296666145324707e-01
1.814000000000000000e+03 1.663271069526672363e+00
1.816000000000000000e+03 1.068580746650695801e+00
1.818000000000000000e+03 1.804753780364990234e+00
1.820000000000000000e+03 1.823806405067443848e+00
1.822000000000000000e+03 2.914933443069458008e+00
1.824000000000000000e+03 2.453510999679565430e+00
1.826000000000000000e+03 3.088662147521972656e+00
1.828000000000000000e+03 1.663150191307067871e+00
1.830000000000000000e+03 1.458119273185729980e+00
1.832000000000000000e+03 6.536825895309448242e-01
1.834000000000000000e+03 1.597246050834655762e+00
1.836000000000000000e+03 2.096405744552612305e+00
1.838000000000000000e+03 1.431789398193359375e+00
1.840000000000000000e+03 1.411446094512939453e+00
1.842000000000000000e+03 6.509857773780822754e-01
1.844000000000000000e+03 1.234432935714721680e+00
1.846000000000000000e+03 8.573931455612182617e-01
1.848000000000000000e+03 1.804879426956176758e+00
1.850000000000000000e+03 2.043817043304443359e+00
1.852000000000000000e+03 1.377340435981750488e+00
1.854000000000000000e+03 1.985093593597412109e+00
1.856000000000000000e+03 1.914184212684631348e+00
1.858000000000000000e+03 1.756611466407775879e+00
1.860000000000000000e+03 1.636660695075988770e+00
1.862000000000000000e+03 1.089958786964416504e+00
1.864000000000000000e+03 1.261296629905700684e+00
1.866000000000000000e+03 2.205085992813110352e+00
1.868000000000000000e+03 2.182358741760253906e+00
1.870000000000000000e+03 1.894179463386535645e+00
1.872000000000000000e+03 2.238662958145141602e+00
1.874000000000000000e+03 1.722909808158874512e+00
1.876000000000000000e+03 5.936026573181152344e-01
1.878000000000000000e+03 2.365050792694091797e+00
1.880000000000000000e+03 1.275869250297546387e+00
1.882000000000000000e+03 2.058962345123291016e+00
1.884000000000000000e+03 2.617930889129638672e+00
1.886000000000000000e+03 2.277449846267700195e+00
1.888000000000000000e+03 2.581697225570678711e+00
1.890000000000000000e+03 2.333207845687866211e+00
1.892000000000000000e+03 2.376977682113647461e+00
1.894000000000000000e+03 2.718128204345703125e+00
1.896000000000000000e+03 1.683488130569458008e+00
1.898000000000000000e+03 1.444648742675781250e+00
1.900000000000000000e+03 1.957151174545288086e+00
1.902000000000000000e+03 2.494431495666503906e+00
1.904000000000000000e+03 1.477915406227111816e+00
1.906000000000000000e+03 1.177546858787536621e+00
1.908000000000000000e+03 1.282583713531494141e+00
1.910000000000000000e+03 1.471401691436767578e+00
1.912000000000000000e+03 1.240385413169860840e+00
1.914000000000000000e+03 1.914724469184875488e+00
1.916000000000000000e+03 2.605518102645874023e+00
1.918000000000000000e+03 1.844542384147644043e+00
1.920000000000000000e+03 7.250599265098571777e-01
1.922000000000000000e+03 5.224116444587707520e-01
1.924000000000000000e+03 1.005826234817504883e+00
1.926000000000000000e+03 1.839939236640930176e+00
1.928000000000000000e+03 2.958054542541503906e+00
1.930000000000000000e+03 2.916065692901611328e+00
1.932000000000000000e+03 1.871690392494201660e+00
1.934000000000000000e+03 1.029867053031921387e+00
1.936000000000000000e+03 3.020612716674804688e+00
1.938000000000000000e+03 2.086248159408569336e+00
1.940000000000000000e+03 1.907801508903503418e+00
1.942000000000000000e+03 1.176080703735351562e+00
1.944000000000000000e+03 1.031587719917297363e+00
1.946000000000000000e+03 1.143412113189697266e+00
1.948000000000000000e+03 1.384270668029785156e+00
1.950000000000000000e+03 2.734097957611083984e+00
1.952000000000000000e+03 2.265969038009643555e+00
1.954000000000000000e+03 2.136851787567138672e+00
1.956000000000000000e+03 1.478117942810058594e+00
1.958000000000000000e+03 8.719569444656372070e-01
1.960000000000000000e+03 1.942884802818298340e+00
1.962000000000000000e+03 1.597304701805114746e+00
1.964000000000000000e+03 1.964854240417480469e+00
1.966000000000000000e+03 2.836538314819335938e+00
1.968000000000000000e+03 2.158087968826293945e+00
1.970000000000000000e+03 2.546612262725830078e+00
1.972000000000000000e+03 1.783716678619384766e+00
1.974000000000000000e+03 1.636531114578247070e+00
1.976000000000000000e+03 1.451235651969909668e+00
1.978000000000000000e+03 2.674942493438720703e+00
1.980000000000000000e+03 1.810882091522216797e+00
1.982000000000000000e+03 2.356368780136108398e+00
1.984000000000000000e+03 1.964017629623413086e+00
1.986000000000000000e+03 7.596891522407531738e-01
1.988000000000000000e+03 1.992067575454711914e+00
1.990000000000000000e+03 1.351198434829711914e+00
1.992000000000000000e+03 2.615744352340698242e+00
1.994000000000000000e+03 2.776778697967529297e+00
1.996000000000000000e+03 2.275192022323608398e+00
1.998000000000000000e+03 2.320921421051025391e+00
2.000000000000000000e+03 1.812527656555175781e+00
2.002000000000000000e+03 1.756129860877990723e+00
2.004000000000000000e+03 1.156193375587463379e+00
2.006000000000000000e+03 1.577411532402038574e+00
2.008000000000000000e+03 1.690278053283691406e+00
2.010000000000000000e+03 4.580575823783874512e-01
2.012000000000000000e+03 5.013263821601867676e-01
2.014000000000000000e+03 4.402368962764739990e-01
2.016000000000000000e+03 1.050915956497192383e+00
2.018000000000000000e+03 1.557604551315307617e+00
2.020000000000000000e+03 2.176419258117675781e+00
2.022000000000000000e+03 3.407998979091644287e-01
2.024000000000000000e+03 3.067210614681243896e-01
2.026000000000000000e+03 1.837790608406066895e+00
2.028000000000000000e+03 1.885263204574584961e+00
2.030000000000000000e+03 2.270302295684814453e+00
2.032000000000000000e+03 2.586136102676391602e+00
2.034000000000000000e+03 2.311152219772338867e+00
2.036000000000000000e+03 2.733896493911743164e+00
2.038000000000000000e+03 1.227913260459899902e+00
2.040000000000000000e+03 9.907388091087341309e-01
2.042000000000000000e+03 1.219741225242614746e+00
2.044000000000000000e+03 7.235700488090515137e-01
2.046000000000000000e+03 1.310680270195007324e+00
2.048000000000000000e+03 1.384628295898437500e+00
2.050000000000000000e+03 1.050109863281250000e+00
2.052000000000000000e+03 1.397856950759887695e+00
2.054000000000000000e+03 1.524621486663818359e+00
2.056000000000000000e+03 1.277855634689331055e+00
2.058000000000000000e+03 1.457955718040466309e+00
2.060000000000000000e+03 1.584047913551330566e+00
2.062000000000000000e+03 2.898318767547607422e+00
2.064000000000000000e+03 2.843202352523803711e+00
2.066000000000000000e+03 1.550944328308105469e+00
2.068000000000000000e+03 2.423064231872558594e+00
2.070000000000000000e+03 2.773506879806518555e+00
2.072000000000000000e+03 1.431548237800598145e+00
2.074000000000000000e+03 1.135245442390441895e+00
2.076000000000000000e+03 2.311891794204711914e+00
2.078000000000000000e+03 1.039304256439208984e+00
2.080000000000000000e+03 1.317656993865966797e+00
2.082000000000000000e+03 1.676916003227233887e+00
2.084000000000000000e+03 2.738482356071472168e-01
2.086000000000000000e+03 2.283236742019653320e+00
2.088000000000000000e+03 1.791422486305236816e+00
2.090000000000000000e+03 1.913315534591674805e+00
2.092000000000000000e+03 1.950907349586486816e+00
2.094000000000000000e+03 2.198366403579711914e+00
2.096000000000000000e+03 2.541120529174804688e+00
2.098000000000000000e+03 1.992567658424377441e+00
2.100000000000000000e+03 1.689890146255493164e+00
2.102000000000000000e+03 1.357933402061462402e+00
2.104000000000000000e+03 2.395731449127197266e+00
2.106000000000000000e+03 2.489895820617675781e+00
2.108000000000000000e+03 1.756745815277099609e+00
2.110000000000000000e+03 2.973281145095825195e+00
2.112000000000000000e+03 2.529164075851440430e+00
2.114000000000000000e+03 2.090312242507934570e+00
2.116000000000000000e+03 1.557553291320800781e+00
2.118000000000000000e+03 1.895450353622436523e+00
2.120000000000000000e+03 1.838602542877197266e+00
2.122000000000000000e+03 2.560314416885375977e+00
2.124000000000000000e+03 1.425030708312988281e+00
2.126000000000000000e+03 1.233599781990051270e+00
2.128000000000000000e+03 1.176739335060119629e+00
2.130000000000000000e+03 8.725193142890930176e-01
2.132000000000000000e+03 1.324305891990661621e+00
2.134000000000000000e+03 1.457799673080444336e+00
2.136000000000000000e+03 1.696930646896362305e+00
2.138000000000000000e+03 1.391770124435424805e+00
2.140000000000000000e+03 1.927527785301208496e+00
2.142000000000000000e+03 2.311231851577758789e+00
2.144000000000000000e+03 2.683800458908081055e+00
2.146000000000000000e+03 1.471421122550964355e+00
2.148000000000000000e+03 1.451816678047180176e+00
2.150000000000000000e+03 1.623606204986572266e+00
2.152000000000000000e+03 1.914114475250244141e+00
2.154000000000000000e+03 1.791029214859008789e+00
2.156000000000000000e+03 5.506296753883361816e-01
2.158000000000000000e+03 4.666492342948913574e-01
2.160000000000000000e+03 2.036129474639892578e+00
2.162000000000000000e+03 1.864126920700073242e+00
2.164000000000000000e+03 2.318262338638305664e+00
2.166000000000000000e+03 1.839089870452880859e+00
2.168000000000000000e+03 2.079255580902099609e+00
2.170000000000000000e+03 2.142419815063476562e+00
2.172000000000000000e+03 2.030214309692382812e+00
2.174000000000000000e+03 1.517948985099792480e+00
2.176000000000000000e+03 1.418581128120422363e+00
2.178000000000000000e+03 6.398296952247619629e-01
2.180000000000000000e+03 2.170444488525390625e+00
2.182000000000000000e+03 2.150553703308105469e+00
2.184000000000000000e+03 8.617208600044250488e-01
2.186000000000000000e+03 1.013957381248474121e+00
2.188000000000000000e+03 2.337821483612060547e+00
2.190000000000000000e+03 2.074499368667602539e+00
2.192000000000000000e+03 1.253138303756713867e+00
2.194000000000000000e+03 2.380173206329345703e+00
2.196000000000000000e+03 2.113779306411743164e+00
2.198000000000000000e+03 6.182861924171447754e-01
2.200000000000000000e+03 1.623923301696777344e+00
2.202000000000000000e+03 1.913865923881530762e+00
2.204000000000000000e+03 1.113571763038635254e+00
2.206000000000000000e+03 7.828293442726135254e-01
2.208000000000000000e+03 1.857116937637329102e+00
2.210000000000000000e+03 6.687279343605041504e-01
2.212000000000000000e+03 2.983902990818023682e-01
2.214000000000000000e+03 4.617869257926940918e-01
2.216000000000000000e+03 1.391070246696472168e+00
2.218000000000000000e+03 1.610323309898376465e+00
2.220000000000000000e+03 1.623516082763671875e+00
2.222000000000000000e+03 1.531305909156799316e+00
2.224000000000000000e+03 1.804544091224670410e+00
2.226000000000000000e+03 7.980859875679016113e-01
2.228000000000000000e+03 2.355256557464599609e+00
2.230000000000000000e+03 1.656275391578674316e+00
2.232000000000000000e+03 2.177270650863647461e+00
2.234000000000000000e+03 2.414976358413696289e+00
2.236000000000000000e+03 1.478396296501159668e+00
2.238000000000000000e+03 8.787644505500793457e-01
2.240000000000000000e+03 1.268185973167419434e+00
2.242000000000000000e+03 2.581697225570678711e+00
2.244000000000000000e+03 1.630611896514892578e+00
2.246000000000000000e+03 1.156480193138122559e+00
2.248000000000000000e+03 1.972099065780639648e+00
2.250000000000000000e+03 2.469005346298217773e+00
2.252000000000000000e+03 1.550968766212463379e+00
2.254000000000000000e+03 6.887423992156982422e-01
2.256000000000000000e+03 6.876545548439025879e-01
2.258000000000000000e+03 2.402029752731323242e+00
2.260000000000000000e+03 5.058010220527648926e-01
2.262000000000000000e+03 1.398918390274047852e+00
2.264000000000000000e+03 2.785066127777099609e+00
2.266000000000000000e+03 1.922035574913024902e+00
2.268000000000000000e+03 2.067036151885986328e+00
2.270000000000000000e+03 7.743781805038452148e-01
2.272000000000000000e+03 8.474609851837158203e-01
2.274000000000000000e+03 8.858289122581481934e-01
2.276000000000000000e+03 1.344590544700622559e+00
2.278000000000000000e+03 1.133688092231750488e+00
2.280000000000000000e+03 2.274322986602783203e+00
2.282000000000000000e+03 1.404482126235961914e+00
2.284000000000000000e+03 2.209665060043334961e+00
2.286000000000000000e+03 2.379469871520996094e+00
2.288000000000000000e+03 2.413895606994628906e+00
2.290000000000000000e+03 1.776553988456726074e+00
2.292000000000000000e+03 1.297661900520324707e+00
2.294000000000000000e+03 1.437599778175354004e+00
2.296000000000000000e+03 1.920442581176757812e+00
2.298000000000000000e+03 1.663565158843994141e+00
2.300000000000000000e+03 2.784657716751098633e+00
2.302000000000000000e+03 1.417808651924133301e+00
2.304000000000000000e+03 5.237756967544555664e-01
2.306000000000000000e+03 9.418306946754455566e-01
2.308000000000000000e+03 4.847694039344787598e-01
2.310000000000000000e+03 8.395326733589172363e-01
2.312000000000000000e+03 1.424798727035522461e+00
2.314000000000000000e+03 1.417697310447692871e+00
2.316000000000000000e+03 3.022897005081176758e+00
2.318000000000000000e+03 2.714520454406738281e+00
2.320000000000000000e+03 1.756841421127319336e+00
2.322000000000000000e+03 2.288325309753417969e+00
2.324000000000000000e+03 2.120821714401245117e+00
2.326000000000000000e+03 2.365784406661987305e+00
2.328000000000000000e+03 1.811520338058471680e+00
2.330000000000000000e+03 1.921499609947204590e+00
2.332000000000000000e+03 2.577360391616821289e+00
2.334000000000000000e+03 1.485047221183776855e+00
2.336000000000000000e+03 8.292582631111145020e-01
2.338000000000000000e+03 5.313219428062438965e-01
2.340000000000000000e+03 1.163763046264648438e+00
2.342000000000000000e+03 2.365584135055541992e+00
2.344000000000000000e+03 2.251063108444213867e+00
2.346000000000000000e+03 2.519013643264770508e+00
2.348000000000000000e+03 1.770842075347900391e+00
2.350000000000000000e+03 1.830545902252197266e+00
2.352000000000000000e+03 1.590661287307739258e+00
2.354000000000000000e+03 1.239963531494140625e+00
2.356000000000000000e+03 9.023898243904113770e-01
2.358000000000000000e+03 4.621294438838958740e-01
2.360000000000000000e+03 2.184617042541503906e+00
2.362000000000000000e+03 2.433764696121215820e+00
2.364000000000000000e+03 1.044642329216003418e+00
2.366000000000000000e+03 8.562563061714172363e-01
2.368000000000000000e+03 2.389018774032592773e+00
2.370000000000000000e+03 6.726980209350585938e-01
2.372000000000000000e+03 1.404896527528762817e-01
2.374000000000000000e+03 6.356151103973388672e-01
2.376000000000000000e+03 1.777707576751708984e+00
2.378000000000000000e+03 2.460503816604614258e+00
2.380000000000000000e+03 1.852861762046813965e+00
2.382000000000000000e+03 8.617324829101562500e-01
2.384000000000000000e+03 8.483483195304870605e-01
2.386000000000000000e+03 1.570796370506286621e+00
2.388000000000000000e+03 8.775964975357055664e-01
2.390000000000000000e+03 6.215065717697143555e-01
2.392000000000000000e+03 9.946544170379638672e-01
2.394000000000000000e+03 6.332461833953857422e-01
2.396000000000000000e+03 1.524496197700500488e+00
2.398000000000000000e+03 1.451715946197509766e+00
2.400000000000000000e+03 1.656669974327087402e+00
2.402000000000000000e+03 1.790531158447265625e+00
2.404000000000000000e+03 1.696789622306823730e+00
2.406000000000000000e+03 1.059760928153991699e+00
2.408000000000000000e+03 2.060675144195556641e+00
2.410000000000000000e+03 6.003765463829040527e-01
2.412000000000000000e+03 1.007589340209960938e+00
2.414000000000000000e+03 1.557646632194519043e+00
2.416000000000000000e+03 3.058018445968627930e+00
2.418000000000000000e+03 2.772374629974365234e+00
2.420000000000000000e+03 1.736911892890930176e+00
2.422000000000000000e+03 1.337919473648071289e+00
2.424000000000000000e+03 1.643359184265136719e+00
2.426000000000000000e+03 2.064405441284179688e+00
2.428000000000000000e+03 2.733595132827758789e+00
2.430000000000000000e+03 7.797841429710388184e-01
2.432000000000000000e+03 6.338705420494079590e-01
2.434000000000000000e+03 7.654596567153930664e-01
2.436000000000000000e+03 4.647264182567596436e-01
2.438000000000000000e+03 1.730325102806091309e+00
2.440000000000000000e+03 8.159117102622985840e-01
2.442000000000000000e+03 1.223139837384223938e-01
2.444000000000000000e+03 5.967912673950195312e-01
2.446000000000000000e+03 5.749475359916687012e-01
2.448000000000000000e+03 9.607105255126953125e-01
2.450000000000000000e+03 7.167039513587951660e-01
2.452000000000000000e+03 1.524572134017944336e+00
2.454000000000000000e+03 2.792901992797851562e+00
2.456000000000000000e+03 2.776418685913085938e+00
2.458000000000000000e+03 1.610509634017944336e+00
2.460000000000000000e+03 1.893214344978332520e+00
2.462000000000000000e+03 2.521308898925781250e+00
2.464000000000000000e+03 1.992762684822082520e+00
2.466000000000000000e+03 1.297225832939147949e+00
2.468000000000000000e+03 1.175605058670043945e+00
2.470000000000000000e+03 1.069282889366149902e+00
2.472000000000000000e+03 1.484690189361572266e+00
2.474000000000000000e+03 2.425014734268188477e+00
2.476000000000000000e+03 1.524508595466613770e+00
2.478000000000000000e+03 1.570796370506286621e+00
2.480000000000000000e+03 1.657112956047058105e+00
2.482000000000000000e+03 2.867588758468627930e+00
2.484000000000000000e+03 2.345652580261230469e+00
2.486000000000000000e+03 1.171972632408142090e+00
2.488000000000000000e+03 9.959294795989990234e-01
2.490000000000000000e+03 1.191706418991088867e+00
2.492000000000000000e+03 3.014222383499145508e+00
2.494000000000000000e+03 2.292608737945556641e+00
2.496000000000000000e+03 2.059844732284545898e+00
2.498000000000000000e+03 1.564163684844970703e+00
2.500000000000000000e+03 1.797550559043884277e+00
2.502000000000000000e+03 2.441756010055541992e+00
2.504000000000000000e+03 2.852626800537109375e+00
2.506000000000000000e+03 2.672348976135253906e+00
2.508000000000000000e+03 2.145595550537109375e+00
2.510000000000000000e+03 2.667448997497558594e+00
2.512000000000000000e+03 2.191365242004394531e+00
2.514000000000000000e+03 1.184093594551086426e+00
2.516000000000000000e+03 1.141267180442810059e+00
2.518000000000000000e+03 6.897184252738952637e-01
2.520000000000000000e+03 9.835624694824218750e-01
2.522000000000000000e+03 2.114191353321075439e-01
2.524000000000000000e+03 1.590662837028503418e+00
2.526000000000000000e+03 1.222307801246643066e+00
2.528000000000000000e+03 8.068474531173706055e-01
2.530000000000000000e+03 1.811218976974487305e+00
2.532000000000000000e+03 2.321288824081420898e+00
2.534000000000000000e+03 6.066675782203674316e-01
2.536000000000000000e+03 1.431615352630615234e+00
2.538000000000000000e+03 2.557808160781860352e+00
2.540000000000000000e+03 2.129271984100341797e+00
2.542000000000000000e+03 1.050224661827087402e+00
2.544000000000000000e+03 8.843141198158264160e-01
2.546000000000000000e+03 5.563639998435974121e-01
2.548000000000000000e+03 1.886826395988464355e+00
2.550000000000000000e+03 1.603942275047302246e+00
2.552000000000000000e+03 2.250109195709228516e+00
2.554000000000000000e+03 2.190131902694702148e+00
2.556000000000000000e+03 4.186297655105590820e-01
2.558000000000000000e+03 1.170060634613037109e+00
2.560000000000000000e+03 1.478545427322387695e+00
2.562000000000000000e+03 8.395974636077880859e-01
2.564000000000000000e+03 1.332282185554504395e+00
2.566000000000000000e+03 1.193116307258605957e+00
2.568000000000000000e+03 1.497724533081054688e+00
2.570000000000000000e+03 2.250939607620239258e+00
2.572000000000000000e+03 1.837557911872863770e+00
2.574000000000000000e+03 8.937348127365112305e-01
2.576000000000000000e+03 2.673167705535888672e+00
2.578000000000000000e+03 1.597313404083251953e+00
2.580000000000000000e+03 1.736403226852416992e+00
2.582000000000000000e+03 6.246913075447082520e-01
2.584000000000000000e+03 6.318387985229492188e-01
2.586000000000000000e+03 3.807265460491180420e-01
2.588000000000000000e+03 8.231490850448608398e-01
2.590000000000000000e+03 1.922114968299865723e+00
2.592000000000000000e+03 1.866851687431335449e+00
2.594000000000000000e+03 1.004282116889953613e+00
2.596000000000000000e+03 3.316461443901062012e-01
2.598000000000000000e+03 1.296313405036926270e+00
2.600000000000000000e+03 2.828040122985839844e-01
2.602000000000000000e+03 1.059858083724975586e+00
2.604000000000000000e+03 2.346058368682861328e+00
2.606000000000000000e+03 1.075371861457824707e+00
2.608000000000000000e+03 6.003777980804443359e-01
2.610000000000000000e+03 3.460275232791900635e-01
2.612000000000000000e+03 2.021246433258056641e+00
2.614000000000000000e+03 7.952786087989807129e-01
2.616000000000000000e+03 2.136475324630737305e+00
2.618000000000000000e+03 1.213863015174865723e+00
2.620000000000000000e+03 1.213349699974060059e+00
2.622000000000000000e+03 2.329178810119628906e+00
2.624000000000000000e+03 1.954537391662597656e+00
2.626000000000000000e+03 2.555954694747924805e+00
2.628000000000000000e+03 2.187008380889892578e+00
2.630000000000000000e+03 2.920286953449249268e-01
2.632000000000000000e+03 1.438606619834899902e+00
2.634000000000000000e+03 1.276125907897949219e+00
2.636000000000000000e+03 1.178908109664916992e+00
2.638000000000000000e+03 1.336698055267333984e+00
2.640000000000000000e+03 2.346057653427124023e+00
2.642000000000000000e+03 2.564197063446044922e+00
2.644000000000000000e+03 1.537666559219360352e+00
2.646000000000000000e+03 1.937530994415283203e+00
2.648000000000000000e+03 1.477988600730895996e+00
2.650000000000000000e+03 1.008410096168518066e+00
2.652000000000000000e+03 6.464123725891113281e-01
2.654000000000000000e+03 1.372180104255676270e+00
2.656000000000000000e+03 1.199727654457092285e+00
2.658000000000000000e+03 1.438244819641113281e+00
2.660000000000000000e+03 1.478315234184265137e+00
2.662000000000000000e+03 1.478401541709899902e+00
2.664000000000000000e+03 1.081020608544349670e-01
2.666000000000000000e+03 6.947831511497497559e-01
2.668000000000000000e+03 1.804826974868774414e+00
2.670000000000000000e+03 3.621148467063903809e-01
2.672000000000000000e+03 1.517958045005798340e+00
2.674000000000000000e+03 1.404501914978027344e+00
2.676000000000000000e+03 2.420877218246459961e+00
2.678000000000000000e+03 2.144743442535400391e+00
2.680000000000000000e+03 2.259573936462402344e+00
2.682000000000000000e+03 2.355933189392089844e+00
2.684000000000000000e+03 2.280847072601318359e+00
2.686000000000000000e+03 3.067685127258300781e+00
2.688000000000000000e+03 2.387979269027709961e+00
2.690000000000000000e+03 2.066221714019775391e+00
2.692000000000000000e+03 2.549797058105468750e+00
2.694000000000000000e+03 2.043738603591918945e+00
2.696000000000000000e+03 2.622677087783813477e+00
2.698000000000000000e+03 1.524732828140258789e+00
2.700000000000000000e+03 1.323712825775146484e+00
2.702000000000000000e+03 1.019008874893188477e+00
2.704000000000000000e+03 7.916613221168518066e-01
2.706000000000000000e+03 2.280206441879272461e+00
2.708000000000000000e+03 1.350948691368103027e+00
2.710000000000000000e+03 1.511143803596496582e+00
2.712000000000000000e+03 2.321248769760131836e+00
2.714000000000000000e+03 1.134269475936889648e+00
2.716000000000000000e+03 7.968983650207519531e-01
2.718000000000000000e+03 1.398142099380493164e+00
2.720000000000000000e+03 1.221300244331359863e+00
2.722000000000000000e+03 9.497779607772827148e-01
2.724000000000000000e+03 1.275249838829040527e+00
2.726000000000000000e+03 1.225617527961730957e+00
2.728000000000000000e+03 3.171505033969879150e-01
2.730000000000000000e+03 1.289773941040039062e+00
2.732000000000000000e+03 1.169688940048217773e+00
2.734000000000000000e+03 1.398589253425598145e+00
2.736000000000000000e+03 2.838241755962371826e-01
2.738000000000000000e+03 1.750587344169616699e+00
2.740000000000000000e+03 5.327129960060119629e-01
2.742000000000000000e+03 9.802919626235961914e-01
2.744000000000000000e+03 9.110321998596191406e-01
2.746000000000000000e+03 1.256398916244506836e+00
2.748000000000000000e+03 1.035609960556030273e+00
2.750000000000000000e+03 1.303897738456726074e+00
2.752000000000000000e+03 1.458006501197814941e+00
2.754000000000000000e+03 9.269077181816101074e-01
2.756000000000000000e+03 1.398073911666870117e+00
2.758000000000000000e+03 2.655338287353515625e+00
2.760000000000000000e+03 9.998444914817810059e-01
2.762000000000000000e+03 9.751036167144775391e-01
2.764000000000000000e+03 1.810434341430664062e+00
2.766000000000000000e+03 2.521002769470214844e+00
2.768000000000000000e+03 1.392579078674316406e+00
2.770000000000000000e+03 2.365428924560546875e+00
2.772000000000000000e+03 1.949174642562866211e+00
2.774000000000000000e+03 2.506832838058471680e+00
2.776000000000000000e+03 2.584648370742797852e+00
2.778000000000000000e+03 2.137416839599609375e+00
2.780000000000000000e+03 1.663579225540161133e+00
2.782000000000000000e+03 1.072903275489807129e+00
2.784000000000000000e+03 1.756894111633300781e+00
2.786000000000000000e+03 1.531206488609313965e+00
2.788000000000000000e+03 1.663039088249206543e+00
2.790000000000000000e+03 1.866342663764953613e+00
2.792000000000000000e+03 1.169605493545532227e+00
2.794000000000000000e+03 2.301113367080688477e+00
2.796000000000000000e+03 2.655336856842041016e+00
2.798000000000000000e+03 9.336649775505065918e-01
2.800000000000000000e+03 4.159573316574096680e-01
2.802000000000000000e+03 2.593534231185913086e+00
2.804000000000000000e+03 2.527280569076538086e+00
2.806000000000000000e+03 1.344590187072753906e+00
2.808000000000000000e+03 4.824426472187042236e-01
2.810000000000000000e+03 6.947788000106811523e-01
2.812000000000000000e+03 1.281489133834838867e+00
2.814000000000000000e+03 2.092531919479370117e+00
2.816000000000000000e+03 1.262965798377990723e+00
2.818000000000000000e+03 2.348376035690307617e+00
2.820000000000000000e+03 1.228772282600402832e+00
2.822000000000000000e+03 2.022567749023437500e+00
2.824000000000000000e+03 3.857333064079284668e-01
2.826000000000000000e+03 8.483868837356567383e-01
2.828000000000000000e+03 1.577408432960510254e+00
2.830000000000000000e+03 1.617068886756896973e+00
2.832000000000000000e+03 8.482903838157653809e-01
2.834000000000000000e+03 1.067382454872131348e+00
2.836000000000000000e+03 1.763057231903076172e+00
2.838000000000000000e+03 1.424411296844482422e+00
2.840000000000000000e+03 2.589828729629516602e+00
2.842000000000000000e+03 2.423987627029418945e+00
2.844000000000000000e+03 2.662339448928833008e+00
2.846000000000000000e+03 1.417737960815429688e+00
2.848000000000000000e+03 1.282200813293457031e+00
2.850000000000000000e+03 2.785359621047973633e+00
2.852000000000000000e+03 2.834872961044311523e+00
2.854000000000000000e+03 6.267338395118713379e-01
2.856000000000000000e+03 1.756905913352966309e+00
2.858000000000000000e+03 1.757472395896911621e+00
2.860000000000000000e+03 1.703112483024597168e+00
2.862000000000000000e+03 1.823671579360961914e+00
2.864000000000000000e+03 1.670171141624450684e+00
2.866000000000000000e+03 2.492768049240112305e+00
2.868000000000000000e+03 1.471228361129760742e+00
2.870000000000000000e+03 4.143315851688385010e-01
2.872000000000000000e+03 1.484598159790039062e+00
2.874000000000000000e+03 9.829819202423095703e-01
2.876000000000000000e+03 2.665375232696533203e+00
2.878000000000000000e+03 1.054543972015380859e+00
2.880000000000000000e+03 1.844097971916198730e+00
2.882000000000000000e+03 1.763108491897583008e+00
2.884000000000000000e+03 1.544348955154418945e+00
2.886000000000000000e+03 1.214991569519042969e+00
2.888000000000000000e+03 1.524340629577636719e+00
2.890000000000000000e+03 6.689195632934570312e-01
2.892000000000000000e+03 1.885645270347595215e+00
2.894000000000000000e+03 1.431568384170532227e+00
2.896000000000000000e+03 1.551006078720092773e+00
2.898000000000000000e+03 1.762518763542175293e+00
2.900000000000000000e+03 1.378026127815246582e+00
2.902000000000000000e+03 1.133932709693908691e+00
2.904000000000000000e+03 6.666832566261291504e-01
2.906000000000000000e+03 6.635626554489135742e-01
2.908000000000000000e+03 1.810577869415283203e+00
2.910000000000000000e+03 1.716354727745056152e+00
2.912000000000000000e+03 2.476438283920288086e+00
2.914000000000000000e+03 1.183727979660034180e+00
2.916000000000000000e+03 1.021043539047241211e+00
2.918000000000000000e+03 1.050224304199218750e+00
2.920000000000000000e+03 2.579262256622314453e+00
2.922000000000000000e+03 2.051999568939208984e+00
2.924000000000000000e+03 1.951214313507080078e+00
2.926000000000000000e+03 1.703262686729431152e+00
2.928000000000000000e+03 1.213350057601928711e+00
2.930000000000000000e+03 2.112393379211425781e+00
2.932000000000000000e+03 2.547815084457397461e+00
2.934000000000000000e+03 2.395423650741577148e+00
2.936000000000000000e+03 2.688339710235595703e+00
2.938000000000000000e+03 1.935596227645874023e+00
2.940000000000000000e+03 2.044408082962036133e+00
2.942000000000000000e+03 2.695536851882934570e+00
2.944000000000000000e+03 1.557566523551940918e+00
2.946000000000000000e+03 2.680639266967773438e+00
2.948000000000000000e+03 1.872609376907348633e+00
2.950000000000000000e+03 9.482865333557128906e-01
2.952000000000000000e+03 2.177102327346801758e+00
2.954000000000000000e+03 2.321781158447265625e+00
2.956000000000000000e+03 9.657030105590820312e-01
2.958000000000000000e+03 1.385080814361572266e+00
2.960000000000000000e+03 2.059705257415771484e+00
2.962000000000000000e+03 2.153312444686889648e+00
2.964000000000000000e+03 1.215320467948913574e+00
2.966000000000000000e+03 1.851826071739196777e+00
2.968000000000000000e+03 3.012864828109741211e+00
2.970000000000000000e+03 1.879459023475646973e+00
2.972000000000000000e+03 1.584002375602722168e+00
2.974000000000000000e+03 6.208349466323852539e-01
2.976000000000000000e+03 1.126300930976867676e+00
2.978000000000000000e+03 1.471126675605773926e+00
2.980000000000000000e+03 1.716784119606018066e+00
2.982000000000000000e+03 1.663672327995300293e+00
2.984000000000000000e+03 1.005783796310424805e+00
2.986000000000000000e+03 1.344569444656372070e+00
2.988000000000000000e+03 1.817204713821411133e+00
2.990000000000000000e+03 2.470155239105224609e+00
2.992000000000000000e+03 1.557608723640441895e+00
2.994000000000000000e+03 1.338579654693603516e+00
2.996000000000000000e+03 9.359318017959594727e-01
2.998000000000000000e+03 2.801081836223602295e-01
3.000000000000000000e+03 6.628038287162780762e-01
3.002000000000000000e+03 2.847838163375854492e+00
3.004000000000000000e+03 1.696065664291381836e+00
3.006000000000000000e+03 2.526971340179443359e+00
3.008000000000000000e+03 2.569694280624389648e+00
3.010000000000000000e+03 4.862966239452362061e-01
3.012000000000000000e+03 8.229460716247558594e-01
3.014000000000000000e+03 1.524454832077026367e+00
3.016000000000000000e+03 1.871046066284179688e+00
3.018000000000000000e+03 2.593533754348754883e+00
3.020000000000000000e+03 2.536288499832153320e+00
3.022000000000000000e+03 2.925058364868164062e+00
3.024000000000000000e+03 2.761911869049072266e+00
3.026000000000000000e+03 1.537868499755859375e+00
3.028000000000000000e+03 1.185160994529724121e+00
3.030000000000000000e+03 9.838528633117675781e-01
3.032000000000000000e+03 1.839356064796447754e+00
3.034000000000000000e+03 2.460664510726928711e+00
3.036000000000000000e+03 1.797127604484558105e+00
3.038000000000000000e+03 2.029524326324462891e+00
3.040000000000000000e+03 1.471159934997558594e+00
3.042000000000000000e+03 8.530225753784179688e-01
3.044000000000000000e+03 8.615048527717590332e-01
3.046000000000000000e+03 8.707928657531738281e-01
3.048000000000000000e+03 7.302584648132324219e-01
3.050000000000000000e+03 1.357446789741516113e+00
3.052000000000000000e+03 1.755861520767211914e+00
3.054000000000000000e+03 1.012662649154663086e+00
3.056000000000000000e+03 2.682258844375610352e+00
3.058000000000000000e+03 1.517850518226623535e+00
3.060000000000000000e+03 1.114942908287048340e+00
3.062000000000000000e+03 8.517334461212158203e-01
3.064000000000000000e+03 3.011217415332794189e-01
3.066000000000000000e+03 2.934180736541748047e+00
3.068000000000000000e+03 4.280725419521331787e-01
3.070000000000000000e+03 1.914309501647949219e+00
3.072000000000000000e+03 9.221332073211669922e-01
3.074000000000000000e+03 8.351885080337524414e-01
3.076000000000000000e+03 2.080076694488525391e+00
3.078000000000000000e+03 1.956717133522033691e+00
3.080000000000000000e+03 2.790501832962036133e+00
3.082000000000000000e+03 2.089960813522338867e+00
3.084000000000000000e+03 2.358500957489013672e+00
3.086000000000000000e+03 2.451188564300537109e+00
3.088000000000000000e+03 2.400010347366333008e+00
3.090000000000000000e+03 5.658797025680541992e-01
3.092000000000000000e+03 1.477765560150146484e+00
3.094000000000000000e+03 2.389989852905273438e+00
3.096000000000000000e+03 2.345715999603271484e+00
3.098000000000000000e+03 2.329881906509399414e+00
3.100000000000000000e+03 2.850664615631103516e+00
3.102000000000000000e+03 2.089960813522338867e+00
3.104000000000000000e+03 2.949364662170410156e+00
3.106000000000000000e+03 1.148632764816284180e+00
3.108000000000000000e+03 1.111639380455017090e+00
3.110000000000000000e+03 1.133933067321777344e+00
3.112000000000000000e+03 1.356951951980590820e+00
3.114000000000000000e+03 7.302573919296264648e-01
3.116000000000000000e+03 7.930281758308410645e-02
3.118000000000000000e+03 1.323470115661621094e+00
3.120000000000000000e+03 1.397614002227783203e+00
3.122000000000000000e+03 1.289962410926818848e+00
3.124000000000000000e+03 1.035545825958251953e+00
3.126000000000000000e+03 1.046997427940368652e+00
3.128000000000000000e+03 5.066868662834167480e-01
3.130000000000000000e+03 9.874528050422668457e-01
3.132000000000000000e+03 1.188910126686096191e+00
3.134000000000000000e+03 1.103083610534667969e+00
3.136000000000000000e+03 1.531288146972656250e+00
3.138000000000000000e+03 1.697045207023620605e+00
3.140000000000000000e+03 5.377240180969238281e-01
3.142000000000000000e+03 5.830208063125610352e-01
3.144000000000000000e+03 4.673007130622863770e-01
3.146000000000000000e+03 2.610202074050903320e+00
3.148000000000000000e+03 3.938622772693634033e-01
3.150000000000000000e+03 2.024264812469482422e+00
3.152000000000000000e+03 2.368201255798339844e+00
3.154000000000000000e+03 1.438753008842468262e+00
3.156000000000000000e+03 1.716354131698608398e+00
3.158000000000000000e+03 1.113315582275390625e+00
3.160000000000000000e+03 7.496029734611511230e-01
3.162000000000000000e+03 6.913737654685974121e-01
3.164000000000000000e+03 4.969066083431243896e-01
3.166000000000000000e+03 1.908115983009338379e+00
3.168000000000000000e+03 1.199930191040039062e+00
3.170000000000000000e+03 1.676799535751342773e+00
3.172000000000000000e+03 7.363480925559997559e-01
3.174000000000000000e+03 8.423648476600646973e-01
3.176000000000000000e+03 1.584009885787963867e+00
3.178000000000000000e+03 1.623768687248229980e+00
3.180000000000000000e+03 1.577407240867614746e+00
3.182000000000000000e+03 1.511267900466918945e+00
3.184000000000000000e+03 2.926647424697875977e+00
3.186000000000000000e+03 1.978252649307250977e+00
3.188000000000000000e+03 2.914464473724365234e+00
3.190000000000000000e+03 2.230695009231567383e+00
3.192000000000000000e+03 1.496919840574264526e-01
3.194000000000000000e+03 1.603851914405822754e+00
3.196000000000000000e+03 1.942297577857971191e+00
3.198000000000000000e+03 1.261380434036254883e+00
3.200000000000000000e+03 5.838180184364318848e-01
3.202000000000000000e+03 7.567448616027832031e-01
3.204000000000000000e+03 7.387024760246276855e-01
3.206000000000000000e+03 8.845480680465698242e-01
3.208000000000000000e+03 2.038253307342529297e+00
3.210000000000000000e+03 1.934478640556335449e+00
3.212000000000000000e+03 1.384977817535400391e+00
3.214000000000000000e+03 1.163444399833679199e+00
3.216000000000000000e+03 4.484588801860809326e-01
3.218000000000000000e+03 1.696911096572875977e+00
3.220000000000000000e+03 2.737250566482543945e+00
3.222000000000000000e+03 2.260369777679443359e+00
3.224000000000000000e+03 1.233598947525024414e+00
3.226000000000000000e+03 2.550267219543457031e+00
3.228000000000000000e+03 2.412722349166870117e+00
3.230000000000000000e+03 2.395423412322998047e+00
3.232000000000000000e+03 2.289630651473999023e+00
3.234000000000000000e+03 2.978139400482177734e+00
3.236000000000000000e+03 1.803756356239318848e+00
3.238000000000000000e+03 2.485208988189697266e+00
3.240000000000000000e+03 1.379211664199829102e+00
3.242000000000000000e+03 1.992909431457519531e+00
3.244000000000000000e+03 4.257798790931701660e-01
3.246000000000000000e+03 1.866376876831054688e+00
3.248000000000000000e+03 9.031271338462829590e-01
3.250000000000000000e+03 2.280894756317138672e+00
3.252000000000000000e+03 1.677003145217895508e+00
3.254000000000000000e+03 9.858081340789794922e-01
3.256000000000000000e+03 2.374158859252929688e+00
3.258000000000000000e+03 1.964525461196899414e+00
3.260000000000000000e+03 1.670456528663635254e+00
3.262000000000000000e+03 2.519081592559814453e+00
3.264000000000000000e+03 1.023435473442077637e+00
3.266000000000000000e+03 2.091015815734863281e+00
3.268000000000000000e+03 2.649437904357910156e+00
3.270000000000000000e+03 2.096950531005859375e+00
3.272000000000000000e+03 1.491603732109069824e+00
3.274000000000000000e+03 1.709816098213195801e+00
3.276000000000000000e+03 2.486570119857788086e+00
3.278000000000000000e+03 2.158608913421630859e+00
3.280000000000000000e+03 1.978177428245544434e+00
3.282000000000000000e+03 1.684053182601928711e+00
3.284000000000000000e+03 1.392521858215332031e-01
3.286000000000000000e+03 7.574604749679565430e-01
3.288000000000000000e+03 1.246127247810363770e+00
3.290000000000000000e+03 1.636984229087829590e+00
3.292000000000000000e+03 1.330988049507141113e+00
3.294000000000000000e+03 1.865018486976623535e+00
3.296000000000000000e+03 1.013468623161315918e+00
3.298000000000000000e+03 7.702426910400390625e-01
3.300000000000000000e+03 1.689639568328857422e+00
3.302000000000000000e+03 1.030962944030761719e+00
3.304000000000000000e+03 9.744364023208618164e-01
3.306000000000000000e+03 1.219861149787902832e+00
3.308000000000000000e+03 1.867341160774230957e+00
3.310000000000000000e+03 1.155422806739807129e+00
3.312000000000000000e+03 4.138884544372558594e-01
3.314000000000000000e+03 6.659351587295532227e-01
3.316000000000000000e+03 6.846933364868164062e-01
3.318000000000000000e+03 9.167807102203369141e-01
3.320000000000000000e+03 2.134705305099487305e+00
3.322000000000000000e+03 4.298201203346252441e-01
3.324000000000000000e+03 1.047322392463684082e+00
3.326000000000000000e+03 1.927044153213500977e+00
3.328000000000000000e+03 1.657003045082092285e+00
3.330000000000000000e+03 1.630158662796020508e+00
3.332000000000000000e+03 1.118866324424743652e+00
3.334000000000000000e+03 2.397538900375366211e+00
3.336000000000000000e+03 2.479138612747192383e+00
3.338000000000000000e+03 9.111675024032592773e-01
3.340000000000000000e+03 1.830718994140625000e+00
3.342000000000000000e+03 1.823784112930297852e+00
3.344000000000000000e+03 2.249789953231811523e+00
3.346000000000000000e+03 6.313366889953613281e-01
3.348000000000000000e+03 1.431356787681579590e+00
3.350000000000000000e+03 1.134544730186462402e+00
3.352000000000000000e+03 7.294077277183532715e-01
3.354000000000000000e+03 5.486672520637512207e-01
3.356000000000000000e+03 6.759864687919616699e-01
3.358000000000000000e+03 1.617004394531250000e+00
3.360000000000000000e+03 1.583953857421875000e+00
3.362000000000000000e+03 2.242155075073242188e+00
3.364000000000000000e+03 1.630374312400817871e+00
3.366000000000000000e+03 2.403057575225830078e+00
3.368000000000000000e+03 2.128124237060546875e+00
3.370000000000000000e+03 1.979993820190429688e+00
3.372000000000000000e+03 2.629204988479614258e+00
3.374000000000000000e+03 2.258907556533813477e+00
3.376000000000000000e+03 1.206044793128967285e+00
3.378000000000000000e+03 9.965084195137023926e-01
3.380000000000000000e+03 1.371667861938476562e+00
3.382000000000000000e+03 1.976921081542968750e+00
3.384000000000000000e+03 9.991034269332885742e-01
3.386000000000000000e+03 9.665935635566711426e-01
3.388000000000000000e+03 1.351489663124084473e+00
3.390000000000000000e+03 1.431496024131774902e+00
3.392000000000000000e+03 1.880527377128601074e+00
3.394000000000000000e+03 2.636153697967529297e+00
3.396000000000000000e+03 8.415897488594055176e-01
3.398000000000000000e+03 2.264429330825805664e+00
3.400000000000000000e+03 1.511345863342285156e+00
3.402000000000000000e+03 1.035504698753356934e+00
3.404000000000000000e+03 2.906382560729980469e+00
3.406000000000000000e+03 3.037829875946044922e+00
3.408000000000000000e+03 1.722529888153076172e+00
3.410000000000000000e+03 1.810801029205322266e+00
3.412000000000000000e+03 9.320569634437561035e-01
3.414000000000000000e+03 9.668648838996887207e-01
3.416000000000000000e+03 1.118493437767028809e+00
3.418000000000000000e+03 1.597157359123229980e+00
3.420000000000000000e+03 1.784226536750793457e+00
3.422000000000000000e+03 1.544411182403564453e+00
3.424000000000000000e+03 1.696818947792053223e+00
3.426000000000000000e+03 1.951356291770935059e+00
3.428000000000000000e+03 1.971458077430725098e+00
3.430000000000000000e+03 1.837790608406066895e+00
3.432000000000000000e+03 1.878819823265075684e+00
3.434000000000000000e+03 2.489640951156616211e+00
3.436000000000000000e+03 1.211811184883117676e+00
3.438000000000000000e+03 1.391451239585876465e+00
3.440000000000000000e+03 1.617068886756896973e+00
3.442000000000000000e+03 1.770254492759704590e+00
3.444000000000000000e+03 2.679594278335571289e+00
3.446000000000000000e+03 1.248537540435791016e+00
3.448000000000000000e+03 9.329841732978820801e-01
3.450000000000000000e+03 9.083206653594970703e-01
3.452000000000000000e+03 2.988439321517944336e+00
3.454000000000000000e+03 1.943885564804077148e+00
3.456000000000000000e+03 2.122276782989501953e+00
3.458000000000000000e+03 1.241043925285339355e+00
3.460000000000000000e+03 1.205518841743469238e+00
3.462000000000000000e+03 1.343638896942138672e+00
3.464000000000000000e+03 1.557567715644836426e+00
3.466000000000000000e+03 1.944680452346801758e+00
3.468000000000000000e+03 2.306626796722412109e+00
3.470000000000000000e+03 1.976830244064331055e+00
3.472000000000000000e+03 2.191548824310302734e+00
3.474000000000000000e+03 1.683716416358947754e+00
3.476000000000000000e+03 5.800565481185913086e-01
3.478000000000000000e+03 1.311234951019287109e+00
3.480000000000000000e+03 1.577442884445190430e+00
3.482000000000000000e+03 1.617070913314819336e+00
3.484000000000000000e+03 9.342463016510009766e-01
3.486000000000000000e+03 6.353783607482910156e-01
3.488000000000000000e+03 1.531139373779296875e+00
3.490000000000000000e+03 7.753394842147827148e-01
3.492000000000000000e+03 2.142041444778442383e+00
3.494000000000000000e+03 2.105061531066894531e+00
3.496000000000000000e+03 1.640203744173049927e-01
3.498000000000000000e+03 5.823546648025512695e-01
3.500000000000000000e+03 1.418132781982421875e+00
3.502000000000000000e+03 1.183262228965759277e+00
3.504000000000000000e+03 8.760045170783996582e-01
3.506000000000000000e+03 6.397464871406555176e-01
3.508000000000000000e+03 1.072835564613342285e+00
3.510000000000000000e+03 8.863603472709655762e-01
3.512000000000000000e+03 1.504650235176086426e+00
3.514000000000000000e+03 1.743939995765686035e+00
3.516000000000000000e+03 1.270326972007751465e+00
3.518000000000000000e+03 1.676298499107360840e+00
3.520000000000000000e+03 9.955409765243530273e-01
3.522000000000000000e+03 1.577390909194946289e+00
3.524000000000000000e+03 2.691361188888549805e+00
3.526000000000000000e+03 1.425298452377319336e+00
3.528000000000000000e+03 1.498026132583618164e+00
3.530000000000000000e+03 1.277778029441833496e+00
3.532000000000000000e+03 9.995370507240295410e-01
3.534000000000000000e+03 4.257775247097015381e-01
3.536000000000000000e+03 8.823791146278381348e-01
3.538000000000000000e+03 6.367037892341613770e-01
3.540000000000000000e+03 2.369463443756103516e+00
3.542000000000000000e+03 2.089250564575195312e+00
3.544000000000000000e+03 1.921029448509216309e+00
3.546000000000000000e+03 1.438291430473327637e+00
3.548000000000000000e+03 1.650406360626220703e+00
3.550000000000000000e+03 1.005061984062194824e+00
3.552000000000000000e+03 1.390834331512451172e+00
3.554000000000000000e+03 3.001103401184082031e+00
3.556000000000000000e+03 2.072487115859985352e+00
3.558000000000000000e+03 8.368282318115234375e-01
3.560000000000000000e+03 1.724000930786132812e+00
3.562000000000000000e+03 2.742288351058959961e+00
3.564000000000000000e+03 2.411821603775024414e+00
3.566000000000000000e+03 2.505535364151000977e+00
3.568000000000000000e+03 1.557581067085266113e+00
3.570000000000000000e+03 2.233017444610595703e+00
3.572000000000000000e+03 1.246734738349914551e+00
3.574000000000000000e+03 2.355475425720214844e+00
3.576000000000000000e+03 9.578226208686828613e-01
3.578000000000000000e+03 3.857866525650024414e-01
3.580000000000000000e+03 2.434275150299072266e+00
3.582000000000000000e+03 1.696767449378967285e+00
3.584000000000000000e+03 1.049351334571838379e+00
3.586000000000000000e+03 5.164280533790588379e-01
3.588000000000000000e+03 1.597131729125976562e+00
3.590000000000000000e+03 1.913996696472167969e+00
3.592000000000000000e+03 1.022479891777038574e+00
3.594000000000000000e+03 1.089272737503051758e+00
3.596000000000000000e+03 1.212819933891296387e+00
3.598000000000000000e+03 1.852279067039489746e+00
3.600000000000000000e+03 9.175333976745605469e-01
3.602000000000000000e+03 1.192045807838439941e+00
3.604000000000000000e+03 1.283435344696044922e+00
3.606000000000000000e+03 3.401181697845458984e-01
3.608000000000000000e+03 6.636176109313964844e-01
3.610000000000000000e+03 2.454440832138061523e+00
3.612000000000000000e+03 2.435068130493164062e+00
3.614000000000000000e+03 1.349764585494995117e+00
3.616000000000000000e+03 7.853981852531433105e-01
3.618000000000000000e+03 2.430645227432250977e+00
3.620000000000000000e+03 2.045160770416259766e+00
3.622000000000000000e+03 1.702720880508422852e+00
3.624000000000000000e+03 3.017687082290649414e+00
3.626000000000000000e+03 1.902553915977478027e+00
3.628000000000000000e+03 1.777014136314392090e+00
3.630000000000000000e+03 2.319234132766723633e+00
3.632000000000000000e+03 2.000806093215942383e+00
3.634000000000000000e+03 1.969692826271057129e+00
3.636000000000000000e+03 2.392036914825439453e+00
3.638000000000000000e+03 2.577360868453979492e+00
3.640000000000000000e+03 1.818827509880065918e+00
3.642000000000000000e+03 1.170573592185974121e+00
3.644000000000000000e+03 2.088556289672851562e+00
3.646000000000000000e+03 2.064895391464233398e+00
3.648000000000000000e+03 2.036512613296508789e+00
3.650000000000000000e+03 1.886494636535644531e+00
3.652000000000000000e+03 1.254652976989746094e+00
3.654000000000000000e+03 1.557586312294006348e+00
3.656000000000000000e+03 1.979339122772216797e+00
3.658000000000000000e+03 2.747311830520629883e+00
3.660000000000000000e+03 2.738787651062011719e+00
3.662000000000000000e+03 2.458063364028930664e+00
3.664000000000000000e+03 1.824754238128662109e+00
3.666000000000000000e+03 1.597219347953796387e+00
3.668000000000000000e+03 1.464681267738342285e+00
3.670000000000000000e+03 1.969874858856201172e+00
3.672000000000000000e+03 2.870861291885375977e+00
3.674000000000000000e+03 2.795436859130859375e+00
3.676000000000000000e+03 2.293204069137573242e+00
3.678000000000000000e+03 2.392973184585571289e+00
3.680000000000000000e+03 2.480468034744262695e+00
3.682000000000000000e+03 1.517668843269348145e+00
3.684000000000000000e+03 1.791247010231018066e+00
3.686000000000000000e+03 1.390942692756652832e+00
3.688000000000000000e+03 1.845573782920837402e+00
3.690000000000000000e+03 1.636814355850219727e+00
3.692000000000000000e+03 2.112001657485961914e+00
3.694000000000000000e+03 1.670052409172058105e+00
3.696000000000000000e+03 1.623453855514526367e+00
3.698000000000000000e+03 1.484923481941223145e+00
3.700000000000000000e+03 2.893944978713989258e-01
3.702000000000000000e+03 8.321133255958557129e-01
3.704000000000000000e+03 1.276648283004760742e+00
3.706000000000000000e+03 1.709735035896301270e+00
3.708000000000000000e+03 1.281718015670776367e+00
3.710000000000000000e+03 2.002665758132934570e+00
3.712000000000000000e+03 1.142036080360412598e+00
3.714000000000000000e+03 1.537669777870178223e+00
3.716000000000000000e+03 7.710158228874206543e-01
3.718000000000000000e+03 8.932430148124694824e-01
3.720000000000000000e+03 1.072339892387390137e+00
3.722000000000000000e+03 1.790911912918090820e+00
3.724000000000000000e+03 1.703144788742065430e+00
3.726000000000000000e+03 1.206684350967407227e+00
3.728000000000000000e+03 8.737234473228454590e-01
3.730000000000000000e+03 1.762960076332092285e+00
3.732000000000000000e+03 1.878592252731323242e+00
3.734000000000000000e+03 1.743026137351989746e+00
3.736000000000000000e+03 1.791277050971984863e+00
3.738000000000000000e+03 1.557542085647583008e+00
3.740000000000000000e+03 1.013849139213562012e+00
3.742000000000000000e+03 1.649849653244018555e+00
3.744000000000000000e+03 1.603842258453369141e+00
3.746000000000000000e+03 1.650162816047668457e+00
3.748000000000000000e+03 1.956965208053588867e+00
3.750000000000000000e+03 9.643664956092834473e-01
3.752000000000000000e+03 5.992289185523986816e-01
3.754000000000000000e+03 6.779137849807739258e-01
3.756000000000000000e+03 5.885253548622131348e-01
3.758000000000000000e+03 1.479821056127548218e-01
3.760000000000000000e+03 2.113026618957519531e+00
3.762000000000000000e+03 1.703424096107482910e+00
3.764000000000000000e+03 6.201927661895751953e-01
3.766000000000000000e+03 3.637189269065856934e-01
3.768000000000000000e+03 1.311010360717773438e+00
3.770000000000000000e+03 8.292586207389831543e-01
3.772000000000000000e+03 4.546843171119689941e-01
3.774000000000000000e+03 5.375057458877563477e-01
3.776000000000000000e+03 9.685473442077636719e-01
3.778000000000000000e+03 1.417950749397277832e+00
3.780000000000000000e+03 2.177482843399047852e+00
3.782000000000000000e+03 2.043616056442260742e+00
3.784000000000000000e+03 2.699187278747558594e+00
3.786000000000000000e+03 2.694224119186401367e+00
3.788000000000000000e+03 5.669397711753845215e-01
3.790000000000000000e+03 1.670051217079162598e+00
3.792000000000000000e+03 1.636723637580871582e+00
3.794000000000000000e+03 1.148348927497863770e+00
3.796000000000000000e+03 6.995506286621093750e-01
3.798000000000000000e+03 1.458765983581542969e+00
3.800000000000000000e+03 1.126728415489196777e+00
3.802000000000000000e+03 1.106649994850158691e+00
3.804000000000000000e+03 1.344297289848327637e+00
3.806000000000000000e+03 1.405119061470031738e+00
3.808000000000000000e+03 2.116734743118286133e+00
3.810000000000000000e+03 2.279840230941772461e+00
3.812000000000000000e+03 2.345971822738647461e+00
3.814000000000000000e+03 2.756941556930541992e+00
3.816000000000000000e+03 2.502811670303344727e+00
3.818000000000000000e+03 1.782817482948303223e+00
3.820000000000000000e+03 2.134549856185913086e+00
3.822000000000000000e+03 1.189876794815063477e+00
3.824000000000000000e+03 1.296172857284545898e+00
3.826000000000000000e+03 1.911216676235198975e-01
3.828000000000000000e+03 1.823413491249084473e+00
3.830000000000000000e+03 2.150554180145263672e+00
3.832000000000000000e+03 4.666493535041809082e-01
3.834000000000000000e+03 1.171001911163330078e+00
3.836000000000000000e+03 1.995133757591247559e+00
3.838000000000000000e+03 1.971689820289611816e+00
3.840000000000000000e+03 7.564898729324340820e-01
3.842000000000000000e+03 1.281594634056091309e+00
3.844000000000000000e+03 1.084702253341674805e+00
3.846000000000000000e+03 1.517980098724365234e+00
3.848000000000000000e+03 7.078030705451965332e-01
3.850000000000000000e+03 6.420235037803649902e-01
3.852000000000000000e+03 1.356601834297180176e+00
3.854000000000000000e+03 8.639191985130310059e-01
3.856000000000000000e+03 4.111583828926086426e-01
3.858000000000000000e+03 7.088466286659240723e-01
3.860000000000000000e+03 1.372389316558837891e+00
3.862000000000000000e+03 2.008652925491333008e+00
3.864000000000000000e+03 1.358369708061218262e+00
3.866000000000000000e+03 1.168170645833015442e-01
3.868000000000000000e+03 8.382017016410827637e-01
3.870000000000000000e+03 2.236158609390258789e+00
3.872000000000000000e+03 1.636734008789062500e+00
3.874000000000000000e+03 3.126785039901733398e+00
3.876000000000000000e+03 2.454229116439819336e+00
3.878000000000000000e+03 2.559425354003906250e+00
3.880000000000000000e+03 2.810200452804565430e+00
3.882000000000000000e+03 6.541112065315246582e-01
3.884000000000000000e+03 2.529909610748291016e+00
3.886000000000000000e+03 1.844512343406677246e+00
3.888000000000000000e+03 5.689553618431091309e-01
3.890000000000000000e+03 7.265171408653259277e-01
3.892000000000000000e+03 9.986122846603393555e-01
3.894000000000000000e+03 1.689741969108581543e+00
3.896000000000000000e+03 2.496629476547241211e+00
3.898000000000000000e+03 1.817288041114807129e+00
3.900000000000000000e+03 1.770042538642883301e+00
3.902000000000000000e+03 2.226185560226440430e+00
3.904000000000000000e+03 1.636568069458007812e+00
3.906000000000000000e+03 4.230280518531799316e-01
3.908000000000000000e+03 1.204787731170654297e+00
3.910000000000000000e+03 2.045307397842407227e+00
3.912000000000000000e+03 2.317375659942626953e+00
3.914000000000000000e+03 2.605521202087402344e+00
3.916000000000000000e+03 1.949513196945190430e+00
3.918000000000000000e+03 1.417298674583435059e+00
3.920000000000000000e+03 1.749395132064819336e+00
3.922000000000000000e+03 2.903391838073730469e+00
3.924000000000000000e+03 2.301407337188720703e+00
3.926000000000000000e+03 1.942212700843811035e+00
3.928000000000000000e+03 2.544415950775146484e+00
3.930000000000000000e+03 1.942680001258850098e+00
3.932000000000000000e+03 2.230881690979003906e+00
3.934000000000000000e+03 1.657306313514709473e+00
3.936000000000000000e+03 2.458192110061645508e+00
3.938000000000000000e+03 1.630534172058105469e+00
3.940000000000000000e+03 7.764081358909606934e-01
3.942000000000000000e+03 5.984610319137573242e-01
3.944000000000000000e+03 1.296517133712768555e+00
3.946000000000000000e+03 1.617056131362915039e+00
3.948000000000000000e+03 1.763006806373596191e+00
3.950000000000000000e+03 1.676124930381774902e+00
3.952000000000000000e+03 2.664201021194458008e+00
3.954000000000000000e+03 1.155914306640625000e+00
3.956000000000000000e+03 1.976707935333251953e+00
3.958000000000000000e+03 1.398419141769409180e+00
3.960000000000000000e+03 8.777945041656494141e-01
3.962000000000000000e+03 1.013304948806762695e+00
3.964000000000000000e+03 7.751162648200988770e-01
3.966000000000000000e+03 5.554577708244323730e-01
3.968000000000000000e+03 1.148211121559143066e+00
3.970000000000000000e+03 1.962935924530029297e+00
3.972000000000000000e+03 7.415819764137268066e-01
3.974000000000000000e+03 9.708996415138244629e-01
3.976000000000000000e+03 2.561702013015747070e+00
3.978000000000000000e+03 2.586170196533203125e+00
3.980000000000000000e+03 2.226207971572875977e+00
3.982000000000000000e+03 2.319091796875000000e+00
3.984000000000000000e+03 2.665904998779296875e+00
3.986000000000000000e+03 6.123042106628417969e-01
3.988000000000000000e+03 2.166344523429870605e-01
3.990000000000000000e+03 2.121305227279663086e+00
3.992000000000000000e+03 2.016263008117675781e+00
3.994000000000000000e+03 7.621239423751831055e-01
3.996000000000000000e+03 1.451579570770263672e+00
3.998000000000000000e+03 5.196604132652282715e-01
4.000000000000000000e+03 1.357900500297546387e+00
4.002000000000000000e+03 2.877633333206176758e+00
4.004000000000000000e+03 2.676161766052246094e+00
4.006000000000000000e+03 2.764136314392089844e+00
4.008000000000000000e+03 2.508375883102416992e+00
4.010000000000000000e+03 1.985610723495483398e+00
4.012000000000000000e+03 1.045187354087829590e+00
4.014000000000000000e+03 1.789236307144165039e+00
4.016000000000000000e+03 6.350250244140625000e-01
4.018000000000000000e+03 8.929796814918518066e-01
4.020000000000000000e+03 1.308956027030944824e+00
4.022000000000000000e+03 7.499284744262695312e-01
4.024000000000000000e+03 1.852659463882446289e+00
4.026000000000000000e+03 1.276942729949951172e+00
4.028000000000000000e+03 1.570796370506286621e+00
4.030000000000000000e+03 1.385153055191040039e+00
4.032000000000000000e+03 1.451367259025573730e+00
4.034000000000000000e+03 1.797238469123840332e+00
4.036000000000000000e+03 1.683318257331848145e+00
4.038000000000000000e+03 6.357331871986389160e-01
4.040000000000000000e+03 1.097853660583496094e+00
4.042000000000000000e+03 1.014486432075500488e+00
4.044000000000000000e+03 2.415445089340209961e+00
4.046000000000000000e+03 2.700614213943481445e+00
4.048000000000000000e+03 2.783842563629150391e+00
4.050000000000000000e+03 2.920364141464233398e+00
4.052000000000000000e+03 2.172825574874877930e+00
4.054000000000000000e+03 2.144064903259277344e+00
4.056000000000000000e+03 2.170127630233764648e+00
4.058000000000000000e+03 6.304970979690551758e-01
4.060000000000000000e+03 1.743905305862426758e+00
4.062000000000000000e+03 1.013754129409790039e+00
4.064000000000000000e+03 1.074805140495300293e+00
4.066000000000000000e+03 1.004044175148010254e+00
4.068000000000000000e+03 1.570796370506286621e+00
4.070000000000000000e+03 1.610431432723999023e+00
4.072000000000000000e+03 1.012210488319396973e+00
4.074000000000000000e+03 2.880891323089599609e+00
4.076000000000000000e+03 1.742611765861511230e+00
4.078000000000000000e+03 2.138529539108276367e+00
4.080000000000000000e+03 8.850291967391967773e-01
4.082000000000000000e+03 2.028790473937988281e+00
4.084000000000000000e+03 1.577390313148498535e+00
4.086000000000000000e+03 7.772507071495056152e-01
4.088000000000000000e+03 9.340201020240783691e-01
4.090000000000000000e+03 6.360861063003540039e-01
4.092000000000000000e+03 2.293823719024658203e+00
4.094000000000000000e+03 9.645512104034423828e-01
4.096000000000000000e+03 1.770771503448486328e+00
4.098000000000000000e+03 1.269572973251342773e+00
4.100000000000000000e+03 1.186844825744628906e+00
4.102000000000000000e+03 5.675184726715087891e-01
4.104000000000000000e+03 6.520304679870605469e-01
4.106000000000000000e+03 1.162537813186645508e+00
4.108000000000000000e+03 6.766128540039062500e-01
4.110000000000000000e+03 6.202841401100158691e-01
4.112000000000000000e+03 5.284280180931091309e-01
4.114000000000000000e+03 8.519432544708251953e-01
4.116000000000000000e+03 1.784188449382781982e-01
4.118000000000000000e+03 1.384528994560241699e+00
4.120000000000000000e+03 9.923734664916992188e-01
4.122000000000000000e+03 9.461716413497924805e-01
4.124000000000000000e+03 7.067399024963378906e-01
4.126000000000000000e+03 2.158479213714599609e+00
4.128000000000000000e+03 1.683319211006164551e+00
4.130000000000000000e+03 2.105579614639282227e+00
4.132000000000000000e+03 1.865566134452819824e+00
4.134000000000000000e+03 7.492280602455139160e-01
4.136000000000000000e+03 2.398620605468750000e+00
4.138000000000000000e+03 1.986169099807739258e+00
4.140000000000000000e+03 2.274693250656127930e+00
4.142000000000000000e+03 2.434478998184204102e+00
4.144000000000000000e+03 2.150285720825195312e+00
4.146000000000000000e+03 2.353566646575927734e+00
4.148000000000000000e+03 1.804533958435058594e+00
4.150000000000000000e+03 1.912983417510986328e+00
4.152000000000000000e+03 1.902273416519165039e+00
4.154000000000000000e+03 1.637034654617309570e+00
4.156000000000000000e+03 7.160998582839965820e-01
4.158000000000000000e+03 1.172364830970764160e+00
4.160000000000000000e+03 1.211455821990966797e+00
4.162000000000000000e+03 1.451715350151062012e+00
4.164000000000000000e+03 5.269355773925781250e-01
4.166000000000000000e+03 6.705942749977111816e-01
4.168000000000000000e+03 1.219893217086791992e+00
4.170000000000000000e+03 7.765415906906127930e-01
4.172000000000000000e+03 1.616922855377197266e+00
4.174000000000000000e+03 1.663537859916687012e+00
4.176000000000000000e+03 1.697220563888549805e+00
4.178000000000000000e+03 1.570796370506286621e+00
4.180000000000000000e+03 8.407563567161560059e-01
4.182000000000000000e+03 9.651340246200561523e-01
4.184000000000000000e+03 1.498064756393432617e+00
4.186000000000000000e+03 1.831066489219665527e+00
4.188000000000000000e+03 9.762796759605407715e-01
4.190000000000000000e+03 1.105200648307800293e+00
4.192000000000000000e+03 1.669705629348754883e+00
4.194000000000000000e+03 2.434914350509643555e+00
4.196000000000000000e+03 1.330346703529357910e+00
4.198000000000000000e+03 1.511191010475158691e+00
4.200000000000000000e+03 1.260982513427734375e+00
4.202000000000000000e+03 1.185424089431762695e+00
4.204000000000000000e+03 1.431299448013305664e+00
4.206000000000000000e+03 1.570796370506286621e+00
4.208000000000000000e+03 2.804190814495086670e-01
4.210000000000000000e+03 3.914122581481933594e-01
4.212000000000000000e+03 1.804863691329956055e+00
4.214000000000000000e+03 2.526449918746948242e+00
4.216000000000000000e+03 2.398853540420532227e+00
4.218000000000000000e+03 1.043347477912902832e+00
4.220000000000000000e+03 1.225585699081420898e+00
4.222000000000000000e+03 8.519049882888793945e-01
4.224000000000000000e+03 7.057032585144042969e-01
4.226000000000000000e+03 2.144022464752197266e+00
4.228000000000000000e+03 2.090852499008178711e+00
4.230000000000000000e+03 1.899529576301574707e+00
4.232000000000000000e+03 2.057470560073852539e+00
4.234000000000000000e+03 2.207073211669921875e+00
4.236000000000000000e+03 2.598646163940429688e+00
4.238000000000000000e+03 1.757005333900451660e+00
4.240000000000000000e+03 1.084485292434692383e+00
4.242000000000000000e+03 1.590632557868957520e+00
4.244000000000000000e+03 1.770094752311706543e+00
4.246000000000000000e+03 2.081305503845214844e+00
4.248000000000000000e+03 2.034077644348144531e+00
4.250000000000000000e+03 1.921851515769958496e+00
4.252000000000000000e+03 9.731276035308837891e-01
4.254000000000000000e+03 5.886555314064025879e-01
4.256000000000000000e+03 6.612908840179443359e-01
4.258000000000000000e+03 7.425277233123779297e-01
4.260000000000000000e+03 7.957822829484939575e-02
4.262000000000000000e+03 9.661417007446289062e-01
4.264000000000000000e+03 1.791309595108032227e+00
4.266000000000000000e+03 1.617069482803344727e+00
4.268000000000000000e+03 1.899952411651611328e+00
4.270000000000000000e+03 2.152750015258789062e+00
4.272000000000000000e+03 9.215211868286132812e-01
4.274000000000000000e+03 2.149985551834106445e+00
4.276000000000000000e+03 2.300003290176391602e+00
4.278000000000000000e+03 1.832211852073669434e+00
4.280000000000000000e+03 2.595548868179321289e+00
4.282000000000000000e+03 5.825225114822387695e-01
4.284000000000000000e+03 1.991942882537841797e+00
4.286000000000000000e+03 1.867093086242675781e+00
4.288000000000000000e+03 1.163236975669860840e+00
4.290000000000000000e+03 1.121615171432495117e+00
4.292000000000000000e+03 2.021945238113403320e+00
4.294000000000000000e+03 7.500267624855041504e-01
4.296000000000000000e+03 1.714993268251419067e-01
4.298000000000000000e+03 2.755173444747924805e-01
4.300000000000000000e+03 1.590639829635620117e+00
4.302000000000000000e+03 9.422122240066528320e-01
4.304000000000000000e+03 1.337929368019104004e+00
4.306000000000000000e+03 2.269728422164916992e+00
4.308000000000000000e+03 3.014222621917724609e+00
4.310000000000000000e+03 2.259213924407958984e+00
4.312000000000000000e+03 2.500625848770141602e+00
4.314000000000000000e+03 2.358387470245361328e+00
4.316000000000000000e+03 1.304230809211730957e+00
4.318000000000000000e+03 1.511532515287399292e-01
4.320000000000000000e+03 5.225617885589599609e-01
4.322000000000000000e+03 4.143320620059967041e-01
4.324000000000000000e+03 6.357333064079284668e-01
4.326000000000000000e+03 2.280087709426879883e+00
4.328000000000000000e+03 2.592102766036987305e+00
4.330000000000000000e+03 2.763534307479858398e+00
4.332000000000000000e+03 2.860282897949218750e+00
4.334000000000000000e+03 2.134058952331542969e+00
4.336000000000000000e+03 2.279705047607421875e+00
4.338000000000000000e+03 1.979187965393066406e+00
4.340000000000000000e+03 2.877632856369018555e+00
4.342000000000000000e+03 1.832105755805969238e+00
4.344000000000000000e+03 1.723222613334655762e+00
4.346000000000000000e+03 2.197154998779296875e+00
4.348000000000000000e+03 2.222478151321411133e+00
4.350000000000000000e+03 2.183384656906127930e+00
4.352000000000000000e+03 1.683638215065002441e+00
4.354000000000000000e+03 1.309751629829406738e+00
4.356000000000000000e+03 1.524528980255126953e+00
4.358000000000000000e+03 1.155181527137756348e+00
4.360000000000000000e+03 1.957009792327880859e+00
4.362000000000000000e+03 1.690309524536132812e+00
4.364000000000000000e+03 7.870525121688842773e-01
4.366000000000000000e+03 5.865609049797058105e-01
4.368000000000000000e+03 1.130168557167053223e+00
4.370000000000000000e+03 1.297761321067810059e+00
4.372000000000000000e+03 1.630414009094238281e+00
4.374000000000000000e+03 1.709090709686279297e+00
4.376000000000000000e+03 1.112370967864990234e+00
4.378000000000000000e+03 1.163387775421142578e+00
4.380000000000000000e+03 1.570796370506286621e+00
4.382000000000000000e+03 1.784032106399536133e+00
4.384000000000000000e+03 1.696012139320373535e+00
4.386000000000000000e+03 2.714712142944335938e+00
4.388000000000000000e+03 2.148131370544433594e+00
4.390000000000000000e+03 1.504856109619140625e+00
4.392000000000000000e+03 3.415991961956024170e-01
4.394000000000000000e+03 3.159537315368652344e-01
4.396000000000000000e+03 1.458707451820373535e+00
4.398000000000000000e+03 1.943465471267700195e+00
4.400000000000000000e+03 1.498078823089599609e+00
4.402000000000000000e+03 1.213862061500549316e+00
4.404000000000000000e+03 6.915834546089172363e-01
4.406000000000000000e+03 9.285674691200256348e-01
4.408000000000000000e+03 1.703111767768859863e+00
4.410000000000000000e+03 9.747093915939331055e-02
4.412000000000000000e+03 9.107104539871215820e-01
4.414000000000000000e+03 3.234384059906005859e-01
4.416000000000000000e+03 1.577383041381835938e+00
4.418000000000000000e+03 1.106803655624389648e+00
4.420000000000000000e+03 1.544450759887695312e+00
4.422000000000000000e+03 1.590631365776062012e+00
4.424000000000000000e+03 1.067033886909484863e+00
4.426000000000000000e+03 2.947649240493774414e+00
4.428000000000000000e+03 1.498158812522888184e+00
4.430000000000000000e+03 1.511153101921081543e+00
4.432000000000000000e+03 1.379173278808593750e+00
4.434000000000000000e+03 1.043930888175964355e+00
4.436000000000000000e+03 1.384809136390686035e+00
4.438000000000000000e+03 1.162652373313903809e+00
4.440000000000000000e+03 1.484827756881713867e+00
4.442000000000000000e+03 1.921851396560668945e+00
4.444000000000000000e+03 2.014635801315307617e+00
4.446000000000000000e+03 8.298811316490173340e-01
4.448000000000000000e+03 1.219356179237365723e+00
4.450000000000000000e+03 2.619981765747070312e+00
4.452000000000000000e+03 2.516539812088012695e+00
4.454000000000000000e+03 2.453564167022705078e+00
4.456000000000000000e+03 1.963520407676696777e+00
4.458000000000000000e+03 7.758077979087829590e-01
4.460000000000000000e+03 8.851177692413330078e-01
4.462000000000000000e+03 1.308501482009887695e+00
4.464000000000000000e+03 1.683331251144409180e+00
4.466000000000000000e+03 1.850271582603454590e+00
4.468000000000000000e+03 1.690044045448303223e+00
4.470000000000000000e+03 1.254768013954162598e+00
4.472000000000000000e+03 1.363423824310302734e+00
4.474000000000000000e+03 1.590576291084289551e+00
4.476000000000000000e+03 1.577430605888366699e+00
4.478000000000000000e+03 1.616990208625793457e+00
4.480000000000000000e+03 2.679461956024169922e+00
4.482000000000000000e+03 1.670463204383850098e+00
4.484000000000000000e+03 1.590519785881042480e+00
4.486000000000000000e+03 2.388441085815429688e+00
4.488000000000000000e+03 1.899455547332763672e+00
4.490000000000000000e+03 1.879069924354553223e+00
4.492000000000000000e+03 9.438274502754211426e-01
4.494000000000000000e+03 5.275336503982543945e-01
4.496000000000000000e+03 2.012963533401489258e+00
4.498000000000000000e+03 1.557640790939331055e+00
4.500000000000000000e+03 1.185799598693847656e+00
4.502000000000000000e+03 1.276646733283996582e+00
4.504000000000000000e+03 1.570796370506286621e+00
4.506000000000000000e+03 1.511201381683349609e+00
4.508000000000000000e+03 2.210990190505981445e+00
4.510000000000000000e+03 2.396372079849243164e+00
4.512000000000000000e+03 1.391265153884887695e+00
4.514000000000000000e+03 1.112447381019592285e+00
4.516000000000000000e+03 1.690015673637390137e+00
4.518000000000000000e+03 1.537744164466857910e+00
4.520000000000000000e+03 1.282894015312194824e+00
4.522000000000000000e+03 6.111847758293151855e-01
4.524000000000000000e+03 1.003175139427185059e+00
4.526000000000000000e+03 1.729767203330993652e+00
4.528000000000000000e+03 1.357906579971313477e+00
4.530000000000000000e+03 2.301114320755004883e+00
4.532000000000000000e+03 2.455962181091308594e+00
4.534000000000000000e+03 1.763873577117919922e+00
4.536000000000000000e+03 1.544371008872985840e+00
4.538000000000000000e+03 2.036390781402587891e+00
4.540000000000000000e+03 1.524524807929992676e+00
4.542000000000000000e+03 6.788060069084167480e-01
4.544000000000000000e+03 3.900212943553924561e-01
4.546000000000000000e+03 2.093286991119384766e+00
4.548000000000000000e+03 2.714711904525756836e+00
4.550000000000000000e+03 2.675246715545654297e+00
4.552000000000000000e+03 2.402673959732055664e+00
4.554000000000000000e+03 2.876583576202392578e+00
4.556000000000000000e+03 2.841022253036499023e+00
4.558000000000000000e+03 5.051274895668029785e-01
4.560000000000000000e+03 2.711610794067382812e-01
4.562000000000000000e+03 1.717024564743041992e+00
4.564000000000000000e+03 1.756500840187072754e+00
4.566000000000000000e+03 2.761735677719116211e+00
4.568000000000000000e+03 2.106359720230102539e+00
4.570000000000000000e+03 2.921526670455932617e+00
4.572000000000000000e+03 2.073489904403686523e+00
4.574000000000000000e+03 1.458006620407104492e+00
4.576000000000000000e+03 1.696447491645812988e+00
4.578000000000000000e+03 9.259907603263854980e-01
4.580000000000000000e+03 1.980354189872741699e-01
4.582000000000000000e+03 1.407974660396575928e-01
4.584000000000000000e+03 1.782298207283020020e+00
4.586000000000000000e+03 1.749587774276733398e+00
4.588000000000000000e+03 1.769692420959472656e+00
4.590000000000000000e+03 1.378267526626586914e+00
4.592000000000000000e+03 1.255337595939636230e+00
4.594000000000000000e+03 1.220053076744079590e+00
4.596000000000000000e+03 1.810605049133300781e+00
4.598000000000000000e+03 1.643351197242736816e+00
4.600000000000000000e+03 2.137311935424804688e+00
4.602000000000000000e+03 2.786649227142333984e+00
4.604000000000000000e+03 2.232778549194335938e+00
4.606000000000000000e+03 1.730995655059814453e+00
4.608000000000000000e+03 2.127593278884887695e+00
4.610000000000000000e+03 1.015298247337341309e+00
4.612000000000000000e+03 1.295230269432067871e+00
4.614000000000000000e+03 1.617016911506652832e+00
4.616000000000000000e+03 1.404779672622680664e+00
4.618000000000000000e+03 2.373168468475341797e+00
4.620000000000000000e+03 2.529506444931030273e+00
4.622000000000000000e+03 1.950147747993469238e+00
4.624000000000000000e+03 1.979727983474731445e+00
4.626000000000000000e+03 1.709514260292053223e+00
4.628000000000000000e+03 2.191251754760742188e+00
4.630000000000000000e+03 1.550953507423400879e+00
4.632000000000000000e+03 2.233067989349365234e+00
4.634000000000000000e+03 1.729534864425659180e+00
4.636000000000000000e+03 2.179229736328125000e+00
4.638000000000000000e+03 9.813491106033325195e-01
4.640000000000000000e+03 1.045160293579101562e+00
4.642000000000000000e+03 1.791231513023376465e+00
4.644000000000000000e+03 2.259521007537841797e+00
4.646000000000000000e+03 1.113754034042358398e+00
4.648000000000000000e+03 1.550853848457336426e+00
4.650000000000000000e+03 1.112931489944458008e+00
4.652000000000000000e+03 1.949416637420654297e+00
4.654000000000000000e+03 2.411531209945678711e+00
4.656000000000000000e+03 2.327545642852783203e+00
4.658000000000000000e+03 1.227033257484436035e+00
4.660000000000000000e+03 1.518085479736328125e+00
4.662000000000000000e+03 1.860556364059448242e+00
4.664000000000000000e+03 2.651295423507690430e+00
4.666000000000000000e+03 2.498715639114379883e+00
4.668000000000000000e+03 2.231286287307739258e+00
4.670000000000000000e+03 2.501640319824218750e+00
4.672000000000000000e+03 2.281990289688110352e+00
4.674000000000000000e+03 2.567258119583129883e+00
4.676000000000000000e+03 1.879368185997009277e+00
4.678000000000000000e+03 1.438480138778686523e+00
4.680000000000000000e+03 1.971458315849304199e+00
4.682000000000000000e+03 2.984434604644775391e+00
4.684000000000000000e+03 2.596380472183227539e+00
4.686000000000000000e+03 1.465067148208618164e+00
4.688000000000000000e+03 3.091200351715087891e+00
4.690000000000000000e+03 2.104905843734741211e+00
4.692000000000000000e+03 2.552644014358520508e+00
4.694000000000000000e+03 1.458369135856628418e+00
4.696000000000000000e+03 2.451585054397583008e+00
4.698000000000000000e+03 2.583940982818603516e+00
4.700000000000000000e+03 2.441432476043701172e-01
4.702000000000000000e+03 3.752537071704864502e-01
4.704000000000000000e+03 1.201831579208374023e+00
4.706000000000000000e+03 1.603798747062683105e+00
4.708000000000000000e+03 1.419019937515258789e+00
4.710000000000000000e+03 1.630199432373046875e+00
4.712000000000000000e+03 2.007996559143066406e+00
4.714000000000000000e+03 2.097394466400146484e+00
4.716000000000000000e+03 7.642164230346679688e-01
4.718000000000000000e+03 8.232694268226623535e-01
4.720000000000000000e+03 3.332283794879913330e-01
4.722000000000000000e+03 3.993918001651763916e-01
4.724000000000000000e+03 1.155962467193603516e+00
4.726000000000000000e+03 5.236615538597106934e-01
4.728000000000000000e+03 6.283268928527832031e-01
4.730000000000000000e+03 1.111073851585388184e+00
4.732000000000000000e+03 5.071864128112792969e-01
4.734000000000000000e+03 1.391283869743347168e+00
4.736000000000000000e+03 2.134704589843750000e+00
4.738000000000000000e+03 2.385043859481811523e+00
4.740000000000000000e+03 1.682994961738586426e+00
4.742000000000000000e+03 1.044642448425292969e+00
4.744000000000000000e+03 1.329640507698059082e+00
4.746000000000000000e+03 2.281483262777328491e-01
4.748000000000000000e+03 7.073947191238403320e-01
4.750000000000000000e+03 5.293191224336624146e-02
4.752000000000000000e+03 2.014667987823486328e+00
4.754000000000000000e+03 2.248804807662963867e+00
4.756000000000000000e+03 2.819321632385253906e+00
4.758000000000000000e+03 2.073491334915161133e+00
4.760000000000000000e+03 2.138039827346801758e+00
4.762000000000000000e+03 1.485129356384277344e+00
4.764000000000000000e+03 9.289058446884155273e-01
4.766000000000000000e+03 6.223896741867065430e-01
4.768000000000000000e+03 9.755287170410156250e-01
4.770000000000000000e+03 1.088641524314880371e+00
4.772000000000000000e+03 1.424466371536254883e+00
4.774000000000000000e+03 7.634483575820922852e-01
4.776000000000000000e+03 5.633630752563476562e-01
4.778000000000000000e+03 1.650183081626892090e+00
4.780000000000000000e+03 1.812005877494812012e+00
4.782000000000000000e+03 1.392208933830261230e+00
4.784000000000000000e+03 2.509867191314697266e+00
4.786000000000000000e+03 2.105540990829467773e+00
4.788000000000000000e+03 2.038508415222167969e+00
4.790000000000000000e+03 2.827242612838745117e+00
4.792000000000000000e+03 1.978676557540893555e+00
4.794000000000000000e+03 2.328803777694702148e+00
4.796000000000000000e+03 2.552643537521362305e+00
4.798000000000000000e+03 6.345816850662231445e-01
4.800000000000000000e+03 2.633121311664581299e-01
4.802000000000000000e+03 2.186525106430053711e+00
4.804000000000000000e+03 1.709679126739501953e+00
4.806000000000000000e+03 8.855798840522766113e-01
4.808000000000000000e+03 3.443179130554199219e-01
4.810000000000000000e+03 5.979804396629333496e-01
4.812000000000000000e+03 2.559806346893310547e+00
4.814000000000000000e+03 2.987196922302246094e+00
4.816000000000000000e+03 1.941663146018981934e+00
4.818000000000000000e+03 1.683296561241149902e+00
4.820000000000000000e+03 1.913741350173950195e+00
4.822000000000000000e+03 1.031702518463134766e+00
4.824000000000000000e+03 1.126925706863403320e+00
4.826000000000000000e+03 1.922228574752807617e+00
4.828000000000000000e+03 1.411516308784484863e+00
4.830000000000000000e+03 2.281847715377807617e+00
4.832000000000000000e+03 1.557575821876525879e+00
4.834000000000000000e+03 7.981905341148376465e-01
4.836000000000000000e+03 2.214260101318359375e+00
4.838000000000000000e+03 2.706726789474487305e+00
4.840000000000000000e+03 6.881868243217468262e-01
4.842000000000000000e+03 3.544707894325256348e-01
4.844000000000000000e+03 1.322646617889404297e+00
4.846000000000000000e+03 4.671706855297088623e-01
4.848000000000000000e+03 9.959974288940429688e-01
4.850000000000000000e+03 1.220220804214477539e+00
4.852000000000000000e+03 1.059467315673828125e+00
4.854000000000000000e+03 8.415887951850891113e-01
4.856000000000000000e+03 2.128070354461669922e+00
4.858000000000000000e+03 1.796862602233886719e+00
4.860000000000000000e+03 1.663390874862670898e+00
4.862000000000000000e+03 1.942034244537353516e+00
4.864000000000000000e+03 2.260877132415771484e+00
4.866000000000000000e+03 2.380694866180419922e+00
4.868000000000000000e+03 9.830257892608642578e-01
4.870000000000000000e+03 2.326909542083740234e+00
4.872000000000000000e+03 2.526204109191894531e+00
4.874000000000000000e+03 1.028575301170349121e+00
4.876000000000000000e+03 1.268490076065063477e+00
4.878000000000000000e+03 1.014095902442932129e+00
4.880000000000000000e+03 1.537904024124145508e+00
4.882000000000000000e+03 1.723011016845703125e+00
4.884000000000000000e+03 1.062229156494140625e+00
4.886000000000000000e+03 2.571093559265136719e+00
4.888000000000000000e+03 1.022160291671752930e+00
4.890000000000000000e+03 2.628880441188812256e-01
4.892000000000000000e+03 1.242351412773132324e+00
4.894000000000000000e+03 1.289963126182556152e+00
4.896000000000000000e+03 1.364404559135437012e+00
4.898000000000000000e+03 1.141416668891906738e+00
4.900000000000000000e+03 2.586589097976684570e+00
4.902000000000000000e+03 1.865228652954101562e+00
4.904000000000000000e+03 1.590515017509460449e+00
4.906000000000000000e+03 1.757472395896911621e+00
4.908000000000000000e+03 1.922945857048034668e+00
4.910000000000000000e+03 1.630316257476806641e+00
4.912000000000000000e+03 1.081397175788879395e+00
4.914000000000000000e+03 1.471329689025878906e+00
4.916000000000000000e+03 6.339593529701232910e-01
4.918000000000000000e+03 1.716989636421203613e+00
4.920000000000000000e+03 7.590699195861816406e-01
4.922000000000000000e+03 2.390485286712646484e+00
4.924000000000000000e+03 1.125622153282165527e+00
4.926000000000000000e+03 2.738941907882690430e+00
4.928000000000000000e+03 2.443050384521484375e+00
4.930000000000000000e+03 2.535938739776611328e+00
4.932000000000000000e+03 2.785593509674072266e+00
4.934000000000000000e+03 2.904565334320068359e+00
4.936000000000000000e+03 1.636853814125061035e+00
4.938000000000000000e+03 1.584012866020202637e+00
4.940000000000000000e+03 1.170189857482910156e+00
4.942000000000000000e+03 1.670574903488159180e+00
4.944000000000000000e+03 5.880360007286071777e-01
4.946000000000000000e+03 7.082109451293945312e-01
4.948000000000000000e+03 1.411517024040222168e+00
4.950000000000000000e+03 1.537733197212219238e+00
4.952000000000000000e+03 5.308002829551696777e-01
4.954000000000000000e+03 1.162623286247253418e+00
4.956000000000000000e+03 1.564222574234008789e+00
4.958000000000000000e+03 1.377935647964477539e+00
4.960000000000000000e+03 1.451702833175659180e+00
4.962000000000000000e+03 1.992410540580749512e+00
4.964000000000000000e+03 1.524658560752868652e+00
4.966000000000000000e+03 9.516304731369018555e-01
4.968000000000000000e+03 1.069248437881469727e+00
4.970000000000000000e+03 1.921499729156494141e+00
4.972000000000000000e+03 3.122614622116088867e-01
4.974000000000000000e+03 1.364778161048889160e+00
4.976000000000000000e+03 9.721862673759460449e-01
4.978000000000000000e+03 2.822854518890380859e+00
4.980000000000000000e+03 3.034302473068237305e+00
4.982000000000000000e+03 1.669913887977600098e+00
4.984000000000000000e+03 1.616950035095214844e+00
4.986000000000000000e+03 1.221489787101745605e+00
4.988000000000000000e+03 9.984723329544067383e-01
4.990000000000000000e+03 1.431446433067321777e+00
4.992000000000000000e+03 8.764945864677429199e-01
4.994000000000000000e+03 5.512319803237915039e-01
4.996000000000000000e+03 5.499163269996643066e-01
4.998000000000000000e+03 2.846566438674926758e-01
5.000000000000000000e+03 1.471940875053405762e+00
5.002000000000000000e+03 1.942757368087768555e+00
5.004000000000000000e+03 9.739910364151000977e-01
5.006000000000000000e+03 6.577270030975341797e-01
5.008000000000000000e+03 2.405271530151367188e-01
5.010000000000000000e+03 1.392518877983093262e-01
5.012000000000000000e+03 2.564724087715148926e-01
5.014000000000000000e+03 5.242292881011962891e-01
5.016000000000000000e+03 4.985138177871704102e-01
5.018000000000000000e+03 2.308440804481506348e-01
5.020000000000000000e+03 1.164203763008117676e+00
5.022000000000000000e+03 9.829828143119812012e-01
5.024000000000000000e+03 1.517948985099792480e+00
5.026000000000000000e+03 8.588164299726486206e-02
5.028000000000000000e+03 1.232992291450500488e+00
5.030000000000000000e+03 1.316633701324462891e+00
5.032000000000000000e+03 1.964525222778320312e+00
5.034000000000000000e+03 2.763533353805541992e+00
5.036000000000000000e+03 1.478442430496215820e+00
5.038000000000000000e+03 1.878736853599548340e+00
5.040000000000000000e+03 1.577403187751770020e+00
5.042000000000000000e+03 2.137408494949340820e+00
5.044000000000000000e+03 1.517959356307983398e+00
5.046000000000000000e+03 6.307879090309143066e-01
5.048000000000000000e+03 1.676799535751342773e+00
5.050000000000000000e+03 2.099054336547851562e+00
5.052000000000000000e+03 1.970775485038757324e+00
5.054000000000000000e+03 1.471408367156982422e+00
5.056000000000000000e+03 1.879479408264160156e+00
5.058000000000000000e+03 1.783040642738342285e+00
5.060000000000000000e+03 1.344870567321777344e+00
5.062000000000000000e+03 2.549627780914306641e+00
5.064000000000000000e+03 2.556939363479614258e+00
5.066000000000000000e+03 1.929880976676940918e+00
5.068000000000000000e+03 2.405172586441040039e+00
5.070000000000000000e+03 1.337531208992004395e+00
5.072000000000000000e+03 2.741058826446533203e+00
5.074000000000000000e+03 1.484751701354980469e+00
5.076000000000000000e+03 2.836468696594238281e+00
5.078000000000000000e+03 2.600557565689086914e+00
5.080000000000000000e+03 2.064779043197631836e+00
5.082000000000000000e+03 1.371449589729309082e+00
5.084000000000000000e+03 7.789057493209838867e-01
5.086000000000000000e+03 1.570796370506286621e+00
5.088000000000000000e+03 6.707825660705566406e-01
5.090000000000000000e+03 9.988792538642883301e-01
5.092000000000000000e+03 1.999129533767700195e+00
5.094000000000000000e+03 2.644364118576049805e+00
5.096000000000000000e+03 1.610287070274353027e+00
5.098000000000000000e+03 1.770838379859924316e+00
5.100000000000000000e+03 1.302767395973205566e+00
5.102000000000000000e+03 1.730325579643249512e+00
5.104000000000000000e+03 1.630179405212402344e+00
5.106000000000000000e+03 2.020868778228759766e+00
5.108000000000000000e+03 2.045589208602905273e+00
5.110000000000000000e+03 4.447382688522338867e-01
5.112000000000000000e+03 1.703243017196655273e+00
5.114000000000000000e+03 1.763379693031311035e+00
5.116000000000000000e+03 6.510174274444580078e-01
5.118000000000000000e+03 1.150697827339172363e+00
5.120000000000000000e+03 1.730286598205566406e+00
5.122000000000000000e+03 2.662211894989013672e+00
5.124000000000000000e+03 1.871851444244384766e+00
5.126000000000000000e+03 1.993234038352966309e+00
5.128000000000000000e+03 4.100084304809570312e-01
5.130000000000000000e+03 1.349704980850219727e+00
5.132000000000000000e+03 2.208608865737915039e+00
5.134000000000000000e+03 1.281102061271667480e+00
5.136000000000000000e+03 1.900465965270996094e+00
5.138000000000000000e+03 7.415822148323059082e-01
5.140000000000000000e+03 1.824143886566162109e+00
5.142000000000000000e+03 2.570445537567138672e+00
5.144000000000000000e+03 2.590963602066040039e+00
5.146000000000000000e+03 1.028658866882324219e+00
5.148000000000000000e+03 1.971754074096679688e+00
5.150000000000000000e+03 1.709633588790893555e+00
5.152000000000000000e+03 1.899713993072509766e+00
5.154000000000000000e+03 8.237131237983703613e-01
5.156000000000000000e+03 2.622277259826660156e+00
5.158000000000000000e+03 1.471957564353942871e+00
5.160000000000000000e+03 1.261772036552429199e+00
5.162000000000000000e+03 1.147047519683837891e+00
5.164000000000000000e+03 1.920426368713378906e+00
5.166000000000000000e+03 1.524520397186279297e+00
5.168000000000000000e+03 1.992381811141967773e+00
5.170000000000000000e+03 2.269410640001296997e-01
5.172000000000000000e+03 1.176676034927368164e+00
5.174000000000000000e+03 1.377289056777954102e+00
5.176000000000000000e+03 1.770284295082092285e+00
5.178000000000000000e+03 1.268705129623413086e+00
5.180000000000000000e+03 1.537811517715454102e+00
5.182000000000000000e+03 1.267698764801025391e+00
5.184000000000000000e+03 2.444926649332046509e-01
5.186000000000000000e+03 1.690307021141052246e+00
5.188000000000000000e+03 2.599510192871093750e+00
5.190000000000000000e+03 3.019636869430541992e+00
5.192000000000000000e+03 2.920268058776855469e+00
5.194000000000000000e+03 1.398620009422302246e+00
5.196000000000000000e+03 2.126359343528747559e-01
5.198000000000000000e+03 6.990080475807189941e-01
5.200000000000000000e+03 8.764032125473022461e-01
5.202000000000000000e+03 1.764213919639587402e+00
5.204000000000000000e+03 2.769619226455688477e+00
5.206000000000000000e+03 2.122210741043090820e+00
5.208000000000000000e+03 1.504580497741699219e+00
5.210000000000000000e+03 2.527279853820800781e+00
5.212000000000000000e+03 9.716905951499938965e-01
5.214000000000000000e+03 9.279175400733947754e-01
5.216000000000000000e+03 6.303771138191223145e-01
5.218000000000000000e+03 2.093925327062606812e-02
5.220000000000000000e+03 2.593390941619873047e+00
5.222000000000000000e+03 2.036391973495483398e+00
5.224000000000000000e+03 2.312173604965209961e+00
5.226000000000000000e+03 1.844970822334289551e+00
5.228000000000000000e+03 1.980436146259307861e-01
5.230000000000000000e+03 2.520398199558258057e-01
5.232000000000000000e+03 2.321187496185302734e+00
5.234000000000000000e+03 9.151818752288818359e-01
5.236000000000000000e+03 7.000679373741149902e-01
5.238000000000000000e+03 6.452857255935668945e-01
5.240000000000000000e+03 1.255373120307922363e+00
5.242000000000000000e+03 1.816937923431396484e+00
5.244000000000000000e+03 1.839665889739990234e+00
5.246000000000000000e+03 2.493196725845336914e+00
5.248000000000000000e+03 2.672004461288452148e+00
5.250000000000000000e+03 2.363038778305053711e+00
5.252000000000000000e+03 1.784255146980285645e+00
5.254000000000000000e+03 1.240460753440856934e+00
5.256000000000000000e+03 2.105073690414428711e+00
5.258000000000000000e+03 2.702282190322875977e+00
5.260000000000000000e+03 1.696184515953063965e+00
5.262000000000000000e+03 1.908600807189941406e+00
5.264000000000000000e+03 1.431474685668945312e+00
5.266000000000000000e+03 6.985414028167724609e-01
5.268000000000000000e+03 2.387079238891601562e+00
5.270000000000000000e+03 2.725188732147216797e+00
5.272000000000000000e+03 2.144107103347778320e+00
5.274000000000000000e+03 2.455401420593261719e+00
5.276000000000000000e+03 2.540961742401123047e+00
5.278000000000000000e+03 1.438316941261291504e+00
5.280000000000000000e+03 1.756512522697448730e+00
5.282000000000000000e+03 7.685377001762390137e-01
5.284000000000000000e+03 1.610478878021240234e+00
5.286000000000000000e+03 1.676253080368041992e+00
5.288000000000000000e+03 1.696834921836853027e+00
5.290000000000000000e+03 2.136266946792602539e+00
5.292000000000000000e+03 2.334163665771484375e+00
5.294000000000000000e+03 2.324154615402221680e+00
5.296000000000000000e+03 1.724021553993225098e+00
5.298000000000000000e+03 8.985627293586730957e-01
5.300000000000000000e+03 2.451003313064575195e+00
5.302000000000000000e+03 1.119585752487182617e+00
5.304000000000000000e+03 1.155722498893737793e+00
5.306000000000000000e+03 1.042683005332946777e+00
5.308000000000000000e+03 1.391470074653625488e+00
5.310000000000000000e+03 1.955429434776306152e+00
5.312000000000000000e+03 1.909000992774963379e+00
5.314000000000000000e+03 2.332828193902969360e-01
5.316000000000000000e+03 1.444455265998840332e+00
5.318000000000000000e+03 1.878959536552429199e+00
5.320000000000000000e+03 1.275563359260559082e+00
5.322000000000000000e+03 8.433323502540588379e-01
5.324000000000000000e+03 2.894001722335815430e+00
5.326000000000000000e+03 2.159031629562377930e+00
5.328000000000000000e+03 2.242053508758544922e+00
5.330000000000000000e+03 1.979187488555908203e+00
5.332000000000000000e+03 1.922043204307556152e+00
5.334000000000000000e+03 2.861183643341064453e+00
5.336000000000000000e+03 1.444489121437072754e+00
5.338000000000000000e+03 2.089961767196655273e+00
5.340000000000000000e+03 1.233461380004882812e+00
5.342000000000000000e+03 7.244868874549865723e-01
5.344000000000000000e+03 9.820653796195983887e-01
5.346000000000000000e+03 1.879987597465515137e+00
5.348000000000000000e+03 1.260768532752990723e+00
5.350000000000000000e+03 1.478013396263122559e+00
5.352000000000000000e+03 2.634998559951782227e+00
5.354000000000000000e+03 2.667102575302124023e+00
5.356000000000000000e+03 1.570796370506286621e+00
5.358000000000000000e+03 1.791825413703918457e+00
5.360000000000000000e+03 1.049504160881042480e+00
5.362000000000000000e+03 8.881230354309082031e-01
5.364000000000000000e+03 1.276179075241088867e+00
5.366000000000000000e+03 1.517950177192687988e+00
5.368000000000000000e+03 1.491745591163635254e+00
5.370000000000000000e+03 2.310992240905761719e+00
5.372000000000000000e+03 1.623671650886535645e+00
5.374000000000000000e+03 1.683138728141784668e+00
5.376000000000000000e+03 6.796407699584960938e-01
5.378000000000000000e+03 1.896443516016006470e-01
5.380000000000000000e+03 1.643377542495727539e+00
5.382000000000000000e+03 2.709810256958007812e+00
5.384000000000000000e+03 2.556713819503784180e+00
5.386000000000000000e+03 2.345119953155517578e+00
5.388000000000000000e+03 2.741315126419067383e+00
5.390000000000000000e+03 2.459517002105712891e+00
5.392000000000000000e+03 2.494603872299194336e+00
5.394000000000000000e+03 2.281685113906860352e+00
5.396000000000000000e+03 2.267575740814208984e+00
5.398000000000000000e+03 1.570796370506286621e+00
5.400000000000000000e+03 7.755412459373474121e-01
5.402000000000000000e+03 1.097452163696289062e+00
5.404000000000000000e+03 4.686839878559112549e-01
5.406000000000000000e+03 1.597142457962036133e+00
5.408000000000000000e+03 1.537721753120422363e+00
5.410000000000000000e+03 2.811218500137329102e+00
5.412000000000000000e+03 2.575472831726074219e+00
5.414000000000000000e+03 2.620401620864868164e+00
5.416000000000000000e+03 2.020449638366699219e+00
5.418000000000000000e+03 1.464718580245971680e+00
5.420000000000000000e+03 2.202236175537109375e+00
5.422000000000000000e+03 1.636660695075988770e+00
5.424000000000000000e+03 1.384649038314819336e+00
5.426000000000000000e+03 8.743828535079956055e-01
5.428000000000000000e+03 1.817051768302917480e+00
5.430000000000000000e+03 1.105943441390991211e+00
5.432000000000000000e+03 2.391881644725799561e-01
5.434000000000000000e+03 4.666061699390411377e-01
5.436000000000000000e+03 1.154746294021606445e+00
5.438000000000000000e+03 5.767613649368286133e-01
5.440000000000000000e+03 1.431151032447814941e+00
5.442000000000000000e+03 1.798372149467468262e+00
5.444000000000000000e+03 1.531050443649291992e+00
5.446000000000000000e+03 9.413054585456848145e-01
5.448000000000000000e+03 1.997040987014770508e+00
5.450000000000000000e+03 2.505977392196655273e+00
5.452000000000000000e+03 1.957649707794189453e+00
5.454000000000000000e+03 2.336468696594238281e+00
5.456000000000000000e+03 1.054133534431457520e+00
5.458000000000000000e+03 2.844407081604003906e+00
5.460000000000000000e+03 1.796424150466918945e+00
5.462000000000000000e+03 1.927504420280456543e+00
5.464000000000000000e+03 2.845187664031982422e+00
5.466000000000000000e+03 2.476437330245971680e+00
5.468000000000000000e+03 2.615856170654296875e+00
5.470000000000000000e+03 1.858698606491088867e+00
5.472000000000000000e+03 1.127381920814514160e+00
5.474000000000000000e+03 1.284678459167480469e+00
5.476000000000000000e+03 1.478121161460876465e+00
5.478000000000000000e+03 1.003539443016052246e+00
5.480000000000000000e+03 1.336587309837341309e+00
5.482000000000000000e+03 2.030053138732910156e+00
5.484000000000000000e+03 1.384319067001342773e+00
5.486000000000000000e+03 1.471610665321350098e+00
5.488000000000000000e+03 1.004615783691406250e+00
5.490000000000000000e+03 2.495861500501632690e-01
5.492000000000000000e+03 4.212423563003540039e-01
5.494000000000000000e+03 1.511501669883728027e+00
5.496000000000000000e+03 1.832052588462829590e+00
5.498000000000000000e+03 1.730523586273193359e+00
5.500000000000000000e+03 1.029395580291748047e+00
5.502000000000000000e+03 1.330261230468750000e+00
5.504000000000000000e+03 1.445154190063476562e+00
5.506000000000000000e+03 1.249075412750244141e+00
5.508000000000000000e+03 1.981173753738403320e+00
5.510000000000000000e+03 1.067382931709289551e+00
5.512000000000000000e+03 6.331279873847961426e-01
5.514000000000000000e+03 1.157187819480895996e+00
5.516000000000000000e+03 1.946860194206237793e+00
5.518000000000000000e+03 1.610327601432800293e+00
5.520000000000000000e+03 1.656737446784973145e+00
5.522000000000000000e+03 1.998783469200134277e+00
5.524000000000000000e+03 2.619980812072753906e+00
5.526000000000000000e+03 1.269572854042053223e+00
5.528000000000000000e+03 2.087776184082031250e+00
5.530000000000000000e+03 1.952371835708618164e+00
5.532000000000000000e+03 1.997658252716064453e+00
5.534000000000000000e+03 2.067021369934082031e+00
5.536000000000000000e+03 1.511328935623168945e+00
5.538000000000000000e+03 9.644739031791687012e-01
5.540000000000000000e+03 5.943298935890197754e-01
5.542000000000000000e+03 1.570796370506286621e+00
5.544000000000000000e+03 1.124477267265319824e+00
5.546000000000000000e+03 2.262863397598266602e+00
5.548000000000000000e+03 2.884801387786865234e+00
5.550000000000000000e+03 2.846329689025878906e+00
5.552000000000000000e+03 2.255923986434936523e+00
5.554000000000000000e+03 1.022639751434326172e+00
5.556000000000000000e+03 1.125893712043762207e+00
5.558000000000000000e+03 3.093873500823974609e+00
5.560000000000000000e+03 2.642678260803222656e+00
5.562000000000000000e+03 1.112929344177246094e+00
5.564000000000000000e+03 1.986372709274291992e+00
5.566000000000000000e+03 1.617065072059631348e+00
5.568000000000000000e+03 6.960911750793457031e-01
5.570000000000000000e+03 2.466645091772079468e-01
5.572000000000000000e+03 2.192080497741699219e+00
5.574000000000000000e+03 1.971475958824157715e+00
5.576000000000000000e+03 1.610473513603210449e+00
5.578000000000000000e+03 2.483016729354858398e+00
5.580000000000000000e+03 2.484278440475463867e+00
5.582000000000000000e+03 2.309721708297729492e+00
5.584000000000000000e+03 1.784051060676574707e+00
5.586000000000000000e+03 2.393912553787231445e+00
5.588000000000000000e+03 2.252772808074951172e+00
5.590000000000000000e+03 2.829059839248657227e+00
5.592000000000000000e+03 2.215412139892578125e+00
5.594000000000000000e+03 2.460504293441772461e+00
5.596000000000000000e+03 1.837558984756469727e+00
5.598000000000000000e+03 1.240865230560302734e+00
5.600000000000000000e+03 1.663655877113342285e+00
5.602000000000000000e+03 2.326008796691894531e+00
5.604000000000000000e+03 3.064233303070068359e+00
5.606000000000000000e+03 2.660027742385864258e+00
5.608000000000000000e+03 1.296671867370605469e+00
5.610000000000000000e+03 9.640765190124511719e-01
5.612000000000000000e+03 1.270045161247253418e+00
5.614000000000000000e+03 1.186452269554138184e+00
5.616000000000000000e+03 6.329207420349121094e-01
5.618000000000000000e+03 8.824501037597656250e-01
5.620000000000000000e+03 7.995026111602783203e-01
5.622000000000000000e+03 9.497931599617004395e-01
5.624000000000000000e+03 1.357858419418334961e+00
5.626000000000000000e+03 1.140030026435852051e+00
5.628000000000000000e+03 5.554227232933044434e-01
5.630000000000000000e+03 9.919772148132324219e-01
5.632000000000000000e+03 7.028186321258544922e-02
5.634000000000000000e+03 7.496020793914794922e-01
5.636000000000000000e+03 1.411193370819091797e+00
5.638000000000000000e+03 1.144267678260803223e+00
5.640000000000000000e+03 8.162991404533386230e-01
5.642000000000000000e+03 2.516208171844482422e+00
5.644000000000000000e+03 1.478353857994079590e+00
5.646000000000000000e+03 1.155375003814697266e+00
5.648000000000000000e+03 1.777120232582092285e+00
5.650000000000000000e+03 2.284861803054809570e+00
5.652000000000000000e+03 2.357419967651367188e+00
5.654000000000000000e+03 1.331052064895629883e+00
5.656000000000000000e+03 1.853346824645996094e+00
5.658000000000000000e+03 1.992773294448852539e+00
5.660000000000000000e+03 2.768780469894409180e+00
5.662000000000000000e+03 5.882974267005920410e-01
5.664000000000000000e+03 1.650116682052612305e+00
5.666000000000000000e+03 1.899950861930847168e+00
5.668000000000000000e+03 1.796245574951171875e+00
5.670000000000000000e+03 1.531147122383117676e+00
5.672000000000000000e+03 1.295050501823425293e+00
5.674000000000000000e+03 1.275488853454589844e+00
5.676000000000000000e+03 2.019572257995605469e+00
5.678000000000000000e+03 1.886630415916442871e+00
5.680000000000000000e+03 2.526235342025756836e+00
5.682000000000000000e+03 2.507899522781372070e+00
5.684000000000000000e+03 1.544406533241271973e+00
5.686000000000000000e+03 1.603755712509155273e+00
5.688000000000000000e+03 3.155539929866790771e-01
5.690000000000000000e+03 5.133151412010192871e-01
5.692000000000000000e+03 2.618271112442016602e+00
5.694000000000000000e+03 1.364326834678649902e+00
5.696000000000000000e+03 2.066275358200073242e+00
5.698000000000000000e+03 2.248262405395507812e+00
5.700000000000000000e+03 2.363037109375000000e+00
5.702000000000000000e+03 1.730720281600952148e+00
5.704000000000000000e+03 2.479266166687011719e+00
5.706000000000000000e+03 1.942679524421691895e+00
5.708000000000000000e+03 1.845148921012878418e+00
5.710000000000000000e+03 2.406526803970336914e+00
5.712000000000000000e+03 2.636505842208862305e+00
5.714000000000000000e+03 2.103195667266845703e+00
5.716000000000000000e+03 2.420113563537597656e+00
5.718000000000000000e+03 1.484847784042358398e+00
5.720000000000000000e+03 1.858699083328247070e+00
5.722000000000000000e+03 1.844928264617919922e+00
5.724000000000000000e+03 1.171194434165954590e+00
5.726000000000000000e+03 3.029673576354980469e+00
5.728000000000000000e+03 2.555032968521118164e+00
5.730000000000000000e+03 2.747259616851806641e+00
5.732000000000000000e+03 2.640406370162963867e+00
5.734000000000000000e+03 2.819518089294433594e+00
5.736000000000000000e+03 2.721987962722778320e+00
5.738000000000000000e+03 1.663438916206359863e+00
5.740000000000000000e+03 1.900645971298217773e+00
5.742000000000000000e+03 7.311026453971862793e-01
5.744000000000000000e+03 1.357749819755554199e+00
5.746000000000000000e+03 2.065387248992919922e+00
5.748000000000000000e+03 2.649306535720825195e+00
5.750000000000000000e+03 2.167245388031005859e+00
5.752000000000000000e+03 2.141672372817993164e+00
5.754000000000000000e+03 1.906892776489257812e+00
5.756000000000000000e+03 1.524247288703918457e+00
5.758000000000000000e+03 3.823132216930389404e-01
5.760000000000000000e+03 6.856839060783386230e-01
5.762000000000000000e+03 6.696058511734008789e-01
5.764000000000000000e+03 2.170516490936279297e+00
5.766000000000000000e+03 2.583526372909545898e+00
5.768000000000000000e+03 1.517922401428222656e+00
5.770000000000000000e+03 1.756512403488159180e+00
5.772000000000000000e+03 1.191915750503540039e+00
5.774000000000000000e+03 1.696722626686096191e+00
5.776000000000000000e+03 1.219477176666259766e+00
5.778000000000000000e+03 1.255451679229736328e+00
5.780000000000000000e+03 1.089718461036682129e+00
5.782000000000000000e+03 8.111066222190856934e-01
5.784000000000000000e+03 2.177301645278930664e+00
5.786000000000000000e+03 1.390977501869201660e+00
5.788000000000000000e+03 2.363060712814331055e+00
5.790000000000000000e+03 2.101158618927001953e+00
5.792000000000000000e+03 8.681744337081909180e-01
5.794000000000000000e+03 2.090676069259643555e+00
5.796000000000000000e+03 2.450664043426513672e+00
5.798000000000000000e+03 1.927560806274414062e+00
5.800000000000000000e+03 2.583912909030914307e-01
5.802000000000000000e+03 8.574500679969787598e-01
5.804000000000000000e+03 2.534678578376770020e-01
5.806000000000000000e+03 6.587495207786560059e-01
5.808000000000000000e+03 1.851272821426391602e+00
5.810000000000000000e+03 1.991864800453186035e+00
5.812000000000000000e+03 1.879271507263183594e+00
5.814000000000000000e+03 2.674942731857299805e+00
5.816000000000000000e+03 1.157291769981384277e+00
5.818000000000000000e+03 1.140594244003295898e+00
5.820000000000000000e+03 8.443256020545959473e-01
5.822000000000000000e+03 2.044151544570922852e+00
5.824000000000000000e+03 2.023205995559692383e+00
5.826000000000000000e+03 1.970876455307006836e+00
5.828000000000000000e+03 2.755859851837158203e+00
5.830000000000000000e+03 1.471136689186096191e+00
5.832000000000000000e+03 9.260393977165222168e-01
5.834000000000000000e+03 2.060195922851562500e+00
5.836000000000000000e+03 1.248130917549133301e+00
5.838000000000000000e+03 1.577398061752319336e+00
5.840000000000000000e+03 1.162024617195129395e+00
5.842000000000000000e+03 1.302689790725708008e+00
5.844000000000000000e+03 6.155417561531066895e-01
5.846000000000000000e+03 2.036567211151123047e+00
5.848000000000000000e+03 1.564184904098510742e+00
5.850000000000000000e+03 2.268529415130615234e+00
5.852000000000000000e+03 2.382339954376220703e+00
5.854000000000000000e+03 2.919497013092041016e+00
5.856000000000000000e+03 9.806590676307678223e-01
5.858000000000000000e+03 1.177980542182922363e+00
5.860000000000000000e+03 2.688654184341430664e+00
5.862000000000000000e+03 2.431629657745361328e+00
5.864000000000000000e+03 1.524349808692932129e+00
5.866000000000000000e+03 6.683692932128906250e-01
5.868000000000000000e+03 1.511399745941162109e+00
5.870000000000000000e+03 1.610226392745971680e+00
5.872000000000000000e+03 1.838940262794494629e+00
5.874000000000000000e+03 2.247799634933471680e+00
5.876000000000000000e+03 1.964915633201599121e+00
5.878000000000000000e+03 2.488367557525634766e+00
5.880000000000000000e+03 1.262333154678344727e+00
5.882000000000000000e+03 1.262447357177734375e+00
5.884000000000000000e+03 8.046755194664001465e-01
5.886000000000000000e+03 1.979967474937438965e+00
5.888000000000000000e+03 2.302347898483276367e+00
5.890000000000000000e+03 1.310123205184936523e+00
5.892000000000000000e+03 1.891898870468139648e+00
5.894000000000000000e+03 1.477899074554443359e+00
5.896000000000000000e+03 1.338314652442932129e+00
5.898000000000000000e+03 1.796463608741760254e+00
5.900000000000000000e+03 1.311556816101074219e+00
5.902000000000000000e+03 9.888430237770080566e-01
5.904000000000000000e+03 1.464961886405944824e+00
5.906000000000000000e+03 1.094803929328918457e+00
5.908000000000000000e+03 1.148004412651062012e+00
5.910000000000000000e+03 4.837289154529571533e-01
5.912000000000000000e+03 5.283629298210144043e-01
5.914000000000000000e+03 1.737015008926391602e+00
5.916000000000000000e+03 1.825799345970153809e+00
5.918000000000000000e+03 2.574005126953125000e+00
5.920000000000000000e+03 2.084385156631469727e+00
5.922000000000000000e+03 2.826906919479370117e+00
5.924000000000000000e+03 1.991978645324707031e+00
5.926000000000000000e+03 1.324260950088500977e+00
5.928000000000000000e+03 1.404187917709350586e+00
5.930000000000000000e+03 2.504682779312133789e+00
5.932000000000000000e+03 1.963467121124267578e+00
5.934000000000000000e+03 5.976574420928955078e-01
5.936000000000000000e+03 1.249306082725524902e+00
5.938000000000000000e+03 8.681737780570983887e-01
5.940000000000000000e+03 1.950977325439453125e+00
5.942000000000000000e+03 2.275973796844482422e+00
5.944000000000000000e+03 2.556185960769653320e+00
5.946000000000000000e+03 2.420482873916625977e+00
5.948000000000000000e+03 1.377650260925292969e+00
5.950000000000000000e+03 1.296811819076538086e+00
5.952000000000000000e+03 1.445274233818054199e+00
5.954000000000000000e+03 1.603611350059509277e+00
5.956000000000000000e+03 1.797102689743041992e+00
5.958000000000000000e+03 2.938596725463867188e+00
5.960000000000000000e+03 2.329190492630004883e+00
5.962000000000000000e+03 1.610290050506591797e+00
5.964000000000000000e+03 1.234979867935180664e+00
5.966000000000000000e+03 9.828652143478393555e-01
5.968000000000000000e+03 1.198744773864746094e+00
5.970000000000000000e+03 2.994854211807250977e+00
5.972000000000000000e+03 1.020770192146301270e+00
5.974000000000000000e+03 4.919774830341339111e-01
5.976000000000000000e+03 1.811443448066711426e+00
5.978000000000000000e+03 1.511218428611755371e+00
5.980000000000000000e+03 1.715828180313110352e+00
5.982000000000000000e+03 1.797328710556030273e+00
5.984000000000000000e+03 1.723729848861694336e+00
5.986000000000000000e+03 2.120232105255126953e+00
5.988000000000000000e+03 2.395257949829101562e+00
5.990000000000000000e+03 3.521035313606262207e-01
5.992000000000000000e+03 1.117155671119689941e+00
5.994000000000000000e+03 1.219813108444213867e+00
5.996000000000000000e+03 1.028855681419372559e+00
5.998000000000000000e+03 1.320588439702987671e-01
6.000000000000000000e+03 2.035899877548217773e+00
6.002000000000000000e+03 4.522196650505065918e-01
6.004000000000000000e+03 4.816070795059204102e-01
6.006000000000000000e+03 8.910786509513854980e-01
6.008000000000000000e+03 1.058235883712768555e+00
6.010000000000000000e+03 1.464720249176025391e+00
6.012000000000000000e+03 1.045414686203002930e+00
6.014000000000000000e+03 1.119025230407714844e+00
6.016000000000000000e+03 1.969985723495483398e+00
6.018000000000000000e+03 1.775955438613891602e+00
6.020000000000000000e+03 2.198288440704345703e+00
6.022000000000000000e+03 5.302721858024597168e-01
6.024000000000000000e+03 1.663319468498229980e+00
6.026000000000000000e+03 1.949122667312622070e+00
6.028000000000000000e+03 1.730540871620178223e+00
6.030000000000000000e+03 1.391549110412597656e+00
6.032000000000000000e+03 2.819192409515380859e+00
6.034000000000000000e+03 1.623760581016540527e+00
6.036000000000000000e+03 1.000846147537231445e+00
6.038000000000000000e+03 1.045717835426330566e+00
6.040000000000000000e+03 1.458539009094238281e+00
6.042000000000000000e+03 1.796796202659606934e+00
6.044000000000000000e+03 1.128166198730468750e+00
6.046000000000000000e+03 2.044723033905029297e+00
6.048000000000000000e+03 2.739684820175170898e+00
6.050000000000000000e+03 1.839326739311218262e+00
6.052000000000000000e+03 1.275122642517089844e+00
6.054000000000000000e+03 1.656684160232543945e+00
6.056000000000000000e+03 8.381243944168090820e-01
6.058000000000000000e+03 9.734404087066650391e-01
6.060000000000000000e+03 1.378572225570678711e+00
6.062000000000000000e+03 8.097909688949584961e-01
6.064000000000000000e+03 9.656429290771484375e-01
6.066000000000000000e+03 9.919786453247070312e-01
6.068000000000000000e+03 7.066782712936401367e-01
6.070000000000000000e+03 1.908115744590759277e+00
6.072000000000000000e+03 2.120821714401245117e+00
6.074000000000000000e+03 1.478641390800476074e+00
6.076000000000000000e+03 5.904376506805419922e-01
6.078000000000000000e+03 2.201341390609741211e+00
6.080000000000000000e+03 7.616517543792724609e-01
6.082000000000000000e+03 2.256296157836914062e+00
6.084000000000000000e+03 1.478473305702209473e+00
6.086000000000000000e+03 1.350674748420715332e+00
6.088000000000000000e+03 2.308194875717163086e+00
6.090000000000000000e+03 1.970186710357666016e+00
6.092000000000000000e+03 1.220579028129577637e+00
6.094000000000000000e+03 1.126560926437377930e+00
6.096000000000000000e+03 7.526407837867736816e-01
6.098000000000000000e+03 2.561404466629028320e+00
6.100000000000000000e+03 2.628411054611206055e+00
6.102000000000000000e+03 1.330619454383850098e+00
6.104000000000000000e+03 1.020649313926696777e+00
6.106000000000000000e+03 6.929398775100708008e-01
6.108000000000000000e+03 7.090502977371215820e-01
6.110000000000000000e+03 4.185793399810791016e-01
6.112000000000000000e+03 9.179507493972778320e-01
6.114000000000000000e+03 1.228494644165039062e+00
6.116000000000000000e+03 1.073986411094665527e+00
6.118000000000000000e+03 1.133770227432250977e+00
6.120000000000000000e+03 1.289491295814514160e+00
6.122000000000000000e+03 1.372149467468261719e+00
6.124000000000000000e+03 1.722891688346862793e+00
6.126000000000000000e+03 5.095450282096862793e-01
6.128000000000000000e+03 6.922408938407897949e-01
6.130000000000000000e+03 1.716332435607910156e+00
6.132000000000000000e+03 1.226744055747985840e+00
6.134000000000000000e+03 1.690172672271728516e+00
6.136000000000000000e+03 1.478555202484130859e+00
6.138000000000000000e+03 8.243977427482604980e-01
6.140000000000000000e+03 1.234821438789367676e+00
6.142000000000000000e+03 9.022856950759887695e-01
6.144000000000000000e+03 5.625749230384826660e-01
6.146000000000000000e+03 1.590581417083740234e+00
6.148000000000000000e+03 2.291459321975708008e+00
6.150000000000000000e+03 2.869065046310424805e+00
6.152000000000000000e+03 1.823521375656127930e+00
6.154000000000000000e+03 2.810263156890869141e+00
6.156000000000000000e+03 1.810822844505310059e+00
6.158000000000000000e+03 1.384252429008483887e+00
6.160000000000000000e+03 2.269204616546630859e+00
6.162000000000000000e+03 2.422266483306884766e+00
6.164000000000000000e+03 2.471471309661865234e+00
6.166000000000000000e+03 2.636068582534790039e+00
6.168000000000000000e+03 1.458380222320556641e+00
6.170000000000000000e+03 1.365812420845031738e-01
6.172000000000000000e+03 2.728396952152252197e-01
6.174000000000000000e+03 5.022925734519958496e-01
6.176000000000000000e+03 1.288729310035705566e+00
6.178000000000000000e+03 7.670937776565551758e-01
6.180000000000000000e+03 2.024522781372070312e+00
6.182000000000000000e+03 1.736769199371337891e+00
6.184000000000000000e+03 7.256549000740051270e-01
6.186000000000000000e+03 5.967911481857299805e-01
6.188000000000000000e+03 7.779580950736999512e-01
6.190000000000000000e+03 4.139867126941680908e-01
6.192000000000000000e+03 4.962204992771148682e-01
6.194000000000000000e+03 1.241930484771728516e+00
6.196000000000000000e+03 1.757700204849243164e+00
6.198000000000000000e+03 7.163267135620117188e-01
6.200000000000000000e+03 1.865123033523559570e+00
6.202000000000000000e+03 1.303957700729370117e+00
6.204000000000000000e+03 1.776791214942932129e+00
6.206000000000000000e+03 2.498516321182250977e+00
6.208000000000000000e+03 2.333997726440429688e+00
6.210000000000000000e+03 6.651835441589355469e-01
6.212000000000000000e+03 1.185795426368713379e+00
6.214000000000000000e+03 1.310749650001525879e+00
6.216000000000000000e+03 1.650302052497863770e+00
6.218000000000000000e+03 8.131183981895446777e-01
6.220000000000000000e+03 1.044033885002136230e+00
6.222000000000000000e+03 1.043319225311279297e+00
6.224000000000000000e+03 9.802183508872985840e-01
6.226000000000000000e+03 8.202221989631652832e-01
6.228000000000000000e+03 9.679896235466003418e-01
6.230000000000000000e+03 1.544456481933593750e+00
6.232000000000000000e+03 1.750042319297790527e+00
6.234000000000000000e+03 1.716792464256286621e+00
6.236000000000000000e+03 1.161720514297485352e+00
6.238000000000000000e+03 1.171001672744750977e+00
6.240000000000000000e+03 1.124993324279785156e+00
6.242000000000000000e+03 1.716486215591430664e+00
6.244000000000000000e+03 1.062771558761596680e+00
6.246000000000000000e+03 1.418879508972167969e+00
6.248000000000000000e+03 9.660218954086303711e-01
6.250000000000000000e+03 1.047222852706909180e+00
6.252000000000000000e+03 1.121342301368713379e+00
6.254000000000000000e+03 1.311162114143371582e+00
6.256000000000000000e+03 7.167031764984130859e-01
6.258000000000000000e+03 7.073179483413696289e-01
6.260000000000000000e+03 9.377149343490600586e-01
6.262000000000000000e+03 1.013564109802246094e+00
6.264000000000000000e+03 1.199751496315002441e+00
6.266000000000000000e+03 1.570796370506286621e+00
6.268000000000000000e+03 1.905879974365234375e+00
6.270000000000000000e+03 1.804044842720031738e+00
6.272000000000000000e+03 1.491141915321350098e+00
6.274000000000000000e+03 9.072765111923217773e-01
6.276000000000000000e+03 5.237738490104675293e-01
6.278000000000000000e+03 8.279209583997726440e-02
6.280000000000000000e+03 7.637928724288940430e-01
6.282000000000000000e+03 1.723154425621032715e+00
6.284000000000000000e+03 2.533015608787536621e-01
6.286000000000000000e+03 6.251418590545654297e-01
6.288000000000000000e+03 8.746928572654724121e-01
6.290000000000000000e+03 1.177574872970581055e+00
6.292000000000000000e+03 2.387475967407226562e+00
6.294000000000000000e+03 2.439696788787841797e+00
6.296000000000000000e+03 2.243501663208007812e+00
6.298000000000000000e+03 1.769062995910644531e+00
6.300000000000000000e+03 1.343869209289550781e+00
6.302000000000000000e+03 1.378213644027709961e+00
6.304000000000000000e+03 1.603949189186096191e+00
6.306000000000000000e+03 1.357933759689331055e+00
6.308000000000000000e+03 1.683805227279663086e+00
6.310000000000000000e+03 1.478023648262023926e+00
6.312000000000000000e+03 1.603663682937622070e+00
6.314000000000000000e+03 2.523341476917266846e-01
6.316000000000000000e+03 6.606798171997070312e-01
6.318000000000000000e+03 1.590519189834594727e+00
6.320000000000000000e+03 1.269228577613830566e+00
6.322000000000000000e+03 1.676847338676452637e+00
6.324000000000000000e+03 2.482730865478515625e+00
6.326000000000000000e+03 1.350401878356933594e+00
6.328000000000000000e+03 2.209274023771286011e-01
6.330000000000000000e+03 7.958563566207885742e-01
6.332000000000000000e+03 1.885936617851257324e+00
6.334000000000000000e+03 2.445789813995361328e+00
6.336000000000000000e+03 2.228681087493896484e+00
6.338000000000000000e+03 7.986762523651123047e-01
6.340000000000000000e+03 2.818219900131225586e+00
6.342000000000000000e+03 3.501931428909301758e-01
6.344000000000000000e+03 2.370259016752243042e-01
6.346000000000000000e+03 4.747028350830078125e-01
6.348000000000000000e+03 9.005791544914245605e-01
6.350000000000000000e+03 6.293831467628479004e-01
6.352000000000000000e+03 1.445340514183044434e+00
6.354000000000000000e+03 1.266837269067764282e-01
6.356000000000000000e+03 2.050183057785034180e+00
6.358000000000000000e+03 1.211982965469360352e+00
6.360000000000000000e+03 6.058771610260009766e-01
6.362000000000000000e+03 1.198127746582031250e+00
6.364000000000000000e+03 9.664281606674194336e-01
6.366000000000000000e+03 8.228447437286376953e-01
6.368000000000000000e+03 1.736059665679931641e+00
6.370000000000000000e+03 1.169466614723205566e+00
6.372000000000000000e+03 1.491207242012023926e+00
6.374000000000000000e+03 8.436183929443359375e-01
6.376000000000000000e+03 8.467434048652648926e-01
6.378000000000000000e+03 5.434677600860595703e-01
6.380000000000000000e+03 1.246957063674926758e+00
6.382000000000000000e+03 2.529287815093994141e+00
6.384000000000000000e+03 1.315660476684570312e-01
6.386000000000000000e+03 1.477937936782836914e+00
6.388000000000000000e+03 2.103874444961547852e+00
6.390000000000000000e+03 1.872317790985107422e+00
6.392000000000000000e+03 2.971872091293334961e-01
6.394000000000000000e+03 2.419522762298583984e+00
6.396000000000000000e+03 1.636919379234313965e+00
6.398000000000000000e+03 3.764118850231170654e-01
6.400000000000000000e+03 5.540561079978942871e-01
6.402000000000000000e+03 1.255337357521057129e+00
6.404000000000000000e+03 8.669000864028930664e-01
6.406000000000000000e+03 8.183329105377197266e-01
6.408000000000000000e+03 7.684244513511657715e-01
6.410000000000000000e+03 8.207322955131530762e-01
6.412000000000000000e+03 3.619077801704406738e-01
6.414000000000000000e+03 1.226602315902709961e+00
6.416000000000000000e+03 2.103092432022094727e+00
6.418000000000000000e+03 2.515457391738891602e+00
6.420000000000000000e+03 1.676436185836791992e+00
6.422000000000000000e+03 1.963611483573913574e+00
6.424000000000000000e+03 2.373415231704711914e+00
6.426000000000000000e+03 1.398419141769409180e+00
6.428000000000000000e+03 9.344553351402282715e-01
6.430000000000000000e+03 7.817026972770690918e-01
6.432000000000000000e+03 7.278439402580261230e-01
6.434000000000000000e+03 1.550974488258361816e+00
6.436000000000000000e+03 1.989072859287261963e-01
6.438000000000000000e+03 1.630491495132446289e+00
6.440000000000000000e+03 1.444825172424316406e+00
6.442000000000000000e+03 3.782775402069091797e-01
6.444000000000000000e+03 1.690159916877746582e+00
6.446000000000000000e+03 1.531079649925231934e+00
6.448000000000000000e+03 9.199422001838684082e-01
6.450000000000000000e+03 1.703613996505737305e+00
6.452000000000000000e+03 2.040428876876831055e+00
6.454000000000000000e+03 1.405241847038269043e+00
6.456000000000000000e+03 2.046063899993896484e+00
6.458000000000000000e+03 2.603320360183715820e+00
6.460000000000000000e+03 5.752496123313903809e-01
6.462000000000000000e+03 4.640365839004516602e-01
6.464000000000000000e+03 1.404382824897766113e+00
6.466000000000000000e+03 1.084575891494750977e+00
6.468000000000000000e+03 6.310068368911743164e-01
6.470000000000000000e+03 6.098134070634841919e-02
6.472000000000000000e+03 1.417808413505554199e+00
6.474000000000000000e+03 9.510419964790344238e-01
6.476000000000000000e+03 9.599651098251342773e-01
6.478000000000000000e+03 1.120262384414672852e+00
6.480000000000000000e+03 1.184236645698547363e+00
6.482000000000000000e+03 1.845155358314514160e+00
6.484000000000000000e+03 1.260169506072998047e+00
6.486000000000000000e+03 1.656920194625854492e+00
6.488000000000000000e+03 1.979729056358337402e+00
6.490000000000000000e+03 2.290695190429687500e+00
6.492000000000000000e+03 1.736350059509277344e+00
6.494000000000000000e+03 7.824996113777160645e-01
6.496000000000000000e+03 1.081863045692443848e+00
6.498000000000000000e+03 1.792060613632202148e+00
6.500000000000000000e+03 1.471746802330017090e+00
6.502000000000000000e+03 2.111911535263061523e+00
6.504000000000000000e+03 1.790364980697631836e+00
6.506000000000000000e+03 1.550904750823974609e+00
6.508000000000000000e+03 2.280652761459350586e+00
6.510000000000000000e+03 2.271641731262207031e+00
6.512000000000000000e+03 2.598394870758056641e+00
6.514000000000000000e+03 1.148701667785644531e+00
6.516000000000000000e+03 9.926136732101440430e-01
6.518000000000000000e+03 6.871246099472045898e-01
6.520000000000000000e+03 1.504330992698669434e+00
6.522000000000000000e+03 2.120660543441772461e+00
6.524000000000000000e+03 1.315119385719299316e+00
6.526000000000000000e+03 7.173199653625488281e-01
6.528000000000000000e+03 1.352203011512756348e+00
6.530000000000000000e+03 2.623944044113159180e+00
6.532000000000000000e+03 2.698179244995117188e+00
6.534000000000000000e+03 1.930268764495849609e+00
6.536000000000000000e+03 1.717126011848449707e+00
6.538000000000000000e+03 8.738699555397033691e-01
6.540000000000000000e+03 1.643416047096252441e+00
6.542000000000000000e+03 1.825370192527770996e+00
6.544000000000000000e+03 2.225063323974609375e+00
6.546000000000000000e+03 2.475437164306640625e+00
6.548000000000000000e+03 2.202239513397216797e+00
6.550000000000000000e+03 2.337316036224365234e+00
6.552000000000000000e+03 2.777626276016235352e+00
6.554000000000000000e+03 2.050917863845825195e+00
6.556000000000000000e+03 1.689984321594238281e+00
6.558000000000000000e+03 1.824058890342712402e+00
6.560000000000000000e+03 1.303223371505737305e+00
6.562000000000000000e+03 2.179191827774047852e+00
6.564000000000000000e+03 1.391974568367004395e+00
6.566000000000000000e+03 1.221205234527587891e+00
6.568000000000000000e+03 1.200645804405212402e+00
6.570000000000000000e+03 1.385920047760009766e+00
6.572000000000000000e+03 2.577981233596801758e+00
6.574000000000000000e+03 2.778318881988525391e+00
6.576000000000000000e+03 2.283537626266479492e+00
6.578000000000000000e+03 1.870625734329223633e+00
6.580000000000000000e+03 2.936466932296752930e+00
6.582000000000000000e+03 2.489886522293090820e+00
6.584000000000000000e+03 5.900873541831970215e-01
6.586000000000000000e+03 1.804706096649169922e+00
6.588000000000000000e+03 8.425219058990478516e-01
6.590000000000000000e+03 1.749837875366210938e+00
6.592000000000000000e+03 1.858312368392944336e+00
6.594000000000000000e+03 9.497152566909790039e-01
6.596000000000000000e+03 7.192009687423706055e-01
6.598000000000000000e+03 2.026763707399368286e-01
6.600000000000000000e+03 7.300626635551452637e-01
6.602000000000000000e+03 1.157034397125244141e+00
6.604000000000000000e+03 9.985842108726501465e-01
6.606000000000000000e+03 2.261842727661132812e+00
6.608000000000000000e+03 2.309478998184204102e+00
6.610000000000000000e+03 2.283821582794189453e+00
6.612000000000000000e+03 1.650072097778320312e+00
6.614000000000000000e+03 2.236852884292602539e+00
6.616000000000000000e+03 4.950467050075531006e-01
6.618000000000000000e+03 1.076253056526184082e+00
6.620000000000000000e+03 1.398460865020751953e+00
6.622000000000000000e+03 9.144381284713745117e-01
6.624000000000000000e+03 1.458512783050537109e+00
6.626000000000000000e+03 2.804234027862548828e+00
6.628000000000000000e+03 1.978064179420471191e+00
6.630000000000000000e+03 2.248470544815063477e+00
6.632000000000000000e+03 2.623944520950317383e+00
6.634000000000000000e+03 2.788539648056030273e+00
6.636000000000000000e+03 2.393182754516601562e+00
6.638000000000000000e+03 2.815398931503295898e+00
6.640000000000000000e+03 2.526203870773315430e+00
6.642000000000000000e+03 2.497815132141113281e+00
6.644000000000000000e+03 1.411939024925231934e+00
6.646000000000000000e+03 2.388484954833984375e+00
6.648000000000000000e+03 1.915508985519409180e+00
6.650000000000000000e+03 2.017685651779174805e+00
6.652000000000000000e+03 1.317019462585449219e+00
6.654000000000000000e+03 1.059271097183227539e+00
6.656000000000000000e+03 1.262833833694458008e+00
6.658000000000000000e+03 8.907940983772277832e-01
6.660000000000000000e+03 1.498298168182373047e+00
6.662000000000000000e+03 2.674075126647949219e+00
6.664000000000000000e+03 2.452770471572875977e+00
6.666000000000000000e+03 1.038064956665039062e+00
6.668000000000000000e+03 2.501657009124755859e+00
6.670000000000000000e+03 2.737666666507720947e-01
6.672000000000000000e+03 1.709069967269897461e+00
6.674000000000000000e+03 1.357937455177307129e+00
6.676000000000000000e+03 1.484685778617858887e+00
6.678000000000000000e+03 1.344113707542419434e+00
6.680000000000000000e+03 1.537670254707336426e+00
6.682000000000000000e+03 1.650364160537719727e+00
6.684000000000000000e+03 1.811747312545776367e+00
6.686000000000000000e+03 1.823633909225463867e+00
6.688000000000000000e+03 2.039220333099365234e+00
6.690000000000000000e+03 1.590609073638916016e+00
6.692000000000000000e+03 1.337929368019104004e+00
6.694000000000000000e+03 1.736506342887878418e+00
6.696000000000000000e+03 3.623469769954681396e-01
6.698000000000000000e+03 2.209518909454345703e+00
6.700000000000000000e+03 1.729670882225036621e+00
6.702000000000000000e+03 1.411358952522277832e+00
6.704000000000000000e+03 1.155191540718078613e+00
6.706000000000000000e+03 2.989551424980163574e-01
6.708000000000000000e+03 4.852655529975891113e-01
6.710000000000000000e+03 9.513365626335144043e-01
6.712000000000000000e+03 4.367457330226898193e-01
6.714000000000000000e+03 9.669703245162963867e-01
6.716000000000000000e+03 6.220551133155822754e-01
6.718000000000000000e+03 1.053236603736877441e+00
6.720000000000000000e+03 4.035305082798004150e-01
6.722000000000000000e+03 7.521122097969055176e-01
6.724000000000000000e+03 4.907908439636230469e-01
6.726000000000000000e+03 2.113250732421875000e+00
6.728000000000000000e+03 1.636712193489074707e+00
6.730000000000000000e+03 2.394337415695190430e+00
6.732000000000000000e+03 2.215159654617309570e+00
6.734000000000000000e+03 1.170162200927734375e+00
6.736000000000000000e+03 2.129710912704467773e+00
6.738000000000000000e+03 1.943191885948181152e+00
6.740000000000000000e+03 3.576923310756683350e-01
6.742000000000000000e+03 1.972125530242919922e+00
6.744000000000000000e+03 1.206683874130249023e+00
6.746000000000000000e+03 1.316990494728088379e+00
6.748000000000000000e+03 1.851423144340515137e+00
6.750000000000000000e+03 7.621366381645202637e-01
6.752000000000000000e+03 1.484561204910278320e+00
6.754000000000000000e+03 2.081624031066894531e+00
6.756000000000000000e+03 2.282390594482421875e+00
6.758000000000000000e+03 1.465525031089782715e+00
6.760000000000000000e+03 1.524573087692260742e+00
6.762000000000000000e+03 2.044352293014526367e+00
6.764000000000000000e+03 1.921433448791503906e+00
6.766000000000000000e+03 1.811331748962402344e+00
6.768000000000000000e+03 1.975209951400756836e+00
6.770000000000000000e+03 2.039144039154052734e+00
6.772000000000000000e+03 1.418021917343139648e+00
6.774000000000000000e+03 2.091216802597045898e+00
6.776000000000000000e+03 2.284350156784057617e+00
6.778000000000000000e+03 6.675974726676940918e-01
6.780000000000000000e+03 1.029080748558044434e+00
6.782000000000000000e+03 2.699186563491821289e+00
6.784000000000000000e+03 2.527279376983642578e+00
6.786000000000000000e+03 1.656744360923767090e+00
6.788000000000000000e+03 1.479819416999816895e-01
6.790000000000000000e+03 1.965328693389892578e+00
6.792000000000000000e+03 1.544381737709045410e+00
6.794000000000000000e+03 1.570796370506286621e+00
6.796000000000000000e+03 2.551375389099121094e+00
6.798000000000000000e+03 2.167082786560058594e+00
6.800000000000000000e+03 1.643586277961730957e+00
6.802000000000000000e+03 7.543014883995056152e-01
6.804000000000000000e+03 2.590964078903198242e+00
6.806000000000000000e+03 2.340381622314453125e+00
6.808000000000000000e+03 1.517987012863159180e+00
6.810000000000000000e+03 2.022854328155517578e+00
6.812000000000000000e+03 2.493196964263916016e+00
6.814000000000000000e+03 1.384319782257080078e+00
6.816000000000000000e+03 1.291557431221008301e+00
6.818000000000000000e+03 1.798452854156494141e+00
6.820000000000000000e+03 1.662854909896850586e+00
6.822000000000000000e+03 1.683367609977722168e+00
6.824000000000000000e+03 2.468343734741210938e+00
6.826000000000000000e+03 2.031476259231567383e+00
6.828000000000000000e+03 2.497903823852539062e+00
6.830000000000000000e+03 1.942339777946472168e+00
6.832000000000000000e+03 7.056775093078613281e-01
6.834000000000000000e+03 1.809905290603637695e+00
6.836000000000000000e+03 2.505270719528198242e+00
6.838000000000000000e+03 2.190007925033569336e+00
6.840000000000000000e+03 2.670161485671997070e+00
6.842000000000000000e+03 2.021457195281982422e+00
6.844000000000000000e+03 2.548205852508544922e+00
6.846000000000000000e+03 2.419349431991577148e+00
6.848000000000000000e+03 1.066840648651123047e+00
6.850000000000000000e+03 2.769227981567382812e+00
6.852000000000000000e+03 9.016152024269104004e-01
6.854000000000000000e+03 3.662618994712829590e-01
6.856000000000000000e+03 4.202015399932861328e-01
6.858000000000000000e+03 1.019611120223999023e+00
6.860000000000000000e+03 1.112829446792602539e+00
6.862000000000000000e+03 2.097051858901977539e+00
6.864000000000000000e+03 1.810032129287719727e+00
6.866000000000000000e+03 1.995532631874084473e+00
6.868000000000000000e+03 2.103194952011108398e+00
6.870000000000000000e+03 2.555098056793212891e+00
6.872000000000000000e+03 2.757209062576293945e+00
6.874000000000000000e+03 1.743755578994750977e+00
6.876000000000000000e+03 1.425078392028808594e+00
6.878000000000000000e+03 6.861912608146667480e-01
6.880000000000000000e+03 1.219549179077148438e+00
6.882000000000000000e+03 1.042665839195251465e+00
6.884000000000000000e+03 2.082863569259643555e+00
6.886000000000000000e+03 2.678550720214843750e+00
6.888000000000000000e+03 2.482950687408447266e+00
6.890000000000000000e+03 2.917263269424438477e+00
6.892000000000000000e+03 2.696668624877929688e+00
6.894000000000000000e+03 2.354650259017944336e+00
6.896000000000000000e+03 1.669550299644470215e+00
6.898000000000000000e+03 8.016153573989868164e-01
6.900000000000000000e+03 8.495964407920837402e-01
6.902000000000000000e+03 1.212862253189086914e+00
6.904000000000000000e+03 1.498079538345336914e+00
6.906000000000000000e+03 1.811133384704589844e+00
6.908000000000000000e+03 9.846020340919494629e-01
6.910000000000000000e+03 1.900908589363098145e+00
6.912000000000000000e+03 1.295828461647033691e+00
6.914000000000000000e+03 1.260655999183654785e+00
6.916000000000000000e+03 1.858873128890991211e+00
6.918000000000000000e+03 1.511267900466918945e+00
6.920000000000000000e+03 1.710394859313964844e+00
6.922000000000000000e+03 1.930336117744445801e+00
6.924000000000000000e+03 5.992613434791564941e-01
6.926000000000000000e+03 7.656869888305664062e-01
6.928000000000000000e+03 2.281660079956054688e+00
6.930000000000000000e+03 2.376543521881103516e+00
6.932000000000000000e+03 1.282564043998718262e+00
6.934000000000000000e+03 1.411516904830932617e+00
6.936000000000000000e+03 1.091645598411560059e+00
6.938000000000000000e+03 2.343118190765380859e+00
6.940000000000000000e+03 1.531127691268920898e+00
6.942000000000000000e+03 8.189343810081481934e-01
6.944000000000000000e+03 3.988938033580780029e-01
6.946000000000000000e+03 2.258854389190673828e+00
6.948000000000000000e+03 8.032241463661193848e-01
6.950000000000000000e+03 1.098744750022888184e+00
6.952000000000000000e+03 1.404690384864807129e+00
6.954000000000000000e+03 1.948992490768432617e+00
6.956000000000000000e+03 1.623619437217712402e+00
6.958000000000000000e+03 1.351415038108825684e+00
6.960000000000000000e+03 1.337429642677307129e+00
6.962000000000000000e+03 1.866131305694580078e+00
6.964000000000000000e+03 1.248384714126586914e+00
6.966000000000000000e+03 1.947815060615539551e+00
6.968000000000000000e+03 2.183016777038574219e+00
6.970000000000000000e+03 1.233915090560913086e+00
6.972000000000000000e+03 1.816976547241210938e+00
6.974000000000000000e+03 2.233135700225830078e+00
6.976000000000000000e+03 2.467162609100341797e+00
6.978000000000000000e+03 1.464862823486328125e+00
6.980000000000000000e+03 1.233791232109069824e+00
6.982000000000000000e+03 1.851147651672363281e+00
6.984000000000000000e+03 8.488299250602722168e-01
6.986000000000000000e+03 1.524777412414550781e+00
6.988000000000000000e+03 8.647621273994445801e-01
6.990000000000000000e+03 8.185182213783264160e-01
6.992000000000000000e+03 1.358854293823242188e+00
6.994000000000000000e+03 2.247706502676010132e-01
6.996000000000000000e+03 7.701300978660583496e-01
6.998000000000000000e+03 9.422596096992492676e-01
7.000000000000000000e+03 8.473051786422729492e-01
7.002000000000000000e+03 1.783791184425354004e+00
7.004000000000000000e+03 1.872860550880432129e+00
7.006000000000000000e+03 2.140969276428222656e+00
7.008000000000000000e+03 3.045739889144897461e+00
7.010000000000000000e+03 2.696262836456298828e+00
7.012000000000000000e+03 2.457329511642456055e+00
7.014000000000000000e+03 2.777336597442626953e+00
7.016000000000000000e+03 2.503073215484619141e+00
7.018000000000000000e+03 1.383917808532714844e+00
7.020000000000000000e+03 2.224041461944580078e+00
7.022000000000000000e+03 1.498206257820129395e+00
7.024000000000000000e+03 2.448634862899780273e+00
7.026000000000000000e+03 7.972441911697387695e-01
7.028000000000000000e+03 3.558236062526702881e-01
7.030000000000000000e+03 1.020609736442565918e+00
7.032000000000000000e+03 2.067247390747070312e+00
7.034000000000000000e+03 1.984224319458007812e+00
7.036000000000000000e+03 1.845742106437683105e+00
7.038000000000000000e+03 2.014916658401489258e+00
7.040000000000000000e+03 1.984986662864685059e+00
7.042000000000000000e+03 2.856343507766723633e+00
7.044000000000000000e+03 2.231302022933959961e+00
7.046000000000000000e+03 2.129807949066162109e+00
7.048000000000000000e+03 7.898985743522644043e-01
7.050000000000000000e+03 1.075748920440673828e+00
7.052000000000000000e+03 1.141467571258544922e+00
7.054000000000000000e+03 1.844217181205749512e+00
7.056000000000000000e+03 1.577400445938110352e+00
7.058000000000000000e+03 1.304365634918212891e+00
7.060000000000000000e+03 2.872597932815551758e+00
7.062000000000000000e+03 1.484551906585693359e+00
7.064000000000000000e+03 1.438779711723327637e+00
7.066000000000000000e+03 1.914723396301269531e+00
7.068000000000000000e+03 2.028575181961059570e+00
7.070000000000000000e+03 1.262440323829650879e+00
7.072000000000000000e+03 1.323424339294433594e+00
7.074000000000000000e+03 1.275540471076965332e+00
7.076000000000000000e+03 9.602309465408325195e-01
7.078000000000000000e+03 7.063449025154113770e-01
7.080000000000000000e+03 3.245018720626831055e-01
7.082000000000000000e+03 2.336477518081665039e+00
7.084000000000000000e+03 2.360948324203491211e+00
7.086000000000000000e+03 1.537729859352111816e+00
7.088000000000000000e+03 1.784297704696655273e+00
7.090000000000000000e+03 1.205719232559204102e+00
7.092000000000000000e+03 1.887613415718078613e+00
7.094000000000000000e+03 1.597243070602416992e+00
7.096000000000000000e+03 1.737092018127441406e+00
7.098000000000000000e+03 1.511395096778869629e+00
7.100000000000000000e+03 2.512660741806030273e+00
7.102000000000000000e+03 1.478121280670166016e+00
7.104000000000000000e+03 1.211863160133361816e+00
7.106000000000000000e+03 1.710457801818847656e+00
7.108000000000000000e+03 2.007262468338012695e+00
7.110000000000000000e+03 6.399367451667785645e-01
7.112000000000000000e+03 1.051630973815917969e+00
7.114000000000000000e+03 1.127660393714904785e+00
7.116000000000000000e+03 1.491746187210083008e+00
7.118000000000000000e+03 1.859259247779846191e+00
7.120000000000000000e+03 2.659382343292236328e+00
7.122000000000000000e+03 2.444507837295532227e+00
7.124000000000000000e+03 2.257723331451416016e+00
7.126000000000000000e+03 1.126451849937438965e+00
7.128000000000000000e+03 1.310269117355346680e+00
7.130000000000000000e+03 1.858924627304077148e+00
7.132000000000000000e+03 1.610217571258544922e+00
7.134000000000000000e+03 2.828317403793334961e+00
7.136000000000000000e+03 9.452821016311645508e-01
7.138000000000000000e+03 2.105489015579223633e+00
7.140000000000000000e+03 2.072094917297363281e+00
7.142000000000000000e+03 9.233979582786560059e-01
7.144000000000000000e+03 1.207585096359252930e+00
7.146000000000000000e+03 8.293670415878295898e-01
7.148000000000000000e+03 1.239799261093139648e+00
7.150000000000000000e+03 8.228456377983093262e-01
7.152000000000000000e+03 1.709511756896972656e+00
7.154000000000000000e+03 1.663174271583557129e+00
7.156000000000000000e+03 6.488230228424072266e-01
7.158000000000000000e+03 1.445868760347366333e-01
7.160000000000000000e+03 1.297603130340576172e+00
7.162000000000000000e+03 1.349848389625549316e+00
7.164000000000000000e+03 4.917151629924774170e-01
7.166000000000000000e+03 9.351027011871337891e-01
7.168000000000000000e+03 2.586031675338745117e+00
7.170000000000000000e+03 2.398399114608764648e+00
7.172000000000000000e+03 2.202450990676879883e+00
7.174000000000000000e+03 2.160491943359375000e+00
7.176000000000000000e+03 2.069252490997314453e+00
7.178000000000000000e+03 2.800413846969604492e+00
7.180000000000000000e+03 2.567050218582153320e+00
7.182000000000000000e+03 2.518473863601684570e+00
7.184000000000000000e+03 2.531030416488647461e+00
7.186000000000000000e+03 2.565134286880493164e+00
7.188000000000000000e+03 1.398042917251586914e+00
7.190000000000000000e+03 6.388114690780639648e-01
7.192000000000000000e+03 1.075888037681579590e+00
7.194000000000000000e+03 8.446592092514038086e-01
7.196000000000000000e+03 1.769416213035583496e+00
7.198000000000000000e+03 3.052882194519042969e+00
7.200000000000000000e+03 2.066492795944213867e+00
7.202000000000000000e+03 1.803375363349914551e+00
7.204000000000000000e+03 2.181308269500732422e+00
7.206000000000000000e+03 1.927471041679382324e+00
7.208000000000000000e+03 1.384554147720336914e+00
7.210000000000000000e+03 1.865525364875793457e+00
7.212000000000000000e+03 1.837634921073913574e+00
7.214000000000000000e+03 2.031258344650268555e+00
7.216000000000000000e+03 1.282997250556945801e+00
7.218000000000000000e+03 1.530979990959167480e+00
7.220000000000000000e+03 1.643474936485290527e+00
7.222000000000000000e+03 1.570796370506286621e+00
7.224000000000000000e+03 1.823766827583312988e+00
7.226000000000000000e+03 1.376677989959716797e+00
7.228000000000000000e+03 1.498453497886657715e+00
7.230000000000000000e+03 2.702141761779785156e+00
7.232000000000000000e+03 1.431620359420776367e+00
7.234000000000000000e+03 9.348884224891662598e-01
7.236000000000000000e+03 1.683646798133850098e+00
7.238000000000000000e+03 2.467026948928833008e+00
7.240000000000000000e+03 2.162468433380126953e+00
7.242000000000000000e+03 1.358552694320678711e+00
7.244000000000000000e+03 1.458848595619201660e+00
7.246000000000000000e+03 1.899833321571350098e+00
7.248000000000000000e+03 1.537697076797485352e+00
7.250000000000000000e+03 2.429446935653686523e+00
7.252000000000000000e+03 1.886825799942016602e+00
7.254000000000000000e+03 1.776017785072326660e+00
7.256000000000000000e+03 9.833449125289916992e-01
7.258000000000000000e+03 1.564199328422546387e+00
7.260000000000000000e+03 2.517625093460083008e+00
7.262000000000000000e+03 1.147441625595092773e+00
7.264000000000000000e+03 1.269714832305908203e+00
7.266000000000000000e+03 1.657071590423583984e+00
7.268000000000000000e+03 1.935603618621826172e-01
7.270000000000000000e+03 1.690631031990051270e+00
7.272000000000000000e+03 1.749654173851013184e+00
7.274000000000000000e+03 1.234820365905761719e+00
7.276000000000000000e+03 1.696967005729675293e+00
7.278000000000000000e+03 1.838554263114929199e+00
7.280000000000000000e+03 1.141267299652099609e+00
7.282000000000000000e+03 1.067574858665466309e+00
7.284000000000000000e+03 5.990366339683532715e-01
7.286000000000000000e+03 9.679982662200927734e-01
7.288000000000000000e+03 9.741097092628479004e-01
7.290000000000000000e+03 1.281803250312805176e+00
7.292000000000000000e+03 1.663244843482971191e+00
7.294000000000000000e+03 1.845058202743530273e+00
7.296000000000000000e+03 2.853213310241699219e+00
7.298000000000000000e+03 2.339956045150756836e+00
7.300000000000000000e+03 2.601037740707397461e+00
7.302000000000000000e+03 1.304549574851989746e+00
7.304000000000000000e+03 1.742973089218139648e+00
7.306000000000000000e+03 7.310580015182495117e-01
7.308000000000000000e+03 1.906181216239929199e+00
7.310000000000000000e+03 4.462588727474212646e-01
7.312000000000000000e+03 2.582696676254272461e-01
7.314000000000000000e+03 1.411687970161437988e+00
7.316000000000000000e+03 1.213577747344970703e+00
7.318000000000000000e+03 5.109881758689880371e-01
7.320000000000000000e+03 1.240437865257263184e+00
7.322000000000000000e+03 7.958772182464599609e-01
7.324000000000000000e+03 1.226036190986633301e+00
7.326000000000000000e+03 1.418614864349365234e+00
7.328000000000000000e+03 2.038909435272216797e+00
7.330000000000000000e+03 1.289617061614990234e+00
7.332000000000000000e+03 7.995400428771972656e-01
7.334000000000000000e+03 2.411424875259399414e+00
7.336000000000000000e+03 2.214439868927001953e+00
7.338000000000000000e+03 1.892771720886230469e+00
7.340000000000000000e+03 1.776900410652160645e+00
7.342000000000000000e+03 2.659818887710571289e+00
7.344000000000000000e+03 1.797792792320251465e+00
7.346000000000000000e+03 1.126551508903503418e+00
7.348000000000000000e+03 1.602461040019989014e-01
7.350000000000000000e+03 1.337572693824768066e+00
7.352000000000000000e+03 1.789437890052795410e+00
7.354000000000000000e+03 1.331115961074829102e+00
7.356000000000000000e+03 8.937330245971679688e-01
7.358000000000000000e+03 1.241841316223144531e+00
7.360000000000000000e+03 2.373437643051147461e+00
7.362000000000000000e+03 1.392017602920532227e+00
7.364000000000000000e+03 1.330427050590515137e+00
7.366000000000000000e+03 1.992773294448852539e+00
7.368000000000000000e+03 1.517948985099792480e+00
7.370000000000000000e+03 5.287626385688781738e-01
7.372000000000000000e+03 1.531008601188659668e+00
7.374000000000000000e+03 1.517870426177978516e+00
7.376000000000000000e+03 3.040764927864074707e-01
7.378000000000000000e+03 2.354648828506469727e+00
7.380000000000000000e+03 1.490920066833496094e+00
7.382000000000000000e+03 2.308291673660278320e+00
7.384000000000000000e+03 2.624134778976440430e+00
7.386000000000000000e+03 1.810243725776672363e+00
7.388000000000000000e+03 2.318121910095214844e+00
7.390000000000000000e+03 2.395534992218017578e+00
7.392000000000000000e+03 2.444847583770751953e+00
7.394000000000000000e+03 2.317739009857177734e+00
7.396000000000000000e+03 1.205484628677368164e+00
7.398000000000000000e+03 1.716755270957946777e+00
7.400000000000000000e+03 8.426378369331359863e-01
7.402000000000000000e+03 2.086742401123046875e+00
7.404000000000000000e+03 2.021910905838012695e+00
7.406000000000000000e+03 1.239841222763061523e+00
7.408000000000000000e+03 1.075230479240417480e+00
7.410000000000000000e+03 9.071884155273437500e-01
7.412000000000000000e+03 7.828308939933776855e-01
7.414000000000000000e+03 6.041704416275024414e-01
7.416000000000000000e+03 8.236518502235412598e-01
7.418000000000000000e+03 3.728667497634887695e-01
7.420000000000000000e+03 9.103072881698608398e-01
7.422000000000000000e+03 4.726662039756774902e-01
7.424000000000000000e+03 6.470177173614501953e-01
7.426000000000000000e+03 4.684246778488159180e-01
7.428000000000000000e+03 2.006268501281738281e+00
7.430000000000000000e+03 2.616308450698852539e+00
7.432000000000000000e+03 4.220740199089050293e-01
7.434000000000000000e+03 1.511588335037231445e+00
7.436000000000000000e+03 1.656768083572387695e+00
7.438000000000000000e+03 9.338392317295074463e-02
7.440000000000000000e+03 5.420827865600585938e-01
7.442000000000000000e+03 6.856580376625061035e-01
7.444000000000000000e+03 1.756893992424011230e+00
7.446000000000000000e+03 1.068449854850769043e+00
7.448000000000000000e+03 5.620186328887939453e-01
7.450000000000000000e+03 6.441535949707031250e-01
7.452000000000000000e+03 1.949932873249053955e-01
7.454000000000000000e+03 6.809282302856445312e-01
7.456000000000000000e+03 9.736348390579223633e-01
7.458000000000000000e+03 2.473553866147994995e-01
7.460000000000000000e+03 1.444869637489318848e+00
7.462000000000000000e+03 7.553765177726745605e-01
7.464000000000000000e+03 5.995163917541503906e-01
7.466000000000000000e+03 1.471348166465759277e+00
7.468000000000000000e+03 1.770542860031127930e+00
7.470000000000000000e+03 2.410927057266235352e+00
7.472000000000000000e+03 2.560249328613281250e+00
7.474000000000000000e+03 1.097149968147277832e+00
7.476000000000000000e+03 1.676310181617736816e+00
7.478000000000000000e+03 2.702838659286499023e+00
7.480000000000000000e+03 2.948385715484619141e+00
7.482000000000000000e+03 1.108780264854431152e+00
7.484000000000000000e+03 1.590582013130187988e+00
7.486000000000000000e+03 1.517813563346862793e+00
7.488000000000000000e+03 6.215172410011291504e-01
7.490000000000000000e+03 1.498076677322387695e+00
7.492000000000000000e+03 1.133180856704711914e+00
7.494000000000000000e+03 1.141856431961059570e+00
7.496000000000000000e+03 6.934095025062561035e-01
7.498000000000000000e+03 1.006887912750244141e+00
7.500000000000000000e+03 5.585992932319641113e-01
7.502000000000000000e+03 1.047109723091125488e+00
7.504000000000000000e+03 2.219190597534179688e+00
7.506000000000000000e+03 1.557636141777038574e+00
7.508000000000000000e+03 2.694225549697875977e+00
7.510000000000000000e+03 2.978402614593505859e+00
7.512000000000000000e+03 2.013788223266601562e+00
7.514000000000000000e+03 2.020250082015991211e+00
7.516000000000000000e+03 1.944808721542358398e+00
7.518000000000000000e+03 1.804518818855285645e+00
7.520000000000000000e+03 2.051271677017211914e+00
7.522000000000000000e+03 2.681031465530395508e+00
7.524000000000000000e+03 2.322387218475341797e+00
7.526000000000000000e+03 1.769516944885253906e+00
7.528000000000000000e+03 4.762600660324096680e-01
7.530000000000000000e+03 6.959083676338195801e-01
7.532000000000000000e+03 1.096880912780761719e+00
7.534000000000000000e+03 9.573458433151245117e-01
7.536000000000000000e+03 7.338982820510864258e-01
7.538000000000000000e+03 2.342684268951416016e+00
7.540000000000000000e+03 2.307110309600830078e+00
7.542000000000000000e+03 2.844405651092529297e+00
7.544000000000000000e+03 1.703144311904907227e+00
7.546000000000000000e+03 8.657607436180114746e-01
7.548000000000000000e+03 1.636888742446899414e+00
7.550000000000000000e+03 1.763392925262451172e+00
7.552000000000000000e+03 6.513589024543762207e-01
7.554000000000000000e+03 1.915508031845092773e+00
7.556000000000000000e+03 1.478297352790832520e+00
7.558000000000000000e+03 2.426476240158081055e+00
7.560000000000000000e+03 2.604635238647460938e+00
7.562000000000000000e+03 2.502373456954956055e+00
7.564000000000000000e+03 2.121577024459838867e+00
7.566000000000000000e+03 2.320759296417236328e+00
7.568000000000000000e+03 3.989746272563934326e-01
7.570000000000000000e+03 5.797911286354064941e-01
7.572000000000000000e+03 1.263720989227294922e+00
7.574000000000000000e+03 1.316174507141113281e+00
7.576000000000000000e+03 1.417601943016052246e+00
7.578000000000000000e+03 1.337474226951599121e+00
7.580000000000000000e+03 1.676177263259887695e+00
7.582000000000000000e+03 1.418159127235412598e+00
7.584000000000000000e+03 1.756048560142517090e+00
7.586000000000000000e+03 1.411751031875610352e+00
7.588000000000000000e+03 1.485176444053649902e+00
7.590000000000000000e+03 1.770500421524047852e+00
7.592000000000000000e+03 7.335141897201538086e-01
7.594000000000000000e+03 8.285744786262512207e-01
7.596000000000000000e+03 1.213553905487060547e+00
7.598000000000000000e+03 1.337173223495483398e+00
7.600000000000000000e+03 1.524523138999938965e+00
7.602000000000000000e+03 2.065939664840698242e+00
7.604000000000000000e+03 6.427557468414306641e-01
7.606000000000000000e+03 1.357148528099060059e+00
7.608000000000000000e+03 4.613028168678283691e-01
7.610000000000000000e+03 1.082792401313781738e+00
7.612000000000000000e+03 8.222584128379821777e-01
7.614000000000000000e+03 9.685275554656982422e-01
7.616000000000000000e+03 4.965841472148895264e-01
7.618000000000000000e+03 1.199633836746215820e+00
7.620000000000000000e+03 1.963701486587524414e+00
7.622000000000000000e+03 5.763257741928100586e-01
7.624000000000000000e+03 1.000263571739196777e+00
7.626000000000000000e+03 9.971321225166320801e-01
7.628000000000000000e+03 1.168560981750488281e+00
7.630000000000000000e+03 1.517987012863159180e+00
7.632000000000000000e+03 1.191585898399353027e+00
7.634000000000000000e+03 2.280205726623535156e+00
7.636000000000000000e+03 1.122518897056579590e+00
7.638000000000000000e+03 1.057903289794921875e+00
7.640000000000000000e+03 1.557531118392944336e+00
7.642000000000000000e+03 1.616975188255310059e+00
7.644000000000000000e+03 2.462436914443969727e+00
7.646000000000000000e+03 2.050953388214111328e+00
7.648000000000000000e+03 1.364183425903320312e+00
7.650000000000000000e+03 2.038187265396118164e+00
7.652000000000000000e+03 2.517747879028320312e+00
7.654000000000000000e+03 2.312514066696166992e+00
7.656000000000000000e+03 2.134704828262329102e+00
7.658000000000000000e+03 1.723007559776306152e+00
7.660000000000000000e+03 7.221482992172241211e-01
7.662000000000000000e+03 7.955124378204345703e-01
7.664000000000000000e+03 9.890161156654357910e-01
7.666000000000000000e+03 5.288731455802917480e-01
7.668000000000000000e+03 2.509180068969726562e+00
7.670000000000000000e+03 2.231963396072387695e+00
7.672000000000000000e+03 2.451715230941772461e+00
7.674000000000000000e+03 7.106701135635375977e-01
7.676000000000000000e+03 2.809946298599243164e+00
7.678000000000000000e+03 4.317815899848937988e-01
7.680000000000000000e+03 1.032401084899902344e+00
7.682000000000000000e+03 1.464702248573303223e+00
7.684000000000000000e+03 2.207734823226928711e+00
7.686000000000000000e+03 2.102644920349121094e+00
7.688000000000000000e+03 2.464735031127929688e+00
7.690000000000000000e+03 2.744607210159301758e+00
7.692000000000000000e+03 1.798095583915710449e+00
7.694000000000000000e+03 1.824613690376281738e+00
7.696000000000000000e+03 2.318970859050750732e-01
7.698000000000000000e+03 2.653205156326293945e+00
7.700000000000000000e+03 2.365184068679809570e+00
7.702000000000000000e+03 1.716380715370178223e+00
7.704000000000000000e+03 1.908724546432495117e+00
7.706000000000000000e+03 7.604888081550598145e-01
7.708000000000000000e+03 1.171561837196350098e+00
7.710000000000000000e+03 1.184583902359008789e+00
7.712000000000000000e+03 5.338547825813293457e-01
7.714000000000000000e+03 2.438931465148925781e+00
7.716000000000000000e+03 9.445609450340270996e-01
7.718000000000000000e+03 1.518031835556030273e+00
7.720000000000000000e+03 1.610320210456848145e+00
7.722000000000000000e+03 2.799438714981079102e+00
7.724000000000000000e+03 2.735060453414916992e+00
7.726000000000000000e+03 2.125635623931884766e+00
7.728000000000000000e+03 2.881220817565917969e+00
7.730000000000000000e+03 7.831180691719055176e-01
7.732000000000000000e+03 1.029394745826721191e+00
7.734000000000000000e+03 4.063292741775512695e-01
7.736000000000000000e+03 9.030743241310119629e-01
7.738000000000000000e+03 4.943973720073699951e-01
7.740000000000000000e+03 5.427305102348327637e-01
7.742000000000000000e+03 1.104761838912963867e+00
7.744000000000000000e+03 1.984996557235717773e+00
7.746000000000000000e+03 1.742735743522644043e+00
7.748000000000000000e+03 1.650548577308654785e+00
7.750000000000000000e+03 1.906885027885437012e+00
7.752000000000000000e+03 1.296437740325927734e+00
7.754000000000000000e+03 2.232388257980346680e+00
7.756000000000000000e+03 4.876105785369873047e-01
7.758000000000000000e+03 1.378234982490539551e+00
7.760000000000000000e+03 1.166329383850097656e-01
7.762000000000000000e+03 1.690633773803710938e+00
7.764000000000000000e+03 1.776230692863464355e+00
7.766000000000000000e+03 8.926472663879394531e-01
7.768000000000000000e+03 1.140654444694519043e+00
7.770000000000000000e+03 1.750583529472351074e+00
7.772000000000000000e+03 1.743553638458251953e+00
7.774000000000000000e+03 3.062015771865844727e+00
7.776000000000000000e+03 2.526235342025756836e+00
7.778000000000000000e+03 1.418731451034545898e+00
7.780000000000000000e+03 1.852736830711364746e+00
7.782000000000000000e+03 7.616243958473205566e-01
7.784000000000000000e+03 3.581575751304626465e-01
7.786000000000000000e+03 1.164511799812316895e+00
7.788000000000000000e+03 7.925043106079101562e-01
7.790000000000000000e+03 2.530488669872283936e-01
7.792000000000000000e+03 2.787475585937500000e+00
7.794000000000000000e+03 2.223508596420288086e+00
7.796000000000000000e+03 1.537732839584350586e+00
7.798000000000000000e+03 1.262064456939697266e+00
7.800000000000000000e+03 9.967927336692810059e-01
7.802000000000000000e+03 1.156335592269897461e+00
7.804000000000000000e+03 9.885399341583251953e-01
7.806000000000000000e+03 1.425211787223815918e+00
7.808000000000000000e+03 1.243351817131042480e+00
7.810000000000000000e+03 7.407295107841491699e-01
7.812000000000000000e+03 4.568632543087005615e-01
7.814000000000000000e+03 6.844781041145324707e-01
7.816000000000000000e+03 8.409467339515686035e-01
7.818000000000000000e+03 1.172401428222656250e+00
7.820000000000000000e+03 2.403920888900756836e+00
7.822000000000000000e+03 2.174247741699218750e+00
7.824000000000000000e+03 1.075041890144348145e+00
7.826000000000000000e+03 2.718321800231933594e+00
7.828000000000000000e+03 2.118899106979370117e+00
7.830000000000000000e+03 1.676246881484985352e+00
7.832000000000000000e+03 1.736531853675842285e+00
7.834000000000000000e+03 1.431788921356201172e+00
7.836000000000000000e+03 1.636884331703186035e+00
7.838000000000000000e+03 4.614335894584655762e-01
7.840000000000000000e+03 2.638787925243377686e-01
7.842000000000000000e+03 7.305722236633300781e-01
7.844000000000000000e+03 1.928952455520629883e+00
7.846000000000000000e+03 1.936678290367126465e+00
7.848000000000000000e+03 2.332695007324218750e+00
7.850000000000000000e+03 1.696447610855102539e+00
7.852000000000000000e+03 1.790564298629760742e+00
7.854000000000000000e+03 2.391593217849731445e+00
7.856000000000000000e+03 1.663524627685546875e+00
7.858000000000000000e+03 1.471695184707641602e+00
7.860000000000000000e+03 1.643501281738281250e+00
7.862000000000000000e+03 7.276459336280822754e-01
7.864000000000000000e+03 1.211432576179504395e+00
7.866000000000000000e+03 1.154016494750976562e+00
7.868000000000000000e+03 1.942853093147277832e+00
7.870000000000000000e+03 2.054338932037353516e+00
7.872000000000000000e+03 1.980300307273864746e+00
7.874000000000000000e+03 8.851184248924255371e-01
7.876000000000000000e+03 1.845248222351074219e+00
7.878000000000000000e+03 7.267376780509948730e-01
7.880000000000000000e+03 1.866102218627929688e+00
7.882000000000000000e+03 1.241641521453857422e+00
7.884000000000000000e+03 1.570796370506286621e+00
7.886000000000000000e+03 1.872147440910339355e+00
7.888000000000000000e+03 1.008260846138000488e+00
7.890000000000000000e+03 1.913817644119262695e+00
7.892000000000000000e+03 1.756220698356628418e+00
7.894000000000000000e+03 2.589829206466674805e+00
7.896000000000000000e+03 2.183187007904052734e+00
7.898000000000000000e+03 1.377408862113952637e+00
7.900000000000000000e+03 7.850693464279174805e-01
7.902000000000000000e+03 9.631468653678894043e-01
7.904000000000000000e+03 7.705760598182678223e-01
7.906000000000000000e+03 1.564180016517639160e+00
7.908000000000000000e+03 1.464765191078186035e+00
7.910000000000000000e+03 9.194129705429077148e-01
7.912000000000000000e+03 1.852102518081665039e+00
7.914000000000000000e+03 1.214735269546508789e+00
7.916000000000000000e+03 1.003889322280883789e+00
7.918000000000000000e+03 9.887715578079223633e-01
7.920000000000000000e+03 1.296314716339111328e+00
7.922000000000000000e+03 1.697198748588562012e+00
7.924000000000000000e+03 7.460505366325378418e-01
7.926000000000000000e+03 1.083843708038330078e+00
7.928000000000000000e+03 5.661194324493408203e-01
7.930000000000000000e+03 1.232906579971313477e+00
7.932000000000000000e+03 2.561702251434326172e+00
7.934000000000000000e+03 2.024264812469482422e+00
7.936000000000000000e+03 2.630291461944580078e+00
7.938000000000000000e+03 2.143883466720581055e+00
7.940000000000000000e+03 1.385060310363769531e+00
7.942000000000000000e+03 4.777260124683380127e-01
7.944000000000000000e+03 1.397409200668334961e+00
7.946000000000000000e+03 1.133933305740356445e+00
7.948000000000000000e+03 8.139447569847106934e-01
7.950000000000000000e+03 1.391506552696228027e+00
7.952000000000000000e+03 2.415149927139282227e+00
7.954000000000000000e+03 2.022569179534912109e+00
7.956000000000000000e+03 1.365289688110351562e+00
7.958000000000000000e+03 1.845199227333068848e+00
7.960000000000000000e+03 2.979589939117431641e+00
7.962000000000000000e+03 5.209239125251770020e-01
7.964000000000000000e+03 5.802872776985168457e-01
7.966000000000000000e+03 9.317303299903869629e-01
7.968000000000000000e+03 1.226083397865295410e+00
7.970000000000000000e+03 8.077821135520935059e-01
7.972000000000000000e+03 9.257118701934814453e-01
7.974000000000000000e+03 2.223508358001708984e+00
7.976000000000000000e+03 1.985792517662048340e+00
7.978000000000000000e+03 1.385438323020935059e+00
7.980000000000000000e+03 1.531223535537719727e+00
7.982000000000000000e+03 2.145667076110839844e+00
7.984000000000000000e+03 2.323911428451538086e+00
7.986000000000000000e+03 2.835633993148803711e+00
7.988000000000000000e+03 2.201037168502807617e+00
7.990000000000000000e+03 2.287722349166870117e+00
7.992000000000000000e+03 1.226657509803771973e+00
7.994000000000000000e+03 1.942705631256103516e+00
7.996000000000000000e+03 1.894113183021545410e+00
7.998000000000000000e+03 9.420209527015686035e-01
8.000000000000000000e+03 1.262667655944824219e+00
8.002000000000000000e+03 1.949963688850402832e+00
8.004000000000000000e+03 1.323729395866394043e+00
8.006000000000000000e+03 2.269636154174804688e+00
8.008000000000000000e+03 6.925233602523803711e-01
8.010000000000000000e+03 1.537803173065185547e+00
8.012000000000000000e+03 1.906180858612060547e+00
8.014000000000000000e+03 1.234888792037963867e+00
8.016000000000000000e+03 8.628087043762207031e-01
8.018000000000000000e+03 1.370808362960815430e+00
8.020000000000000000e+03 2.088405370712280273e+00
8.022000000000000000e+03 1.887219905853271484e+00
8.024000000000000000e+03 2.072071313858032227e+00
8.026000000000000000e+03 2.692972660064697266e+00
8.028000000000000000e+03 9.998161792755126953e-01
8.030000000000000000e+03 1.392220616340637207e+00
8.032000000000000000e+03 2.399892807006835938e+00
8.034000000000000000e+03 2.082175016403198242e+00
8.036000000000000000e+03 2.036567449569702148e+00
8.038000000000000000e+03 1.028341174125671387e+00
8.040000000000000000e+03 1.148230314254760742e+00
8.042000000000000000e+03 2.453406572341918945e+00
8.044000000000000000e+03 5.594758987426757812e-01
8.046000000000000000e+03 4.051585793495178223e-01
8.048000000000000000e+03 5.973018407821655273e-01
8.050000000000000000e+03 3.186213076114654541e-01
8.052000000000000000e+03 1.631908565759658813e-01
8.054000000000000000e+03 3.757363259792327881e-01
8.056000000000000000e+03 1.465147376060485840e+00
8.058000000000000000e+03 1.329512000083923340e+00
8.060000000000000000e+03 2.089449882507324219e+00
8.062000000000000000e+03 2.277167797088623047e+00
8.064000000000000000e+03 1.485280871391296387e+00
8.066000000000000000e+03 1.276830673217773438e+00
8.068000000000000000e+03 2.012892961502075195e+00
8.070000000000000000e+03 2.905381679534912109e+00
8.072000000000000000e+03 1.837844252586364746e+00
8.074000000000000000e+03 1.036519646644592285e+00
8.076000000000000000e+03 2.531827211380004883e+00
8.078000000000000000e+03 1.090047597885131836e+00
8.080000000000000000e+03 1.085489869117736816e+00
8.082000000000000000e+03 1.880317926406860352e+00
8.084000000000000000e+03 1.949338555335998535e+00
8.086000000000000000e+03 1.425421833992004395e+00
8.088000000000000000e+03 1.610545039176940918e+00
8.090000000000000000e+03 8.668085932731628418e-01
8.092000000000000000e+03 9.374602437019348145e-01
8.094000000000000000e+03 1.324878334999084473e+00
8.096000000000000000e+03 1.818277478218078613e+00
8.098000000000000000e+03 1.570796370506286621e+00
8.100000000000000000e+03 2.663989305496215820e+00
8.102000000000000000e+03 2.365229606628417969e+00
8.104000000000000000e+03 1.978818416595458984e+00
8.106000000000000000e+03 2.224042892456054688e+00
8.108000000000000000e+03 1.471620678901672363e+00
8.110000000000000000e+03 1.269443750381469727e+00
8.112000000000000000e+03 6.942263245582580566e-01
8.114000000000000000e+03 1.179186582565307617e+00
8.116000000000000000e+03 4.374942481517791748e-01
8.118000000000000000e+03 1.749247074127197266e+00
8.120000000000000000e+03 5.681312084197998047e-01
8.122000000000000000e+03 2.008685588836669922e+00
8.124000000000000000e+03 6.074510812759399414e-01
8.126000000000000000e+03 7.751169204711914062e-01
8.128000000000000000e+03 3.098150491714477539e-01
8.130000000000000000e+03 1.288957357406616211e+00
8.132000000000000000e+03 6.898759603500366211e-01
8.134000000000000000e+03 1.972620129585266113e+00
8.136000000000000000e+03 1.683437347412109375e+00
8.138000000000000000e+03 1.484961509704589844e+00
8.140000000000000000e+03 1.643592357635498047e+00
8.142000000000000000e+03 9.485226869583129883e-01
8.144000000000000000e+03 1.458585500717163086e+00
8.146000000000000000e+03 2.469584465026855469e+00
8.148000000000000000e+03 1.577366232872009277e+00
8.150000000000000000e+03 1.444812655448913574e+00
8.152000000000000000e+03 1.337758779525756836e+00
8.154000000000000000e+03 1.570796370506286621e+00
8.156000000000000000e+03 1.424502134323120117e+00
8.158000000000000000e+03 1.330347776412963867e+00
8.160000000000000000e+03 2.492053270339965820e+00
8.162000000000000000e+03 1.696267962455749512e+00
8.164000000000000000e+03 1.797565579414367676e+00
8.166000000000000000e+03 3.030300140380859375e+00
8.168000000000000000e+03 2.725635528564453125e+00
8.170000000000000000e+03 2.685327053070068359e+00
8.172000000000000000e+03 2.864059448242187500e+00
8.174000000000000000e+03 2.559630870819091797e+00
8.176000000000000000e+03 1.577408194541931152e+00
8.178000000000000000e+03 7.989289164543151855e-01
8.180000000000000000e+03 5.788955688476562500e-01
8.182000000000000000e+03 5.356671810150146484e-01
8.184000000000000000e+03 7.469959855079650879e-01
8.186000000000000000e+03 1.163416504859924316e+00
8.188000000000000000e+03 2.152230978012084961e+00
8.190000000000000000e+03 9.611780643463134766e-01
8.192000000000000000e+03 2.284425973892211914e+00
8.194000000000000000e+03 2.975355863571166992e+00
8.196000000000000000e+03 8.434484601020812988e-01
8.198000000000000000e+03 3.752881586551666260e-01
8.200000000000000000e+03 1.777229785919189453e+00
8.202000000000000000e+03 9.572294354438781738e-01
8.204000000000000000e+03 1.059858798980712891e+00
8.206000000000000000e+03 1.885936141014099121e+00
8.208000000000000000e+03 1.777018785476684570e+00
8.210000000000000000e+03 2.301758766174316406e+00
8.212000000000000000e+03 2.138351202011108398e+00
8.214000000000000000e+03 2.414165973663330078e+00
8.216000000000000000e+03 1.537883877754211426e+00
8.218000000000000000e+03 1.610273361206054688e+00
8.220000000000000000e+03 1.757688283920288086e+00
8.222000000000000000e+03 2.580129861831665039e+00
8.224000000000000000e+03 2.273418188095092773e+00
8.226000000000000000e+03 1.498048424720764160e+00
8.228000000000000000e+03 1.112886428833007812e+00
8.230000000000000000e+03 1.458490014076232910e+00
8.232000000000000000e+03 1.900092720985412598e+00
8.234000000000000000e+03 9.520182013511657715e-01
8.236000000000000000e+03 9.009430408477783203e-01
8.238000000000000000e+03 6.876567602157592773e-01
8.240000000000000000e+03 1.113015174865722656e+00
8.242000000000000000e+03 1.597330212593078613e+00
8.244000000000000000e+03 6.345805525779724121e-01
8.246000000000000000e+03 2.175585985183715820e+00
8.248000000000000000e+03 1.677024960517883301e+00
8.250000000000000000e+03 1.198538184165954590e+00
8.252000000000000000e+03 2.143218040466308594e+00
8.254000000000000000e+03 2.222460269927978516e+00
8.256000000000000000e+03 1.337759733200073242e+00
8.258000000000000000e+03 2.412722587585449219e+00
8.260000000000000000e+03 1.755999803543090820e+00
8.262000000000000000e+03 1.817150831222534180e+00
8.264000000000000000e+03 2.411991357803344727e+00
8.266000000000000000e+03 1.690293550491333008e+00
8.268000000000000000e+03 6.081819534301757812e-01
8.270000000000000000e+03 6.814634799957275391e-01
8.272000000000000000e+03 1.477906942367553711e+00
8.274000000000000000e+03 1.036531448364257812e+00
8.276000000000000000e+03 9.108970165252685547e-01
8.278000000000000000e+03 3.693870306015014648e-01
8.280000000000000000e+03 1.061139583587646484e+00
8.282000000000000000e+03 5.003497004508972168e-01
8.284000000000000000e+03 2.208381652832031250e+00
8.286000000000000000e+03 2.436134576797485352e+00
8.288000000000000000e+03 1.817858576774597168e+00
8.290000000000000000e+03 1.162802696228027344e+00
8.292000000000000000e+03 7.901346683502197266e-01
8.294000000000000000e+03 1.161596775054931641e+00
8.296000000000000000e+03 1.922047376632690430e+00
8.298000000000000000e+03 1.397977948188781738e+00
8.300000000000000000e+03 2.030442237854003906e+00
8.302000000000000000e+03 1.770625114440917969e+00
8.304000000000000000e+03 1.464774131774902344e+00
8.306000000000000000e+03 2.096178531646728516e+00
8.308000000000000000e+03 1.816959738731384277e+00
8.310000000000000000e+03 1.134444236755371094e+00
8.312000000000000000e+03 1.590520858764648438e+00
8.314000000000000000e+03 1.537760257720947266e+00
8.316000000000000000e+03 1.597174525260925293e+00
8.318000000000000000e+03 1.254973173141479492e+00
8.320000000000000000e+03 9.444368481636047363e-01
8.322000000000000000e+03 7.015872001647949219e-01
8.324000000000000000e+03 1.949512362480163574e+00
8.326000000000000000e+03 2.415148973464965820e+00
8.328000000000000000e+03 2.731583595275878906e+00
8.330000000000000000e+03 2.336413621902465820e+00
8.332000000000000000e+03 2.320758581161499023e+00
8.334000000000000000e+03 2.333583354949951172e+00
8.336000000000000000e+03 1.357862234115600586e+00
8.338000000000000000e+03 9.610121250152587891e-01
8.340000000000000000e+03 2.029727697372436523e+00
8.342000000000000000e+03 9.927411675453186035e-01
8.344000000000000000e+03 1.676492094993591309e+00
8.346000000000000000e+03 1.577429294586181641e+00
8.348000000000000000e+03 8.347854614257812500e-01
8.350000000000000000e+03 6.997320055961608887e-01
8.352000000000000000e+03 4.032673537731170654e-01
8.354000000000000000e+03 5.657083392143249512e-01
8.356000000000000000e+03 6.651560664176940918e-01
8.358000000000000000e+03 9.968348145484924316e-01
8.360000000000000000e+03 8.373111486434936523e-01
8.362000000000000000e+03 2.376322299242019653e-01
8.364000000000000000e+03 1.004741907119750977e+00
8.366000000000000000e+03 7.413923144340515137e-01
8.368000000000000000e+03 1.597213029861450195e+00
8.370000000000000000e+03 7.536725401878356934e-01
8.372000000000000000e+03 5.111050009727478027e-01
8.374000000000000000e+03 3.178800642490386963e-01
8.376000000000000000e+03 6.732494831085205078e-01
8.378000000000000000e+03 1.491740584373474121e+00
8.380000000000000000e+03 1.831802606582641602e+00
8.382000000000000000e+03 2.419349431991577148e+00
8.384000000000000000e+03 1.907159924507141113e+00
8.386000000000000000e+03 1.060079813003540039e+00
8.388000000000000000e+03 1.276613116264343262e+00
8.390000000000000000e+03 1.564167737960815430e+00
8.392000000000000000e+03 2.254913330078125000e+00
8.394000000000000000e+03 1.985112309455871582e+00
8.396000000000000000e+03 1.511179208755493164e+00
8.398000000000000000e+03 1.337171554565429688e+00
8.400000000000000000e+03 1.234318614006042480e+00
8.402000000000000000e+03 8.826846480369567871e-01
8.404000000000000000e+03 1.290187239646911621e+00
8.406000000000000000e+03 7.578519582748413086e-01
8.408000000000000000e+03 1.082131147384643555e+00
8.410000000000000000e+03 1.851404309272766113e+00
8.412000000000000000e+03 7.452203035354614258e-01
8.414000000000000000e+03 2.127473592758178711e+00
8.416000000000000000e+03 2.365229129791259766e+00
8.418000000000000000e+03 7.484077811241149902e-01
8.420000000000000000e+03 6.591141819953918457e-01
8.422000000000000000e+03 1.270111083984375000e+00
8.424000000000000000e+03 1.603758215904235840e+00
8.426000000000000000e+03 1.127619624137878418e+00
8.428000000000000000e+03 1.310641050338745117e+00
8.430000000000000000e+03 2.000036478042602539e+00
8.432000000000000000e+03 1.029722690582275391e+00
8.434000000000000000e+03 6.477073431015014648e-01
8.436000000000000000e+03 2.269856691360473633e+00
8.438000000000000000e+03 1.603879690170288086e+00
8.440000000000000000e+03 1.399100780487060547e+00
8.442000000000000000e+03 1.744140267372131348e+00
8.444000000000000000e+03 5.572617053985595703e-01
8.446000000000000000e+03 1.011784315109252930e+00
8.448000000000000000e+03 8.483496308326721191e-01
8.450000000000000000e+03 1.275381445884704590e+00
8.452000000000000000e+03 2.089563608169555664e+00
8.454000000000000000e+03 1.106651306152343750e+00
8.456000000000000000e+03 9.560933709144592285e-01
8.458000000000000000e+03 1.537874817848205566e+00
8.460000000000000000e+03 2.948586463928222656e+00
8.462000000000000000e+03 2.345800638198852539e+00
8.464000000000000000e+03 2.027987957000732422e+00
8.466000000000000000e+03 2.007659673690795898e+00
8.468000000000000000e+03 9.045501947402954102e-01
8.470000000000000000e+03 2.414977550506591797e+00
8.472000000000000000e+03 1.657054066658020020e+00
8.474000000000000000e+03 1.577425479888916016e+00
8.476000000000000000e+03 1.716989159584045410e+00
8.478000000000000000e+03 9.362897872924804688e-01
8.480000000000000000e+03 5.272712707519531250e-01
8.482000000000000000e+03 1.670212149620056152e+00
8.484000000000000000e+03 4.916222393512725830e-01
8.486000000000000000e+03 1.282887101173400879e+00
8.488000000000000000e+03 1.387575864791870117e-01
8.490000000000000000e+03 5.331764817237854004e-01
8.492000000000000000e+03 1.564193964004516602e+00
8.494000000000000000e+03 4.562871456146240234e-01
8.496000000000000000e+03 5.900886654853820801e-01
8.498000000000000000e+03 7.958548665046691895e-01
8.500000000000000000e+03 1.524577617645263672e+00
8.502000000000000000e+03 6.545388698577880859e-01
8.504000000000000000e+03 6.766138672828674316e-01
8.506000000000000000e+03 6.958301067352294922e-01
8.508000000000000000e+03 4.514983892440795898e-01
8.510000000000000000e+03 1.341788768768310547e-01
8.512000000000000000e+03 1.537666559219360352e+00
8.514000000000000000e+03 1.083600401878356934e+00
8.516000000000000000e+03 5.020165443420410156e-01
8.518000000000000000e+03 4.101594984531402588e-01
8.520000000000000000e+03 4.100092649459838867e-01
8.522000000000000000e+03 2.792901515960693359e+00
8.524000000000000000e+03 5.051273107528686523e-01
8.526000000000000000e+03 1.183664560317993164e+00
8.528000000000000000e+03 2.091658592224121094e+00
8.530000000000000000e+03 2.922892808914184570e+00
8.532000000000000000e+03 2.006997346878051758e+00
8.534000000000000000e+03 2.501566886901855469e+00
8.536000000000000000e+03 7.573679089546203613e-01
8.538000000000000000e+03 9.330966472625732422e-01
8.540000000000000000e+03 1.564221978187561035e+00
8.542000000000000000e+03 2.755080938339233398e+00
8.544000000000000000e+03 3.218151330947875977e-01
8.546000000000000000e+03 3.633935451507568359e-01
8.548000000000000000e+03 7.429978251457214355e-01
8.550000000000000000e+03 8.528145551681518555e-01
8.552000000000000000e+03 2.042849540710449219e+00
8.554000000000000000e+03 4.814383685588836670e-01
8.556000000000000000e+03 4.862563610076904297e-01
8.558000000000000000e+03 7.642266750335693359e-01
8.560000000000000000e+03 1.716842770576477051e+00
8.562000000000000000e+03 1.597248911857604980e+00
8.564000000000000000e+03 1.537707924842834473e+00
8.566000000000000000e+03 7.781130075454711914e-01
8.568000000000000000e+03 2.215879917144775391e+00
8.570000000000000000e+03 2.329715251922607422e+00
8.572000000000000000e+03 1.465201258659362793e+00
8.574000000000000000e+03 1.317354321479797363e+00
8.576000000000000000e+03 1.384320378303527832e+00
8.578000000000000000e+03 9.167793393135070801e-01
8.580000000000000000e+03 2.406977891921997070e+00
8.582000000000000000e+03 1.317835688591003418e+00
8.584000000000000000e+03 1.858311891555786133e+00
8.586000000000000000e+03 2.907098531723022461e-01
8.588000000000000000e+03 5.325172543525695801e-01
8.590000000000000000e+03 1.391582012176513672e+00
8.592000000000000000e+03 1.756434321403503418e+00
8.594000000000000000e+03 1.511115074157714844e+00
8.596000000000000000e+03 2.332157611846923828e+00
8.598000000000000000e+03 1.776614069938659668e+00
8.600000000000000000e+03 2.425089359283447266e+00
8.602000000000000000e+03 2.234404563903808594e+00
8.604000000000000000e+03 1.729487419128417969e+00
8.606000000000000000e+03 2.895377397537231445e+00
8.608000000000000000e+03 2.209944009780883789e+00
8.610000000000000000e+03 8.876662850379943848e-01
8.612000000000000000e+03 1.276179194450378418e+00
8.614000000000000000e+03 2.547261953353881836e+00
8.616000000000000000e+03 2.645331621170043945e+00
8.618000000000000000e+03 1.584022283554077148e+00
8.620000000000000000e+03 1.290188908576965332e+00
8.622000000000000000e+03 8.417253494262695312e-01
8.624000000000000000e+03 5.377241373062133789e-01
8.626000000000000000e+03 1.623809337615966797e+00
8.628000000000000000e+03 2.072726249694824219e+00
8.630000000000000000e+03 1.730572700500488281e+00
8.632000000000000000e+03 2.054333448410034180e+00
8.634000000000000000e+03 1.985255718231201172e+00
8.636000000000000000e+03 2.157336235046386719e+00
8.638000000000000000e+03 1.564195036888122559e+00
8.640000000000000000e+03 2.344715595245361328e+00
8.642000000000000000e+03 1.906521201133728027e+00
8.644000000000000000e+03 2.381104469299316406e+00
8.646000000000000000e+03 2.014221668243408203e+00
8.648000000000000000e+03 1.219162940979003906e+00
8.650000000000000000e+03 1.141257286071777344e+00
8.652000000000000000e+03 2.265461921691894531e+00
8.654000000000000000e+03 1.907678604125976562e+00
8.656000000000000000e+03 2.230695486068725586e+00
8.658000000000000000e+03 2.886968612670898438e+00
8.660000000000000000e+03 2.557674169540405273e+00
8.662000000000000000e+03 1.590459227561950684e+00
8.664000000000000000e+03 2.541822195053100586e+00
8.666000000000000000e+03 1.418650984764099121e+00
8.668000000000000000e+03 2.548918247222900391e+00
8.670000000000000000e+03 2.400649785995483398e+00
8.672000000000000000e+03 1.915122866630554199e+00
8.674000000000000000e+03 1.763197422027587891e+00
8.676000000000000000e+03 4.348159432411193848e-01
8.678000000000000000e+03 9.645653963088989258e-01
8.680000000000000000e+03 1.769512891769409180e+00
8.682000000000000000e+03 1.046646714210510254e+00
8.684000000000000000e+03 5.966300964355468750e-01
8.686000000000000000e+03 7.515569925308227539e-01
8.688000000000000000e+03 1.687401831150054932e-01
8.690000000000000000e+03 6.841819286346435547e-01
8.692000000000000000e+03 8.070980906486511230e-01
8.694000000000000000e+03 1.021788001060485840e+00
8.696000000000000000e+03 2.321739435195922852e+00
8.698000000000000000e+03 2.550306797027587891e+00
8.700000000000000000e+03 2.605410337448120117e+00
8.702000000000000000e+03 2.807418107986450195e+00
8.704000000000000000e+03 2.305471181869506836e+00
8.706000000000000000e+03 7.566742300987243652e-01
8.708000000000000000e+03 1.610424399375915527e+00
8.710000000000000000e+03 1.026310205459594727e+00
8.712000000000000000e+03 2.489006668329238892e-01
8.714000000000000000e+03 7.396832108497619629e-01
8.716000000000000000e+03 1.297711849212646484e+00
8.718000000000000000e+03 2.318807840347290039e+00
8.720000000000000000e+03 2.519202947616577148e+00
8.722000000000000000e+03 1.081886768341064453e+00
8.724000000000000000e+03 2.144447088241577148e+00
8.726000000000000000e+03 1.676280617713928223e+00
8.728000000000000000e+03 1.398085594177246094e+00
8.730000000000000000e+03 1.491784214973449707e+00
8.732000000000000000e+03 1.551005363464355469e+00
8.734000000000000000e+03 1.090196609497070312e+00
8.736000000000000000e+03 6.409666538238525391e-01
8.738000000000000000e+03 1.324633598327636719e+00
8.740000000000000000e+03 1.159063130617141724e-01
8.742000000000000000e+03 2.126011133193969727e+00
8.744000000000000000e+03 1.014986991882324219e+00
8.746000000000000000e+03 5.071864128112792969e-01
8.748000000000000000e+03 1.023753046989440918e+00
8.750000000000000000e+03 1.669963717460632324e+00
8.752000000000000000e+03 5.269345641136169434e-01
8.754000000000000000e+03 2.712794542312622070e-01
8.756000000000000000e+03 1.184778690338134766e+00
8.758000000000000000e+03 5.299342274665832520e-01
8.760000000000000000e+03 8.769288063049316406e-01
8.762000000000000000e+03 9.514443278312683105e-01
8.764000000000000000e+03 1.249190568923950195e+00
8.766000000000000000e+03 1.590575695037841797e+00
8.768000000000000000e+03 1.451997041702270508e+00
8.770000000000000000e+03 1.504626750946044922e+00
8.772000000000000000e+03 1.431197762489318848e+00
8.774000000000000000e+03 2.953996896743774414e+00
8.776000000000000000e+03 2.540580987930297852e+00
8.778000000000000000e+03 2.285811901092529297e+00
8.780000000000000000e+03 2.191744089126586914e+00
8.782000000000000000e+03 2.490489721298217773e+00
8.784000000000000000e+03 6.489683389663696289e-01
8.786000000000000000e+03 1.255363702774047852e+00
8.788000000000000000e+03 1.053082108497619629e+00
8.790000000000000000e+03 6.116828918457031250e-01
8.792000000000000000e+03 1.550977826118469238e+00
8.794000000000000000e+03 1.060457825660705566e+00
8.796000000000000000e+03 4.327349066734313965e-01
8.798000000000000000e+03 2.387350797653198242e-02
8.800000000000000000e+03 7.230719327926635742e-01
8.802000000000000000e+03 2.955724000930786133e+00
8.804000000000000000e+03 2.137032032012939453e+00
8.806000000000000000e+03 1.557547450065612793e+00
8.808000000000000000e+03 2.275360345840454102e+00
8.810000000000000000e+03 2.120191812515258789e+00
8.812000000000000000e+03 1.763776421546936035e+00
8.814000000000000000e+03 2.606701135635375977e+00
8.816000000000000000e+03 1.957009911537170410e+00
8.818000000000000000e+03 1.497886538505554199e+00
8.820000000000000000e+03 8.848139047622680664e-01
8.822000000000000000e+03 1.557552933692932129e+00
8.824000000000000000e+03 2.760866165161132812e+00
8.826000000000000000e+03 8.360676169395446777e-01
8.828000000000000000e+03 1.404621243476867676e+00
8.830000000000000000e+03 9.180672764778137207e-01
8.832000000000000000e+03 1.156159877777099609e+00
8.834000000000000000e+03 1.491201519966125488e+00
8.836000000000000000e+03 1.744088768959045410e+00
8.838000000000000000e+03 7.481268644332885742e-01
8.840000000000000000e+03 1.756446599960327148e+00
8.842000000000000000e+03 1.950163722038269043e+00
8.844000000000000000e+03 1.551028251647949219e+00
8.846000000000000000e+03 1.242492318153381348e+00
8.848000000000000000e+03 1.343626260757446289e+00
8.850000000000000000e+03 1.557605862617492676e+00
8.852000000000000000e+03 2.697310686111450195e+00
8.854000000000000000e+03 1.351419329643249512e+00
8.856000000000000000e+03 2.719147443771362305e+00
8.858000000000000000e+03 2.539693593978881836e+00
8.860000000000000000e+03 2.600268602371215820e+00
8.862000000000000000e+03 2.306894302368164062e+00
8.864000000000000000e+03 2.839059591293334961e+00
8.866000000000000000e+03 1.857620239257812500e+00
8.868000000000000000e+03 2.118899106979370117e+00
8.870000000000000000e+03 2.319720029830932617e+00
8.872000000000000000e+03 1.851976275444030762e+00
8.874000000000000000e+03 1.783764362335205078e+00
8.876000000000000000e+03 1.418853163719177246e+00
8.878000000000000000e+03 1.114008426666259766e+00
8.880000000000000000e+03 1.962658166885375977e+00
8.882000000000000000e+03 1.338515758514404297e+00
8.884000000000000000e+03 6.517035961151123047e-01
8.886000000000000000e+03 1.893521666526794434e+00
8.888000000000000000e+03 1.791618704795837402e+00
8.890000000000000000e+03 1.364622473716735840e+00
8.892000000000000000e+03 2.531248331069946289e+00
8.894000000000000000e+03 1.872684478759765625e+00
8.896000000000000000e+03 1.156336665153503418e+00
8.898000000000000000e+03 2.128834724426269531e+00
8.900000000000000000e+03 1.756499767303466797e+00
8.902000000000000000e+03 2.497847318649291992e+00
8.904000000000000000e+03 1.830796837806701660e+00
8.906000000000000000e+03 1.358393788337707520e+00
8.908000000000000000e+03 2.456980228424072266e+00
8.910000000000000000e+03 2.244765996932983398e+00
8.912000000000000000e+03 1.382943868637084961e+00
8.914000000000000000e+03 8.447638750076293945e-01
8.916000000000000000e+03 2.461066722869873047e+00
8.918000000000000000e+03 1.391927361488342285e+00
8.920000000000000000e+03 1.275602698326110840e+00
8.922000000000000000e+03 7.933900356292724609e-01
8.924000000000000000e+03 7.338987588882446289e-01
8.926000000000000000e+03 2.067866772413253784e-01
8.928000000000000000e+03 1.776937484741210938e+00
8.930000000000000000e+03 1.859920024871826172e+00
8.932000000000000000e+03 1.465305924415588379e+00
8.934000000000000000e+03 7.816845178604125977e-01
8.936000000000000000e+03 1.128453969955444336e+00
8.938000000000000000e+03 5.200056433677673340e-01
8.940000000000000000e+03 1.524690747261047363e+00
8.942000000000000000e+03 1.105201363563537598e+00
8.944000000000000000e+03 1.630376815795898438e+00
8.946000000000000000e+03 2.471111059188842773e+00
8.948000000000000000e+03 8.914305567741394043e-01
8.950000000000000000e+03 2.949044108390808105e-01
8.952000000000000000e+03 1.477760553359985352e+00
8.954000000000000000e+03 1.352207899093627930e+00
8.956000000000000000e+03 1.090866804122924805e+00
8.958000000000000000e+03 1.297208666801452637e+00
8.960000000000000000e+03 1.192807197570800781e+00
8.962000000000000000e+03 1.220156192779541016e+00
8.964000000000000000e+03 2.238929986953735352e+00
8.966000000000000000e+03 1.810535788536071777e+00
8.968000000000000000e+03 1.471088409423828125e+00
8.970000000000000000e+03 1.511179208755493164e+00
8.972000000000000000e+03 2.027379989624023438e+00
8.974000000000000000e+03 2.357749462127685547e+00
8.976000000000000000e+03 2.438214302062988281e+00
8.978000000000000000e+03 2.279946088790893555e+00
8.980000000000000000e+03 2.213804960250854492e+00
8.982000000000000000e+03 2.031040906906127930e+00
8.984000000000000000e+03 7.958549857139587402e-01
8.986000000000000000e+03 1.295535564422607422e+00
8.988000000000000000e+03 2.684441804885864258e-01
8.990000000000000000e+03 2.293939113616943359e+00
8.992000000000000000e+03 2.769172906875610352e+00
8.994000000000000000e+03 7.261470556259155273e-01
8.996000000000000000e+03 2.481453418731689453e+00
8.998000000000000000e+03 2.639577388763427734e+00
9.000000000000000000e+03 2.190551042556762695e+00
9.002000000000000000e+03 1.198297262191772461e+00
9.004000000000000000e+03 8.118759393692016602e-01
9.006000000000000000e+03 9.776829481124877930e-01
9.008000000000000000e+03 7.301719486713409424e-02
9.010000000000000000e+03 1.191140532493591309e+00
9.012000000000000000e+03 8.755320906639099121e-01
9.014000000000000000e+03 2.057302474975585938e+00
9.016000000000000000e+03 1.610454916954040527e+00
9.018000000000000000e+03 1.330844044685363770e+00
9.020000000000000000e+03 2.859274864196777344e+00
9.022000000000000000e+03 2.686908245086669922e+00
9.024000000000000000e+03 2.997713804244995117e+00
9.026000000000000000e+03 2.707530975341796875e+00
9.028000000000000000e+03 2.342516899108886719e+00
9.030000000000000000e+03 3.743343949317932129e-01
9.032000000000000000e+03 6.109049916267395020e-01
9.034000000000000000e+03 1.330818414688110352e+00
9.036000000000000000e+03 2.737962245941162109e+00
9.038000000000000000e+03 2.514627695083618164e+00
9.040000000000000000e+03 2.886871814727783203e+00
9.042000000000000000e+03 2.122423171997070312e+00
9.044000000000000000e+03 2.962812185287475586e+00
9.046000000000000000e+03 2.448730230331420898e+00
9.048000000000000000e+03 2.449068069458007812e+00
9.050000000000000000e+03 1.858860135078430176e+00
9.052000000000000000e+03 1.477693915367126465e+00
9.054000000000000000e+03 1.184866666793823242e+00
9.056000000000000000e+03 2.161005973815917969e+00
9.058000000000000000e+03 1.816807508468627930e+00
9.060000000000000000e+03 1.577390670776367188e+00
9.062000000000000000e+03 5.896986126899719238e-01
9.064000000000000000e+03 3.754217326641082764e-01
9.066000000000000000e+03 2.211572885513305664e+00
9.068000000000000000e+03 2.060218095779418945e+00
9.070000000000000000e+03 2.112723350524902344e+00
9.072000000000000000e+03 1.845413684844970703e+00
9.074000000000000000e+03 1.791068434715270996e+00
9.076000000000000000e+03 2.491911649703979492e+00
9.078000000000000000e+03 1.843903899192810059e+00
9.080000000000000000e+03 1.471803069114685059e+00
9.082000000000000000e+03 2.128847599029541016e+00
9.084000000000000000e+03 1.985399127006530762e+00
9.086000000000000000e+03 1.289168238639831543e+00
9.088000000000000000e+03 1.597220063209533691e+00
9.090000000000000000e+03 1.269173502922058105e+00
9.092000000000000000e+03 1.690159082412719727e+00
9.094000000000000000e+03 1.590640187263488770e+00
9.096000000000000000e+03 1.537620782852172852e+00
9.098000000000000000e+03 1.424674510955810547e+00
9.100000000000000000e+03 1.617071628570556641e+00
9.102000000000000000e+03 1.458225011825561523e+00
9.104000000000000000e+03 2.617024421691894531e+00
9.106000000000000000e+03 1.269173979759216309e+00
9.108000000000000000e+03 1.297325611114501953e+00
9.110000000000000000e+03 1.043726921081542969e+00
9.112000000000000000e+03 2.441439330577850342e-01
9.114000000000000000e+03 1.504869580268859863e+00
9.116000000000000000e+03 7.191281318664550781e-01
9.118000000000000000e+03 1.777726292610168457e+00
9.120000000000000000e+03 2.513068199157714844e+00
9.122000000000000000e+03 2.337315797805786133e+00
9.124000000000000000e+03 2.311212778091430664e+00
9.126000000000000000e+03 1.344363927841186523e+00
9.128000000000000000e+03 1.357995271682739258e+00
9.130000000000000000e+03 2.406528234481811523e+00
9.132000000000000000e+03 1.743245482444763184e+00
9.134000000000000000e+03 2.757798194885253906e+00
9.136000000000000000e+03 1.323652386665344238e+00
9.138000000000000000e+03 1.763452053070068359e+00
9.140000000000000000e+03 9.585756063461303711e-01
9.142000000000000000e+03 1.150165438652038574e+00
9.144000000000000000e+03 1.141896367073059082e+00
9.146000000000000000e+03 1.039723634719848633e+00
9.148000000000000000e+03 1.650278806686401367e+00
9.150000000000000000e+03 1.859443306922912598e+00
9.152000000000000000e+03 1.872100949287414551e+00
9.154000000000000000e+03 2.074306011199951172e+00
9.156000000000000000e+03 2.615856885910034180e+00
9.158000000000000000e+03 9.144589900970458984e-01
9.160000000000000000e+03 1.491499781608581543e+00
9.162000000000000000e+03 1.163312792778015137e+00
9.164000000000000000e+03 1.636833667755126953e+00
9.166000000000000000e+03 1.290713429450988770e+00
9.168000000000000000e+03 2.239495754241943359e+00
9.170000000000000000e+03 1.881226420402526855e+00
9.172000000000000000e+03 1.484657406806945801e+00
9.174000000000000000e+03 2.328227281570434570e+00
9.176000000000000000e+03 2.407135248184204102e+00
9.178000000000000000e+03 1.690648198127746582e+00
9.180000000000000000e+03 1.411967039108276367e+00
9.182000000000000000e+03 1.935305714607238770e+00
9.184000000000000000e+03 1.837921023368835449e+00
9.186000000000000000e+03 1.637058019638061523e+00
9.188000000000000000e+03 1.776121973991394043e+00
9.190000000000000000e+03 6.691389083862304688e-01
9.192000000000000000e+03 5.084863305091857910e-01
9.194000000000000000e+03 4.127992987632751465e-01
9.196000000000000000e+03 1.085078477859497070e+00
9.198000000000000000e+03 7.723787426948547363e-01
9.200000000000000000e+03 1.537540793418884277e+00
9.202000000000000000e+03 1.796603322029113770e+00
9.204000000000000000e+03 1.309961318969726562e+00
9.206000000000000000e+03 2.228633165359497070e-01
9.208000000000000000e+03 6.692485809326171875e-01
9.210000000000000000e+03 4.014654159545898438e-01
9.212000000000000000e+03 8.854031562805175781e-01
9.214000000000000000e+03 9.421328306198120117e-01
9.216000000000000000e+03 1.750285387039184570e+00
9.218000000000000000e+03 3.940711915493011475e-01
9.220000000000000000e+03 4.253467917442321777e-01
9.222000000000000000e+03 5.299348831176757812e-01
9.224000000000000000e+03 1.296314597129821777e+00
9.226000000000000000e+03 2.109916448593139648e+00
9.228000000000000000e+03 2.183707952499389648e+00
9.230000000000000000e+03 2.469419956207275391e+00
9.232000000000000000e+03 1.178261280059814453e+00
9.234000000000000000e+03 1.084531068801879883e+00
9.236000000000000000e+03 5.886565446853637695e-01
9.238000000000000000e+03 1.636877536773681641e+00
9.240000000000000000e+03 2.008314609527587891e+00
9.242000000000000000e+03 2.584966182708740234e+00
9.244000000000000000e+03 1.913818836212158203e+00
9.246000000000000000e+03 1.356817841529846191e+00
9.248000000000000000e+03 2.065704107284545898e+00
9.250000000000000000e+03 1.112553477287292480e+00
9.252000000000000000e+03 2.278134107589721680e+00
9.254000000000000000e+03 2.596381664276123047e+00
9.256000000000000000e+03 1.504811644554138184e+00
9.258000000000000000e+03 2.105528116226196289e+00
9.260000000000000000e+03 1.511210560798645020e+00
9.262000000000000000e+03 1.962103962898254395e+00
9.264000000000000000e+03 2.967712163925170898e+00
9.266000000000000000e+03 3.014052629470825195e+00
9.268000000000000000e+03 2.599834918975830078e+00
9.270000000000000000e+03 1.975540757179260254e+00
9.272000000000000000e+03 1.240437269210815430e+00
9.274000000000000000e+03 2.352208375930786133e+00
9.276000000000000000e+03 1.577401041984558105e+00
9.278000000000000000e+03 1.511450648307800293e+00
9.280000000000000000e+03 1.831189870834350586e+00
9.282000000000000000e+03 2.036130428314208984e+00
9.284000000000000000e+03 3.182103037834167480e-01
9.286000000000000000e+03 8.995386958122253418e-01
9.288000000000000000e+03 1.643414497375488281e+00
9.290000000000000000e+03 2.114150762557983398e+00
9.292000000000000000e+03 2.236831426620483398e+00
9.294000000000000000e+03 5.145517587661743164e-01
9.296000000000000000e+03 2.373438596725463867e+00
9.298000000000000000e+03 2.647682428359985352e+00
9.300000000000000000e+03 1.716506004333496094e+00
9.302000000000000000e+03 9.183807969093322754e-01
9.304000000000000000e+03 2.694599390029907227e+00
9.306000000000000000e+03 2.094682931900024414e+00
9.308000000000000000e+03 2.371017217636108398e+00
9.310000000000000000e+03 1.431777000427246094e+00
9.312000000000000000e+03 8.934530019760131836e-01
9.314000000000000000e+03 1.055734395980834961e+00
9.316000000000000000e+03 2.001207590103149414e+00
9.318000000000000000e+03 1.280938863754272461e+00
9.320000000000000000e+03 1.083749651908874512e+00
9.322000000000000000e+03 1.172182083129882812e+00
9.324000000000000000e+03 2.754276037216186523e+00
9.326000000000000000e+03 2.682742118835449219e+00
9.328000000000000000e+03 1.417808771133422852e+00
9.330000000000000000e+03 4.876102805137634277e-01
9.332000000000000000e+03 1.199634432792663574e+00
9.334000000000000000e+03 1.776895880699157715e+00
9.336000000000000000e+03 2.320269823074340820e+00
9.338000000000000000e+03 1.993008375167846680e+00
9.340000000000000000e+03 1.357464551925659180e+00
9.342000000000000000e+03 1.391892790794372559e+00
9.344000000000000000e+03 2.021204471588134766e+00
9.346000000000000000e+03 2.348375082015991211e+00
9.348000000000000000e+03 1.763686895370483398e+00
9.350000000000000000e+03 1.228284835815429688e+00
9.352000000000000000e+03 2.214294672012329102e+00
9.354000000000000000e+03 1.570796370506286621e+00
9.356000000000000000e+03 1.511090040206909180e+00
9.358000000000000000e+03 7.187039256095886230e-01
9.360000000000000000e+03 6.964316368103027344e-01
9.362000000000000000e+03 9.912958741188049316e-01
9.364000000000000000e+03 7.378889322280883789e-01
9.366000000000000000e+03 9.878417104482650757e-02
9.368000000000000000e+03 3.431286513805389404e-01
9.370000000000000000e+03 8.306006789207458496e-01
9.372000000000000000e+03 1.683437466621398926e+00
9.374000000000000000e+03 9.037404060363769531e-01
9.376000000000000000e+03 1.584030389785766602e+00
9.378000000000000000e+03 5.374302268028259277e-01
9.380000000000000000e+03 1.199253439903259277e+00
9.382000000000000000e+03 8.342466950416564941e-01
9.384000000000000000e+03 6.281149983406066895e-01
9.386000000000000000e+03 1.350274085998535156e+00
9.388000000000000000e+03 1.817178606986999512e+00
9.390000000000000000e+03 1.067093849182128906e+00
9.392000000000000000e+03 1.810775518417358398e+00
9.394000000000000000e+03 2.065703392028808594e+00
9.396000000000000000e+03 1.872521400451660156e+00
9.398000000000000000e+03 2.266770601272583008e+00
9.400000000000000000e+03 2.103477239608764648e+00
9.402000000000000000e+03 2.247772455215454102e+00
9.404000000000000000e+03 2.349325656890869141e+00
9.406000000000000000e+03 1.484392762184143066e+00
9.408000000000000000e+03 2.102644681930541992e+00
9.410000000000000000e+03 1.118322372436523438e+00
9.412000000000000000e+03 7.646159529685974121e-01
9.414000000000000000e+03 1.438162803649902344e+00
9.416000000000000000e+03 1.491290569305419922e+00
9.418000000000000000e+03 1.089639544486999512e+00
9.420000000000000000e+03 1.511326432228088379e+00
9.422000000000000000e+03 1.075888037681579590e+00
9.424000000000000000e+03 1.597131729125976562e+00
9.426000000000000000e+03 1.177574634552001953e+00
9.428000000000000000e+03 7.026609182357788086e-01
9.430000000000000000e+03 8.402253985404968262e-01
9.432000000000000000e+03 8.298801183700561523e-01
9.434000000000000000e+03 1.557640433311462402e+00
9.436000000000000000e+03 2.004549741744995117e+00
9.438000000000000000e+03 2.156056642532348633e+00
9.440000000000000000e+03 2.365872383117675781e+00
9.442000000000000000e+03 2.377961158752441406e+00
9.444000000000000000e+03 1.088770031929016113e+00
9.446000000000000000e+03 1.398494720458984375e+00
9.448000000000000000e+03 7.396823763847351074e-01
9.450000000000000000e+03 2.604932785034179688e+00
9.452000000000000000e+03 2.061849594116210938e+00
9.454000000000000000e+03 6.824288368225097656e-01
9.456000000000000000e+03 1.198741793632507324e+00
9.458000000000000000e+03 7.784435153007507324e-01
9.460000000000000000e+03 1.227319121360778809e+00
9.462000000000000000e+03 1.770095348358154297e+00
9.464000000000000000e+03 2.757156610488891602e+00
9.466000000000000000e+03 2.713138341903686523e+00
9.468000000000000000e+03 1.537911772727966309e+00
9.470000000000000000e+03 1.730400562286376953e+00
9.472000000000000000e+03 2.740811109542846680e-01
9.474000000000000000e+03 5.710111260414123535e-01
9.476000000000000000e+03 2.645665109157562256e-01
9.478000000000000000e+03 1.937116742134094238e+00
9.480000000000000000e+03 1.096453905105590820e+00
9.482000000000000000e+03 1.259936094284057617e+00
9.484000000000000000e+03 2.248888015747070312e+00
9.486000000000000000e+03 1.324516892433166504e+00
9.488000000000000000e+03 7.359372377395629883e-01
9.490000000000000000e+03 3.800207078456878662e-01
9.492000000000000000e+03 6.939355731010437012e-01
9.494000000000000000e+03 3.665481507778167725e-01
9.496000000000000000e+03 2.282692193984985352e+00
9.498000000000000000e+03 2.777339220046997070e+00
9.500000000000000000e+03 2.811985015869140625e+00
9.502000000000000000e+03 2.300101041793823242e+00
9.504000000000000000e+03 1.036685347557067871e+00
9.506000000000000000e+03 1.837825059890747070e+00
9.508000000000000000e+03 1.851065278053283691e+00
9.510000000000000000e+03 2.338200569152832031e+00
9.512000000000000000e+03 2.151140928268432617e+00
9.514000000000000000e+03 1.398097395896911621e+00
9.516000000000000000e+03 2.318747758865356445e+00
9.518000000000000000e+03 1.669788479804992676e+00
9.520000000000000000e+03 1.743642687797546387e+00
9.522000000000000000e+03 1.364983320236206055e+00
9.524000000000000000e+03 1.065143346786499023e+00
9.526000000000000000e+03 2.464545726776123047e+00
9.528000000000000000e+03 1.411124229431152344e+00
9.530000000000000000e+03 3.662620782852172852e-01
9.532000000000000000e+03 7.720117568969726562e-01
9.534000000000000000e+03 1.192549943923950195e+00
9.536000000000000000e+03 1.590617418289184570e+00
9.538000000000000000e+03 7.940787076950073242e-01
9.540000000000000000e+03 1.831819415092468262e+00
9.542000000000000000e+03 1.069580435752868652e+00
9.544000000000000000e+03 1.249254345893859863e+00
9.546000000000000000e+03 1.208364009857177734e+00
9.548000000000000000e+03 1.022919058799743652e+00
9.550000000000000000e+03 1.126561164855957031e+00
9.552000000000000000e+03 6.511580944061279297e-01
9.554000000000000000e+03 8.248394131660461426e-01
9.556000000000000000e+03 1.196541428565979004e+00
9.558000000000000000e+03 1.484538674354553223e+00
9.560000000000000000e+03 2.726817607879638672e+00
9.562000000000000000e+03 1.283762812614440918e+00
9.564000000000000000e+03 2.052822589874267578e+00
9.566000000000000000e+03 1.756582617759704590e+00
9.568000000000000000e+03 5.528952479362487793e-01
9.570000000000000000e+03 1.023105144500732422e+00
9.572000000000000000e+03 2.629786491394042969e+00
9.574000000000000000e+03 1.550862550735473633e+00
9.576000000000000000e+03 2.709968805313110352e+00
9.578000000000000000e+03 1.690505027770996094e+00
9.580000000000000000e+03 1.147846102714538574e+00
9.582000000000000000e+03 9.919477105140686035e-01
9.584000000000000000e+03 1.851072788238525391e+00
9.586000000000000000e+03 1.590582489967346191e+00
9.588000000000000000e+03 1.269288301467895508e+00
9.590000000000000000e+03 1.036829948425292969e+00
9.592000000000000000e+03 1.290524840354919434e+00
9.594000000000000000e+03 1.616998314857482910e+00
9.596000000000000000e+03 9.020984172821044922e-01
9.598000000000000000e+03 2.301584720611572266e+00
9.600000000000000000e+03 2.136474847793579102e+00
9.602000000000000000e+03 1.451377511024475098e+00
9.604000000000000000e+03 2.457464218139648438e+00
9.606000000000000000e+03 6.397435069084167480e-01
9.608000000000000000e+03 1.464844226837158203e+00
9.610000000000000000e+03 1.241869449615478516e+00
9.612000000000000000e+03 2.061235904693603516e+00
9.614000000000000000e+03 1.021574378013610840e+00
9.616000000000000000e+03 1.922332763671875000e+00
9.618000000000000000e+03 1.750677943229675293e+00
9.620000000000000000e+03 1.777559518814086914e+00
9.622000000000000000e+03 2.150897741317749023e+00
9.624000000000000000e+03 2.052948474884033203e+00
9.626000000000000000e+03 2.029738187789916992e+00
9.628000000000000000e+03 1.989510059356689453e+00
9.630000000000000000e+03 1.430930614471435547e+00
9.632000000000000000e+03 2.068008899688720703e+00
9.634000000000000000e+03 1.881225466728210449e+00
9.636000000000000000e+03 2.127797603607177734e+00
9.638000000000000000e+03 2.430192947387695312e+00
9.640000000000000000e+03 1.497912526130676270e+00
9.642000000000000000e+03 1.677109360694885254e+00
9.644000000000000000e+03 1.218970417976379395e+00
9.646000000000000000e+03 1.777079582214355469e+00
9.648000000000000000e+03 2.353781700134277344e+00
9.650000000000000000e+03 1.857726812362670898e+00
9.652000000000000000e+03 2.864060640335083008e+00
9.654000000000000000e+03 1.317380070686340332e+00
9.656000000000000000e+03 1.844292759895324707e+00
9.658000000000000000e+03 2.007260799407958984e+00
9.660000000000000000e+03 2.613723278045654297e+00
9.662000000000000000e+03 2.759222269058227539e+00
9.664000000000000000e+03 1.126579344272613525e-01
9.666000000000000000e+03 5.534239411354064941e-01
9.668000000000000000e+03 2.006600618362426758e+00
9.670000000000000000e+03 2.847837686538696289e+00
9.672000000000000000e+03 2.581173658370971680e+00
9.674000000000000000e+03 2.984433889389038086e+00
9.676000000000000000e+03 1.610386729240417480e+00
9.678000000000000000e+03 2.897011756896972656e+00
9.680000000000000000e+03 2.095234394073486328e+00
9.682000000000000000e+03 1.098790168762207031e+00
9.684000000000000000e+03 1.865182876586914062e+00
9.686000000000000000e+03 1.690507769584655762e+00
9.688000000000000000e+03 2.262935161590576172e+00
9.690000000000000000e+03 8.473443984985351562e-01
9.692000000000000000e+03 2.533505678176879883e+00
9.694000000000000000e+03 2.174937248229980469e+00
9.696000000000000000e+03 2.482751607894897461e+00
9.698000000000000000e+03 1.810801982879638672e+00
9.700000000000000000e+03 1.643225789070129395e+00
9.702000000000000000e+03 9.989919662475585938e-01
9.704000000000000000e+03 1.357147455215454102e+00
9.706000000000000000e+03 5.015020370483398438e-01
9.708000000000000000e+03 1.885532259941101074e+00
9.710000000000000000e+03 1.845989704132080078e+00
9.712000000000000000e+03 2.670974731445312500e+00
9.714000000000000000e+03 2.670803546905517578e+00
9.716000000000000000e+03 1.636821389198303223e+00
9.718000000000000000e+03 1.985112190246582031e+00
9.720000000000000000e+03 2.404666423797607422e+00
9.722000000000000000e+03 2.708099126815795898e+00
9.724000000000000000e+03 2.358498096466064453e+00
9.726000000000000000e+03 1.564193367958068848e+00
9.728000000000000000e+03 2.401361942291259766e+00
9.730000000000000000e+03 2.264609813690185547e+00
9.732000000000000000e+03 6.665167808532714844e-01
9.734000000000000000e+03 1.517966270446777344e+00
9.736000000000000000e+03 1.810924291610717773e+00
9.738000000000000000e+03 1.860181927680969238e+00
9.740000000000000000e+03 1.438316941261291504e+00
9.742000000000000000e+03 1.784321904182434082e+00
9.744000000000000000e+03 2.302996397018432617e+00
9.746000000000000000e+03 2.137311458587646484e+00
9.748000000000000000e+03 8.852960467338562012e-01
9.750000000000000000e+03 5.990224480628967285e-01
9.752000000000000000e+03 1.020125508308410645e+00
9.754000000000000000e+03 1.302617073059082031e+00
9.756000000000000000e+03 1.584022045135498047e+00
9.758000000000000000e+03 1.143727421760559082e+00
9.760000000000000000e+03 5.907643958926200867e-02
9.762000000000000000e+03 2.373979091644287109e+00
9.764000000000000000e+03 1.696598410606384277e+00
9.766000000000000000e+03 1.296049714088439941e+00
9.768000000000000000e+03 5.246824026107788086e-01
9.770000000000000000e+03 1.411577820777893066e+00
9.772000000000000000e+03 1.021132111549377441e+00
9.774000000000000000e+03 2.777080833911895752e-01
9.776000000000000000e+03 1.169903039932250977e+00
9.778000000000000000e+03 1.723359465599060059e+00
9.780000000000000000e+03 7.537431716918945312e-01
9.782000000000000000e+03 8.042785525321960449e-01
9.784000000000000000e+03 7.957822084426879883e-02
9.786000000000000000e+03 8.562564849853515625e-01
9.788000000000000000e+03 1.531185269355773926e+00
9.790000000000000000e+03 9.711637496948242188e-01
9.792000000000000000e+03 7.571123838424682617e-01
9.794000000000000000e+03 7.805723547935485840e-01
9.796000000000000000e+03 1.270893692970275879e+00
9.798000000000000000e+03 2.378744840621948242e+00
9.800000000000000000e+03 2.095435619354248047e+00
9.802000000000000000e+03 6.111853718757629395e-01
9.804000000000000000e+03 2.635135650634765625e+00
9.806000000000000000e+03 5.575465559959411621e-01
9.808000000000000000e+03 9.284696578979492188e-01
9.810000000000000000e+03 1.650378227233886719e+00
9.812000000000000000e+03 1.241819143295288086e+00
9.814000000000000000e+03 1.424374938011169434e+00
9.816000000000000000e+03 2.640408039093017578e+00
9.818000000000000000e+03 2.564597368240356445e+00
9.820000000000000000e+03 1.134013891220092773e+00
9.822000000000000000e+03 1.610450744628906250e+00
9.824000000000000000e+03 6.232097744941711426e-01
9.826000000000000000e+03 7.286264896392822266e-01
9.828000000000000000e+03 1.584091067314147949e+00
9.830000000000000000e+03 2.366475820541381836e+00
9.832000000000000000e+03 2.658275604248046875e+00
9.834000000000000000e+03 2.463650226593017578e+00
9.836000000000000000e+03 2.862090110778808594e+00
9.838000000000000000e+03 2.915781259536743164e+00
9.840000000000000000e+03 1.980328917503356934e+00
9.842000000000000000e+03 2.630604267120361328e+00
9.844000000000000000e+03 3.017687320709228516e+00
9.846000000000000000e+03 1.182730078697204590e+00
9.848000000000000000e+03 7.785540223121643066e-01
9.850000000000000000e+03 5.102087259292602539e-01
9.852000000000000000e+03 9.222494959831237793e-01
9.854000000000000000e+03 1.148820281028747559e+00
9.856000000000000000e+03 1.914628505706787109e+00
9.858000000000000000e+03 1.993538379669189453e+00
9.860000000000000000e+03 1.965180397033691406e+00
9.862000000000000000e+03 2.234009027481079102e+00
9.864000000000000000e+03 1.914895534515380859e+00
9.866000000000000000e+03 9.024403691291809082e-01
9.868000000000000000e+03 1.012991547584533691e+00
9.870000000000000000e+03 1.281312227249145508e+00
9.872000000000000000e+03 1.405000090599060059e+00
9.874000000000000000e+03 2.737352132797241211e+00
9.876000000000000000e+03 1.703022122383117676e+00
9.878000000000000000e+03 2.393184423446655273e+00
9.880000000000000000e+03 2.649233341217041016e+00
9.882000000000000000e+03 2.437255144119262695e+00
9.884000000000000000e+03 2.406624317169189453e+00
9.886000000000000000e+03 1.531144976615905762e+00
9.888000000000000000e+03 1.557637214660644531e+00
9.890000000000000000e+03 1.438118934631347656e+00
9.892000000000000000e+03 1.178071856498718262e+00
9.894000000000000000e+03 1.504608035087585449e+00
9.896000000000000000e+03 7.454105615615844727e-01
9.898000000000000000e+03 5.435202121734619141e-01
9.900000000000000000e+03 5.114944577217102051e-01
9.902000000000000000e+03 1.140836358070373535e+00
9.904000000000000000e+03 6.641219258308410645e-01
9.906000000000000000e+03 2.112735748291015625e+00
9.908000000000000000e+03 2.103362798690795898e+00
9.910000000000000000e+03 2.404810428619384766e+00
9.912000000000000000e+03 9.829244017601013184e-01
9.914000000000000000e+03 1.663118124008178711e+00
9.916000000000000000e+03 2.156359672546386719e+00
9.918000000000000000e+03 2.106189489364624023e+00
9.920000000000000000e+03 2.319477081298828125e+00
9.922000000000000000e+03 2.537307024002075195e+00
9.924000000000000000e+03 1.045855283737182617e+00
9.926000000000000000e+03 5.007072091102600098e-01
9.928000000000000000e+03 1.014405846595764160e+00
9.930000000000000000e+03 1.104189753532409668e+00
9.932000000000000000e+03 2.037226200103759766e+00
9.934000000000000000e+03 1.357294559478759766e+00
9.936000000000000000e+03 2.053923845291137695e+00
9.938000000000000000e+03 2.120661258697509766e+00
9.940000000000000000e+03 2.182543992996215820e+00
9.942000000000000000e+03 1.584048986434936523e+00
9.944000000000000000e+03 1.610369443893432617e+00
9.946000000000000000e+03 1.384153842926025391e+00
9.948000000000000000e+03 1.219066858291625977e+00
9.950000000000000000e+03 2.227154493331909180e+00
9.952000000000000000e+03 1.930768132209777832e+00
9.954000000000000000e+03 2.142210245132446289e+00
9.956000000000000000e+03 1.729009628295898438e+00
9.958000000000000000e+03 2.435196638107299805e+00
9.960000000000000000e+03 2.174802780151367188e+00
9.962000000000000000e+03 2.301995515823364258e+00
9.964000000000000000e+03 1.268350601196289062e+00
9.966000000000000000e+03 1.887184619903564453e+00
9.968000000000000000e+03 1.983843207359313965e+00
9.970000000000000000e+03 1.126458048820495605e+00
9.972000000000000000e+03 6.747581958770751953e-01
9.974000000000000000e+03 8.113994002342224121e-01
9.976000000000000000e+03 3.782772123813629150e-01
9.978000000000000000e+03 1.399100780487060547e+00
9.980000000000000000e+03 9.890160560607910156e-01
9.982000000000000000e+03 2.804482698440551758e+00
9.984000000000000000e+03 2.283161401748657227e+00
9.986000000000000000e+03 1.032401084899902344e+00
9.988000000000000000e+03 2.544290781021118164e+00
9.990000000000000000e+03 2.027677774429321289e+00
9.992000000000000000e+03 1.610387682914733887e+00
9.994000000000000000e+03 2.933144807815551758e+00
9.996000000000000000e+03 1.156481623649597168e+00
9.998000000000000000e+03 8.030760288238525391e-01
1.000000000000000000e+04 8.574494719505310059e-01
