0.000000000000000000e+00 -2.126032773766990402e-01
2.000000000000000000e+00 -2.777227676320206395e-01
4.000000000000000000e+00 2.344038096652265035e-01
6.000000000000000000e+00 2.525752830948357341e-01
8.000000000000000000e+00 -1.084286107747281930e-01
1.000000000000000000e+01 -2.811795874785846805e-01
1.200000000000000000e+01 -2.471978451888351136e-01
1.400000000000000000e+01 -3.617840745275834047e-02
1.600000000000000000e+01 -1.741361729629226432e-02
1.800000000000000000e+01 2.024625500591917607e-02
2.000000000000000000e+01 -1.564547444157501077e-01
2.200000000000000000e+01 -2.883374194659206746e-01
2.400000000000000000e+01 2.218463420040218681e-01
2.600000000000000000e+01 -1.291824717393831312e-01
2.800000000000000000e+01 -2.050686044992736656e-01
3.000000000000000000e+01 -2.905951031525523809e-01
3.200000000000000000e+01 -2.874091707077781610e-01
3.400000000000000000e+01 7.673687292416997430e-02
3.600000000000000000e+01 1.273414474586609668e-01
3.800000000000000000e+01 -8.699380097735777417e-02
4.000000000000000000e+01 2.156483305458811728e-02
4.200000000000000000e+01 1.928338326112518653e-01
4.400000000000000000e+01 3.138608459263604600e-02
4.600000000000000000e+01 1.458141257411688096e-01
4.800000000000000000e+01 9.086105336741129301e-02
5.000000000000000000e+01 5.895399730101588687e-02
5.200000000000000000e+01 7.635514954822708242e-03
5.400000000000000000e+01 5.089099599228436022e-01
5.600000000000000000e+01 5.544652916245086383e-01
5.800000000000000000e+01 -1.137606580518628618e-01
6.000000000000000000e+01 2.340620813018243485e-01
6.200000000000000000e+01 2.064802775200099416e-01
6.400000000000000000e+01 2.104942582082739155e-01
6.600000000000000000e+01 -1.687779132750943378e-01
6.800000000000000000e+01 3.577983890649422127e-01
7.000000000000000000e+01 -1.542568015577781317e-02
7.200000000000000000e+01 4.934202336619223361e-01
7.400000000000000000e+01 3.922885528599452942e-01
7.600000000000000000e+01 -8.680259230793962999e-02
7.800000000000000000e+01 -2.741898050268784526e-01
8.000000000000000000e+01 -2.827231871343897640e-01
8.200000000000000000e+01 -2.835888111917265753e-01
8.400000000000000000e+01 -2.703883802237608269e-01
8.600000000000000000e+01 -2.744149236921750723e-01
8.800000000000000000e+01 4.057440510790031873e-01
9.000000000000000000e+01 8.982721273989559274e-02
9.200000000000000000e+01 1.995246566998886695e-01
9.400000000000000000e+01 -6.373214666550257312e-02
9.600000000000000000e+01 -1.430403670385781700e-01
9.800000000000000000e+01 1.117888744172195609e-02
1.000000000000000000e+02 -1.998157850618684228e-01
1.020000000000000000e+02 5.626181677732640107e-01
1.040000000000000000e+02 -2.715077150960888974e-01
1.060000000000000000e+02 -4.091134732534881108e-02
1.080000000000000000e+02 -1.085712498980428847e-01
1.100000000000000000e+02 2.248601317872128413e-01
1.120000000000000000e+02 -2.530327467639040817e-01
1.140000000000000000e+02 -2.111152236576497795e-03
1.160000000000000000e+02 -2.438375684268394294e-01
1.180000000000000000e+02 3.167212960383892217e-01
1.200000000000000000e+02 2.042620346147552279e-01
1.220000000000000000e+02 4.210844918587050012e-01
1.240000000000000000e+02 -1.910093239956051903e-01
1.260000000000000000e+02 -2.854564158265343043e-01
1.280000000000000000e+02 -2.031970006402590290e-01
1.300000000000000000e+02 5.971558014778874379e-02
1.320000000000000000e+02 -2.874633362070176390e-01
1.340000000000000000e+02 -6.428982083909717815e-02
1.360000000000000000e+02 3.903566681098540742e-02
1.380000000000000000e+02 -1.918423057743060267e-01
1.400000000000000000e+02 -2.046001531887984004e-01
1.420000000000000000e+02 8.443362072815031871e-02
1.440000000000000000e+02 -2.899227520079428744e-01
1.460000000000000000e+02 -1.137527136323293192e-01
1.480000000000000000e+02 1.065566845843259336e-01
1.500000000000000000e+02 3.189828102011902922e-01
1.520000000000000000e+02 -2.775206290771457529e-01
1.540000000000000000e+02 1.199819299837431574e-01
1.560000000000000000e+02 4.716493403028752529e-01
1.580000000000000000e+02 5.183596964024340670e-01
1.600000000000000000e+02 -2.811651610577653448e-01
1.620000000000000000e+02 -1.481473178825846171e-01
1.640000000000000000e+02 1.903610743434442851e-02
1.660000000000000000e+02 -2.791253156023501547e-01
1.680000000000000000e+02 1.337951455366380993e-01
1.700000000000000000e+02 5.259193453953250885e-02
1.720000000000000000e+02 4.078449240206833415e-01
1.740000000000000000e+02 -2.848708937827056920e-01
1.760000000000000000e+02 -2.195862352336654805e-02
1.780000000000000000e+02 5.261075800671978220e-01
1.800000000000000000e+02 -2.338491151913417443e-01
1.820000000000000000e+02 -2.184092181485680628e-01
1.840000000000000000e+02 -2.838646081649055519e-01
1.860000000000000000e+02 -2.109021979802137570e-01
1.880000000000000000e+02 -7.605170912473609157e-02
1.900000000000000000e+02 -1.189222832059749491e-01
1.920000000000000000e+02 -9.253618953042432038e-02
1.940000000000000000e+02 8.744067565043080192e-02
1.960000000000000000e+02 -9.272561216123204747e-03
1.980000000000000000e+02 -1.033937057139235061e-01
2.000000000000000000e+02 -2.610574725824656994e-01
2.020000000000000000e+02 -5.719384742455573684e-02
2.040000000000000000e+02 2.376849825617692938e-02
2.060000000000000000e+02 -2.862954083886886658e-01
2.080000000000000000e+02 -2.816468252510117565e-01
2.100000000000000000e+02 3.306198532413155422e-01
2.120000000000000000e+02 1.503970747419065002e-01
2.140000000000000000e+02 -2.584273655595305530e-01
2.160000000000000000e+02 4.308253678454634916e-01
2.180000000000000000e+02 2.133563641905635577e-01
2.200000000000000000e+02 -2.885468294369402109e-01
2.220000000000000000e+02 -1.738970348602619231e-01
2.240000000000000000e+02 -2.351415548985741899e-01
2.260000000000000000e+02 -2.209092125674359530e-01
2.280000000000000000e+02 -1.338889230385577056e-01
2.300000000000000000e+02 -1.941785996371994394e-01
2.320000000000000000e+02 -7.089959302686217602e-02
2.340000000000000000e+02 -2.841766987376607156e-01
2.360000000000000000e+02 -4.001129215986881996e-03
2.380000000000000000e+02 4.794083288699136497e-02
2.400000000000000000e+02 3.800321046603931663e-01
2.420000000000000000e+02 -2.908882862876790432e-01
2.440000000000000000e+02 -2.366816885572444740e-01
2.460000000000000000e+02 -5.179146382747483457e-02
2.480000000000000000e+02 3.111358832735340862e-01
2.500000000000000000e+02 4.515005162337235034e-01
2.520000000000000000e+02 2.599704812588407229e-02
2.540000000000000000e+02 -1.738907260778593256e-01
2.560000000000000000e+02 -2.797561504239055030e-01
2.580000000000000000e+02 -1.286815899057754675e-01
2.600000000000000000e+02 3.670581202986637481e-01
2.620000000000000000e+02 -1.903870294050765133e-01
2.640000000000000000e+02 1.192640693761928550e-01
2.660000000000000000e+02 4.138960492245424838e-01
2.680000000000000000e+02 -8.728908629621684456e-02
2.700000000000000000e+02 4.185250762601601393e-02
2.720000000000000000e+02 -6.423392423225869619e-02
2.740000000000000000e+02 -2.568432859547176150e-01
2.760000000000000000e+02 2.466886942197586419e-01
2.780000000000000000e+02 -2.187813253793157164e-01
2.800000000000000000e+02 -2.825822852707455812e-01
2.820000000000000000e+02 -2.866878185697339654e-01
2.840000000000000000e+02 -2.801139366704646361e-01
2.860000000000000000e+02 -8.717991756602039288e-02
2.880000000000000000e+02 -2.216117636289407708e-02
2.900000000000000000e+02 3.769394387638058674e-02
2.920000000000000000e+02 -5.906660517928276344e-02
2.940000000000000000e+02 -2.291050473556220934e-01
2.960000000000000000e+02 -8.777824923851318406e-02
2.980000000000000000e+02 7.917987396587176929e-02
3.000000000000000000e+02 5.106059719256252905e-01
3.020000000000000000e+02 4.377827975321375853e-02
3.040000000000000000e+02 4.145155169434238673e-01
3.060000000000000000e+02 -2.109322561191505907e-01
3.080000000000000000e+02 -2.417060808341418010e-01
3.100000000000000000e+02 -2.200155996543355919e-01
3.120000000000000000e+02 -2.017047020961908882e-02
3.140000000000000000e+02 2.523445722390429413e-01
3.160000000000000000e+02 6.057946394289845382e-02
3.180000000000000000e+02 -1.660017841235691682e-01
3.200000000000000000e+02 4.956002308231060027e-01
3.220000000000000000e+02 1.095138443698516345e-01
3.240000000000000000e+02 2.027869673648380333e-01
3.260000000000000000e+02 3.893041890736737010e-01
3.280000000000000000e+02 -2.629461372926167884e-01
3.300000000000000000e+02 -3.417208790260985868e-02
3.320000000000000000e+02 4.896990615210533027e-01
3.340000000000000000e+02 2.120266853981200850e-01
3.360000000000000000e+02 1.903644233053349011e-01
3.380000000000000000e+02 -2.062479839173772256e-01
3.400000000000000000e+02 2.013081950070665371e-01
3.420000000000000000e+02 -2.346783295579679962e-01
3.440000000000000000e+02 9.177830552879898129e-02
3.460000000000000000e+02 -2.726009662244169851e-01
3.480000000000000000e+02 -6.501066977737283981e-02
3.500000000000000000e+02 1.620600380780179151e-01
3.520000000000000000e+02 -1.815817057241175814e-01
3.540000000000000000e+02 -2.301862674836197831e-01
3.560000000000000000e+02 8.689889095578137712e-02
3.580000000000000000e+02 -1.743013761058736510e-01
3.600000000000000000e+02 -2.812000960548611261e-01
3.620000000000000000e+02 -2.100993629444214417e-01
3.640000000000000000e+02 3.167213429757371190e-01
3.660000000000000000e+02 1.701008044957902920e-01
3.680000000000000000e+02 4.394502450632176704e-01
3.700000000000000000e+02 -2.796254806378286606e-01
3.720000000000000000e+02 6.004602110791896347e-02
3.740000000000000000e+02 -4.257451124867894093e-02
3.760000000000000000e+02 3.800321046603931663e-01
3.780000000000000000e+02 -2.742226108750382418e-01
3.800000000000000000e+02 -2.845519148907501572e-01
3.820000000000000000e+02 -2.219515878428472699e-01
3.840000000000000000e+02 2.432380805954316438e-01
3.860000000000000000e+02 3.346813968292117747e-01
3.880000000000000000e+02 5.463246969409821796e-01
3.900000000000000000e+02 -2.349666424274847454e-01
3.920000000000000000e+02 -2.778369035974989076e-01
3.940000000000000000e+02 -2.865110641987771434e-01
3.960000000000000000e+02 -7.568727777722483729e-02
3.980000000000000000e+02 5.347573625776045475e-02
4.000000000000000000e+02 -1.188168856508755589e-01
4.020000000000000000e+02 5.347852332042860590e-01
4.040000000000000000e+02 2.345560653308481069e-01
4.060000000000000000e+02 8.127985867042608614e-02
4.080000000000000000e+02 -2.184093108783540516e-01
4.100000000000000000e+02 -2.441672986555858960e-01
4.120000000000000000e+02 -1.954080361103713304e-02
4.140000000000000000e+02 4.064791640010859131e-01
4.160000000000000000e+02 3.231162621688795089e-01
4.180000000000000000e+02 -2.468439810166609405e-01
4.200000000000000000e+02 -2.595209220534810957e-01
4.220000000000000000e+02 3.841062293429234331e-01
4.240000000000000000e+02 2.720666912760332998e-02
4.260000000000000000e+02 4.670774791280208893e-01
4.280000000000000000e+02 -2.887380525725969926e-01
4.300000000000000000e+02 -2.905967265434095115e-01
4.320000000000000000e+02 -2.730262824182032588e-01
4.340000000000000000e+02 1.332294616390760633e-01
4.360000000000000000e+02 -2.739354868471262083e-01
4.380000000000000000e+02 -2.313896975875016637e-01
4.400000000000000000e+02 7.564520609519628791e-02
4.420000000000000000e+02 -2.910333484347623068e-01
4.440000000000000000e+02 1.218428367249664440e-01
4.460000000000000000e+02 -5.097170329234899239e-02
4.480000000000000000e+02 -2.369066217438726696e-01
4.500000000000000000e+02 -1.610544457855729028e-01
4.520000000000000000e+02 3.783059628515046402e-01
4.540000000000000000e+02 5.388009730105706163e-01
4.560000000000000000e+02 4.340126910819174788e-01
4.580000000000000000e+02 -2.497824991900307878e-01
4.600000000000000000e+02 -2.802470527201185169e-01
4.620000000000000000e+02 3.555956951648595044e-01
4.640000000000000000e+02 1.032823485985521900e-01
4.660000000000000000e+02 -2.667924767360634331e-01
4.680000000000000000e+02 1.695405038857779878e-01
4.700000000000000000e+02 -1.188963696321476277e-01
4.720000000000000000e+02 -2.625932838302041383e-01
4.740000000000000000e+02 3.650209446640284017e-01
4.760000000000000000e+02 2.529843675374057743e-01
4.780000000000000000e+02 -2.883732382278677564e-01
4.800000000000000000e+02 1.707194182188498388e-01
4.820000000000000000e+02 1.670798698856688635e-01
4.840000000000000000e+02 5.083687333637539885e-01
4.860000000000000000e+02 -2.759238991222550119e-01
4.880000000000000000e+02 -1.084353424472285082e-01
4.900000000000000000e+02 6.756582775103604777e-02
4.920000000000000000e+02 -2.377822634789194534e-01
4.940000000000000000e+02 -2.809766010827082772e-01
4.960000000000000000e+02 -1.086402031269656093e-01
4.980000000000000000e+02 -2.234118291782765386e-01
5.000000000000000000e+02 -1.485824398112827460e-01
5.020000000000000000e+02 -9.808549083415536718e-02
5.040000000000000000e+02 1.944850587154621779e-01
5.060000000000000000e+02 -2.917524972600514799e-01
5.080000000000000000e+02 -2.687985100703244035e-01
5.100000000000000000e+02 -2.695051490832851560e-01
5.120000000000000000e+02 5.381015569463228759e-02
5.140000000000000000e+02 3.908965599903627131e-01
5.160000000000000000e+02 -2.451944142430527718e-01
5.180000000000000000e+02 1.509469841727459072e-01
5.200000000000000000e+02 -2.694439334202892722e-01
5.220000000000000000e+02 5.217736868898301683e-01
5.240000000000000000e+02 -1.981699575584502937e-01
5.260000000000000000e+02 -1.997028880448772359e-01
5.280000000000000000e+02 -2.658407405257451894e-01
5.300000000000000000e+02 4.792745968826362946e-01
5.320000000000000000e+02 3.606993309251517732e-01
5.340000000000000000e+02 5.344169468760305852e-01
5.360000000000000000e+02 2.400960561130867366e-01
5.380000000000000000e+02 -2.517001818146472059e-01
5.400000000000000000e+02 1.389382535674316410e-01
5.420000000000000000e+02 -1.696514465572749319e-01
5.440000000000000000e+02 3.926160192824272310e-01
5.460000000000000000e+02 1.219463806014024626e-01
5.480000000000000000e+02 3.795893281884077930e-01
5.500000000000000000e+02 -1.239232466035302405e-01
5.520000000000000000e+02 -2.443464720006420510e-01
5.540000000000000000e+02 -2.871937337364591225e-01
5.560000000000000000e+02 -2.856985962318038252e-01
5.580000000000000000e+02 -2.645494971370551673e-01
5.600000000000000000e+02 1.842011667273721898e-01
5.620000000000000000e+02 3.485816569116581554e-02
5.640000000000000000e+02 -1.035692093586781798e-01
5.660000000000000000e+02 -2.664172806301955410e-01
5.680000000000000000e+02 1.818377199362760099e-01
5.700000000000000000e+02 9.633161722050803677e-02
5.720000000000000000e+02 2.871334562044718930e-01
5.740000000000000000e+02 -1.564779076880766229e-01
5.760000000000000000e+02 -2.519095912513750202e-01
5.780000000000000000e+02 3.576529954329227823e-01
5.800000000000000000e+02 3.323210591860802365e-01
5.820000000000000000e+02 4.752204061449101236e-01
5.840000000000000000e+02 2.829075706891525654e-01
5.860000000000000000e+02 5.515885292528754924e-01
5.880000000000000000e+02 -2.607862520492351122e-01
5.900000000000000000e+02 -9.795173716139847497e-02
5.920000000000000000e+02 -2.680193370221685689e-01
5.940000000000000000e+02 2.606762275691779651e-01
5.960000000000000000e+02 -2.048756155883227435e-03
5.980000000000000000e+02 -2.908209745378420030e-01
6.000000000000000000e+02 -2.237310236579807821e-02
6.020000000000000000e+02 -1.822089659512710069e-01
6.040000000000000000e+02 -2.694067647026652801e-01
6.060000000000000000e+02 -1.033779545923369653e-01
6.080000000000000000e+02 3.163976386154889742e-01
6.100000000000000000e+02 -2.582415512011080327e-01
6.120000000000000000e+02 -2.751631226857539358e-01
6.140000000000000000e+02 -2.868533739627222579e-01
6.160000000000000000e+02 -2.883782129805271058e-02
6.180000000000000000e+02 9.379368059205893393e-02
6.200000000000000000e+02 -2.424923559943625573e-01
6.220000000000000000e+02 -4.066018622780759317e-02
6.240000000000000000e+02 1.169361092579941121e-02
6.260000000000000000e+02 3.282849442585283328e-01
6.280000000000000000e+02 -3.344372749387845845e-02
6.300000000000000000e+02 -1.085190550390102288e-01
6.320000000000000000e+02 8.490580114323932615e-02
6.340000000000000000e+02 -9.832325518031231892e-02
6.360000000000000000e+02 -2.833271508007295103e-01
6.380000000000000000e+02 2.941298567090563920e-01
6.400000000000000000e+02 2.809130099986864582e-01
6.420000000000000000e+02 -7.023352057028735274e-02
6.440000000000000000e+02 8.971410700083642942e-02
6.460000000000000000e+02 2.577587850319167373e-01
6.480000000000000000e+02 -2.657086671456432847e-01
6.500000000000000000e+02 4.783716167077056158e-01
6.520000000000000000e+02 -2.134073770570717454e-01
6.540000000000000000e+02 1.438544040776220945e-01
6.560000000000000000e+02 1.079175357968050440e-02
6.580000000000000000e+02 1.249201218085573412e-01
6.600000000000000000e+02 -6.428467674955315458e-02
6.620000000000000000e+02 7.922306139785428858e-02
6.640000000000000000e+02 2.063028110988701924e-01
6.660000000000000000e+02 1.901667828944324512e-01
6.680000000000000000e+02 5.203927405152212193e-01
6.700000000000000000e+02 -1.086125501910536195e-01
6.720000000000000000e+02 1.017698761186933837e-01
6.740000000000000000e+02 3.284297144106563815e-01
6.760000000000000000e+02 4.988091761731853341e-02
6.780000000000000000e+02 -1.811457280216933474e-01
6.800000000000000000e+02 1.314722107285405950e-01
6.820000000000000000e+02 1.912630523789206061e-01
6.840000000000000000e+02 1.579162297261054171e-01
6.860000000000000000e+02 -9.850542719421932769e-02
6.880000000000000000e+02 -2.779784019956738628e-01
6.900000000000000000e+02 -2.874315095758455119e-01
6.920000000000000000e+02 -7.713441098903479724e-03
6.940000000000000000e+02 -8.026288371119221637e-03
6.960000000000000000e+02 2.520648044730652293e-01
6.980000000000000000e+02 -1.702181396546835479e-01
7.000000000000000000e+02 -2.489195265631746479e-01
7.020000000000000000e+02 1.229929783862509923e-01
7.040000000000000000e+02 4.448273076280916394e-01
7.060000000000000000e+02 -1.137808269213102380e-01
7.080000000000000000e+02 -1.290117138695677790e-01
7.100000000000000000e+02 -2.781324413923974906e-02
7.120000000000000000e+02 -9.836660473785686920e-02
7.140000000000000000e+02 5.127883317400158125e-01
7.160000000000000000e+02 -1.567594979685328904e-01
7.180000000000000000e+02 -1.473352917408530804e-01
7.200000000000000000e+02 -2.671729553634267784e-01
7.220000000000000000e+02 -1.571587870404079212e-01
7.240000000000000000e+02 -1.337600418119060941e-01
7.260000000000000000e+02 -8.685110246328846262e-02
7.280000000000000000e+02 -6.464082854897275354e-02
7.300000000000000000e+02 3.191679293620987984e-02
7.320000000000000000e+02 -2.777407339665504682e-01
7.340000000000000000e+02 -2.592535941227109286e-01
7.360000000000000000e+02 -2.880388212791742397e-01
7.380000000000000000e+02 3.718423033445085735e-01
7.400000000000000000e+02 1.770186317655169650e-01
7.420000000000000000e+02 -2.411679975989250990e-01
7.440000000000000000e+02 -2.098409944087374357e-01
7.460000000000000000e+02 3.516803059924507591e-01
7.480000000000000000e+02 -8.655024609204657604e-02
7.500000000000000000e+02 -2.825995267330380645e-01
7.520000000000000000e+02 -1.174247291035941318e-02
7.540000000000000000e+02 1.817064342489664586e-01
7.560000000000000000e+02 4.239361271115423269e-01
7.580000000000000000e+02 2.577576909788988346e-01
7.600000000000000000e+02 -1.568366218244795218e-01
7.620000000000000000e+02 1.279516855470289038e-01
7.640000000000000000e+02 2.454610602114698781e-01
7.660000000000000000e+02 -2.466085651246558708e-01
7.680000000000000000e+02 8.705546094964500270e-02
7.700000000000000000e+02 -7.538569482414043954e-02
7.720000000000000000e+02 5.748224955288496751e-01
7.740000000000000000e+02 -2.414022455320266047e-01
7.760000000000000000e+02 -2.326675818032490073e-01
7.780000000000000000e+02 -2.774507731516063225e-01
7.800000000000000000e+02 4.891089932172003052e-01
7.820000000000000000e+02 4.150402257465610756e-01
7.840000000000000000e+02 5.169727007345615438e-02
7.860000000000000000e+02 -2.767434863087387398e-01
7.880000000000000000e+02 1.449562559193098565e-01
7.900000000000000000e+02 2.248588780025046197e-01
7.920000000000000000e+02 5.025376383051483042e-01
7.940000000000000000e+02 -2.867725384529180022e-01
7.960000000000000000e+02 9.104735225697867251e-02
7.980000000000000000e+02 3.183508405692261206e-02
8.000000000000000000e+02 -2.620325043361788619e-01
8.020000000000000000e+02 -2.870980787265737244e-01
8.040000000000000000e+02 -2.647721315531249564e-01
8.060000000000000000e+02 -1.891411287012831344e-01
8.080000000000000000e+02 -2.636407778899862442e-01
8.100000000000000000e+02 -2.871825205390727276e-01
8.120000000000000000e+02 4.973894285555137684e-01
8.140000000000000000e+02 -1.896702592921696573e-01
8.160000000000000000e+02 -2.727573682961312862e-01
8.180000000000000000e+02 -8.221565701484401245e-02
8.200000000000000000e+02 -2.808906963755186115e-01
8.220000000000000000e+02 5.642389968207639495e-01
8.240000000000000000e+02 -6.955325517046651029e-02
8.260000000000000000e+02 -2.631062572322944160e-01
8.280000000000000000e+02 -8.700315968947849865e-02
8.300000000000000000e+02 -2.812229907715808053e-01
8.320000000000000000e+02 1.180623231189460443e-01
8.340000000000000000e+02 5.074053630642751944e-01
8.360000000000000000e+02 2.307748859155797916e-01
8.380000000000000000e+02 -4.708641070736848538e-02
8.400000000000000000e+02 -5.391032693233199086e-02
8.420000000000000000e+02 5.488230109548507540e-01
8.440000000000000000e+02 1.189841480596465217e-01
8.460000000000000000e+02 -2.043753478136375035e-01
8.480000000000000000e+02 -1.741940739003839389e-01
8.500000000000000000e+02 -2.579054512514078468e-01
8.520000000000000000e+02 -2.812118066046777054e-01
8.540000000000000000e+02 -2.776343153292709087e-01
8.560000000000000000e+02 -1.990561827609778900e-01
8.580000000000000000e+02 -2.828341387015960162e-01
8.600000000000000000e+02 -2.061453975281175299e-01
8.620000000000000000e+02 -1.438591547889963851e-01
8.640000000000000000e+02 4.394534982523321531e-01
8.660000000000000000e+02 -2.192688212669285930e-01
8.680000000000000000e+02 -2.429508902756883360e-01
8.700000000000000000e+02 1.682985598255064275e-01
8.720000000000000000e+02 9.336619642025516252e-02
8.740000000000000000e+02 1.252144034368494474e-01
8.760000000000000000e+02 -2.589556148641235511e-01
8.780000000000000000e+02 1.996670267389066278e-01
8.800000000000000000e+02 -1.288379913332000082e-01
8.820000000000000000e+02 -2.795472033013751134e-01
8.840000000000000000e+02 -1.031527775835134608e-01
8.860000000000000000e+02 -2.633184319216454461e-01
8.880000000000000000e+02 -2.277734264806782760e-01
8.900000000000000000e+02 -8.203365714144986165e-02
8.920000000000000000e+02 5.678626010724524553e-01
8.940000000000000000e+02 4.614295857348736929e-01
8.960000000000000000e+02 -1.568681113433569307e-01
8.980000000000000000e+02 5.823546790263282869e-02
9.000000000000000000e+02 -6.508038752812302097e-02
9.020000000000000000e+02 -1.475840849398188104e-01
9.040000000000000000e+02 -2.722426517125867695e-01
9.060000000000000000e+02 -2.397772877656158264e-01
9.080000000000000000e+02 -9.809162113404695793e-02
9.100000000000000000e+02 -1.792133723633203279e-01
9.120000000000000000e+02 -1.834481341334111559e-01
9.140000000000000000e+02 -2.421998737083550998e-02
9.160000000000000000e+02 -7.070514647921478935e-02
9.180000000000000000e+02 2.496850571697403209e-01
9.200000000000000000e+02 1.422736341809334448e-01
9.220000000000000000e+02 -2.766806126075601058e-01
9.240000000000000000e+02 2.426160356900714521e-01
9.260000000000000000e+02 -1.522434903918842841e-01
9.280000000000000000e+02 2.234632460270509491e-02
9.300000000000000000e+02 1.475404503701012726e-01
9.320000000000000000e+02 4.035525928777158877e-01
9.340000000000000000e+02 7.517644532686903677e-03
9.360000000000000000e+02 -2.856937569012840128e-01
9.380000000000000000e+02 -2.508410709231734259e-01
9.400000000000000000e+02 4.020922810118544022e-01
9.420000000000000000e+02 1.208323601887457688e-01
9.440000000000000000e+02 -2.437332966284232183e-01
9.460000000000000000e+02 -2.853074942381915169e-01
9.480000000000000000e+02 4.171414794579894059e-01
9.500000000000000000e+02 4.168018613308324682e-01
9.520000000000000000e+02 8.442853762303571818e-02
9.540000000000000000e+02 -1.087448043867352415e-01
9.560000000000000000e+02 5.666974905085614411e-01
9.580000000000000000e+02 3.611337558626234179e-01
9.600000000000000000e+02 -2.395594995817423856e-01
9.620000000000000000e+02 -2.692861924383342931e-01
9.640000000000000000e+02 3.520833237416991501e-01
9.660000000000000000e+02 1.553854095875308872e-01
9.680000000000000000e+02 -2.457653884882563533e-01
9.700000000000000000e+02 4.744143159678285149e-01
9.720000000000000000e+02 -8.751496994369331595e-02
9.740000000000000000e+02 -2.730279575688648319e-01
9.760000000000000000e+02 -1.031696490949149392e-01
9.780000000000000000e+02 -2.225770271121147725e-01
9.800000000000000000e+02 -1.772843825288102637e-01
9.820000000000000000e+02 -2.153355225325573885e-01
9.840000000000000000e+02 -1.853196416345416486e-01
9.860000000000000000e+02 5.445410645107636588e-02
9.880000000000000000e+02 -2.662663467885972302e-01
9.900000000000000000e+02 1.428759687892074415e-01
9.920000000000000000e+02 -2.910027155296640022e-01
9.940000000000000000e+02 -9.322997762728756077e-02
9.960000000000000000e+02 3.539089734663642406e-01
9.980000000000000000e+02 1.466166796685806628e-01
1.000000000000000000e+03 -8.174529353879414484e-02
1.002000000000000000e+03 1.664641983110334497e-02
1.004000000000000000e+03 -1.903870294050765133e-01
1.006000000000000000e+03 4.760550631279011347e-01
1.008000000000000000e+03 1.152558110929995244e-01
1.010000000000000000e+03 -2.232243905566687059e-01
1.012000000000000000e+03 -2.867437967864283621e-01
1.014000000000000000e+03 -1.285869193183658277e-01
1.016000000000000000e+03 -4.101378568651096318e-02
1.018000000000000000e+03 4.675145425060402982e-01
1.020000000000000000e+03 -1.527164077431599765e-01
1.022000000000000000e+03 -1.659243253006612018e-01
1.024000000000000000e+03 2.863131203166110680e-02
1.026000000000000000e+03 -9.287984202666824118e-02
1.028000000000000000e+03 -2.856079836884203860e-01
1.030000000000000000e+03 8.110750422578005825e-02
1.032000000000000000e+03 -1.913384279580256364e-01
1.034000000000000000e+03 4.945449210687237196e-01
1.036000000000000000e+03 -2.723456657499979672e-01
1.038000000000000000e+03 1.695711087906711934e-01
1.040000000000000000e+03 5.333472070830023171e-01
1.042000000000000000e+03 -9.679946763210714455e-02
1.044000000000000000e+03 -2.691546852457392669e-01
1.046000000000000000e+03 4.263843206409725917e-01
1.048000000000000000e+03 -8.470051642806359499e-03
1.050000000000000000e+03 -1.274498293023437201e-01
1.052000000000000000e+03 -2.823996081597151542e-01
1.054000000000000000e+03 -2.761081892004547678e-01
1.056000000000000000e+03 2.783197789839882974e-01
1.058000000000000000e+03 2.057030016950246037e-02
1.060000000000000000e+03 1.241385528865342758e-01
1.062000000000000000e+03 -2.162491633580301831e-01
1.064000000000000000e+03 1.623639145330772193e-01
1.066000000000000000e+03 -2.839650824843166776e-01
1.068000000000000000e+03 -3.886326205247930821e-02
1.070000000000000000e+03 -1.032645930829928504e-01
1.072000000000000000e+03 -2.559293191884268737e-01
1.074000000000000000e+03 -1.990108811447943993e-01
1.076000000000000000e+03 -7.066112760372635082e-02
1.078000000000000000e+03 -2.819593731957291127e-01
1.080000000000000000e+03 -1.648974368197274054e-01
1.082000000000000000e+03 5.144320493720679899e-01
1.084000000000000000e+03 2.515871412647145977e-01
1.086000000000000000e+03 -5.337795190828915209e-02
1.088000000000000000e+03 -2.860887256374738397e-01
1.090000000000000000e+03 -2.761814281942595595e-01
1.092000000000000000e+03 1.379619184502535179e-01
1.094000000000000000e+03 3.412202460273452420e-01
1.096000000000000000e+03 -2.793509347944439503e-01
1.098000000000000000e+03 -2.256064511078718082e-01
1.100000000000000000e+03 3.999816806651737000e-01
1.102000000000000000e+03 2.020807381204840214e-01
1.104000000000000000e+03 -2.595204132932246166e-01
1.106000000000000000e+03 4.968639908291133667e-01
1.108000000000000000e+03 3.606724705369277473e-01
1.110000000000000000e+03 -2.772174691254076784e-01
1.112000000000000000e+03 -1.892551327296661812e-01
1.114000000000000000e+03 -2.866866765737401956e-01
1.116000000000000000e+03 -1.188630586923761501e-01
1.118000000000000000e+03 -8.232863851064697869e-02
1.120000000000000000e+03 3.947068662132532380e-01
1.122000000000000000e+03 1.516064710477478261e-01
1.124000000000000000e+03 -3.543952217795687948e-02
1.126000000000000000e+03 -2.163877950217342472e-01
1.128000000000000000e+03 8.070168983432726706e-02
1.130000000000000000e+03 2.181854244930556963e-01
1.132000000000000000e+03 4.630079481664913787e-01
1.134000000000000000e+03 -6.987448487996314461e-02
1.136000000000000000e+03 1.169318770049402809e-02
1.138000000000000000e+03 3.610959945924445413e-02
1.140000000000000000e+03 1.770187072001058182e-01
1.142000000000000000e+03 -2.678219941502719692e-01
1.144000000000000000e+03 -1.729508202122924665e-01
1.146000000000000000e+03 1.096240463203775883e-01
1.148000000000000000e+03 4.128935116351301060e-01
1.150000000000000000e+03 5.300768721170037168e-01
1.152000000000000000e+03 5.601989821587660678e-01
1.154000000000000000e+03 -2.162764114055093223e-01
1.156000000000000000e+03 -2.843604598809476580e-01
1.158000000000000000e+03 -5.936195526804022987e-02
1.160000000000000000e+03 -1.579944103391981991e-01
1.162000000000000000e+03 -2.745353013277047616e-01
1.164000000000000000e+03 8.698885254068387807e-02
1.166000000000000000e+03 3.056082546284127899e-01
1.168000000000000000e+03 -1.744097646908824850e-01
1.170000000000000000e+03 -1.287190444880669249e-01
1.172000000000000000e+03 -5.125012426226123463e-02
1.174000000000000000e+03 5.104370878563446734e-01
1.176000000000000000e+03 2.882386720461743157e-01
1.178000000000000000e+03 -2.442886866663016299e-01
1.180000000000000000e+03 -1.715436348559611079e-01
1.182000000000000000e+03 1.131134222210633672e-01
1.184000000000000000e+03 -9.815846586683166231e-02
1.186000000000000000e+03 9.106695083038955640e-02
1.188000000000000000e+03 -1.188318434136280410e-01
1.190000000000000000e+03 -1.188844306647759974e-01
1.192000000000000000e+03 -1.384104712335482157e-01
1.194000000000000000e+03 -1.033554787344230785e-01
1.196000000000000000e+03 -2.742177903526585303e-01
1.198000000000000000e+03 -2.766738330567433679e-01
1.200000000000000000e+03 2.519055096222727053e-01
1.202000000000000000e+03 -2.794931098710627948e-01
1.204000000000000000e+03 -1.385473594925128726e-01
1.206000000000000000e+03 -2.691220272573570660e-01
1.208000000000000000e+03 -2.810269480561575217e-01
1.210000000000000000e+03 -2.795414652075991491e-01
1.212000000000000000e+03 -2.757750824525543321e-01
1.214000000000000000e+03 -2.840411802931458451e-01
1.216000000000000000e+03 -1.652659105645310281e-02
1.218000000000000000e+03 -2.260877602699495337e-01
1.220000000000000000e+03 -2.355734414049060199e-01
1.222000000000000000e+03 -1.520841991942125659e-01
1.224000000000000000e+03 -2.743280810484106103e-01
1.226000000000000000e+03 -2.876981910204727821e-01
1.228000000000000000e+03 4.558755274930939572e-01
1.230000000000000000e+03 -2.706043585888004421e-01
1.232000000000000000e+03 -1.568000356836533327e-01
1.234000000000000000e+03 -2.561003196854513275e-01
1.236000000000000000e+03 4.755083310263166219e-01
1.238000000000000000e+03 -2.534992495285029457e-01
1.240000000000000000e+03 -2.762317516903793901e-01
1.242000000000000000e+03 -2.220100265300830877e-01
1.244000000000000000e+03 4.983200013178745724e-01
1.246000000000000000e+03 3.815501478746661235e-01
1.248000000000000000e+03 1.204970687877754826e-01
1.250000000000000000e+03 -1.789783102593869579e-01
1.252000000000000000e+03 -1.188210647617189974e-01
1.254000000000000000e+03 -2.379580849651920238e-01
1.256000000000000000e+03 -2.329856972911408808e-01
1.258000000000000000e+03 2.964757141838238463e-01
1.260000000000000000e+03 -2.729233128342047898e-01
1.262000000000000000e+03 2.209483606199422884e-02
1.264000000000000000e+03 -2.469100058646955809e-01
1.266000000000000000e+03 -2.567887883742330235e-01
1.268000000000000000e+03 2.368109361453055173e-01
1.270000000000000000e+03 -2.431777085790675641e-01
1.272000000000000000e+03 2.546710895657187668e-01
1.274000000000000000e+03 1.757465444551302713e-01
1.276000000000000000e+03 4.498488996206037038e-01
1.278000000000000000e+03 -1.424045856015545841e-01
1.280000000000000000e+03 5.189704098933471677e-02
1.282000000000000000e+03 -2.047267113649803572e-01
1.284000000000000000e+03 -2.912326845763388850e-01
1.286000000000000000e+03 -2.399227007638113640e-01
1.288000000000000000e+03 -1.506369509136540503e-02
1.290000000000000000e+03 -1.779410292406488903e-01
1.292000000000000000e+03 -2.001397223168224770e-01
1.294000000000000000e+03 -2.769087058915553623e-01
1.296000000000000000e+03 -2.891681362041172432e-01
1.298000000000000000e+03 -2.264060978868726870e-01
1.300000000000000000e+03 -6.549458905160052136e-02
1.302000000000000000e+03 1.183481196028462190e-01
1.304000000000000000e+03 2.672240134580465831e-01
1.306000000000000000e+03 -2.877009359468014615e-01
1.308000000000000000e+03 -2.827791424786723073e-01
1.310000000000000000e+03 -1.967348804577229993e-01
1.312000000000000000e+03 2.016220586846761715e-03
1.314000000000000000e+03 1.228606462850634073e-01
1.316000000000000000e+03 -1.662519593456246057e-03
1.318000000000000000e+03 -2.690899164952842981e-01
1.320000000000000000e+03 1.360834097948704358e-01
1.322000000000000000e+03 7.533022685031469379e-02
1.324000000000000000e+03 -1.979984743200803587e-01
1.326000000000000000e+03 -1.558815858506616171e-02
1.328000000000000000e+03 4.681559446531508573e-01
1.330000000000000000e+03 5.497630933215837956e-01
1.332000000000000000e+03 3.365120291086028392e-01
1.334000000000000000e+03 5.663047511341992024e-01
1.336000000000000000e+03 -2.148005887664008462e-01
1.338000000000000000e+03 -1.615723816314905137e-01
1.340000000000000000e+03 5.512919714209364441e-01
1.342000000000000000e+03 4.275633580584268789e-01
1.344000000000000000e+03 1.369651758854327495e-01
1.346000000000000000e+03 5.789809820012676439e-02
1.348000000000000000e+03 -2.331012142185943381e-01
1.350000000000000000e+03 3.174249213342952847e-01
1.352000000000000000e+03 4.007425955945902174e-02
1.354000000000000000e+03 3.333510389107163796e-01
1.356000000000000000e+03 2.315565404644155667e-01
1.358000000000000000e+03 -5.719448978157047614e-02
1.360000000000000000e+03 4.620589998295757117e-01
1.362000000000000000e+03 4.724185355179349455e-01
1.364000000000000000e+03 5.396519754717884476e-01
1.366000000000000000e+03 3.426900166834503381e-01
1.368000000000000000e+03 -2.283436502636978366e-02
1.370000000000000000e+03 -1.339036295667099252e-01
1.372000000000000000e+03 -2.767935281410731085e-01
1.374000000000000000e+03 1.560880741764902324e-01
1.376000000000000000e+03 -1.290117635295720822e-01
1.378000000000000000e+03 -2.847120772349733264e-01
1.380000000000000000e+03 -1.033642690756944871e-01
1.382000000000000000e+03 -9.282289362329440574e-02
1.384000000000000000e+03 -1.917590233245281273e-01
1.386000000000000000e+03 -2.714721906130247997e-01
1.388000000000000000e+03 -2.738611519936653416e-01
1.390000000000000000e+03 4.346016389322409634e-01
1.392000000000000000e+03 -2.865185908837212803e-01
1.394000000000000000e+03 -2.326163172798733636e-01
1.396000000000000000e+03 -2.867352243005530932e-01
1.398000000000000000e+03 1.337951455366380993e-01
1.400000000000000000e+03 -2.759529511578049377e-01
1.402000000000000000e+03 -2.860124225654199770e-01
1.404000000000000000e+03 1.019592101809581319e-01
1.406000000000000000e+03 -2.863342956522664240e-01
1.408000000000000000e+03 4.112223185498068978e-01
1.410000000000000000e+03 -2.473119313302105104e-01
1.412000000000000000e+03 2.408803883534159709e-02
1.414000000000000000e+03 -2.269215929300890944e-01
1.416000000000000000e+03 5.074092484111643042e-01
1.418000000000000000e+03 4.852894853665222774e-01
1.420000000000000000e+03 4.044443471128720824e-01
1.422000000000000000e+03 -2.159271693818659021e-01
1.424000000000000000e+03 -2.653485110657377022e-01
1.426000000000000000e+03 -2.847855342407433765e-01
1.428000000000000000e+03 -2.814289224628438446e-01
1.430000000000000000e+03 -1.137831019219480710e-01
1.432000000000000000e+03 3.104874937784199429e-01
1.434000000000000000e+03 2.203049944409899985e-01
1.436000000000000000e+03 -6.534803898856050841e-02
1.438000000000000000e+03 -2.865933994079510883e-01
1.440000000000000000e+03 2.143020455250579104e-01
1.442000000000000000e+03 2.295962377101486429e-01
1.444000000000000000e+03 -1.239232419303248067e-01
1.446000000000000000e+03 6.125642006461894801e-02
1.448000000000000000e+03 -1.943599682338480461e-01
1.450000000000000000e+03 7.522663273187026045e-02
1.452000000000000000e+03 -1.817502834028923153e-01
1.454000000000000000e+03 3.031622933980029355e-01
1.456000000000000000e+03 3.545134044298551071e-03
1.458000000000000000e+03 3.159231319781961589e-01
1.460000000000000000e+03 -2.702163372566429023e-01
1.462000000000000000e+03 -2.405800859703177974e-01
1.464000000000000000e+03 -2.791654126799757440e-01
1.466000000000000000e+03 4.851219409462426690e-01
1.468000000000000000e+03 -2.017123526168972392e-01
1.470000000000000000e+03 5.185673910819760257e-01
1.472000000000000000e+03 2.579580964563286671e-01
1.474000000000000000e+03 -2.599618926999368584e-01
1.476000000000000000e+03 -2.697572410366551043e-01
1.478000000000000000e+03 -2.617247684748741712e-03
1.480000000000000000e+03 -2.245646390833345440e-01
1.482000000000000000e+03 3.643972063849954535e-01
1.484000000000000000e+03 3.908434762871695889e-01
1.486000000000000000e+03 6.780680941216363222e-02
1.488000000000000000e+03 -2.836931959942604609e-01
1.490000000000000000e+03 3.860104558922539675e-01
1.492000000000000000e+03 3.528943553002380495e-01
1.494000000000000000e+03 -2.281448904702580438e-01
1.496000000000000000e+03 -2.460014574459544467e-01
1.498000000000000000e+03 -2.619972591756137281e-01
1.500000000000000000e+03 4.327406610489878402e-01
1.502000000000000000e+03 -2.879167858109474842e-01
1.504000000000000000e+03 -2.273326069461112375e-01
1.506000000000000000e+03 4.163728306587422545e-01
1.508000000000000000e+03 -1.828607208169277520e-01
1.510000000000000000e+03 -1.032766109050912984e-01
1.512000000000000000e+03 1.560893871517482490e-01
1.514000000000000000e+03 3.218344325966647212e-01
1.516000000000000000e+03 -2.136915204256443213e-01
1.518000000000000000e+03 3.478668534896006137e-01
1.520000000000000000e+03 2.042622729569331663e-01
1.522000000000000000e+03 4.145834112613314137e-01
1.524000000000000000e+03 3.905800537983503129e-01
1.526000000000000000e+03 3.245218377160802858e-01
1.528000000000000000e+03 -2.817030586680209225e-01
1.530000000000000000e+03 -1.424296051362401450e-01
1.532000000000000000e+03 -2.676883848791261622e-01
1.534000000000000000e+03 3.139215747325164174e-01
1.536000000000000000e+03 2.433929845609780762e-01
1.538000000000000000e+03 3.121607290936609935e-01
1.540000000000000000e+03 2.841466714429853324e-01
1.542000000000000000e+03 1.747366527379964340e-01
1.544000000000000000e+03 -1.287246232256540612e-01
1.546000000000000000e+03 1.901664319642513423e-01
1.548000000000000000e+03 3.861748411328331798e-01
1.550000000000000000e+03 -2.279084730956482396e-01
1.552000000000000000e+03 7.348683243328194004e-02
1.554000000000000000e+03 -8.110987743058142851e-02
1.556000000000000000e+03 -2.829599014475022156e-01
1.558000000000000000e+03 -2.231057152450049430e-01
1.560000000000000000e+03 -2.465580294903698677e-01
1.562000000000000000e+03 -2.597818113659484118e-01
1.564000000000000000e+03 -7.056645232136860013e-02
1.566000000000000000e+03 -2.336032450126389881e-01
1.568000000000000000e+03 1.936730944734905424e-01
1.570000000000000000e+03 5.801049791888637785e-02
1.572000000000000000e+03 -2.890940084579042835e-01
1.574000000000000000e+03 -2.690887630948378684e-01
1.576000000000000000e+03 3.095537871914980088e-01
1.578000000000000000e+03 4.477834426624519581e-01
1.580000000000000000e+03 -2.869764800551507511e-01
1.582000000000000000e+03 -1.137715385739894586e-01
1.584000000000000000e+03 -8.744058911474335283e-02
1.586000000000000000e+03 2.097147160066676341e-01
1.588000000000000000e+03 4.881233967426718556e-01
1.590000000000000000e+03 2.879755552264204876e-01
1.592000000000000000e+03 1.385138237144109830e-01
1.594000000000000000e+03 4.500890148802019070e-02
1.596000000000000000e+03 -7.078516109654013622e-02
1.598000000000000000e+03 2.316867596593419343e-01
1.600000000000000000e+03 -1.427283037236554974e-01
1.602000000000000000e+03 -2.210818095745848422e-01
1.604000000000000000e+03 1.364724163032090100e-03
1.606000000000000000e+03 -1.585990432868445918e-02
1.608000000000000000e+03 -1.384002028848089483e-01
1.610000000000000000e+03 -1.290997198243735711e-01
1.612000000000000000e+03 -4.186627030619388679e-02
1.614000000000000000e+03 -2.071800373378616944e-02
1.616000000000000000e+03 -2.401653566511700033e-01
1.618000000000000000e+03 2.895990722161940201e-01
1.620000000000000000e+03 -4.042253767506862744e-02
1.622000000000000000e+03 -2.431889571498103142e-01
1.624000000000000000e+03 -2.879628673051694565e-01
1.626000000000000000e+03 -1.865863097501744838e-01
1.628000000000000000e+03 -2.880011975147431791e-01
1.630000000000000000e+03 2.565116392752003760e-01
1.632000000000000000e+03 -2.720205842244075578e-01
1.634000000000000000e+03 3.348281726333590114e-01
1.636000000000000000e+03 4.679578946003520312e-01
1.638000000000000000e+03 4.180518336390861012e-01
1.640000000000000000e+03 -3.460555437664068062e-02
1.642000000000000000e+03 2.820595685799387464e-01
1.644000000000000000e+03 2.207041875989396995e-01
1.646000000000000000e+03 -1.478114820926436923e-01
1.648000000000000000e+03 -2.280195346580670690e-01
1.650000000000000000e+03 5.445005790235384335e-01
1.652000000000000000e+03 4.357106472963258315e-02
1.654000000000000000e+03 -2.358279832239411067e-01
1.656000000000000000e+03 -1.525543998005002844e-01
1.658000000000000000e+03 -8.758651162885994212e-02
1.660000000000000000e+03 -2.103658913838138966e-01
1.662000000000000000e+03 4.082613281750229750e-01
1.664000000000000000e+03 4.412273306241554782e-01
1.666000000000000000e+03 -2.859352582663007292e-01
1.668000000000000000e+03 -2.752439433999328000e-01
1.670000000000000000e+03 -4.267097534549752630e-02
1.672000000000000000e+03 3.003582640859236291e-02
1.674000000000000000e+03 2.781734954565221463e-01
1.676000000000000000e+03 -9.733708744882439354e-03
1.678000000000000000e+03 -2.790851655559328237e-01
1.680000000000000000e+03 -2.074402059962909828e-01
1.682000000000000000e+03 -1.477901293531861115e-01
1.684000000000000000e+03 -1.894742011810057747e-01
1.686000000000000000e+03 -5.423388922366705056e-02
1.688000000000000000e+03 -2.768315112416243062e-01
1.690000000000000000e+03 2.390335491259257816e-01
1.692000000000000000e+03 2.069733695364681381e-01
1.694000000000000000e+03 -1.086612941450521008e-01
1.696000000000000000e+03 1.129151854588116705e-01
1.698000000000000000e+03 2.729693151179678201e-02
1.700000000000000000e+03 -2.085518650148717179e-01
1.702000000000000000e+03 -2.846901244935534092e-01
1.704000000000000000e+03 -2.195190075286617970e-01
1.706000000000000000e+03 -2.760381740555745145e-01
1.708000000000000000e+03 -2.838635827822889590e-01
1.710000000000000000e+03 4.685282379000373365e-01
1.712000000000000000e+03 3.180862168636429677e-01
1.714000000000000000e+03 2.468077212120747266e-01
1.716000000000000000e+03 2.668738989355027291e-01
1.718000000000000000e+03 -1.334842278137668425e-01
1.720000000000000000e+03 -6.036240839168391034e-03
1.722000000000000000e+03 -3.567033436166926197e-02
1.724000000000000000e+03 2.208148313527583118e-01
1.726000000000000000e+03 5.543898074396392053e-03
1.728000000000000000e+03 -1.933038902021463334e-01
1.730000000000000000e+03 3.794365920346841614e-01
1.732000000000000000e+03 1.211161971238735036e-01
1.734000000000000000e+03 4.961961091198910379e-01
1.736000000000000000e+03 2.856247339424511367e-01
1.738000000000000000e+03 -3.196282418218383825e-02
1.740000000000000000e+03 -2.502788207018136757e-01
1.742000000000000000e+03 -2.628022844709322348e-01
1.744000000000000000e+03 2.748871020239559981e-01
1.746000000000000000e+03 2.707944036678188240e-02
1.748000000000000000e+03 -3.439382877935896754e-02
1.750000000000000000e+03 1.257378636524487947e-01
1.752000000000000000e+03 -2.822717416322655382e-01
1.754000000000000000e+03 -2.734297697014649864e-01
1.756000000000000000e+03 -2.313872143920027991e-01
1.758000000000000000e+03 -1.031912531435704716e-01
1.760000000000000000e+03 2.644999068099335160e-01
1.762000000000000000e+03 -2.887188266001577408e-01
1.764000000000000000e+03 -2.722261660553422780e-01
1.766000000000000000e+03 -1.941523794744171305e-01
1.768000000000000000e+03 -2.525374424507604298e-01
1.770000000000000000e+03 -1.860600141475060587e-01
1.772000000000000000e+03 -2.095999526372070154e-01
1.774000000000000000e+03 4.034560654743498676e-01
1.776000000000000000e+03 -2.886787634042733419e-01
1.778000000000000000e+03 1.496769827065206337e-01
1.780000000000000000e+03 -1.702756360756260412e-01
1.782000000000000000e+03 4.712389877687717110e-01
1.784000000000000000e+03 2.949387795367177101e-01
1.786000000000000000e+03 4.093855347634430264e-01
1.788000000000000000e+03 3.624110285373462192e-02
1.790000000000000000e+03 -3.295050328719669602e-02
1.792000000000000000e+03 -2.803667778234142927e-01
1.794000000000000000e+03 -1.780515869006842056e-01
1.796000000000000000e+03 -8.710605508163904442e-02
1.798000000000000000e+03 5.798123079068822072e-01
1.800000000000000000e+03 9.561448332220316704e-02
1.802000000000000000e+03 -9.299145329554371620e-02
1.804000000000000000e+03 1.591956924203347806e-02
1.806000000000000000e+03 -2.857173519625550995e-01
1.808000000000000000e+03 -8.155873304797658929e-02
1.810000000000000000e+03 1.035446742358555744e-01
1.812000000000000000e+03 1.360836281101375778e-01
1.814000000000000000e+03 -2.796267842889670341e-01
1.816000000000000000e+03 -8.740885355123334532e-02
1.818000000000000000e+03 -2.437463646649652704e-01
1.820000000000000000e+03 -2.321144417552156447e-01
1.822000000000000000e+03 5.275634409845115780e-01
1.824000000000000000e+03 2.273878607307358579e-01
1.826000000000000000e+03 5.760286363324433889e-01
1.828000000000000000e+03 -2.785535306169638070e-01
1.830000000000000000e+03 -2.783706724779532182e-01
1.832000000000000000e+03 2.578394540126648926e-01
1.834000000000000000e+03 -2.883959560512593945e-01
1.836000000000000000e+03 -7.042940439724477975e-02
1.838000000000000000e+03 -2.707048235295346772e-01
1.840000000000000000e+03 -2.671729688972073191e-01
1.842000000000000000e+03 2.617123050308913790e-01
1.844000000000000000e+03 -1.936383050118284932e-01
1.846000000000000000e+03 8.224791857176069754e-02
1.848000000000000000e+03 -2.440826240620476151e-01
1.850000000000000000e+03 -1.086129211956568252e-01
1.852000000000000000e+03 -2.590422978939272425e-01
1.854000000000000000e+03 -1.476759740353203454e-01
1.856000000000000000e+03 -1.898651837634258155e-01
1.858000000000000000e+03 -2.578367045159802307e-01
1.860000000000000000e+03 -2.813993554397231089e-01
1.862000000000000000e+03 -1.033368597741928935e-01
1.864000000000000000e+03 -2.095041120133539214e-01
1.866000000000000000e+03 1.528548892149807041e-02
1.868000000000000000e+03 -3.180085030715248083e-03
1.870000000000000000e+03 -2.022593841394968173e-01
1.872000000000000000e+03 4.308195280554540790e-02
1.874000000000000000e+03 -2.662555556556275294e-01
1.876000000000000000e+03 3.022120608919494078e-01
1.878000000000000000e+03 1.517312884766273962e-01
1.880000000000000000e+03 -2.152265073048450772e-01
1.882000000000000000e+03 -9.803194061716322127e-02
1.884000000000000000e+03 3.610641713633578331e-01
1.886000000000000000e+03 7.699496662462887442e-02
1.888000000000000000e+03 3.346804182794131388e-01
1.890000000000000000e+03 1.262555057040830875e-01
1.892000000000000000e+03 1.631889819795360463e-01
1.894000000000000000e+03 4.305888120360240601e-01
1.896000000000000000e+03 -2.784577691848396652e-01
1.898000000000000000e+03 -2.765659905929743201e-01
1.900000000000000000e+03 -1.658424135760609985e-01
1.902000000000000000e+03 2.606755808051949841e-01
1.904000000000000000e+03 -2.832520161152534688e-01
1.906000000000000000e+03 -1.613446905652799468e-01
1.908000000000000000e+03 -2.188259599240169051e-01
1.910000000000000000e+03 -2.809636573802967718e-01
1.912000000000000000e+03 -1.986029913367726996e-01
1.914000000000000000e+03 -1.904266562164824983e-01
1.916000000000000000e+03 3.520967543460884475e-01
1.918000000000000000e+03 -2.238158817115676325e-01
1.920000000000000000e+03 1.977630486340833660e-01
1.922000000000000000e+03 3.627854517996569328e-01
1.924000000000000000e+03 -4.044910582742573812e-02
1.926000000000000000e+03 -2.314536278364789368e-01
1.928000000000000000e+03 5.459345639903927516e-01
1.930000000000000000e+03 5.284017251969261864e-01
1.932000000000000000e+03 -2.104003807739192600e-01
1.934000000000000000e+03 -5.884766892315354547e-02
1.936000000000000000e+03 5.558372803593005784e-01
1.938000000000000000e+03 -7.695702757109104675e-02
1.940000000000000000e+03 -1.943591886337141805e-01
1.942000000000000000e+03 -1.621520244012375211e-01
1.944000000000000000e+03 -5.964233235559819601e-02
1.946000000000000000e+03 -1.380072522770664778e-01
1.948000000000000000e+03 -2.605513869424734841e-01
1.950000000000000000e+03 4.405592293508903690e-01
1.952000000000000000e+03 6.645034833782798023e-02
1.954000000000000000e+03 -3.980140936657694528e-02
1.956000000000000000e+03 -2.814293343304834494e-01
1.958000000000000000e+03 7.048829576788091800e-02
1.960000000000000000e+03 -1.743004363703054838e-01
1.962000000000000000e+03 -2.903140561749042448e-01
1.964000000000000000e+03 -1.617911462164283720e-01
1.966000000000000000e+03 5.025944232405825662e-01
1.968000000000000000e+03 -2.264516000919324090e-02
1.970000000000000000e+03 3.075463436216815394e-01
1.972000000000000000e+03 -2.493861993307987801e-01
1.974000000000000000e+03 -2.797588837537181017e-01
1.976000000000000000e+03 -2.785459154838580420e-01
1.978000000000000000e+03 4.032290618300279905e-01
1.980000000000000000e+03 -2.392885833087449732e-01
1.982000000000000000e+03 1.445286167456726334e-01
1.984000000000000000e+03 -1.613306033471517131e-01
1.986000000000000000e+03 1.652618599897110463e-01
1.988000000000000000e+03 -1.429804542254129451e-01
1.990000000000000000e+03 -2.466949480260531291e-01
1.992000000000000000e+03 3.580584740628586227e-01
1.994000000000000000e+03 4.607382114414121932e-01
1.996000000000000000e+03 7.445611073706126515e-02
1.998000000000000000e+03 1.143193599828017104e-01
2.000000000000000000e+03 -2.434751532678915975e-01
2.002000000000000000e+03 -2.560123086942336368e-01
2.004000000000000000e+03 -1.477901244397347158e-01
2.006000000000000000e+03 -2.894194588758884912e-01
2.008000000000000000e+03 -2.780137141618927443e-01
2.010000000000000000e+03 4.054026030827441729e-01
2.012000000000000000e+03 3.832714574509989980e-01
2.014000000000000000e+03 4.189815412288019902e-01
2.016000000000000000e+03 -7.545191301599134259e-02
2.018000000000000000e+03 -2.867623398616588326e-01
2.020000000000000000e+03 -8.057622651915393591e-03
2.022000000000000000e+03 4.867824070237712908e-01
2.024000000000000000e+03 5.009660919651049982e-01
2.026000000000000000e+03 -2.270269015711896543e-01
2.028000000000000000e+03 -2.032229074187394402e-01
2.030000000000000000e+03 7.123180949590937616e-02
2.032000000000000000e+03 3.331012988001175734e-01
2.034000000000000000e+03 1.055849701494893655e-01
2.036000000000000000e+03 4.403176232125807776e-01
2.038000000000000000e+03 -1.893358907990287388e-01
2.040000000000000000e+03 -2.846185946680894127e-02
2.042000000000000000e+03 -1.866170979867855517e-01
2.044000000000000000e+03 1.998418584789223573e-01
2.046000000000000000e+03 -2.298856023840412932e-01
2.048000000000000000e+03 -2.591802467695696888e-01
2.050000000000000000e+03 -7.516166175867630694e-02
2.052000000000000000e+03 -2.641600724313392101e-01
2.054000000000000000e+03 -2.848927257269736057e-01
2.056000000000000000e+03 -2.119623442928416923e-01
2.058000000000000000e+03 -2.795479007018827344e-01
2.060000000000000000e+03 -2.906785278710828924e-01
2.062000000000000000e+03 5.363964141129963226e-01
2.064000000000000000e+03 4.985872651067968508e-01
2.066000000000000000e+03 -2.894021780527124554e-01
2.068000000000000000e+03 2.015521813117580885e-01
2.070000000000000000e+03 4.669398796322110634e-01
2.072000000000000000e+03 -2.720491974894052034e-01
2.074000000000000000e+03 -1.335021014639973247e-01
2.076000000000000000e+03 1.064822882852825281e-01
2.078000000000000000e+03 -6.541584953131396318e-02
2.080000000000000000e+03 -2.324080841894947680e-01
2.082000000000000000e+03 -2.803588843680432929e-01
2.084000000000000000e+03 5.105396544196775244e-01
2.086000000000000000e+03 8.115108434270831839e-02
2.088000000000000000e+03 -2.497365011986651673e-01
2.090000000000000000e+03 -1.889548424145302830e-01
2.092000000000000000e+03 -1.707252789221176126e-01
2.094000000000000000e+03 9.861380109813472003e-03
2.096000000000000000e+03 2.997082079386523823e-01
2.098000000000000000e+03 -1.431374108623540142e-01
2.100000000000000000e+03 -2.754081413245696441e-01
2.102000000000000000e+03 -2.492116559415700761e-01
2.104000000000000000e+03 1.792025779948779041e-01
2.106000000000000000e+03 2.542786198682397414e-01
2.108000000000000000e+03 -2.583505363927594001e-01
2.110000000000000000e+03 5.549468656393338195e-01
2.112000000000000000e+03 2.898193491462655036e-01
2.114000000000000000e+03 -7.558128899082436347e-02
2.116000000000000000e+03 -2.901428514224276833e-01
2.118000000000000000e+03 -2.038918743273617495e-01
2.120000000000000000e+03 -2.286975094200394132e-01
2.122000000000000000e+03 3.122086362961515871e-01
2.124000000000000000e+03 -2.695787329876377925e-01
2.126000000000000000e+03 -1.945738463398865303e-01
2.128000000000000000e+03 -1.617920618751033102e-01
2.130000000000000000e+03 6.937528390544803192e-02
2.132000000000000000e+03 -2.355740704863784896e-01
2.134000000000000000e+03 -2.806623193698598029e-01
2.136000000000000000e+03 -2.764758386446568017e-01
2.138000000000000000e+03 -2.595844936897309663e-01
2.140000000000000000e+03 -1.814001686838071226e-01
2.142000000000000000e+03 1.056815516954862505e-01
2.144000000000000000e+03 4.057435160437435351e-01
2.146000000000000000e+03 -2.808002033742550418e-01
2.148000000000000000e+03 -2.746414815730133796e-01
2.150000000000000000e+03 -2.848555169691794342e-01
2.152000000000000000e+03 -1.897910868682871899e-01
2.154000000000000000e+03 -2.485709323287199901e-01
2.156000000000000000e+03 3.398248624370283633e-01
2.158000000000000000e+03 4.032306543619398331e-01
2.160000000000000000e+03 -1.137732808381218819e-01
2.162000000000000000e+03 -2.126030841317405329e-01
2.164000000000000000e+03 1.110545439039979515e-01
2.166000000000000000e+03 -2.297015508306635700e-01
2.168000000000000000e+03 -8.228385239032638687e-02
2.170000000000000000e+03 -3.502456682341586330e-02
2.172000000000000000e+03 -1.188913245032919980e-01
2.174000000000000000e+03 -2.854584643128574850e-01
2.176000000000000000e+03 -2.667565074172471573e-01
2.178000000000000000e+03 2.645516903206810988e-01
2.180000000000000000e+03 -1.303020134146253353e-02
2.182000000000000000e+03 -2.866000330150230563e-02
2.184000000000000000e+03 7.736465461242625352e-02
2.186000000000000000e+03 -4.672154068352571410e-02
2.188000000000000000e+03 1.284575358840518711e-01
2.190000000000000000e+03 -8.703125662273808461e-02
2.192000000000000000e+03 -2.075960053589991083e-01
2.194000000000000000e+03 1.629698828947276634e-01
2.196000000000000000e+03 -5.787034384125241265e-02
2.198000000000000000e+03 2.815402064847606911e-01
2.200000000000000000e+03 -2.899745433757265900e-01
2.202000000000000000e+03 -1.895311084205036078e-01
2.204000000000000000e+03 -1.188098322184922007e-01
2.206000000000000000e+03 1.476569342397094919e-01
2.208000000000000000e+03 -2.155358238467620924e-01
2.210000000000000000e+03 2.427318123312721398e-01
2.212000000000000000e+03 4.985882194129903633e-01
2.214000000000000000e+03 4.095931997981190342e-01
2.216000000000000000e+03 -2.623980179400295931e-01
2.218000000000000000e+03 -2.843419212709747401e-01
2.220000000000000000e+03 -2.834101601534158021e-01
2.222000000000000000e+03 -2.835693881253557036e-01
2.224000000000000000e+03 -2.431878043658630417e-01
2.226000000000000000e+03 1.319416701849281393e-01
2.228000000000000000e+03 1.430869215153108553e-01
2.230000000000000000e+03 -2.770509525026543796e-01
2.232000000000000000e+03 -7.391104536093143738e-03
2.234000000000000000e+03 1.956042659749127333e-01
2.236000000000000000e+03 -2.789638124142859721e-01
2.238000000000000000e+03 6.505542114927155561e-02
2.240000000000000000e+03 -2.130637732269519136e-01
2.242000000000000000e+03 3.346802562604954678e-01
2.244000000000000000e+03 -2.899051639651480938e-01
2.246000000000000000e+03 -1.476830499395787588e-01
2.248000000000000000e+03 -1.573620586739388760e-01
2.250000000000000000e+03 2.433939640894494660e-01
2.252000000000000000e+03 -2.882826784678723109e-01
2.254000000000000000e+03 2.264585188429743268e-01
2.256000000000000000e+03 2.279890239460976853e-01
2.258000000000000000e+03 1.829000214061122787e-01
2.260000000000000000e+03 3.771429558840173057e-01
2.262000000000000000e+03 -2.596796335538012479e-01
2.264000000000000000e+03 4.697980952060537008e-01
2.266000000000000000e+03 -1.867964422786472789e-01
2.268000000000000000e+03 -9.251299655850701853e-02
2.270000000000000000e+03 1.545814064784484243e-01
2.272000000000000000e+03 9.113477913470145741e-02
2.274000000000000000e+03 5.744899656993175674e-02
2.276000000000000000e+03 -2.437263297124658001e-01
2.278000000000000000e+03 -1.338091754106758846e-01
2.280000000000000000e+03 7.348782898740904845e-02
2.282000000000000000e+03 -2.664985131559328702e-01
2.284000000000000000e+03 1.939172495818353853e-02
2.286000000000000000e+03 1.620427187783356204e-01
2.288000000000000000e+03 1.941115119118121957e-01
2.290000000000000000e+03 -2.504211149837602401e-01
2.292000000000000000e+03 -2.226281219347691354e-01
2.294000000000000000e+03 -2.772851588874413742e-01
2.296000000000000000e+03 -1.852502632522673998e-01
2.298000000000000000e+03 -2.822460525451438440e-01
2.300000000000000000e+03 4.693546772994159344e-01
2.302000000000000000e+03 -2.706039809395495155e-01
2.304000000000000000e+03 3.609073043520363289e-01
2.306000000000000000e+03 1.106834539169724435e-02
2.308000000000000000e+03 3.881970872041123899e-01
2.310000000000000000e+03 9.767876544228119851e-02
2.312000000000000000e+03 -2.707950903725287461e-01
2.314000000000000000e+03 -2.711645753145039972e-01
2.316000000000000000e+03 5.679675439975788720e-01
2.318000000000000000e+03 4.261483806765747895e-01
2.320000000000000000e+03 -2.587094730541658061e-01
2.322000000000000000e+03 8.443438416921530965e-02
2.324000000000000000e+03 -5.223465891369737102e-02
2.326000000000000000e+03 1.526948657800199505e-01
2.328000000000000000e+03 -2.409077578006058040e-01
2.330000000000000000e+03 -1.862763527042719802e-01
2.332000000000000000e+03 3.285731428374740748e-01
2.334000000000000000e+03 -2.796448243345838747e-01
2.336000000000000000e+03 1.070207174350854967e-01
2.338000000000000000e+03 3.587136715351403327e-01
2.340000000000000000e+03 -1.521905039397040138e-01
2.342000000000000000e+03 1.524315508552572529e-01
2.344000000000000000e+03 5.425631651791869986e-02
2.346000000000000000e+03 2.893084664526738292e-01
2.348000000000000000e+03 -2.561931363317451749e-01
2.350000000000000000e+03 -2.290997145817014746e-01
2.352000000000000000e+03 -2.899138513105214976e-01
2.354000000000000000e+03 -1.991103386002839870e-01
2.356000000000000000e+03 4.362216046195804137e-02
2.358000000000000000e+03 4.001861773894069274e-01
2.360000000000000000e+03 -1.360919194232399626e-03
2.362000000000000000e+03 2.110282945404846899e-01
2.364000000000000000e+03 -7.021862909478292225e-02
2.366000000000000000e+03 8.355138240357276591e-02
2.368000000000000000e+03 1.701651370317480982e-01
2.370000000000000000e+03 2.432352528239325185e-01
2.372000000000000000e+03 5.583311330715073906e-01
2.374000000000000000e+03 2.705124772575863701e-01
2.376000000000000000e+03 -2.541919246788676978e-01
2.378000000000000000e+03 2.313495527592470125e-01
2.380000000000000000e+03 -2.234131503243114714e-01
2.382000000000000000e+03 7.974389811249282811e-02
2.384000000000000000e+03 9.009637223239452819e-02
2.386000000000000000e+03 -2.834825845898286123e-01
2.388000000000000000e+03 6.431538261249986066e-02
2.390000000000000000e+03 2.838418115858996615e-01
2.392000000000000000e+03 -3.099412332069843498e-02
2.394000000000000000e+03 2.738883899931025545e-01
2.396000000000000000e+03 -2.871828405575114207e-01
2.398000000000000000e+03 -2.753209057293102835e-01
2.400000000000000000e+03 -2.808374126358761935e-01
2.402000000000000000e+03 -2.470964946101433801e-01
2.404000000000000000e+03 -2.755828631797268002e-01
2.406000000000000000e+03 -8.152896433922304786e-02
2.408000000000000000e+03 -9.774244793629947858e-02
2.410000000000000000e+03 2.998439008976893083e-01
2.412000000000000000e+03 -4.148077523894652674e-02
2.414000000000000000e+03 -2.840701532772383908e-01
2.416000000000000000e+03 5.688269092680231509e-01
2.418000000000000000e+03 4.656658963894357850e-01
2.420000000000000000e+03 -2.656099727459239612e-01
2.422000000000000000e+03 -2.408655866145593405e-01
2.424000000000000000e+03 -2.817809953718691252e-01
2.426000000000000000e+03 -9.305008450636466366e-02
2.428000000000000000e+03 4.399551299483830946e-01
2.430000000000000000e+03 1.475079667916321113e-01
2.432000000000000000e+03 2.729972823270271909e-01
2.434000000000000000e+03 1.620596183077872288e-01
2.436000000000000000e+03 3.968604899288071808e-01
2.438000000000000000e+03 -2.680189483136750095e-01
2.440000000000000000e+03 1.168342351659203693e-01
2.442000000000000000e+03 5.664723976962824370e-01
2.444000000000000000e+03 3.049530909243594601e-01
2.446000000000000000e+03 3.211171180705994499e-01
2.448000000000000000e+03 -4.315018634596655932e-03
2.450000000000000000e+03 2.040858107515055309e-01
2.452000000000000000e+03 -2.858015069081299431e-01
2.454000000000000000e+03 4.782986461885051499e-01
2.456000000000000000e+03 4.702082177976940058e-01
2.458000000000000000e+03 -2.883730763094066174e-01
2.460000000000000000e+03 -2.010180036124950831e-01
2.462000000000000000e+03 2.855930512307691127e-01
2.464000000000000000e+03 -1.431991656895564846e-01
2.466000000000000000e+03 -2.234714668650826241e-01
2.468000000000000000e+03 -1.624132430065371446e-01
2.470000000000000000e+03 -8.758080706197968190e-02
2.472000000000000000e+03 -2.830907292629371574e-01
2.474000000000000000e+03 2.042609311436979214e-01
2.476000000000000000e+03 -2.869765986272848068e-01
2.478000000000000000e+03 -2.861469348748382768e-01
2.480000000000000000e+03 -2.851352638577649423e-01
2.482000000000000000e+03 5.104029930334920140e-01
2.484000000000000000e+03 1.346635882937183004e-01
2.486000000000000000e+03 -1.561407610427986703e-01
2.488000000000000000e+03 -3.269941760968832906e-02
2.490000000000000000e+03 -1.700261802716065418e-01
2.492000000000000000e+03 5.643086107506261051e-01
2.494000000000000000e+03 8.935666458906518783e-02
2.496000000000000000e+03 -9.695284603268858326e-02
2.498000000000000000e+03 -2.917529231234025633e-01
2.500000000000000000e+03 -2.452626369256423189e-01
2.502000000000000000e+03 2.166304297945940427e-01
2.504000000000000000e+03 5.050215951043545148e-01
2.506000000000000000e+03 3.998400546717541526e-01
2.508000000000000000e+03 -3.301512163261195038e-02
2.510000000000000000e+03 4.002841358361241553e-01
2.512000000000000000e+03 4.128670361752932380e-03
2.514000000000000000e+03 -1.660565522765423130e-01
2.516000000000000000e+03 -1.385601946050292743e-01
2.518000000000000000e+03 2.250889930324113386e-01
2.520000000000000000e+03 -2.268516605721677265e-02
2.522000000000000000e+03 5.385539519470307068e-01
2.524000000000000000e+03 -2.900087661476322687e-01
2.526000000000000000e+03 -1.841237036679507222e-01
2.528000000000000000e+03 1.245927793818605162e-01
2.530000000000000000e+03 -2.401438425981110569e-01
2.532000000000000000e+03 1.147734024362039446e-01
2.534000000000000000e+03 2.980571046537978108e-01
2.536000000000000000e+03 -2.716744322967147296e-01
2.538000000000000000e+03 3.161154197630228757e-01
2.540000000000000000e+03 -4.580954703177960580e-02
2.542000000000000000e+03 -7.520377869008429417e-02
2.544000000000000000e+03 5.905055574964333115e-02
2.546000000000000000e+03 3.318421318357628325e-01
2.548000000000000000e+03 -2.053617580277773969e-01
2.550000000000000000e+03 -2.902539578128207620e-01
2.552000000000000000e+03 5.325492330471678221e-02
2.554000000000000000e+03 3.134738774856471715e-03
2.556000000000000000e+03 4.365331323982014067e-01
2.558000000000000000e+03 -1.570861022157946929e-01
2.560000000000000000e+03 -2.776302428350994056e-01
2.562000000000000000e+03 9.760202318160146606e-02
2.564000000000000000e+03 -2.353261738332351471e-01
2.566000000000000000e+03 -1.690560222126082091e-01
2.568000000000000000e+03 -2.876757573471703244e-01
2.570000000000000000e+03 5.412603559131520109e-02
2.572000000000000000e+03 -2.265529371839577200e-01
2.574000000000000000e+03 5.091815226702509772e-02
2.576000000000000000e+03 4.009095009117587538e-01
2.578000000000000000e+03 -2.905994755213132663e-01
2.580000000000000000e+03 -2.633482370695303665e-01
2.582000000000000000e+03 2.793033205702232236e-01
2.584000000000000000e+03 2.692281849783178527e-01
2.586000000000000000e+03 4.624337982677445558e-01
2.588000000000000000e+03 1.112762497731255851e-01
2.590000000000000000e+03 -1.868742866236206834e-01
2.592000000000000000e+03 -2.170805067408059230e-01
2.594000000000000000e+03 -3.952570464238149006e-02
2.596000000000000000e+03 4.861822710163957728e-01
2.598000000000000000e+03 -2.252462163476775525e-01
2.600000000000000000e+03 5.025961432411943930e-01
2.602000000000000000e+03 -8.155773489586755354e-02
2.604000000000000000e+03 1.351814180789625841e-01
2.606000000000000000e+03 -9.268524263604589752e-02
2.608000000000000000e+03 2.998421126034591100e-01
2.610000000000000000e+03 4.811707992954865065e-01
2.612000000000000000e+03 -1.238177169704245961e-01
2.614000000000000000e+03 1.355085739959819846e-01
2.616000000000000000e+03 -4.002703005138107811e-02
2.618000000000000000e+03 -1.815824557217368962e-01
2.620000000000000000e+03 -1.820410847067088500e-01
2.622000000000000000e+03 1.211697319921366117e-01
2.624000000000000000e+03 -1.642122028733678518e-01
2.626000000000000000e+03 3.134731628510719625e-01
2.628000000000000000e+03 5.869354355145021919e-04
2.630000000000000000e+03 5.151370791575117236e-01
2.632000000000000000e+03 -2.713037395169375365e-01
2.634000000000000000e+03 -2.148017966201720697e-01
2.636000000000000000e+03 -1.605878673910990928e-01
2.638000000000000000e+03 -2.441253511496717099e-01
2.640000000000000000e+03 1.351808932853814649e-01
2.642000000000000000e+03 3.176613909839515748e-01
2.644000000000000000e+03 -2.897976074758548681e-01
2.646000000000000000e+03 -1.798477063082805638e-01
2.648000000000000000e+03 -2.825932257145129523e-01
2.650000000000000000e+03 -4.195300952802735045e-02
2.652000000000000000e+03 2.617392319938671719e-01
2.654000000000000000e+03 -2.512837177344293127e-01
2.656000000000000000e+03 -1.735319808274737585e-01
2.658000000000000000e+03 -2.734459462832101173e-01
2.660000000000000000e+03 -2.796801997350596425e-01
2.662000000000000000e+03 -2.789110710756805833e-01
2.664000000000000000e+03 5.721084885078526749e-01
2.666000000000000000e+03 2.180448988917698117e-01
2.668000000000000000e+03 -2.439425218601320167e-01
2.670000000000000000e+03 4.736337350478679320e-01
2.672000000000000000e+03 -2.852923267554123288e-01
2.674000000000000000e+03 -2.664160528758720003e-01
2.676000000000000000e+03 1.985355329369902222e-01
2.678000000000000000e+03 -3.356194051446845933e-02
2.680000000000000000e+03 6.150884000294316173e-02
2.682000000000000000e+03 1.439625730198222653e-01
2.684000000000000000e+03 8.088047087188360296e-02
2.686000000000000000e+03 5.714403448308720268e-01
2.688000000000000000e+03 1.687861089474071985e-01
2.690000000000000000e+03 -9.268431585258371519e-02
2.692000000000000000e+03 3.104333001443639883e-01
2.694000000000000000e+03 -1.086177813672059844e-01
2.696000000000000000e+03 3.657078785499555118e-01
2.698000000000000000e+03 -2.828463890149959248e-01
2.700000000000000000e+03 -2.370001550714287142e-01
2.702000000000000000e+03 -5.086902972854761423e-02
2.704000000000000000e+03 1.401730198887562173e-01
2.706000000000000000e+03 7.773808273128367252e-02
2.708000000000000000e+03 -2.474276413162719013e-01
2.710000000000000000e+03 -2.875592486927393554e-01
2.712000000000000000e+03 1.147238597600822169e-01
2.714000000000000000e+03 -1.336957286165946501e-01
2.716000000000000000e+03 1.334448529864208088e-01
2.718000000000000000e+03 -2.629477226375454557e-01
2.720000000000000000e+03 -1.851043618697943705e-01
2.722000000000000000e+03 4.537386728248827585e-03
2.724000000000000000e+03 -2.162442077559226239e-01
2.726000000000000000e+03 -1.917334212093348977e-01
2.728000000000000000e+03 4.906868019476127163e-01
2.730000000000000000e+03 -2.214869735995055877e-01
2.732000000000000000e+03 -1.572676805691128887e-01
2.734000000000000000e+03 -2.610585855139894162e-01
2.736000000000000000e+03 5.121320761085890183e-01
2.738000000000000000e+03 -2.626539175634592382e-01
2.740000000000000000e+03 3.486668217030124417e-01
2.742000000000000000e+03 -2.038149813138978583e-02
2.744000000000000000e+03 3.637182769003787647e-02
2.746000000000000000e+03 -2.031252497796584566e-01
2.748000000000000000e+03 -6.383561072982803231e-02
2.750000000000000000e+03 -2.268322896222223495e-01
2.752000000000000000e+03 -2.791724273437634074e-01
2.754000000000000000e+03 2.328683661762785684e-02
2.756000000000000000e+03 -2.632374634136560587e-01
2.758000000000000000e+03 3.862287591433932188e-01
2.760000000000000000e+03 -3.543995020031623366e-02
2.762000000000000000e+03 -1.598039553525384265e-02
2.764000000000000000e+03 -2.381576039622647079e-01
2.766000000000000000e+03 2.851545656482363245e-01
2.768000000000000000e+03 -2.563574032586070084e-01
2.770000000000000000e+03 1.522275975841460849e-01
2.772000000000000000e+03 -1.695385215863256800e-01
2.774000000000000000e+03 2.717300794405973496e-01
2.776000000000000000e+03 3.388574388871768983e-01
2.778000000000000000e+03 -3.946103264353963830e-02
2.780000000000000000e+03 -2.823740631095391640e-01
2.782000000000000000e+03 -9.214933995935156719e-02
2.784000000000000000e+03 -2.589129421772298767e-01
2.786000000000000000e+03 -2.856937240770216491e-01
2.788000000000000000e+03 -2.775587493663240202e-01
2.790000000000000000e+03 -2.162438622435766955e-01
2.792000000000000000e+03 -1.573082778296568118e-01
2.794000000000000000e+03 9.655694410752979628e-02
2.796000000000000000e+03 3.862277407287327824e-01
2.798000000000000000e+03 1.781557968853796775e-02
2.800000000000000000e+03 4.398185621165999204e-01
2.802000000000000000e+03 3.434242796046506063e-01
2.804000000000000000e+03 2.871460938180321332e-01
2.806000000000000000e+03 -2.437253444265027602e-01
2.808000000000000000e+03 3.912832994329774605e-01
2.810000000000000000e+03 2.237384718992130039e-01
2.812000000000000000e+03 -2.207348291978875332e-01
2.814000000000000000e+03 -7.477774915162964386e-02
2.816000000000000000e+03 -2.070679658403981882e-01
2.818000000000000000e+03 1.381572061600333245e-01
2.820000000000000000e+03 -1.884378669220948821e-01
2.822000000000000000e+03 -1.239350095358449227e-01
2.824000000000000000e+03 4.566202969932788291e-01
2.826000000000000000e+03 9.005162733664660857e-02
2.828000000000000000e+03 -2.888513293836378892e-01
2.830000000000000000e+03 -2.866960654349955395e-01
2.832000000000000000e+03 9.016425688241451464e-02
2.834000000000000000e+03 -8.710591594117833569e-02
2.836000000000000000e+03 -2.547207271806202211e-01
2.838000000000000000e+03 -2.728436633183570215e-01
2.840000000000000000e+03 3.382412335694895411e-01
2.842000000000000000e+03 2.028322867142522412e-01
2.844000000000000000e+03 3.955200883962961544e-01
2.846000000000000000e+03 -2.709612107300063411e-01
2.848000000000000000e+03 -2.194932724858873752e-01
2.850000000000000000e+03 4.701185673797431130e-01
2.852000000000000000e+03 5.009675057605694759e-01
2.854000000000000000e+03 2.764076369777333508e-01
2.856000000000000000e+03 -2.589601961674338759e-01
2.858000000000000000e+03 -2.611218405535263298e-01
2.860000000000000000e+03 -2.720537866715859177e-01
2.862000000000000000e+03 -2.318077141665395580e-01
2.864000000000000000e+03 -2.807992047132781277e-01
2.866000000000000000e+03 2.583212202146690784e-01
2.868000000000000000e+03 -2.823957923250411950e-01
2.870000000000000000e+03 4.323474712832350852e-01
2.872000000000000000e+03 -2.839712356413411354e-01
2.874000000000000000e+03 -2.228218526584587258e-02
2.876000000000000000e+03 3.907454087764137274e-01
2.878000000000000000e+03 -7.669457053423996140e-02
2.880000000000000000e+03 -2.229525894881701220e-01
2.882000000000000000e+03 -2.549031198948795707e-01
2.884000000000000000e+03 -2.883203137304232166e-01
2.886000000000000000e+03 -1.805660023723655305e-01
2.888000000000000000e+03 -2.900947358813736887e-01
2.890000000000000000e+03 2.424607406024139600e-01
2.892000000000000000e+03 -2.037444630712391680e-01
2.894000000000000000e+03 -2.719293403051595837e-01
2.896000000000000000e+03 -2.866868930680703254e-01
2.898000000000000000e+03 -2.527833072848545415e-01
2.900000000000000000e+03 -2.565587668118530229e-01
2.902000000000000000e+03 -1.337614431124468373e-01
2.904000000000000000e+03 2.456258451311955915e-01
2.906000000000000000e+03 2.500744012868929556e-01
2.908000000000000000e+03 -2.385207135107602350e-01
2.910000000000000000e+03 -2.684877275024497578e-01
2.912000000000000000e+03 2.478006205412881524e-01
2.914000000000000000e+03 -1.662816113251234795e-01
2.916000000000000000e+03 -5.192661682364016484e-02
2.918000000000000000e+03 -7.520364984478287995e-02
2.920000000000000000e+03 3.294938843868878697e-01
2.922000000000000000e+03 -1.032933099656518361e-01
2.924000000000000000e+03 -1.709340510145153924e-01
2.926000000000000000e+03 -2.729461178100139329e-01
2.928000000000000000e+03 -1.820407376336119210e-01
2.930000000000000000e+03 -5.853380553405735515e-02
2.932000000000000000e+03 3.092735110846359659e-01
2.934000000000000000e+03 1.787827773429354339e-01
2.936000000000000000e+03 4.115686194967494438e-01
2.938000000000000000e+03 -1.782645301051890563e-01
2.940000000000000000e+03 -1.085745506470701671e-01
2.942000000000000000e+03 4.116643101040280972e-01
2.944000000000000000e+03 -2.892490271835718718e-01
2.946000000000000000e+03 4.016926254768279358e-01
2.948000000000000000e+03 -2.118246188619375969e-01
2.950000000000000000e+03 5.798227416132643516e-03
2.952000000000000000e+03 -7.523335765624994745e-03
2.954000000000000000e+03 1.153834013328282060e-01
2.956000000000000000e+03 -8.469389578514048209e-03
2.958000000000000000e+03 -2.574636111718147102e-01
2.960000000000000000e+03 -9.790925853265751433e-02
2.962000000000000000e+03 -2.681181424316560549e-02
2.964000000000000000e+03 -1.802703678298932244e-01
2.966000000000000000e+03 -2.214975442458637367e-01
2.968000000000000000e+03 5.637168604901803270e-01
2.970000000000000000e+03 -2.082796323476248379e-01
2.972000000000000000e+03 -2.877748829468499414e-01
2.974000000000000000e+03 2.848035666218047268e-01
2.976000000000000000e+03 -1.289187657819184374e-01
2.978000000000000000e+03 -2.832362253757064741e-01
2.980000000000000000e+03 -2.707436906537271093e-01
2.982000000000000000e+03 -2.831960537612194240e-01
2.984000000000000000e+03 -4.042365873652464803e-02
2.986000000000000000e+03 -2.437814170148985271e-01
2.988000000000000000e+03 -2.353770303515712314e-01
2.990000000000000000e+03 2.389199183200854670e-01
2.992000000000000000e+03 -2.865744205371812403e-01
2.994000000000000000e+03 -2.391062837456813528e-01
2.996000000000000000e+03 1.579254175373428354e-02
2.998000000000000000e+03 5.050037365334157924e-01
3.000000000000000000e+03 2.511609904700132789e-01
3.002000000000000000e+03 5.029417167324128357e-01
3.004000000000000000e+03 -2.710301533443252864e-01
3.006000000000000000e+03 2.937590101299017986e-01
3.008000000000000000e+03 3.254397988960532895e-01
3.010000000000000000e+03 3.861736069460568466e-01
3.012000000000000000e+03 1.115235368293821805e-01
3.014000000000000000e+03 -2.879727447773551829e-01
3.016000000000000000e+03 -2.094027985872901065e-01
3.018000000000000000e+03 3.434235789988800414e-01
3.020000000000000000e+03 3.000187737560177648e-01
3.022000000000000000e+03 5.349309980762640970e-01
3.024000000000000000e+03 4.636433745823636543e-01
3.026000000000000000e+03 -2.845102976969335895e-01
3.028000000000000000e+03 -1.653981557744504116e-01
3.030000000000000000e+03 -2.288592504375604186e-02
3.032000000000000000e+03 -2.302500777748727745e-01
3.034000000000000000e+03 2.315744752427039699e-01
3.036000000000000000e+03 -2.440757725316295979e-01
3.038000000000000000e+03 -1.188681702963457487e-01
3.040000000000000000e+03 -2.829804318089507165e-01
3.042000000000000000e+03 8.471220866263752536e-02
3.044000000000000000e+03 8.000528172596377274e-02
3.046000000000000000e+03 6.961451824097934782e-02
3.048000000000000000e+03 1.905962949143211460e-01
3.050000000000000000e+03 -2.507244216678983229e-01
3.052000000000000000e+03 -2.549999873877572543e-01
3.054000000000000000e+03 -4.600184688584668669e-02
3.056000000000000000e+03 4.037664633162649230e-01
3.058000000000000000e+03 -2.870257972654340350e-01
3.060000000000000000e+03 -1.187413938148723092e-01
3.062000000000000000e+03 8.618256503841922878e-02
3.064000000000000000e+03 5.064127585674378373e-01
3.066000000000000000e+03 5.413449997738382091e-01
3.068000000000000000e+03 4.228299756441979418e-01
3.070000000000000000e+03 -1.899953919594645491e-01
3.072000000000000000e+03 2.776283105426513229e-02
3.074000000000000000e+03 9.990666349376847721e-02
3.076000000000000000e+03 -8.204880217842547285e-02
3.078000000000000000e+03 -1.655728741738607679e-01
3.080000000000000000e+03 4.757019991558852912e-01
3.082000000000000000e+03 -7.570564371493578026e-02
3.084000000000000000e+03 1.463802776562165842e-01
3.086000000000000000e+03 2.286311175341738666e-01
3.088000000000000000e+03 1.801681437114124318e-01
3.090000000000000000e+03 3.262635488424199814e-01
3.092000000000000000e+03 -2.845936964535487057e-01
3.094000000000000000e+03 1.714583919822937619e-01
3.096000000000000000e+03 1.347451835290629230e-01
3.098000000000000000e+03 1.220504761412453537e-01
3.100000000000000000e+03 5.055764300651175436e-01
3.102000000000000000e+03 -7.570564371493578026e-02
3.104000000000000000e+03 5.405021840587544979e-01
3.106000000000000000e+03 -1.432590183144744622e-01
3.108000000000000000e+03 -1.188843519231864154e-01
3.110000000000000000e+03 -1.337619019280767707e-01
3.112000000000000000e+03 -2.522672585882031471e-01
3.114000000000000000e+03 1.905967559085543217e-01
3.116000000000000000e+03 5.700200139487420214e-01
3.118000000000000000e+03 -2.375850287596355803e-01
3.120000000000000000e+03 -2.651858159160532802e-01
3.122000000000000000e+03 -2.211400262832047547e-01
3.124000000000000000e+03 -6.380748882334856542e-02
3.126000000000000000e+03 -7.111418194189235431e-02
3.128000000000000000e+03 3.675170784804982493e-01
3.130000000000000000e+03 -2.624612195154108624e-02
3.132000000000000000e+03 -1.719257539535052060e-01
3.134000000000000000e+03 -1.137259840430065311e-01
3.136000000000000000e+03 -2.839369895184897796e-01
3.138000000000000000e+03 -2.771993104403543406e-01
3.140000000000000000e+03 3.498045777065303952e-01
3.142000000000000000e+03 3.172064370409627965e-01
3.144000000000000000e+03 4.023786424084953572e-01
3.146000000000000000e+03 3.504699741049227546e-01
3.148000000000000000e+03 4.471506484666436521e-01
3.150000000000000000e+03 -1.240680817247729745e-01
3.152000000000000000e+03 1.558903375577967154e-01
3.154000000000000000e+03 -2.704371949199901315e-01
3.156000000000000000e+03 -2.684887000811335134e-01
3.158000000000000000e+03 -1.188204910788028673e-01
3.160000000000000000e+03 1.741375986665934794e-01
3.162000000000000000e+03 2.227750952476921231e-01
3.164000000000000000e+03 3.806269722368632036e-01
3.166000000000000000e+03 -1.947120397243174150e-01
3.168000000000000000e+03 -1.733790402805727715e-01
3.170000000000000000e+03 -2.794612697144721603e-01
3.172000000000000000e+03 1.872912024040048196e-01
3.174000000000000000e+03 9.433766533340130767e-02
3.176000000000000000e+03 -2.882269568928449988e-01
3.178000000000000000e+03 -2.874762522417262378e-01
3.180000000000000000e+03 -2.890205702570310953e-01
3.182000000000000000e+03 -2.857839196427662265e-01
3.184000000000000000e+03 5.360636698806209299e-01
3.186000000000000000e+03 -1.523729278235119444e-01
3.188000000000000000e+03 5.272160837594492833e-01
3.190000000000000000e+03 3.650275525705723445e-02
3.192000000000000000e+03 5.650456102122328739e-01
3.194000000000000000e+03 -2.878285298434707373e-01
3.196000000000000000e+03 -1.738585215591010313e-01
3.198000000000000000e+03 -2.093804228767967845e-01
3.200000000000000000e+03 3.160667817032240534e-01
3.202000000000000000e+03 1.691970642041369099e-01
3.204000000000000000e+03 1.840701657005844594e-01
3.206000000000000000e+03 5.880265712907800646e-02
3.208000000000000000e+03 -1.137329365981482043e-01
3.210000000000000000e+03 -1.773380630038642602e-01
3.212000000000000000e+03 -2.578523379715771946e-01
3.214000000000000000e+03 -1.523287045000367712e-01
3.216000000000000000e+03 4.177257677680952797e-01
3.218000000000000000e+03 -2.763541533198006217e-01
3.220000000000000000e+03 4.443373762774358027e-01
3.222000000000000000e+03 6.236941894012490439e-02
3.224000000000000000e+03 -1.945737160249988995e-01
3.226000000000000000e+03 3.128057841359723201e-01
3.228000000000000000e+03 1.924977059598529106e-01
3.230000000000000000e+03 1.787824845382864902e-01
3.232000000000000000e+03 8.592152285363177655e-02
3.234000000000000000e+03 5.466023608359817931e-01
3.236000000000000000e+03 -2.410850339830774847e-01
3.238000000000000000e+03 2.539873403607589841e-01
3.240000000000000000e+03 -2.522878790010663619e-01
3.242000000000000000e+03 -1.432447164306487053e-01
3.244000000000000000e+03 4.277388828750685601e-01
3.246000000000000000e+03 -2.162988622426472440e-01
3.248000000000000000e+03 4.288514480551549463e-02
3.250000000000000000e+03 7.850805229043070210e-02
3.252000000000000000e+03 -2.810265071534306380e-01
3.254000000000000000e+03 -2.421991187525171854e-02
3.256000000000000000e+03 1.594348995978737138e-01
3.258000000000000000e+03 -1.616116834942224467e-01
3.260000000000000000e+03 -2.831627014264715969e-01
3.262000000000000000e+03 2.824071220671437454e-01
3.264000000000000000e+03 -5.358995451504532798e-02
3.266000000000000000e+03 -7.533059753850065987e-02
3.268000000000000000e+03 3.870297332470025164e-01
3.270000000000000000e+03 -7.021862348577606605e-02
3.272000000000000000e+03 -2.811397246952540563e-01
3.274000000000000000e+03 -2.707721233592094712e-01
3.276000000000000000e+03 2.559253297121067416e-01
3.278000000000000000e+03 -2.228360451106720097e-02
3.280000000000000000e+03 -1.523405600430004225e-01
3.282000000000000000e+03 -2.825475392829793764e-01
3.284000000000000000e+03 5.589169398781719256e-01
3.286000000000000000e+03 1.682360236500579087e-01
3.288000000000000000e+03 -2.039112408895210338e-01
3.290000000000000000e+03 -2.855278141212449494e-01
3.292000000000000000e+03 -2.385877113352416479e-01
3.294000000000000000e+03 -2.140653564293393540e-01
3.296000000000000000e+03 -4.645147992548642052e-02
3.298000000000000000e+03 1.590964551281842665e-01
3.300000000000000000e+03 -2.737216830006851676e-01
3.302000000000000000e+03 -5.935612314777558712e-02
3.304000000000000000e+03 -1.549101569434058710e-02
3.306000000000000000e+03 -1.865009628006207565e-01
3.308000000000000000e+03 -2.178897930926219084e-01
3.310000000000000000e+03 -1.480731813742510727e-01
3.312000000000000000e+03 4.328819298443914443e-01
3.314000000000000000e+03 2.466897806707255003e-01
3.316000000000000000e+03 2.321828281881332945e-01
3.318000000000000000e+03 3.191670429519325586e-02
3.320000000000000000e+03 -4.107246231342042558e-02
3.322000000000000000e+03 4.320905938893252474e-01
3.324000000000000000e+03 -7.123444034389685153e-02
3.326000000000000000e+03 -1.809641440594733919e-01
3.328000000000000000e+03 -2.840537077343073258e-01
3.330000000000000000e+03 -2.834185464088410100e-01
3.332000000000000000e+03 -1.239481931075989418e-01
3.334000000000000000e+03 1.816742470137700238e-01
3.336000000000000000e+03 2.454222197487356261e-01
3.338000000000000000e+03 3.624042295408035075e-02
3.340000000000000000e+03 -2.294740326788515528e-01
3.342000000000000000e+03 -2.320637822678893181e-01
3.344000000000000000e+03 5.292196806161466455e-02
3.346000000000000000e+03 2.766232428905400220e-01
3.348000000000000000e+03 -2.731126368767938239e-01
3.350000000000000000e+03 -1.336415855103627315e-01
3.352000000000000000e+03 1.917615117932960633e-01
3.354000000000000000e+03 3.425710386809107111e-01
3.356000000000000000e+03 2.385443814916629324e-01
3.358000000000000000e+03 -2.855041017391717895e-01
3.360000000000000000e+03 -2.844577262680565433e-01
3.362000000000000000e+03 4.661088367192974674e-02
3.364000000000000000e+03 -2.865106687982234557e-01
3.366000000000000000e+03 1.842992523587011211e-01
3.368000000000000000e+03 -4.645135429779129188e-02
3.370000000000000000e+03 -1.531150395055068669e-01
3.372000000000000000e+03 3.681662292728734576e-01
3.374000000000000000e+03 6.079164798056570923e-02
3.376000000000000000e+03 -1.782228443688345376e-01
3.378000000000000000e+03 -3.334390710050305628e-02
3.380000000000000000e+03 -2.530330891969491680e-01
3.382000000000000000e+03 -1.517953572609924418e-01
3.384000000000000000e+03 -3.498160181595852403e-02
3.386000000000000000e+03 -9.157075812362251016e-03
3.388000000000000000e+03 -2.458367443322720391e-01
3.390000000000000000e+03 -2.723408917006532870e-01
3.392000000000000000e+03 -2.098419035066727278e-01
3.394000000000000000e+03 3.691850444609277027e-01
3.396000000000000000e+03 9.524775663990973917e-02
3.398000000000000000e+03 6.478203533080195697e-02
3.400000000000000000e+03 -2.846719262146543139e-01
3.402000000000000000e+03 -6.378857986295784210e-02
3.404000000000000000e+03 5.318563618187429620e-01
3.406000000000000000e+03 5.737012629387086005e-01
3.408000000000000000e+03 -2.643776752044851852e-01
3.410000000000000000e+03 -2.390870697166734005e-01
3.412000000000000000e+03 1.927346781321200714e-02
3.414000000000000000e+03 -9.365398984473567376e-03
3.416000000000000000e+03 -1.239787065987682790e-01
3.418000000000000000e+03 -2.855490585177763441e-01
3.420000000000000000e+03 -2.509759688564290325e-01
3.422000000000000000e+03 -2.862939398377960520e-01
3.424000000000000000e+03 -2.757767858628041302e-01
3.426000000000000000e+03 -1.710287429751479737e-01
3.428000000000000000e+03 -1.570499278553785238e-01
3.430000000000000000e+03 -2.270269015711896543e-01
3.432000000000000000e+03 -2.073494920166135125e-01
3.434000000000000000e+03 2.539218109001126766e-01
3.436000000000000000e+03 -1.834183724060340359e-01
3.438000000000000000e+03 -2.608662090659295552e-01
3.440000000000000000e+03 -2.866957104155087310e-01
3.442000000000000000e+03 -2.541645486282689825e-01
3.444000000000000000e+03 4.003541603439762508e-01
3.446000000000000000e+03 -2.008105897973155307e-01
3.448000000000000000e+03 1.843054716520334257e-02
3.450000000000000000e+03 3.903520080959749228e-02
3.452000000000000000e+03 5.632473178771885136e-01
3.454000000000000000e+03 -1.750537773453422763e-01
3.456000000000000000e+03 -5.147149705251923696e-02
3.458000000000000000e+03 -1.978084932561525455e-01
3.460000000000000000e+03 -1.786555939337941823e-01
3.462000000000000000e+03 -2.464006240075906351e-01
3.464000000000000000e+03 -2.891726364954625428e-01
3.466000000000000000e+03 -1.756459235177337264e-01
3.468000000000000000e+03 1.031750770796135974e-01
3.470000000000000000e+03 -1.517541352478459504e-01
3.472000000000000000e+03 4.314357357654783828e-03
3.474000000000000000e+03 -2.801210191221810142e-01
3.476000000000000000e+03 3.139204527071708939e-01
3.478000000000000000e+03 -2.286897469877812172e-01
3.480000000000000000e+03 -2.937264098661777068e-01
3.482000000000000000e+03 -2.867333036025743742e-01
3.484000000000000000e+03 1.729317706286441839e-02
3.486000000000000000e+03 2.708485034061904329e-01
3.488000000000000000e+03 -2.871868630848689041e-01
3.490000000000000000e+03 1.533121443219698787e-01
3.492000000000000000e+03 -3.525896473043897694e-02
3.494000000000000000e+03 -6.423942587761811984e-02
3.496000000000000000e+03 5.548270434836584108e-01
3.498000000000000000e+03 3.181596418834847784e-01
3.500000000000000000e+03 -2.689869095010853361e-01
3.502000000000000000e+03 -1.665674433907682606e-01
3.504000000000000000e+03 6.603604091742028281e-02
3.506000000000000000e+03 2.697644780080096227e-01
3.508000000000000000e+03 -9.126917832356647164e-02
3.510000000000000000e+03 5.689071648442871332e-02
3.512000000000000000e+03 -2.849891388970576811e-01
3.514000000000000000e+03 -2.650214779663313536e-01
3.516000000000000000e+03 -2.097454363923807463e-01
3.518000000000000000e+03 -2.756205728469199312e-01
3.520000000000000000e+03 -3.272004009824742293e-02
3.522000000000000000e+03 -2.867424453444741839e-01
3.524000000000000000e+03 4.154472637653637279e-01
3.526000000000000000e+03 -2.681706895740946228e-01
3.528000000000000000e+03 -2.841773223625941869e-01
3.530000000000000000e+03 -2.120896872295073010e-01
3.532000000000000000e+03 -3.525022546331638140e-02
3.534000000000000000e+03 4.277416998080862398e-01
3.536000000000000000e+03 6.112057760763366099e-02
3.538000000000000000e+03 2.689677854714123684e-01
3.540000000000000000e+03 1.575717973180079112e-01
3.542000000000000000e+03 -7.595230861890249485e-02
3.544000000000000000e+03 -1.858207908535735309e-01
3.546000000000000000e+03 -2.731699076738031695e-01
3.548000000000000000e+03 -2.855386407347015321e-01
3.550000000000000000e+03 -3.999400739830715618e-02
3.552000000000000000e+03 -2.633457095932894565e-01
3.554000000000000000e+03 5.583308076994826230e-01
3.556000000000000000e+03 -8.753824099779443368e-02
3.558000000000000000e+03 9.797806396047131772e-02
3.560000000000000000e+03 -2.716919534259832902e-01
3.562000000000000000e+03 4.407882106823194923e-01
3.564000000000000000e+03 1.912623934449684815e-01
3.566000000000000000e+03 2.698843435865667661e-01
3.568000000000000000e+03 -2.883402163845741883e-01
3.570000000000000000e+03 3.878274821594709237e-02
3.572000000000000000e+03 -2.031304430858799082e-01
3.574000000000000000e+03 1.433699822762684040e-01
3.576000000000000000e+03 -2.047713132700401065e-03
3.578000000000000000e+03 4.565583587344392291e-01
3.580000000000000000e+03 2.117418126590430993e-01
3.582000000000000000e+03 -2.754430692499392208e-01
3.584000000000000000e+03 -7.488453723987525956e-02
3.586000000000000000e+03 3.626838825320322091e-01
3.588000000000000000e+03 -2.846787955299527884e-01
3.590000000000000000e+03 -1.896701079427496883e-01
3.592000000000000000e+03 -5.310989831786375875e-02
3.594000000000000000e+03 -1.032550605310459946e-01
3.596000000000000000e+03 -1.825154699539499881e-01
3.598000000000000000e+03 -2.223353845009429508e-01
3.600000000000000000e+03 3.119416865390232593e-02
3.602000000000000000e+03 -1.697952418721242474e-01
3.604000000000000000e+03 -2.173435963684370309e-01
3.606000000000000000e+03 4.875157562667796207e-01
3.608000000000000000e+03 2.499951903301543266e-01
3.610000000000000000e+03 2.286998851704055147e-01
3.612000000000000000e+03 2.128533652065377202e-01
3.614000000000000000e+03 -2.509408933664078467e-01
3.616000000000000000e+03 1.443025218699670875e-01
3.618000000000000000e+03 2.066944526532173698e-01
3.620000000000000000e+03 -1.085207984018611294e-01
3.622000000000000000e+03 -2.697450820269494676e-01
3.624000000000000000e+03 5.658024685751921190e-01
3.626000000000000000e+03 -2.002215348411680307e-01
3.628000000000000000e+03 -2.519240029699466032e-01
3.630000000000000000e+03 1.122430137290221092e-01
3.632000000000000000e+03 -1.386807155889745458e-01
3.634000000000000000e+03 -1.561771201894111560e-01
3.636000000000000000e+03 1.742011239598434402e-01
3.638000000000000000e+03 3.285738077758940667e-01
3.640000000000000000e+03 -2.392866117159044015e-01
3.642000000000000000e+03 -1.568343139726779689e-01
3.644000000000000000e+03 -7.618979474671681851e-02
3.646000000000000000e+03 -9.295353460650121469e-02
3.648000000000000000e+03 -1.137683106716160381e-01
3.650000000000000000e+03 -2.049042319509686849e-01
3.652000000000000000e+03 -2.055197467729300009e-01
3.654000000000000000e+03 -2.880384247320885716e-01
3.656000000000000000e+03 -1.528371269456024750e-01
3.658000000000000000e+03 4.466619568904511839e-01
3.660000000000000000e+03 4.461806455216461575e-01
3.662000000000000000e+03 2.324848985686805425e-01
3.664000000000000000e+03 -2.342773365427772703e-01
3.666000000000000000e+03 -2.875674510150370566e-01
3.668000000000000000e+03 -2.803220946758859800e-01
3.670000000000000000e+03 -1.562679038222103134e-01
3.672000000000000000e+03 5.132669996041613336e-01
3.674000000000000000e+03 4.710111524993604859e-01
3.676000000000000000e+03 9.005016420000105937e-02
3.678000000000000000e+03 1.754630326177548660e-01
3.680000000000000000e+03 2.472887154431566981e-01
3.682000000000000000e+03 -2.899721507210460403e-01
3.684000000000000000e+03 -2.441434624395888986e-01
3.686000000000000000e+03 -2.629119730424115398e-01
3.688000000000000000e+03 -2.258232523650648138e-01
3.690000000000000000e+03 -2.833692350151586492e-01
3.692000000000000000e+03 -5.871771388060643970e-02
3.694000000000000000e+03 -2.798284986666489949e-01
3.696000000000000000e+03 -2.824336134714233171e-01
3.698000000000000000e+03 -2.808364732655899698e-01
3.700000000000000000e+03 5.069997832701178542e-01
3.702000000000000000e+03 1.035687072262998082e-01
3.704000000000000000e+03 -2.139463414839939681e-01
3.706000000000000000e+03 -2.703192963500872792e-01
3.708000000000000000e+03 -2.168855973383387037e-01
3.710000000000000000e+03 -1.391316603604777491e-01
3.712000000000000000e+03 -1.383655028478749660e-01
3.714000000000000000e+03 -2.897021001073771251e-01
3.716000000000000000e+03 1.547246512897265114e-01
3.718000000000000000e+03 5.142518030040205829e-02
3.720000000000000000e+03 -9.202073801898227878e-02
3.722000000000000000e+03 -2.482225732201975288e-01
3.724000000000000000e+03 -2.722428644732741709e-01
3.726000000000000000e+03 -1.776943347481498292e-01
3.728000000000000000e+03 6.853127146133441983e-02
3.730000000000000000e+03 -2.543710112805472878e-01
3.732000000000000000e+03 -2.070176471971148513e-01
3.734000000000000000e+03 -2.611542701175197378e-01
3.736000000000000000e+03 -2.493048511975531900e-01
3.738000000000000000e+03 -2.907731276367937490e-01
3.740000000000000000e+03 -4.666201333809285451e-02
3.742000000000000000e+03 -2.796982523449313973e-01
3.744000000000000000e+03 -2.876415789305846737e-01
3.746000000000000000e+03 -2.829585752796004994e-01
3.748000000000000000e+03 -1.657256778225251748e-01
3.750000000000000000e+03 -7.425997568504167506e-03
3.752000000000000000e+03 3.014756401108986128e-01
3.754000000000000000e+03 2.358146585515881188e-01
3.756000000000000000e+03 3.093733218232511128e-01
3.758000000000000000e+03 5.546748238989457347e-01
3.760000000000000000e+03 -5.823214592731039418e-02
3.762000000000000000e+03 -2.738948797826789017e-01
3.764000000000000000e+03 2.857238460498624510e-01
3.766000000000000000e+03 4.695674821563094459e-01
3.768000000000000000e+03 -2.291743599994967018e-01
3.770000000000000000e+03 1.070204515692425029e-01
3.772000000000000000e+03 4.097302053039093006e-01
3.774000000000000000e+03 3.482806879084921481e-01
3.776000000000000000e+03 -1.056105603816094411e-02
3.778000000000000000e+03 -2.698950561636202505e-01
3.780000000000000000e+03 -7.224138607684843158e-03
3.782000000000000000e+03 -1.086251118295043644e-01
3.784000000000000000e+03 4.162561182692170458e-01
3.786000000000000000e+03 4.100151793190428551e-01
3.788000000000000000e+03 3.247804471095100953e-01
3.790000000000000000e+03 -2.798073519105867546e-01
3.792000000000000000e+03 -2.821994135994384534e-01
3.794000000000000000e+03 -1.433469642180319192e-01
3.796000000000000000e+03 2.170284426228286379e-01
3.798000000000000000e+03 -2.737388034599953501e-01
3.800000000000000000e+03 -1.288601276847700094e-01
3.802000000000000000e+03 -1.137822178535527196e-01
3.804000000000000000e+03 -2.445461692474542037e-01
3.806000000000000000e+03 -2.636553900068899781e-01
3.808000000000000000e+03 -5.429145162565103544e-02
3.810000000000000000e+03 7.972123340615891451e-02
3.812000000000000000e+03 1.350716034196701165e-01
3.814000000000000000e+03 4.482064574264222889e-01
3.816000000000000000e+03 2.660284713797395617e-01
3.818000000000000000e+03 -2.466032752739183154e-01
3.820000000000000000e+03 -4.116339982587961105e-02
3.822000000000000000e+03 -1.712741785436653064e-01
3.824000000000000000e+03 -2.255232286091635729e-01
3.826000000000000000e+03 5.522504813333342089e-01
3.828000000000000000e+03 -2.312186323380097386e-01
3.830000000000000000e+03 -2.865967343884691029e-02
3.832000000000000000e+03 4.032309608260615241e-01
3.834000000000000000e+03 -1.566231361789265086e-01
3.836000000000000000e+03 -1.439183945380962393e-01
3.838000000000000000e+03 -1.571632435381866699e-01
3.840000000000000000e+03 1.695399665984627657e-01
3.842000000000000000e+03 -2.205520547564831790e-01
3.844000000000000000e+03 -9.835294192767086996e-02
3.846000000000000000e+03 -2.849591559647405847e-01
3.848000000000000000e+03 2.110641360120174281e-01
3.850000000000000000e+03 2.680072904262519318e-01
3.852000000000000000e+03 -2.533592608739874130e-01
3.854000000000000000e+03 7.724879383715174685e-02
3.856000000000000000e+03 4.361617929669952543e-01
3.858000000000000000e+03 2.096085346168153896e-01
3.860000000000000000e+03 -2.505713750586422983e-01
3.862000000000000000e+03 -1.339517168034086991e-01
3.864000000000000000e+03 -2.478586249133573616e-01
3.866000000000000000e+03 5.575042839400575767e-01
3.868000000000000000e+03 9.926687915929167938e-02
3.870000000000000000e+03 4.192819654471515584e-02
3.872000000000000000e+03 -2.823383796686731451e-01
3.874000000000000000e+03 5.805148818019764123e-01
3.876000000000000000e+03 2.283997611406878570e-01
3.878000000000000000e+03 3.109651617557729897e-01
3.880000000000000000e+03 4.864473201582165118e-01
3.882000000000000000e+03 2.572266684751620680e-01
3.884000000000000000e+03 2.908801647085006992e-01
3.886000000000000000e+03 -2.237569930150650199e-01
3.888000000000000000e+03 3.296326071174712213e-01
3.890000000000000000e+03 1.957414209535650595e-01
3.892000000000000000e+03 -3.467554437931875261e-02
3.894000000000000000e+03 -2.744147384628765618e-01
3.896000000000000000e+03 2.623234808799200790e-01
3.898000000000000000e+03 -2.355743871086779795e-01
3.900000000000000000e+03 -2.534393180461086414e-01
3.902000000000000000e+03 3.300120816346834018e-02
3.904000000000000000e+03 -2.802261593185448874e-01
3.906000000000000000e+03 4.311239609630974634e-01
3.908000000000000000e+03 -1.792537220839548473e-01
3.910000000000000000e+03 -1.085099427277026601e-01
3.912000000000000000e+03 1.099760601834459117e-01
3.914000000000000000e+03 3.520991162188384371e-01
3.916000000000000000e+03 -1.697707442183559456e-01
3.918000000000000000e+03 -2.731639389586548172e-01
3.920000000000000000e+03 -2.578771382630155040e-01
3.922000000000000000e+03 5.295263466994475365e-01
3.924000000000000000e+03 9.690459041757142067e-02
3.926000000000000000e+03 -1.737948388384290277e-01
3.928000000000000000e+03 3.044019100310080828e-01
3.930000000000000000e+03 -1.741471554459105286e-01
3.932000000000000000e+03 3.668449163015152087e-02
3.934000000000000000e+03 -2.870157720773078291e-01
3.936000000000000000e+03 2.340230771693121159e-01
3.938000000000000000e+03 -2.887853898369963090e-01
3.940000000000000000e+03 1.519064697614918025e-01
3.942000000000000000e+03 3.025694266366133478e-01
3.944000000000000000e+03 -2.248518818825009369e-01
3.946000000000000000e+03 -2.864533146840151923e-01
3.948000000000000000e+03 -2.545378433220572001e-01
3.950000000000000000e+03 -2.742951189397086487e-01
3.952000000000000000e+03 3.979960802853801383e-01
3.954000000000000000e+03 -1.478929593866346315e-01
3.956000000000000000e+03 -1.517019036312884650e-01
3.958000000000000000e+03 -2.617758416534147203e-01
3.960000000000000000e+03 6.410276609302226203e-02
3.962000000000000000e+03 -4.636050044152113803e-02
3.964000000000000000e+03 1.536065393098360043e-01
3.966000000000000000e+03 3.330999532642656691e-01
3.968000000000000000e+03 -1.433896867920504414e-01
3.970000000000000000e+03 -1.607279894204209081e-01
3.972000000000000000e+03 1.801685108295203452e-01
3.974000000000000000e+03 -1.239807937735865062e-02
3.976000000000000000e+03 3.141536454755267660e-01
3.978000000000000000e+03 3.331489122441238515e-01
3.980000000000000000e+03 3.326763892739815348e-02
3.982000000000000000e+03 1.120682237308058826e-01
3.984000000000000000e+03 4.002645528340054715e-01
3.986000000000000000e+03 2.899966295306855013e-01
3.988000000000000000e+03 5.348594275870836023e-01
3.990000000000000000e+03 -5.198270921422606938e-02
3.992000000000000000e+03 -1.290506055797323859e-01
3.994000000000000000e+03 1.620412245364946380e-01
3.996000000000000000e+03 -2.762308236629359426e-01
3.998000000000000000e+03 3.665803624132271676e-01
4.000000000000000000e+03 -2.493145018777015165e-01
4.002000000000000000e+03 5.191226337404415414e-01
4.004000000000000000e+03 4.048229080863885443e-01
4.006000000000000000e+03 4.563698834917426228e-01
4.008000000000000000e+03 2.739304786864252828e-01
4.010000000000000000e+03 -1.478677454057401863e-01
4.012000000000000000e+03 -7.042985382882668843e-02
4.014000000000000000e+03 -2.432920792442080926e-01
4.016000000000000000e+03 2.713517773085311613e-01
4.018000000000000000e+03 5.169758709187890350e-02
4.020000000000000000e+03 -2.336272126901191015e-01
4.022000000000000000e+03 1.736993928171718105e-01
4.024000000000000000e+03 -2.230369274420265779e-01
4.026000000000000000e+03 -2.134613601954960249e-01
4.028000000000000000e+03 -2.899646391836873671e-01
4.030000000000000000e+03 -2.571839193098598986e-01
4.032000000000000000e+03 -2.776588790517266481e-01
4.034000000000000000e+03 -2.443867414648634995e-01
4.036000000000000000e+03 -2.772529303846358872e-01
4.038000000000000000e+03 2.703447468290722799e-01
4.040000000000000000e+03 -1.086175087823701979e-01
4.042000000000000000e+03 -4.701182403944365734e-02
4.044000000000000000e+03 1.962532905022303376e-01
4.046000000000000000e+03 4.180513338612326102e-01
4.048000000000000000e+03 4.684648503152615828e-01
4.050000000000000000e+03 5.315477527894517662e-01
4.052000000000000000e+03 -1.081042266777718433e-02
4.054000000000000000e+03 -3.399336187057554193e-02
4.056000000000000000e+03 -1.327092104707204220e-02
4.058000000000000000e+03 2.778287285654883476e-01
4.060000000000000000e+03 -2.648754964502529341e-01
4.062000000000000000e+03 -4.660945186143134605e-02
4.064000000000000000e+03 -9.256607973433678138e-02
4.066000000000000000e+03 -3.938144259065826103e-02
4.068000000000000000e+03 -2.889071882323953622e-01
4.070000000000000000e+03 -2.866802975501154260e-01
4.072000000000000000e+03 -4.574725119767614895e-02
4.074000000000000000e+03 5.219064163782548560e-01
4.076000000000000000e+03 -2.594118397880066929e-01
4.078000000000000000e+03 -3.878330872657763384e-02
4.080000000000000000e+03 5.829299409103726876e-02
4.082000000000000000e+03 -1.188421624213326644e-01
4.084000000000000000e+03 -2.866876844478721820e-01
4.086000000000000000e+03 1.508029651666553395e-01
4.088000000000000000e+03 1.749615915235125038e-02
4.090000000000000000e+03 2.698434849036435712e-01
4.092000000000000000e+03 9.077389209275539550e-02
4.094000000000000000e+03 -7.571075280820926436e-03
4.096000000000000000e+03 -2.559471979315809387e-01
4.098000000000000000e+03 -2.109119558249847870e-01
4.100000000000000000e+03 -1.643430386123814757e-01
4.102000000000000000e+03 3.239715505466953527e-01
4.104000000000000000e+03 2.602089347542718145e-01
4.106000000000000000e+03 -1.527166026129281318e-01
4.108000000000000000e+03 2.376555941574704789e-01
4.110000000000000000e+03 2.855921825156132465e-01
4.112000000000000000e+03 3.545203570773647894e-01
4.114000000000000000e+03 8.594296437017828749e-02
4.116000000000000000e+03 5.490400534908528307e-01
4.118000000000000000e+03 -2.595616839834978817e-01
4.120000000000000000e+03 -2.953299772268426493e-02
4.122000000000000000e+03 7.361070977989369116e-03
4.124000000000000000e+03 2.125509520127320529e-01
4.126000000000000000e+03 -2.237369687122961470e-02
4.128000000000000000e+03 -2.772522892791262072e-01
4.130000000000000000e+03 -6.401314535369544145e-02
4.132000000000000000e+03 -2.149652591143356162e-01
4.134000000000000000e+03 1.746412911054726069e-01
4.136000000000000000e+03 1.782996204978996857e-01
4.138000000000000000e+03 -1.480735991470966129e-01
4.140000000000000000e+03 7.389934402384944201e-02
4.142000000000000000e+03 2.120280432774595825e-01
4.144000000000000000e+03 -2.883633593649753690e-02
4.146000000000000000e+03 1.409087626058589671e-01
4.148000000000000000e+03 -2.431606387814328196e-01
4.150000000000000000e+03 -1.886068395131088871e-01
4.152000000000000000e+03 -1.998833548540729921e-01
4.154000000000000000e+03 -2.861790068041331625e-01
4.156000000000000000e+03 2.049282556895417606e-01
4.158000000000000000e+03 -1.559445542391489636e-01
4.160000000000000000e+03 -1.837341076176433052e-01
4.162000000000000000e+03 -2.753203315342693247e-01
4.164000000000000000e+03 3.565664856766688762e-01
4.166000000000000000e+03 2.462582000560817330e-01
4.168000000000000000e+03 -1.864699663235998561e-01
4.170000000000000000e+03 1.517315949885655879e-01
4.172000000000000000e+03 -2.840032490562741652e-01
4.174000000000000000e+03 -2.820048460514031907e-01
4.176000000000000000e+03 -2.783150564296968943e-01
4.178000000000000000e+03 -2.892298912390985355e-01
4.180000000000000000e+03 9.622946107944410632e-02
4.182000000000000000e+03 -8.026871063723194782e-03
4.184000000000000000e+03 -2.837338569827744794e-01
4.186000000000000000e+03 -2.302205791674814539e-01
4.188000000000000000e+03 -1.683449601052373901e-02
4.190000000000000000e+03 -1.137700325412957930e-01
4.192000000000000000e+03 -2.769626422415119027e-01
4.194000000000000000e+03 2.126373198430739908e-01
4.196000000000000000e+03 -2.402121602530740696e-01
4.198000000000000000e+03 -2.868842689333734319e-01
4.200000000000000000e+03 -2.099615703901861197e-01
4.202000000000000000e+03 -1.652325022968790247e-01
4.204000000000000000e+03 -2.734408343064759772e-01
4.206000000000000000e+03 -2.920609127780879888e-01
4.208000000000000000e+03 5.152402299260220309e-01
4.210000000000000000e+03 4.500095919539726652e-01
4.212000000000000000e+03 -2.440404576369339107e-01
4.214000000000000000e+03 2.859699526519095536e-01
4.216000000000000000e+03 1.834830772496461593e-01
4.218000000000000000e+03 -6.908802947660826199e-02
4.220000000000000000e+03 -1.917665214162023457e-01
4.222000000000000000e+03 8.598673308702300955e-02
4.224000000000000000e+03 2.140065514500835708e-01
4.226000000000000000e+03 -3.402014499263628089e-02
4.228000000000000000e+03 -7.538899215141900423e-02
4.230000000000000000e+03 -1.965836150822055650e-01
4.232000000000000000e+03 -9.826607468316336802e-02
4.234000000000000000e+03 1.704853300908223263e-02
4.236000000000000000e+03 3.425832633244746406e-01
4.238000000000000000e+03 -2.593366139675987170e-01
4.240000000000000000e+03 -9.832070891095617826e-02
4.242000000000000000e+03 -2.886611212669714099e-01
4.244000000000000000e+03 -2.536209781303656596e-01
4.246000000000000000e+03 -8.168726187039149211e-02
4.248000000000000000e+03 -1.137821912251818224e-01
4.250000000000000000e+03 -1.866172677646497080e-01
4.252000000000000000e+03 -1.452144374714151205e-02
4.254000000000000000e+03 3.091890551990423841e-01
4.256000000000000000e+03 2.470545984653716443e-01
4.258000000000000000e+03 1.788959864705755021e-01
4.260000000000000000e+03 5.699450265834837825e-01
4.262000000000000000e+03 -8.808926821680995722e-03
4.264000000000000000e+03 -2.494015167716674697e-01
4.266000000000000000e+03 -2.866956627334031338e-01
4.268000000000000000e+03 -1.970918494038847446e-01
4.270000000000000000e+03 -2.719324706437298636e-02
4.272000000000000000e+03 2.743434949147154078e-02
4.274000000000000000e+03 -2.903329079962610471e-02
4.276000000000000000e+03 9.524799523853372252e-02
4.278000000000000000e+03 -2.327050314283827248e-01
4.280000000000000000e+03 3.462505065918406455e-01
4.282000000000000000e+03 3.179183271671572331e-01
4.284000000000000000e+03 -1.429417954175265515e-01
4.286000000000000000e+03 -2.174796395998554177e-01
4.288000000000000000e+03 -1.524173291602744784e-01
4.290000000000000000e+03 -1.236943810063302063e-01
4.292000000000000000e+03 -1.238811619471065217e-01
4.294000000000000000e+03 1.735678652095744012e-01
4.296000000000000000e+03 5.531153838138398449e-01
4.298000000000000000e+03 5.090700813015214266e-01
4.300000000000000000e+03 -2.890022642199454039e-01
4.302000000000000000e+03 1.073698016173147383e-02
4.304000000000000000e+03 -2.408384456426537479e-01
4.306000000000000000e+03 7.059149503643523393e-02
4.308000000000000000e+03 5.643102578992528207e-01
4.310000000000000000e+03 6.112073330594371828e-02
4.312000000000000000e+03 2.695261366808359704e-01
4.314000000000000000e+03 1.471637827813007393e-01
4.316000000000000000e+03 -2.261511662585062032e-01
4.318000000000000000e+03 5.530798165451508153e-01
4.320000000000000000e+03 3.625777836269397647e-01
4.322000000000000000e+03 4.323477884042977171e-01
4.324000000000000000e+03 2.703452220350963664e-01
4.326000000000000000e+03 8.000541494202617621e-02
4.328000000000000000e+03 3.414194160888360252e-01
4.330000000000000000e+03 4.556892781152367400e-01
4.332000000000000000e+03 5.039312907246743523e-01
4.334000000000000000e+03 -4.144844114792354400e-02
4.336000000000000000e+03 7.717915931567714827e-02
4.338000000000000000e+03 -1.527728916427711359e-01
4.340000000000000000e+03 5.191212089554154696e-01
4.342000000000000000e+03 -2.324763496700853749e-01
4.344000000000000000e+03 -2.678013994824981481e-01
4.346000000000000000e+03 8.825323731069839583e-03
4.348000000000000000e+03 2.968973700696298651e-02
4.350000000000000000e+03 -2.358421165182034152e-03
4.352000000000000000e+03 -2.795471862464305457e-01
4.354000000000000000e+03 -2.319046079173095465e-01
4.356000000000000000e+03 -2.865998902928452163e-01
4.358000000000000000e+03 -1.481613344609354344e-01
4.360000000000000000e+03 -1.657540804679580315e-01
4.362000000000000000e+03 -2.782254720580824570e-01
4.364000000000000000e+03 1.421617036883361940e-01
4.366000000000000000e+03 3.121611880790312044e-01
4.368000000000000000e+03 -1.283384269582085180e-01
4.370000000000000000e+03 -2.224350712600773605e-01
4.372000000000000000e+03 -2.870522096345951568e-01
4.374000000000000000e+03 -2.667509791538180131e-01
4.376000000000000000e+03 -1.188579934564201052e-01
4.378000000000000000e+03 -1.523531686655744122e-01
4.380000000000000000e+03 -2.912141221252657064e-01
4.382000000000000000e+03 -2.503708397096356952e-01
4.384000000000000000e+03 -2.707080107676875236e-01
4.386000000000000000e+03 4.263846792812686637e-01
4.388000000000000000e+03 -3.023478597755235864e-02
4.390000000000000000e+03 -2.823632445588577511e-01
4.392000000000000000e+03 4.836075607399455967e-01
4.394000000000000000e+03 4.918756763256335596e-01
4.396000000000000000e+03 -2.741545764513593220e-01
4.398000000000000000e+03 -1.747383851678787903e-01
4.400000000000000000e+03 -2.835711109305045219e-01
4.402000000000000000e+03 -1.815818817766101934e-01
4.404000000000000000e+03 2.224828316299211350e-01
4.406000000000000000e+03 2.176988656286608231e-02
4.408000000000000000e+03 -2.720535009298613582e-01
4.410000000000000000e+03 5.645290861395277915e-01
4.412000000000000000e+03 3.668475989613152743e-02
4.414000000000000000e+03 4.844077698573532320e-01
4.416000000000000000e+03 -2.856989158320348832e-01
4.418000000000000000e+03 -1.137836174022255342e-01
4.420000000000000000e+03 -2.850484612119513206e-01
4.422000000000000000e+03 -2.886611622585572579e-01
4.424000000000000000e+03 -8.701585034062891966e-02
4.426000000000000000e+03 5.504131660871562914e-01
4.428000000000000000e+03 -2.826548193664162323e-01
4.430000000000000000e+03 -2.874089641499004144e-01
4.432000000000000000e+03 -2.524229018482329057e-01
4.434000000000000000e+03 -6.993985292608001503e-02
4.436000000000000000e+03 -2.584915256963404850e-01
4.438000000000000000e+03 -1.526689946365957229e-01
4.440000000000000000e+03 -2.817600892285523906e-01
4.442000000000000000e+03 -1.866171157992901342e-01
4.444000000000000000e+03 -1.288281522476693863e-01
4.446000000000000000e+03 1.062637347721153425e-01
4.448000000000000000e+03 -1.869898566912615578e-01
4.450000000000000000e+03 3.638876534922180217e-01
4.452000000000000000e+03 2.787899348923025267e-01
4.454000000000000000e+03 2.274638310603878111e-01
4.456000000000000000e+03 -1.610550875024410744e-01
4.458000000000000000e+03 1.526954649640402950e-01
4.460000000000000000e+03 5.819907829369285607e-02
4.462000000000000000e+03 -2.346208315285010504e-01
4.464000000000000000e+03 -2.773414044697654623e-01
4.466000000000000000e+03 -2.186416660381526045e-01
4.468000000000000000e+03 -2.764391668119849932e-01
4.470000000000000000e+03 -2.053619785977785772e-01
4.472000000000000000e+03 -2.557125314115743508e-01
4.474000000000000000e+03 -2.862383686947925221e-01
4.476000000000000000e+03 -2.919263216022432439e-01
4.478000000000000000e+03 -2.852433550831749431e-01
4.480000000000000000e+03 4.001829821128172204e-01
4.482000000000000000e+03 -2.832178430729013208e-01
4.484000000000000000e+03 -2.837944295852510845e-01
4.486000000000000000e+03 1.693985564111635811e-01
4.488000000000000000e+03 -1.964933683010715304e-01
4.490000000000000000e+03 -2.077130258743659641e-01
4.492000000000000000e+03 9.345797438700608264e-03
4.494000000000000000e+03 3.557464489805217123e-01
4.496000000000000000e+03 -1.285823542459226254e-01
4.498000000000000000e+03 -2.843655183736472636e-01
4.500000000000000000e+03 -1.649987230558152551e-01
4.502000000000000000e+03 -2.139461579005334790e-01
4.504000000000000000e+03 -2.895333480413511684e-01
4.506000000000000000e+03 -2.867346255475760608e-01
4.508000000000000000e+03 2.060889602488969602e-02
4.510000000000000000e+03 1.800764826497676108e-01
4.512000000000000000e+03 -2.616140324393396166e-01
4.514000000000000000e+03 -1.188557176470017157e-01
4.516000000000000000e+03 -2.762481157081850824e-01
4.518000000000000000e+03 -2.877539566961605511e-01
4.520000000000000000e+03 -2.182853937276986456e-01
4.522000000000000000e+03 2.915889964428724501e-01
4.524000000000000000e+03 -3.885198494918400830e-02
4.526000000000000000e+03 -2.653939046707431415e-01
4.528000000000000000e+03 -2.493000221731245247e-01
4.530000000000000000e+03 9.655776351892834952e-02
4.532000000000000000e+03 2.308511573633019176e-01
4.534000000000000000e+03 -2.576718834879891951e-01
4.536000000000000000e+03 -2.876422264082540425e-01
4.538000000000000000e+03 -1.137709896343532950e-01
4.540000000000000000e+03 -2.866770380809600671e-01
4.542000000000000000e+03 2.345559168825620266e-01
4.544000000000000000e+03 4.614471850374283202e-01
4.546000000000000000e+03 -7.159364233879238204e-02
4.548000000000000000e+03 4.263848454780135855e-01
4.550000000000000000e+03 4.036267582787990138e-01
4.552000000000000000e+03 1.837768057726470450e-01
4.554000000000000000e+03 5.182220770867858040e-01
4.556000000000000000e+03 4.965274314296904690e-01
4.558000000000000000e+03 3.780661931008535981e-01
4.560000000000000000e+03 5.235762976824153148e-01
4.562000000000000000e+03 -2.720209125246114690e-01
4.564000000000000000e+03 -2.574167049592643308e-01
4.566000000000000000e+03 4.536495281948756397e-01
4.568000000000000000e+03 -6.366844918428025968e-02
4.570000000000000000e+03 5.323908006428705875e-01
4.572000000000000000e+03 -8.728929604654124541e-02
4.574000000000000000e+03 -2.791717165608216811e-01
4.576000000000000000e+03 -2.734291592015607453e-01
4.578000000000000000e+03 2.413351323154704076e-02
4.580000000000000000e+03 5.477098666693840379e-01
4.582000000000000000e+03 5.581822646525144149e-01
4.584000000000000000e+03 -2.450035287780202575e-01
4.586000000000000000e+03 -2.586415044418324261e-01
4.588000000000000000e+03 -2.522370273512581362e-01
4.590000000000000000e+03 -2.556821187440771470e-01
4.592000000000000000e+03 -2.045807827490016551e-01
4.594000000000000000e+03 -1.863150434232510033e-01
4.596000000000000000e+03 -2.385873546957401892e-01
4.598000000000000000e+03 -2.816894833878546001e-01
4.600000000000000000e+03 -3.952429759287705985e-02
4.602000000000000000e+03 4.715235387589463700e-01
4.604000000000000000e+03 3.854663685984029142e-02
4.606000000000000000e+03 -2.711980891426997720e-01
4.608000000000000000e+03 -4.674484392687209416e-02
4.610000000000000000e+03 -4.745366494433694848e-02
4.612000000000000000e+03 -2.273585251926552586e-01
4.614000000000000000e+03 -2.856888634501180690e-01
4.616000000000000000e+03 -2.651683422134164525e-01
4.618000000000000000e+03 1.581246169106767518e-01
4.620000000000000000e+03 2.903052505532863758e-01
4.622000000000000000e+03 -1.702052720101543404e-01
4.624000000000000000e+03 -1.530030690375189240e-01
4.626000000000000000e+03 -2.690838666487466724e-01
4.628000000000000000e+03 4.065822573800934904e-03
4.630000000000000000e+03 -2.890019488330552444e-01
4.632000000000000000e+03 3.883301592090769583e-02
4.634000000000000000e+03 -2.643072200109071734e-01
4.636000000000000000e+03 -5.836494616200192664e-03
4.638000000000000000e+03 -2.113492062315532050e-02
4.640000000000000000e+03 -7.041917142084386239e-02
4.642000000000000000e+03 -2.491658199100018900e-01
4.644000000000000000e+03 6.145107170091761162e-02
4.646000000000000000e+03 -1.188015194720837137e-01
4.648000000000000000e+03 -2.933182982158463181e-01
4.650000000000000000e+03 -1.188379748331079011e-01
4.652000000000000000e+03 -1.697057385989704237e-01
4.654000000000000000e+03 1.908636251662249039e-01
4.656000000000000000e+03 1.191367135256702348e-01
4.658000000000000000e+03 -1.902563255186411340e-01
4.660000000000000000e+03 -2.832460473449293636e-01
4.662000000000000000e+03 -2.215255287917079208e-01
4.664000000000000000e+03 3.875504448663801282e-01
4.666000000000000000e+03 2.652881375019159327e-01
4.668000000000000000e+03 3.707969854186729530e-02
4.670000000000000000e+03 2.694691543625153396e-01
4.672000000000000000e+03 8.220586246699722321e-02
4.674000000000000000e+03 3.202657993263876568e-01
4.676000000000000000e+03 -2.081484226948491778e-01
4.678000000000000000e+03 -2.720540960242027184e-01
4.680000000000000000e+03 -1.570500065960437064e-01
4.682000000000000000e+03 5.499729343998004394e-01
4.684000000000000000e+03 3.474205516385381332e-01
4.686000000000000000e+03 -2.773619563589382331e-01
4.688000000000000000e+03 5.764838481237798407e-01
4.690000000000000000e+03 -6.430692561755266268e-02
4.692000000000000000e+03 3.087740100176230573e-01
4.694000000000000000e+03 -2.765644673537663856e-01
4.696000000000000000e+03 2.246839132538100414e-01
4.698000000000000000e+03 3.300595914438875789e-01
4.700000000000000000e+03 5.248305603022920263e-01
4.702000000000000000e+03 4.588611766944785675e-01
4.704000000000000000e+03 -1.719304540950347959e-01
4.706000000000000000e+03 -2.864600629013268618e-01
4.708000000000000000e+03 -2.645890300430255859e-01
4.710000000000000000e+03 -2.840074032115050828e-01
4.712000000000000000e+03 -1.338269087827630155e-01
4.714000000000000000e+03 -7.004503283590067519e-02
4.716000000000000000e+03 1.627055501931770620e-01
4.718000000000000000e+03 1.111289620809352008e-01
4.720000000000000000e+03 4.845430365526761651e-01
4.722000000000000000e+03 4.502653220232474274e-01
4.724000000000000000e+03 -1.478752114423457775e-01
4.726000000000000000e+03 3.610639812785282898e-01
4.728000000000000000e+03 2.809549387492566441e-01
4.730000000000000000e+03 -1.189000071552003129e-01
4.732000000000000000e+03 3.752513886426175893e-01
4.734000000000000000e+03 -2.615338591343104313e-01
4.736000000000000000e+03 -4.107314313544922768e-02
4.738000000000000000e+03 1.684173127808004378e-01
4.740000000000000000e+03 -2.749366903583181365e-01
4.742000000000000000e+03 -7.021866558710915251e-02
4.744000000000000000e+03 -2.374856913179961559e-01
4.746000000000000000e+03 5.372761907978660378e-01
4.748000000000000000e+03 2.116348093842001232e-01
4.750000000000000000e+03 5.760327179161867095e-01
4.752000000000000000e+03 -1.288316654747567735e-01
4.754000000000000000e+03 5.189669924706693388e-02
4.756000000000000000e+03 4.855799321900666765e-01
4.758000000000000000e+03 -8.728823639386003308e-02
4.760000000000000000e+03 -3.908265103369934490e-02
4.762000000000000000e+03 -2.788433695771268539e-01
4.764000000000000000e+03 2.146277437653023451e-02
4.766000000000000000e+03 2.825820900960677173e-01
4.768000000000000000e+03 -1.629025913736047507e-02
4.770000000000000000e+03 -1.031767874789395051e-01
4.772000000000000000e+03 -2.725517760491078523e-01
4.774000000000000000e+03 1.647560888013782088e-01
4.776000000000000000e+03 3.280459839960443991e-01
4.778000000000000000e+03 -2.831790208740592729e-01
4.780000000000000000e+03 -2.421438118542036944e-01
4.782000000000000000e+03 -2.578305571235392502e-01
4.784000000000000000e+03 2.760647046406186633e-01
4.786000000000000000e+03 -6.402995527243093843e-02
4.788000000000000000e+03 -1.137265285863440778e-01
4.790000000000000000e+03 4.934645909891948179e-01
4.792000000000000000e+03 -1.525548713860025996e-01
4.794000000000000000e+03 1.207017748728467649e-01
4.796000000000000000e+03 3.087741380074582320e-01
4.798000000000000000e+03 2.719830278878447860e-01
4.800000000000000000e+03 5.196779395087477438e-01
4.802000000000000000e+03 2.061226521445158957e-04
4.804000000000000000e+03 -2.700099367912396908e-01
4.806000000000000000e+03 5.771125401703809665e-02
4.808000000000000000e+03 4.830113340215557716e-01
4.810000000000000000e+03 3.032547334466562661e-01
4.812000000000000000e+03 3.189722946714463325e-01
4.814000000000000000e+03 5.514144687912798659e-01
4.816000000000000000e+03 -1.733776622555530944e-01
4.818000000000000000e+03 -2.770929254665695507e-01
4.820000000000000000e+03 -1.894006923747238724e-01
4.822000000000000000e+03 -5.969409267244275147e-02
4.824000000000000000e+03 -1.288320363536992197e-01
4.826000000000000000e+03 -1.869822205483259447e-01
4.828000000000000000e+03 -2.668418525586681023e-01
4.830000000000000000e+03 7.957914549236455581e-02
4.832000000000000000e+03 -2.886807649865567593e-01
4.834000000000000000e+03 1.318089596104631833e-01
4.836000000000000000e+03 2.289667341368481490e-02
4.838000000000000000e+03 4.257433118609478262e-01
4.840000000000000000e+03 2.272398489691618007e-01
4.842000000000000000e+03 4.720344433210937884e-01
4.844000000000000000e+03 -2.395696291826994451e-01
4.846000000000000000e+03 4.025494412157848423e-01
4.848000000000000000e+03 -3.301532656867778304e-02
4.850000000000000000e+03 -1.861524883459668156e-01
4.852000000000000000e+03 -8.143974674959167381e-02
4.854000000000000000e+03 9.524809689543677071e-02
4.856000000000000000e+03 -4.648104953802641159e-02
4.858000000000000000e+03 -2.433336810402732808e-01
4.860000000000000000e+03 -2.806873113187424162e-01
4.862000000000000000e+03 -1.736604385207985435e-01
4.864000000000000000e+03 6.292013378991639927e-02
4.866000000000000000e+03 1.636591048070822618e-01
4.868000000000000000e+03 -2.231272872773279459e-02
4.870000000000000000e+03 1.183483918990377026e-01
4.872000000000000000e+03 2.856236444909415195e-01
4.874000000000000000e+03 -5.823682227225986108e-02
4.876000000000000000e+03 -2.125907253583849410e-01
4.878000000000000000e+03 -4.679797196460014352e-02
4.880000000000000000e+03 -2.836271514468022281e-01
4.882000000000000000e+03 -2.667570029154818223e-01
4.884000000000000000e+03 -8.225350706923635624e-02
4.886000000000000000e+03 3.198164479328898246e-01
4.888000000000000000e+03 -5.294765728346310929e-02
4.890000000000000000e+03 5.094991528727484953e-01
4.892000000000000000e+03 -1.962352694151211219e-01
4.894000000000000000e+03 -2.211401425775605667e-01
4.896000000000000000e+03 -2.524924049735023934e-01
4.898000000000000000e+03 -1.385222969629765211e-01
4.900000000000000000e+03 3.337310840780080556e-01
4.902000000000000000e+03 -2.144119333605773725e-01
4.904000000000000000e+03 -2.835923769107368542e-01
4.906000000000000000e+03 -2.611218405535263298e-01
4.908000000000000000e+03 -1.876753956850163163e-01
4.910000000000000000e+03 -2.856721434617686683e-01
4.912000000000000000e+03 -9.782555371927344201e-02
4.914000000000000000e+03 -2.815598306805157103e-01
4.916000000000000000e+03 2.728708553712905216e-01
4.918000000000000000e+03 -2.718326812985985552e-01
4.920000000000000000e+03 1.660852929255718924e-01
4.922000000000000000e+03 1.768571081484325846e-01
4.924000000000000000e+03 -1.290112795888966046e-01
4.926000000000000000e+03 4.463655142208633464e-01
4.928000000000000000e+03 2.184384745301812536e-01
4.930000000000000000e+03 2.995153476126776737e-01
4.932000000000000000e+03 4.703750604055453866e-01
4.934000000000000000e+03 5.304431067752787277e-01
4.936000000000000000e+03 -2.838646795292223413e-01
4.938000000000000000e+03 -2.883403061129523048e-01
4.940000000000000000e+03 -1.570228223295716263e-01
4.942000000000000000e+03 -2.841548692243515695e-01
4.944000000000000000e+03 3.100681616980651145e-01
4.946000000000000000e+03 2.104943109041606530e-01
4.948000000000000000e+03 -2.668415323857892263e-01
4.950000000000000000e+03 -2.880555958327158383e-01
4.952000000000000000e+03 3.512760244225480721e-01
4.954000000000000000e+03 -1.526805686189545708e-01
4.956000000000000000e+03 -2.840158759370827735e-01
4.958000000000000000e+03 -2.568820167397893872e-01
4.960000000000000000e+03 -2.754080754675774512e-01
4.962000000000000000e+03 -1.430893636197662910e-01
4.964000000000000000e+03 -2.842083954556554604e-01
4.966000000000000000e+03 2.994431655912138494e-03
4.968000000000000000e+03 -8.757308080155394581e-02
4.970000000000000000e+03 -1.862765038892400249e-01
4.972000000000000000e+03 4.955272006459173761e-01
4.974000000000000000e+03 -2.512699342002187031e-01
4.976000000000000000e+03 -1.381605537328835752e-02
4.978000000000000000e+03 4.891090074624164230e-01
4.980000000000000000e+03 5.724107916968524945e-01
4.982000000000000000e+03 -2.786646449027418981e-01
4.984000000000000000e+03 -2.845036739941776416e-01
4.986000000000000000e+03 -1.849198504827540279e-01
4.988000000000000000e+03 -3.458794916553994958e-02
4.990000000000000000e+03 -2.726144687542118028e-01
4.992000000000000000e+03 6.550446927874420400e-02
4.994000000000000000e+03 3.389829705830248452e-01
4.996000000000000000e+03 3.408213188096472779e-01
4.998000000000000000e+03 5.009316364300951951e-01
5.000000000000000000e+03 -2.765216546359630101e-01
5.002000000000000000e+03 -1.742044679887573000e-01
5.004000000000000000e+03 -1.516254679669308894e-02
5.006000000000000000e+03 2.584890546294572600e-01
5.008000000000000000e+03 5.276984755404795502e-01
5.010000000000000000e+03 5.589170106119736303e-01
5.012000000000000000e+03 5.254855522455955663e-01
5.014000000000000000e+03 3.602841788975851278e-01
5.016000000000000000e+03 3.784661701014516710e-01
5.018000000000000000e+03 5.244475431005668487e-01
5.020000000000000000e+03 -1.520000629063850695e-01
5.022000000000000000e+03 -2.228281955766528086e-02
5.024000000000000000e+03 -2.854587973755857155e-01
5.026000000000000000e+03 5.681572851421056169e-01
5.028000000000000000e+03 -1.952565919769326253e-01
5.030000000000000000e+03 -2.347439306156157979e-01
5.032000000000000000e+03 -1.616122538635389738e-01
5.034000000000000000e+03 4.556872225832919177e-01
5.036000000000000000e+03 -2.785547026089626454e-01
5.038000000000000000e+03 -2.072284625184811768e-01
5.040000000000000000e+03 -2.884162242296909873e-01
5.042000000000000000e+03 -3.946609840191080132e-02
5.044000000000000000e+03 -2.852929157925940817e-01
5.046000000000000000e+03 2.774111020201408540e-01
5.048000000000000000e+03 -2.794614045851295248e-01
5.050000000000000000e+03 -6.938327830159432552e-02
5.052000000000000000e+03 -1.567143062288935962e-01
5.054000000000000000e+03 -2.809086489315507640e-01
5.056000000000000000e+03 -2.083106046916494702e-01
5.058000000000000000e+03 -2.472946481721766954e-01
5.060000000000000000e+03 -2.429427621103312507e-01
5.062000000000000000e+03 3.045160474858650823e-01
5.064000000000000000e+03 3.074968182269530170e-01
5.066000000000000000e+03 -1.835060835538197821e-01
5.068000000000000000e+03 1.871919705967845515e-01
5.070000000000000000e+03 -2.418978200751173702e-01
5.072000000000000000e+03 4.488986491007740387e-01
5.074000000000000000e+03 -2.824884529021469137e-01
5.076000000000000000e+03 5.025251014953849849e-01
5.078000000000000000e+03 3.452211229598025621e-01
5.080000000000000000e+03 -9.297677146311156271e-02
5.082000000000000000e+03 -2.537867177310049183e-01
5.084000000000000000e+03 1.486460656643988354e-01
5.086000000000000000e+03 -2.843652612465614737e-01
5.088000000000000000e+03 2.398380033298928016e-01
5.090000000000000000e+03 -3.484222139097601506e-02
5.092000000000000000e+03 -1.382552330215797431e-01
5.094000000000000000e+03 3.801937744402373864e-01
5.096000000000000000e+03 -2.835696936011479208e-01
5.098000000000000000e+03 -2.561777591633085938e-01
5.100000000000000000e+03 -2.291550681686182755e-01
5.102000000000000000e+03 -2.680197076103180143e-01
5.104000000000000000e+03 -2.837135620172223094e-01
5.106000000000000000e+03 -1.237816428198306729e-01
5.108000000000000000e+03 -1.084885715470218642e-01
5.110000000000000000e+03 4.225071415666459829e-01
5.112000000000000000e+03 -2.728257943714299527e-01
5.114000000000000000e+03 -2.558818111204271828e-01
5.116000000000000000e+03 2.552327755963079148e-01
5.118000000000000000e+03 -1.426077651428981630e-01
5.120000000000000000e+03 -2.678371942610185963e-01
5.122000000000000000e+03 3.953508728637328828e-01
5.124000000000000000e+03 -2.106504989328289723e-01
5.126000000000000000e+03 -1.433443355045181389e-01
5.128000000000000000e+03 4.375421602116266184e-01
5.130000000000000000e+03 -2.511182067763615966e-01
5.132000000000000000e+03 1.843083191720518502e-02
5.134000000000000000e+03 -2.214106117337090451e-01
5.136000000000000000e+03 -1.977111079370731106e-01
5.138000000000000000e+03 1.801681848820398113e-01
5.140000000000000000e+03 -2.328829683300940867e-01
5.142000000000000000e+03 3.265078814731786072e-01
5.144000000000000000e+03 3.398258341548130446e-01
5.146000000000000000e+03 -5.827674027544730434e-02
5.148000000000000000e+03 -1.571954289339680955e-01
5.150000000000000000e+03 -2.697574830086672537e-01
5.152000000000000000e+03 -1.968063667383853355e-01
5.154000000000000000e+03 1.105885036162291141e-01
5.156000000000000000e+03 3.670573659778595954e-01
5.158000000000000000e+03 -2.763814866574421658e-01
5.160000000000000000e+03 -2.088088092162611042e-01
5.162000000000000000e+03 -1.437426486952679550e-01
5.164000000000000000e+03 -1.852350719257077616e-01
5.166000000000000000e+03 -2.867518210124758715e-01
5.168000000000000000e+03 -1.430796987614054994e-01
5.170000000000000000e+03 5.273561044041099599e-01
5.172000000000000000e+03 -1.618270803290952631e-01
5.174000000000000000e+03 -2.592316199583956093e-01
5.176000000000000000e+03 -2.542707912786379976e-01
5.178000000000000000e+03 -2.122578626200815888e-01
5.180000000000000000e+03 -2.860126829769499834e-01
5.182000000000000000e+03 -2.138178879183278425e-01
5.184000000000000000e+03 5.245519420561999269e-01
5.186000000000000000e+03 -2.782085240113202906e-01
5.188000000000000000e+03 3.437749900702672390e-01
5.190000000000000000e+03 5.666218539512315466e-01
5.192000000000000000e+03 5.314769272901976871e-01
5.194000000000000000e+03 -2.609318657727699997e-01
5.196000000000000000e+03 5.376977538921086097e-01
5.198000000000000000e+03 2.177866261136654213e-01
5.200000000000000000e+03 6.560362104676129014e-02
5.202000000000000000e+03 -2.589026204678676613e-01
5.204000000000000000e+03 4.625637204907337430e-01
5.206000000000000000e+03 -5.150594235342349086e-02
5.208000000000000000e+03 -2.858815697964471325e-01
5.210000000000000000e+03 2.871457896086803685e-01
5.212000000000000000e+03 -1.344185202763416645e-02
5.214000000000000000e+03 2.236142209639178577e-02
5.216000000000000000e+03 2.780009478372578724e-01
5.218000000000000000e+03 5.801331183813059900e-01
5.220000000000000000e+03 3.432218098981729693e-01
5.222000000000000000e+03 -1.137701092050616147e-01
5.224000000000000000e+03 1.068249282285772817e-01
5.226000000000000000e+03 -2.246490780698481571e-01
5.228000000000000000e+03 5.367514285625374360e-01
5.230000000000000000e+03 5.184661977239504171e-01
5.232000000000000000e+03 1.146480706342680872e-01
5.234000000000000000e+03 3.346503238099515082e-02
5.236000000000000000e+03 2.163065882150338459e-01
5.238000000000000000e+03 2.633420550830571916e-01
5.240000000000000000e+03 -2.045319434001024450e-01
5.242000000000000000e+03 -2.347352679171043344e-01
5.244000000000000000e+03 -2.308874510928316526e-01
5.246000000000000000e+03 2.589273436795677674e-01
5.248000000000000000e+03 3.993897449693602497e-01
5.250000000000000000e+03 1.491036032798891131e-01
5.252000000000000000e+03 -2.510646641482373598e-01
5.254000000000000000e+03 -1.985135420484822055e-01
5.256000000000000000e+03 -6.423429362163821099e-02
5.258000000000000000e+03 4.201488972237574782e-01
5.260000000000000000e+03 -2.717808259531734882e-01
5.262000000000000000e+03 -1.952559285611233930e-01
5.264000000000000000e+03 -2.724601825282234602e-01
5.266000000000000000e+03 2.184391510046421736e-01
5.268000000000000000e+03 1.722090442320305947e-01
5.270000000000000000e+03 4.392698381846326661e-01
5.272000000000000000e+03 -3.396652104448613652e-02
5.274000000000000000e+03 2.300567087240208697e-01
5.276000000000000000e+03 2.994826371321184788e-01
5.278000000000000000e+03 -2.730149181679613624e-01
5.280000000000000000e+03 -2.574634505518408334e-01
5.282000000000000000e+03 1.579757189055834843e-01
5.284000000000000000e+03 -2.877130322585806366e-01
5.286000000000000000e+03 -2.752701793398713015e-01
5.288000000000000000e+03 -2.758693872471728592e-01
5.290000000000000000e+03 -4.015137509287787509e-02
5.292000000000000000e+03 1.238682414775864604e-01
5.294000000000000000e+03 1.149651506199325796e-01
5.296000000000000000e+03 -2.717934842795450279e-01
5.298000000000000000e+03 4.750843622500075525e-02
5.300000000000000000e+03 2.297098714524548335e-01
5.302000000000000000e+03 -1.238860738148855195e-01
5.304000000000000000e+03 -1.479639424862758956e-01
5.306000000000000000e+03 -6.944141658370281411e-02
5.308000000000000000e+03 -2.607864499112181322e-01
5.310000000000000000e+03 -1.647714693940894870e-01
5.312000000000000000e+03 -1.930655067662049029e-01
5.314000000000000000e+03 5.333475029169670867e-01
5.316000000000000000e+03 -2.777830534643494498e-01
5.318000000000000000e+03 -2.075508448051622823e-01
5.320000000000000000e+03 -2.157297740620049697e-01
5.322000000000000000e+03 9.320827390366741294e-02
5.324000000000000000e+03 5.196614103440950760e-01
5.326000000000000000e+03 -2.198847110950722869e-02
5.328000000000000000e+03 4.650716973080530614e-02
5.330000000000000000e+03 -1.527730461490961200e-01
5.332000000000000000e+03 -1.868038340154250521e-01
5.334000000000000000e+03 5.047346680852076162e-01
5.336000000000000000e+03 -2.775705834314483589e-01
5.338000000000000000e+03 -7.570478898735619189e-02
5.340000000000000000e+03 -1.947289487444606448e-01
5.342000000000000000e+03 1.973712155454312722e-01
5.344000000000000000e+03 -2.164078166687108395e-02
5.346000000000000000e+03 -2.090537857678169686e-01
5.348000000000000000e+03 -2.102726842071689362e-01
5.350000000000000000e+03 -2.823741360614276941e-01
5.352000000000000000e+03 3.760608339240344988e-01
5.354000000000000000e+03 3.929954345284668027e-01
5.356000000000000000e+03 -2.893063792537233225e-01
5.358000000000000000e+03 -2.458301813501365118e-01
5.360000000000000000e+03 -7.494136684776067647e-02
5.362000000000000000e+03 5.505304516944106025e-02
5.364000000000000000e+03 -2.147152012736966709e-01
5.366000000000000000e+03 -2.854405690919550875e-01
5.368000000000000000e+03 -2.796440985830633275e-01
5.370000000000000000e+03 1.053914824468707157e-01
5.372000000000000000e+03 -2.859049762123211380e-01
5.374000000000000000e+03 -2.759681249348612253e-01
5.376000000000000000e+03 2.333813428952208613e-01
5.378000000000000000e+03 5.421385294267252464e-01
5.380000000000000000e+03 -2.819989972731472005e-01
5.382000000000000000e+03 4.296214902005004443e-01
5.384000000000000000e+03 3.145557764340349283e-01
5.386000000000000000e+03 1.339856965534458044e-01
5.388000000000000000e+03 4.396487675475647672e-01
5.390000000000000000e+03 2.359166525413206317e-01
5.392000000000000000e+03 2.609208399320202543e-01
5.394000000000000000e+03 8.185113882548533670e-02
5.396000000000000000e+03 6.820828190471517338e-02
5.398000000000000000e+03 -2.894771168843736087e-01
5.400000000000000000e+03 1.530467503549769182e-01
5.402000000000000000e+03 -1.085915820918974817e-01
5.404000000000000000e+03 4.005719703520524977e-01
5.406000000000000000e+03 -2.850483775080481230e-01
5.408000000000000000e+03 -2.883381919802729954e-01
5.410000000000000000e+03 4.875010829815983882e-01
5.412000000000000000e+03 3.259276054405963463e-01
5.414000000000000000e+03 3.644666512723169216e-01
5.416000000000000000e+03 -1.237410486752357763e-01
5.418000000000000000e+03 -2.800357447201038963e-01
5.420000000000000000e+03 1.280728646673349840e-02
5.422000000000000000e+03 -2.813999484057125855e-01
5.424000000000000000e+03 -2.591015052633521831e-01
5.426000000000000000e+03 6.780628226179215290e-02
5.428000000000000000e+03 -2.350102019655861962e-01
5.430000000000000000e+03 -1.137780853080039012e-01
5.432000000000000000e+03 5.287512998211965076e-01
5.434000000000000000e+03 4.032864874541932654e-01
5.436000000000000000e+03 -1.483200517916217764e-01
5.438000000000000000e+03 3.185561711729540391e-01
5.440000000000000000e+03 -2.742698312008553518e-01
5.442000000000000000e+03 -2.475758029692279316e-01
5.444000000000000000e+03 -2.890724657096206962e-01
5.446000000000000000e+03 1.152639978599864952e-02
5.448000000000000000e+03 -1.377019741465380365e-01
5.450000000000000000e+03 2.705129823284992963e-01
5.452000000000000000e+03 -1.661498435159265985e-01
5.454000000000000000e+03 1.267510593363199434e-01
5.456000000000000000e+03 -7.655920096892249171e-02
5.458000000000000000e+03 4.997219544900267096e-01
5.460000000000000000e+03 -2.421083970131891749e-01
5.462000000000000000e+03 -1.813781598560094410e-01
5.464000000000000000e+03 5.004558940915317944e-01
5.466000000000000000e+03 2.477990488411633829e-01
5.468000000000000000e+03 3.582135964794198602e-01
5.470000000000000000e+03 -2.182855585239899809e-01
5.472000000000000000e+03 -1.287672820533334594e-01
5.474000000000000000e+03 -2.151840171226998277e-01
5.476000000000000000e+03 -2.814120767637328657e-01
5.478000000000000000e+03 -3.907448513307947707e-02
5.480000000000000000e+03 -2.444197501952086737e-01
5.482000000000000000e+03 -1.188854084676389533e-01
5.484000000000000000e+03 -2.603609696112469951e-01
5.486000000000000000e+03 -2.792366866919432922e-01
5.488000000000000000e+03 -3.972637568736393093e-02
5.490000000000000000e+03 5.312268495596076390e-01
5.492000000000000000e+03 4.333213534318491322e-01
5.494000000000000000e+03 -2.824674571960173464e-01
5.496000000000000000e+03 -2.323608565723782882e-01
5.498000000000000000e+03 -2.689543468327069697e-01
5.500000000000000000e+03 -5.862634901726400394e-02
5.502000000000000000e+03 -2.404300450325062566e-01
5.504000000000000000e+03 -2.733765918191021216e-01
5.506000000000000000e+03 -2.001211104300452126e-01
5.508000000000000000e+03 -1.536059556406768889e-01
5.510000000000000000e+03 -8.710605508163904442e-02
5.512000000000000000e+03 2.740579786146755681e-01
5.514000000000000000e+03 -1.474184590222622215e-01
5.516000000000000000e+03 -1.679349909681668862e-01
5.518000000000000000e+03 -2.844340023118442362e-01
5.520000000000000000e+03 -2.814882646831365354e-01
5.522000000000000000e+03 -1.381649937411053020e-01
5.524000000000000000e+03 3.638874398657376830e-01
5.526000000000000000e+03 -2.109121427405917515e-01
5.528000000000000000e+03 -7.645341612456513225e-02
5.530000000000000000e+03 -1.696480203498334505e-01
5.532000000000000000e+03 -1.378683528507657907e-01
5.534000000000000000e+03 -9.164633110788610038e-02
5.536000000000000000e+03 -2.849484801546736112e-01
5.538000000000000000e+03 -7.510394867409266040e-03
5.540000000000000000e+03 3.084799350823903552e-01
5.542000000000000000e+03 -2.926798564953838055e-01
5.544000000000000000e+03 -1.278174841628460512e-01
5.546000000000000000e+03 6.310179530466375475e-02
5.548000000000000000e+03 5.145727419607655229e-01
5.550000000000000000e+03 5.015296661281388735e-01
5.552000000000000000e+03 5.761803445847817062e-02
5.554000000000000000e+03 -5.319065489719405904e-02
5.556000000000000000e+03 -1.289742362625460326e-01
5.558000000000000000e+03 5.769394308783600822e-01
5.560000000000000000e+03 3.779280457733068532e-01
5.562000000000000000e+03 -1.188361183060488713e-01
5.564000000000000000e+03 -1.481472359095181712e-01
5.566000000000000000e+03 -2.866211654612467741e-01
5.568000000000000000e+03 2.218827647803068015e-01
5.570000000000000000e+03 5.228148092035533878e-01
5.572000000000000000e+03 4.760864360210189869e-03
5.574000000000000000e+03 -1.570586250990427257e-01
5.576000000000000000e+03 -2.875698267306062705e-01
5.578000000000000000e+03 2.508789733266935662e-01
5.580000000000000000e+03 2.526643278778311075e-01
5.582000000000000000e+03 1.038592739929050240e-01
5.584000000000000000e+03 -2.504296586575347483e-01
5.586000000000000000e+03 1.767310229637364116e-01
5.588000000000000000e+03 5.606613528971055027e-02
5.590000000000000000e+03 4.952615908828473801e-01
5.592000000000000000e+03 2.395778269520356177e-02
5.594000000000000000e+03 2.313502197521527248e-01
5.596000000000000000e+03 -2.265518811848790948e-01
5.598000000000000000e+03 -1.980259089339013456e-01
5.600000000000000000e+03 -2.830485318864705002e-01
5.602000000000000000e+03 1.172371528723024775e-01
5.604000000000000000e+03 5.705429095171140608e-01
5.606000000000000000e+03 3.924486146265674935e-01
5.608000000000000000e+03 -2.245547573076169534e-01
5.610000000000000000e+03 -7.197836266560405684e-03
5.612000000000000000e+03 -2.101818939889887605e-01
5.614000000000000000e+03 -1.645903533863870005e-01
5.616000000000000000e+03 2.743542873825220996e-01
5.618000000000000000e+03 6.104384098590281971e-02
5.620000000000000000e+03 1.339132386868384650e-01
5.622000000000000000e+03 4.524607733563260417e-03
5.624000000000000000e+03 -2.494453719426548977e-01
5.626000000000000000e+03 -1.388655146840895027e-01
5.628000000000000000e+03 3.331481403006989472e-01
5.630000000000000000e+03 -2.927521012485106294e-02
5.632000000000000000e+03 5.723376525798288261e-01
5.634000000000000000e+03 1.741378657954126274e-01
5.636000000000000000e+03 -2.683693466645947212e-01
5.638000000000000000e+03 -1.377787947902442967e-01
5.640000000000000000e+03 1.163582403637371115e-01
5.642000000000000000e+03 2.783194617360101319e-01
5.644000000000000000e+03 -2.793400141756027244e-01
5.646000000000000000e+03 -1.480912894462177165e-01
5.648000000000000000e+03 -2.522680662085252656e-01
5.650000000000000000e+03 8.300634001845529075e-02
5.652000000000000000e+03 1.458983492043225971e-01
5.654000000000000000e+03 -2.384262147215188421e-01
5.656000000000000000e+03 -2.243091193563524210e-01
5.658000000000000000e+03 -1.432011669546468802e-01
5.660000000000000000e+03 4.616178598021798418e-01
5.662000000000000000e+03 3.096962627743329310e-01
5.664000000000000000e+03 -2.824860541320280971e-01
5.666000000000000000e+03 -1.970920993571194380e-01
5.668000000000000000e+03 -2.416099152188467825e-01
5.670000000000000000e+03 -2.869625966733483913e-01
5.672000000000000000e+03 -2.277129439916970866e-01
5.674000000000000000e+03 -2.158493863849324790e-01
5.676000000000000000e+03 -1.236526918580240358e-01
5.678000000000000000e+03 -2.050954154251399264e-01
5.680000000000000000e+03 2.856671689068119857e-01
5.682000000000000000e+03 2.732508115772706025e-01
5.684000000000000000e+03 -2.864622780410100988e-01
5.686000000000000000e+03 -2.853432116636834825e-01
5.688000000000000000e+03 4.922726183868875727e-01
5.690000000000000000e+03 3.669051449619907257e-01
5.692000000000000000e+03 3.615323510231960857e-01
5.694000000000000000e+03 -2.527466609975319023e-01
5.696000000000000000e+03 -9.267348445940114254e-02
5.698000000000000000e+03 5.133494765177316205e-02
5.700000000000000000e+03 1.491022099775740350e-01
5.702000000000000000e+03 -2.698963174622466821e-01
5.704000000000000000e+03 2.518458672274054844e-01
5.706000000000000000e+03 -1.741475185686027771e-01
5.708000000000000000e+03 -2.249957908896127179e-01
5.710000000000000000e+03 1.890565772073388162e-01
5.712000000000000000e+03 3.696557409643520531e-01
5.714000000000000000e+03 -6.503724896370552400e-02
5.716000000000000000e+03 1.974852256496935632e-01
5.718000000000000000e+03 -2.815597653731525818e-01
5.720000000000000000e+03 -2.182861584064216820e-01
5.722000000000000000e+03 -2.245653845458682463e-01
5.724000000000000000e+03 -1.565278440490277534e-01
5.726000000000000000e+03 5.593968245526704797e-01
5.728000000000000000e+03 3.121615606918591301e-01
5.730000000000000000e+03 4.466018674970685942e-01
5.732000000000000000e+03 3.748788109374346367e-01
5.734000000000000000e+03 4.857747151649291495e-01
5.736000000000000000e+03 4.260059031173676902e-01
5.738000000000000000e+03 -2.811211063647567898e-01
5.740000000000000000e+03 -1.979267477755732862e-01
5.742000000000000000e+03 1.894444427286485766e-01
5.744000000000000000e+03 -2.497823065130249653e-01
5.746000000000000000e+03 -9.285556309814556319e-02
5.748000000000000000e+03 3.782556964704570368e-01
5.750000000000000000e+03 -1.542539971622466921e-02
5.752000000000000000e+03 -3.548646087933771814e-02
5.754000000000000000e+03 -1.933381859164641503e-01
5.756000000000000000e+03 -2.918395591626769536e-01
5.758000000000000000e+03 4.605940154386371499e-01
5.760000000000000000e+03 2.307754133514799688e-01
5.762000000000000000e+03 2.414925024981466328e-01
5.764000000000000000e+03 -1.252798589481546668e-02
5.766000000000000000e+03 3.294844273890887854e-01
5.768000000000000000e+03 -2.858873972744211955e-01
5.770000000000000000e+03 -2.574631180760033611e-01
5.772000000000000000e+03 -1.698836007594597686e-01
5.774000000000000000e+03 -2.751629603703426019e-01
5.776000000000000000e+03 -1.868738587462794032e-01
5.778000000000000000e+03 -2.044243076975001128e-01
5.780000000000000000e+03 -1.033080464082771904e-01
5.782000000000000000e+03 1.228090067421174075e-01
5.784000000000000000e+03 -7.366733060300089016e-03
5.786000000000000000e+03 -2.627661152294250013e-01
5.788000000000000000e+03 1.491320548150697201e-01
5.790000000000000000e+03 -6.587837297972930217e-02
5.792000000000000000e+03 7.248495223814403754e-02
5.794000000000000000e+03 -7.545208177922299586e-02
5.796000000000000000e+03 2.233959271430475679e-01
5.798000000000000000e+03 -1.814292481838272741e-01
5.800000000000000000e+03 5.238655191208121398e-01
5.802000000000000000e+03 8.218311866945837707e-02
5.804000000000000000e+03 5.173002747443689042e-01
5.806000000000000000e+03 2.506342101920230880e-01
5.808000000000000000e+03 -2.204824525761105714e-01
5.810000000000000000e+03 -1.429171340352600739e-01
5.812000000000000000e+03 -2.080060081771178959e-01
5.814000000000000000e+03 4.032293117339516564e-01
5.816000000000000000e+03 -1.473792804203002127e-01
5.818000000000000000e+03 -1.387276655952794369e-01
5.820000000000000000e+03 9.484444921213988633e-02
5.822000000000000000e+03 -1.085908766653576329e-01
5.824000000000000000e+03 -1.239872102655699970e-01
5.826000000000000000e+03 -1.567641729960357333e-01
5.828000000000000000e+03 4.566213602805725413e-01
5.830000000000000000e+03 -2.831635282079981164e-01
5.832000000000000000e+03 2.408851421733728543e-02
5.834000000000000000e+03 -9.782516443189384625e-02
5.836000000000000000e+03 -2.013362436355246032e-01
5.838000000000000000e+03 -2.876620042070469618e-01
5.840000000000000000e+03 -1.529333775840896470e-01
5.842000000000000000e+03 -2.293165139199743463e-01
5.844000000000000000e+03 2.854078794027286592e-01
5.846000000000000000e+03 -1.137679823370853910e-01
5.848000000000000000e+03 -2.888506607849153363e-01
5.850000000000000000e+03 6.926028335837873529e-02
5.852000000000000000e+03 1.658418173634569059e-01
5.854000000000000000e+03 5.309157543949963864e-01
5.856000000000000000e+03 -2.064401747107234841e-02
5.858000000000000000e+03 -1.611037910025334419e-01
5.860000000000000000e+03 4.119706042456272033e-01
5.862000000000000000e+03 2.080578471388321304e-01
5.864000000000000000e+03 -2.899240282512117184e-01
5.866000000000000000e+03 2.432378411332530577e-01
5.868000000000000000e+03 -2.838963923338264084e-01
5.870000000000000000e+03 -2.822892272053721396e-01
5.872000000000000000e+03 -2.293900949313480153e-01
5.874000000000000000e+03 5.085759313450226304e-02
5.876000000000000000e+03 -1.618281477711527860e-01
5.878000000000000000e+03 2.584945472764796914e-01
5.880000000000000000e+03 -2.079885330962924217e-01
5.882000000000000000e+03 -2.078243469610734084e-01
5.884000000000000000e+03 1.273159396954550993e-01
5.886000000000000000e+03 -1.531025293314378088e-01
5.888000000000000000e+03 9.802131846733551368e-02
5.890000000000000000e+03 -2.310920417835111429e-01
5.892000000000000000e+03 -1.993228953167504314e-01
5.894000000000000000e+03 -2.833978266056636497e-01
5.896000000000000000e+03 -2.398134891447418482e-01
5.898000000000000000e+03 -2.422184930859425656e-01
5.900000000000000000e+03 -2.279953547224371491e-01
5.902000000000000000e+03 -2.719358184155876504e-02
5.904000000000000000e+03 -2.781592200045834851e-01
5.906000000000000000e+03 -1.083926797394579034e-01
5.908000000000000000e+03 -1.434530101562319082e-01
5.910000000000000000e+03 3.895774640800521715e-01
5.912000000000000000e+03 3.546095469993994498e-01
5.914000000000000000e+03 -2.660678477693091404e-01
5.916000000000000000e+03 -2.366694666592863705e-01
5.918000000000000000e+03 3.238758208567031338e-01
5.920000000000000000e+03 -8.073136400440555915e-02
5.922000000000000000e+03 4.931338714985918359e-01
5.924000000000000000e+03 -1.429524163327165476e-01
5.926000000000000000e+03 -2.356783098960118783e-01
5.928000000000000000e+03 -2.678184307968858313e-01
5.930000000000000000e+03 2.686744764724505186e-01
5.932000000000000000e+03 -1.610246284628626401e-01
5.934000000000000000e+03 3.037156507601663780e-01
5.936000000000000000e+03 -1.998230277316382641e-01
5.938000000000000000e+03 7.248566210924783926e-02
5.940000000000000000e+03 -1.707729385388011556e-01
5.942000000000000000e+03 7.533105274729551271e-02
5.944000000000000000e+03 3.138024064684140080e-01
5.946000000000000000e+03 1.979927202069096392e-01
5.948000000000000000e+03 -2.579202311180654461e-01
5.950000000000000000e+03 -2.242794165149608887e-01
5.952000000000000000e+03 -2.726203129837797001e-01
5.954000000000000000e+03 -2.816179298460546598e-01
5.956000000000000000e+03 -2.440060230347010362e-01
5.958000000000000000e+03 5.443713661071247767e-01
5.960000000000000000e+03 1.211844399097686542e-01
5.962000000000000000e+03 -2.836389673873828121e-01
5.964000000000000000e+03 -1.930234683396426509e-01
5.966000000000000000e+03 -2.220071730726011494e-02
5.968000000000000000e+03 -1.742726152687406882e-01
5.970000000000000000e+03 5.527819575466008661e-01
5.972000000000000000e+03 -5.223400458805436963e-02
5.974000000000000000e+03 3.852945778943085431e-01
5.976000000000000000e+03 -2.407163561151471065e-01
5.978000000000000000e+03 -2.865100645925621747e-01
5.980000000000000000e+03 -2.657367554873383275e-01
5.982000000000000000e+03 -2.446409109836632234e-01
5.984000000000000000e+03 -2.703344722998362593e-01
5.986000000000000000e+03 -5.253909426962423412e-02
5.988000000000000000e+03 1.785577226623546454e-01
5.990000000000000000e+03 4.746044263148738729e-01
5.992000000000000000e+03 -1.240803025082645172e-01
5.994000000000000000e+03 -1.865475060029362919e-01
5.996000000000000000e+03 -5.837043508556691296e-02
5.998000000000000000e+03 5.622337925029458061e-01
6.000000000000000000e+03 -1.137757859830673124e-01
6.002000000000000000e+03 4.128934926562032870e-01
6.004000000000000000e+03 3.923933110524466805e-01
6.006000000000000000e+03 5.367912597517310314e-02
6.008000000000000000e+03 -8.105852790315529188e-02
6.010000000000000000e+03 -2.800172844213162371e-01
6.012000000000000000e+03 -7.051694394158966595e-02
6.014000000000000000e+03 -1.239348811531635342e-01
6.016000000000000000e+03 -1.563230344348949530e-01
6.018000000000000000e+03 -2.484759646390028165e-01
6.020000000000000000e+03 9.794395450988162624e-03
6.022000000000000000e+03 3.601833072516429368e-01
6.024000000000000000e+03 -2.800574109629713759e-01
6.026000000000000000e+03 -1.695027080550843834e-01
6.028000000000000000e+03 -2.690391972168170165e-01
6.030000000000000000e+03 -2.604683879876149022e-01
6.032000000000000000e+03 4.854504388282925853e-01
6.034000000000000000e+03 -2.873442234523609362e-01
6.036000000000000000e+03 -3.605253513575282925e-02
6.038000000000000000e+03 -7.063332783610656862e-02
6.040000000000000000e+03 -2.753551324264398859e-01
6.042000000000000000e+03 -2.431522820709342003e-01
6.044000000000000000e+03 -1.286517794415429627e-01
6.046000000000000000e+03 -1.085518654841864106e-01
6.048000000000000000e+03 4.377390884133574578e-01
6.050000000000000000e+03 -2.301865450653628187e-01
6.052000000000000000e+03 -2.164521401023726532e-01
6.054000000000000000e+03 -2.809810721138202294e-01
6.056000000000000000e+03 9.936000161831834432e-02
6.058000000000000000e+03 -1.475435677847847758e-02
6.060000000000000000e+03 -2.545830637906713600e-01
6.062000000000000000e+03 1.244691922542681128e-01
6.064000000000000000e+03 -8.422779264870101576e-03
6.066000000000000000e+03 -2.927633538603342800e-02
6.068000000000000000e+03 2.126378456254175431e-01
6.070000000000000000e+03 -1.947118057854632656e-01
6.072000000000000000e+03 -5.223465891369737102e-02
6.074000000000000000e+03 -2.767832303743589795e-01
6.076000000000000000e+03 3.140884495834120327e-01
6.078000000000000000e+03 1.245191948922944221e-02
6.080000000000000000e+03 1.671815843901134357e-01
6.082000000000000000e+03 5.801057055484271779e-02
6.084000000000000000e+03 -2.782696353307366754e-01
6.086000000000000000e+03 -2.482373254856038436e-01
6.088000000000000000e+03 1.020314614800621467e-01
6.090000000000000000e+03 -1.564229467040078869e-01
6.092000000000000000e+03 -1.858049421752527020e-01
6.094000000000000000e+03 -1.288827587336078273e-01
6.096000000000000000e+03 1.747575236461670900e-01
6.098000000000000000e+03 3.137365324292374913e-01
6.100000000000000000e+03 3.755575956586962860e-01
6.102000000000000000e+03 -2.395195575156100487e-01
6.104000000000000000e+03 -5.217116539320164337e-02
6.106000000000000000e+03 2.205963766283043637e-01
6.108000000000000000e+03 2.093251763448651659e-01
6.110000000000000000e+03 4.365960388766232381e-01
6.112000000000000000e+03 3.079531293470115852e-02
6.114000000000000000e+03 -1.887290263536667012e-01
6.116000000000000000e+03 -9.238947355142469731e-02
6.118000000000000000e+03 -1.337935904972921419e-01
6.120000000000000000e+03 -2.220093179473326406e-01
6.122000000000000000e+03 -2.513872210642302263e-01
6.124000000000000000e+03 -2.661624229990066093e-01
6.126000000000000000e+03 3.720348704754150027e-01
6.128000000000000000e+03 2.273473955099131194e-01
6.130000000000000000e+03 -2.683712725609378458e-01
6.132000000000000000e+03 -1.905595134326678874e-01
6.134000000000000000e+03 -2.773033377621707540e-01
6.136000000000000000e+03 -2.775499407339427904e-01
6.138000000000000000e+03 1.097570215078006728e-01
6.140000000000000000e+03 -1.932026106414101996e-01
6.142000000000000000e+03 4.372627515240441048e-02
6.144000000000000000e+03 3.309033820640679968e-01
6.146000000000000000e+03 -2.864627887336738121e-01
6.148000000000000000e+03 8.802375514640976839e-02
6.150000000000000000e+03 5.116966075664944880e-01
6.152000000000000000e+03 -2.314640621370418760e-01
6.154000000000000000e+03 4.865121756717380452e-01
6.156000000000000000e+03 -2.391405946437046015e-01
6.158000000000000000e+03 -2.606133052500445579e-01
6.160000000000000000e+03 6.788718706326059282e-02
6.162000000000000000e+03 2.004488755008393963e-01
6.164000000000000000e+03 2.469401597165112594e-01
6.166000000000000000e+03 3.775232568210337702e-01
6.168000000000000000e+03 -2.764951873565941187e-01
6.170000000000000000e+03 5.601675322285397662e-01
6.172000000000000000e+03 5.114232545275045894e-01
6.174000000000000000e+03 3.733958273825533358e-01
6.176000000000000000e+03 -2.234116057714341796e-01
6.178000000000000000e+03 1.598850625037674111e-01
6.180000000000000000e+03 -1.240866259969937851e-01
6.182000000000000000e+03 -2.649726205419788427e-01
6.184000000000000000e+03 1.969372292489416365e-01
6.186000000000000000e+03 3.049532504577313063e-01
6.188000000000000000e+03 1.498789224182499047e-01
6.190000000000000000e+03 4.327638062425954169e-01
6.192000000000000000e+03 3.815501262339228150e-01
6.194000000000000000e+03 -1.967434139535793325e-01
6.196000000000000000e+03 -2.619975444656743591e-01
6.198000000000000000e+03 2.046117264238629663e-01
6.200000000000000000e+03 -2.142383694895084179e-01
6.202000000000000000e+03 -2.267107878605981730e-01
6.204000000000000000e+03 -2.511962101746837428e-01
6.206000000000000000e+03 2.664972207424422534e-01
6.208000000000000000e+03 1.236616128690706667e-01
6.210000000000000000e+03 2.477588204005574390e-01
6.212000000000000000e+03 -1.650030270524228959e-01
6.214000000000000000e+03 -2.297354046654307980e-01
6.216000000000000000e+03 -2.844283181324214760e-01
6.218000000000000000e+03 1.202909236780693170e-01
6.220000000000000000e+03 -6.998098547071046616e-02
6.222000000000000000e+03 -6.969706692662762382e-02
6.224000000000000000e+03 -2.032870150339424059e-02
6.226000000000000000e+03 1.148748670671869837e-01
6.228000000000000000e+03 -1.022306663257010854e-02
6.230000000000000000e+03 -2.848632366612054434e-01
6.232000000000000000e+03 -2.604689555892676367e-01
6.234000000000000000e+03 -2.707948021240624281e-01
6.236000000000000000e+03 -1.530624285443738519e-01
6.238000000000000000e+03 -1.566232462358859712e-01
6.240000000000000000e+03 -1.290942969073077540e-01
6.242000000000000000e+03 -2.691749004687810087e-01
6.244000000000000000e+03 -8.240668527833738821e-02
6.246000000000000000e+03 -2.652760168886168501e-01
6.248000000000000000e+03 -8.716379887893014114e-03
6.250000000000000000e+03 -7.119769137545924054e-02
6.252000000000000000e+03 -1.237218496761495201e-01
6.254000000000000000e+03 -2.288506512963799922e-01
6.256000000000000000e+03 2.040874482449637761e-01
6.258000000000000000e+03 2.117421898385975221e-01
6.260000000000000000e+03 1.422759814934092606e-02
6.262000000000000000e+03 -4.650441097868537182e-02
6.264000000000000000e+03 -1.735125682643477996e-01
6.266000000000000000e+03 -2.903905421241376739e-01
6.268000000000000000e+03 -1.921989179037962292e-01
6.270000000000000000e+03 -2.418571966652642569e-01
6.272000000000000000e+03 -2.860023320473382702e-01
6.274000000000000000e+03 4.007479232461155089e-02
6.276000000000000000e+03 3.609083432501938304e-01
6.278000000000000000e+03 5.690499157214690129e-01
6.280000000000000000e+03 1.642927871382974525e-01
6.282000000000000000e+03 -2.674686980514429657e-01
6.284000000000000000e+03 5.174352397928483338e-01
6.286000000000000000e+03 2.786623745782120243e-01
6.288000000000000000e+03 6.746628329688895975e-02
6.290000000000000000e+03 -1.613306550690935537e-01
6.292000000000000000e+03 1.727473616938972056e-01
6.294000000000000000e+03 2.137669790946252757e-01
6.296000000000000000e+03 4.799498138854358525e-02
6.298000000000000000e+03 -2.500832670511651257e-01
6.300000000000000000e+03 -2.457442794699084554e-01
6.302000000000000000e+03 -2.558818572010930770e-01
6.304000000000000000e+03 -2.903683513802109983e-01
6.306000000000000000e+03 -2.492113560233235603e-01
6.308000000000000000e+03 -2.807520081761772368e-01
6.310000000000000000e+03 -2.822831050775738149e-01
6.312000000000000000e+03 -2.829843726237002977e-01
6.314000000000000000e+03 5.289490433473504893e-01
6.316000000000000000e+03 2.479137799245074436e-01
6.318000000000000000e+03 -2.837951224799329930e-01
6.320000000000000000e+03 -2.114469764294410747e-01
6.322000000000000000e+03 -2.798193967173105978e-01
6.324000000000000000e+03 2.504749141089577802e-01
6.326000000000000000e+03 -2.490493047466068866e-01
6.328000000000000000e+03 5.426930776521666777e-01
6.330000000000000000e+03 1.347710896435528327e-01
6.332000000000000000e+03 -2.041414963061948806e-01
6.334000000000000000e+03 2.222907916087079327e-01
6.336000000000000000e+03 3.455675023420870517e-02
6.338000000000000000e+03 1.311969944086072426e-01
6.340000000000000000e+03 4.844736025993728323e-01
6.342000000000000000e+03 4.766740102513937760e-01
6.344000000000000000e+03 5.304443262883813404e-01
6.346000000000000000e+03 3.927190181919696932e-01
6.348000000000000000e+03 4.544778313377430268e-02
6.350000000000000000e+03 2.794323601870496998e-01
6.352000000000000000e+03 -2.722083526691260191e-01
6.354000000000000000e+03 5.646090415767625048e-01
6.356000000000000000e+03 -1.034964792149256074e-01
6.358000000000000000e+03 -1.832633051050727713e-01
6.360000000000000000e+03 2.991945524361535047e-01
6.362000000000000000e+03 -1.747383073007985899e-01
6.364000000000000000e+03 -9.029803137954527451e-03
6.366000000000000000e+03 1.116476626919524345e-01
6.368000000000000000e+03 -2.618202555064423898e-01
6.370000000000000000e+03 -1.573758327239657973e-01
6.372000000000000000e+03 -2.853165011420930597e-01
6.374000000000000000e+03 9.568944143340228636e-02
6.376000000000000000e+03 9.197781551411310375e-02
6.378000000000000000e+03 3.498765666823774323e-01
6.380000000000000000e+03 -2.028457666743334886e-01
6.382000000000000000e+03 2.899964581238202443e-01
6.384000000000000000e+03 5.624573024911493357e-01
6.386000000000000000e+03 -2.830499342760654513e-01
6.388000000000000000e+03 -6.475001231659145706e-02
6.390000000000000000e+03 -2.113726630514553839e-01
6.392000000000000000e+03 4.997214049903562771e-01
6.394000000000000000e+03 1.966755977162920332e-01
6.396000000000000000e+03 -2.846942093588092360e-01
6.398000000000000000e+03 4.575507744535705079e-01
6.400000000000000000e+03 3.350473710510000758e-01
6.402000000000000000e+03 -2.045798476464653348e-01
6.404000000000000000e+03 7.389902517319235642e-02
6.406000000000000000e+03 1.172254152989957027e-01
6.408000000000000000e+03 1.581250153984957441e-01
6.410000000000000000e+03 1.142435834397263483e-01
6.412000000000000000e+03 4.639240783107675403e-01
6.414000000000000000e+03 -1.907065077581857060e-01
6.416000000000000000e+03 -6.508112133159811574e-02
6.418000000000000000e+03 2.772546722081246640e-01
6.420000000000000000e+03 -2.766731213304111092e-01
6.422000000000000000e+03 -1.611043285460168062e-01
6.424000000000000000e+03 1.584510638907118962e-01
6.426000000000000000e+03 -2.617757162159918272e-01
6.428000000000000000e+03 1.710593807724075308e-02
6.430000000000000000e+03 1.491403970343511687e-01
6.432000000000000000e+03 1.939094935164045741e-01
6.434000000000000000e+03 -2.880573190106886505e-01
6.436000000000000000e+03 5.471268878860728879e-01
6.438000000000000000e+03 -2.881804550225193773e-01
6.440000000000000000e+03 -2.754435940336631417e-01
6.442000000000000000e+03 4.554401110601015157e-01
6.444000000000000000e+03 -2.772177306096946237e-01
6.446000000000000000e+03 -2.884676584569247360e-01
6.448000000000000000e+03 2.890936561912013300e-02
6.450000000000000000e+03 -2.750224712285239681e-01
6.452000000000000000e+03 -1.087886614831652388e-01
6.454000000000000000e+03 -2.631059316377978852e-01
6.456000000000000000e+03 -1.084515354618645205e-01
6.458000000000000000e+03 3.490443661079948301e-01
6.460000000000000000e+03 3.206899877967721024e-01
6.462000000000000000e+03 3.977429191864275126e-01
6.464000000000000000e+03 -2.669433614044109393e-01
6.466000000000000000e+03 -9.833381310792332908e-02
6.468000000000000000e+03 2.770960616138494759e-01
6.470000000000000000e+03 5.744441210430339950e-01
6.472000000000000000e+03 -2.706047439767691465e-01
6.474000000000000000e+03 3.481811364847414453e-03
6.476000000000000000e+03 -3.760879251773948436e-03
6.478000000000000000e+03 -1.238258475676836529e-01
6.480000000000000000e+03 -1.659687835597432881e-01
6.482000000000000000e+03 -2.250073414394441751e-01
6.484000000000000000e+03 -2.111503734012523670e-01
6.486000000000000000e+03 -2.832557867845666988e-01
6.488000000000000000e+03 -1.530021624807745284e-01
6.490000000000000000e+03 8.714267210383180862e-02
6.492000000000000000e+03 -2.631060864273430666e-01
6.494000000000000000e+03 1.480904330332202812e-01
6.496000000000000000e+03 -9.790471582410525953e-02
6.498000000000000000e+03 -2.465156972767928445e-01
6.500000000000000000e+03 -2.781132838170851107e-01
6.502000000000000000e+03 -5.825052462241767093e-02
6.504000000000000000e+03 -2.466088018040796248e-01
6.506000000000000000e+03 -2.911372131210402392e-01
6.508000000000000000e+03 7.823695396622387666e-02
6.510000000000000000e+03 7.273590016142210402e-02
6.512000000000000000e+03 3.422378234926226059e-01
6.514000000000000000e+03 -1.432376628330345458e-01
6.516000000000000000e+03 -3.053402986821102463e-02
6.518000000000000000e+03 2.287370903751880791e-01
6.520000000000000000e+03 -2.890931382321334508e-01
6.522000000000000000e+03 -5.231804007181613952e-02
6.524000000000000000e+03 -2.340055792332698670e-01
6.526000000000000000e+03 2.020199650995881113e-01
6.528000000000000000e+03 -2.437413611399414093e-01
6.530000000000000000e+03 3.610300653698123030e-01
6.532000000000000000e+03 4.149873849546522053e-01
6.534000000000000000e+03 -1.838524808537598809e-01
6.536000000000000000e+03 -2.725505577569313220e-01
6.538000000000000000e+03 6.836973418154254634e-02
6.540000000000000000e+03 -2.824357234101202985e-01
6.542000000000000000e+03 -2.356836640053092680e-01
6.544000000000000000e+03 3.215891620608728879e-02
6.546000000000000000e+03 2.463740894932468228e-01
6.548000000000000000e+03 1.324692492931001629e-02
6.550000000000000000e+03 1.278182956766228673e-01
6.552000000000000000e+03 4.715617897179406603e-01
6.554000000000000000e+03 -1.034178034127386792e-01
6.556000000000000000e+03 -2.760381740555745145e-01
6.558000000000000000e+03 -2.326897784724805407e-01
6.560000000000000000e+03 -2.282155123466788893e-01
6.562000000000000000e+03 -5.666864973282279179e-03
6.564000000000000000e+03 -2.587671517750339545e-01
6.566000000000000000e+03 -1.851966153429176198e-01
6.568000000000000000e+03 -1.728352574295107524e-01
6.570000000000000000e+03 -2.542840821521628603e-01
6.572000000000000000e+03 3.294459319335457104e-01
6.574000000000000000e+03 4.723370754903919444e-01
6.576000000000000000e+03 8.149334179823129742e-02
6.578000000000000000e+03 -2.087523002953391993e-01
6.580000000000000000e+03 5.320602568127542620e-01
6.582000000000000000e+03 2.606760793680639177e-01
6.584000000000000000e+03 3.071639520724099848e-01
6.586000000000000000e+03 -2.436208121658718362e-01
6.588000000000000000e+03 9.415441365545965113e-02
6.590000000000000000e+03 -2.596471000684174024e-01
6.592000000000000000e+03 -2.176132444293691903e-01
6.594000000000000000e+03 4.590046359249145592e-03
6.596000000000000000e+03 2.006208036708967413e-01
6.598000000000000000e+03 5.445878728465376462e-01
6.600000000000000000e+03 1.908629867250112300e-01
6.602000000000000000e+03 -1.474760621745688505e-01
6.604000000000000000e+03 -3.465792709859400605e-02
6.606000000000000000e+03 6.201550656272717538e-02
6.608000000000000000e+03 1.035680332172083523e-01
6.610000000000000000e+03 8.181675548554995236e-02
6.612000000000000000e+03 -2.820101608450048536e-01
6.614000000000000000e+03 4.263285239628792495e-02
6.616000000000000000e+03 3.831297257454699956e-01
6.618000000000000000e+03 -9.286552891408952903e-02
6.620000000000000000e+03 -2.615998848073920469e-01
6.622000000000000000e+03 3.419169750552270709e-02
6.624000000000000000e+03 -2.755472280968454535e-01
6.626000000000000000e+03 4.802429221980860641e-01
6.628000000000000000e+03 -1.522917883812044126e-01
6.630000000000000000e+03 5.155077436565232846e-02
6.632000000000000000e+03 3.610323810437113812e-01
6.634000000000000000e+03 4.735750597855752919e-01
6.636000000000000000e+03 1.757450600063172608e-01
6.638000000000000000e+03 4.918152387273937443e-01
6.640000000000000000e+03 2.856233158253023707e-01
6.642000000000000000e+03 2.654945453816491829e-01
6.644000000000000000e+03 -2.648544483542589201e-01
6.646000000000000000e+03 1.741205469044159182e-01
6.648000000000000000e+03 -1.912477312803568252e-01
6.650000000000000000e+03 -1.292311606335861673e-01
6.652000000000000000e+03 -2.338617932172932234e-01
6.654000000000000000e+03 -8.137977546875509172e-02
6.656000000000000000e+03 -2.072592166257025692e-01
6.658000000000000000e+03 5.397772149222136717e-02
6.660000000000000000e+03 -2.810374917814165152e-01
6.662000000000000000e+03 4.020951741380199840e-01
6.664000000000000000e+03 2.263464654607475757e-01
6.666000000000000000e+03 -6.489768106168104789e-02
6.668000000000000000e+03 2.710124335820476849e-01
6.670000000000000000e+03 5.212478917713645465e-01
6.672000000000000000e+03 -2.666369726035592858e-01
6.674000000000000000e+03 -2.491976123730942350e-01
6.676000000000000000e+03 -2.831267745277833980e-01
6.678000000000000000e+03 -2.450655092019476955e-01
6.680000000000000000e+03 -2.897022681658001919e-01
6.682000000000000000e+03 -2.850853898598261216e-01
6.684000000000000000e+03 -2.414867230210220872e-01
6.686000000000000000e+03 -2.317182498724087436e-01
6.688000000000000000e+03 -1.137045885398891010e-01
6.690000000000000000e+03 -2.876619433889054944e-01
6.692000000000000000e+03 -2.408382810581505828e-01
6.694000000000000000e+03 -2.638011508466042154e-01
6.696000000000000000e+03 4.733741091688898339e-01
6.698000000000000000e+03 1.925822370046123208e-02
6.700000000000000000e+03 -2.649351728858634347e-01
6.702000000000000000e+03 -2.675870192941809944e-01
6.704000000000000000e+03 -1.481579161092964059e-01
6.706000000000000000e+03 4.980547682496679895e-01
6.708000000000000000e+03 3.875395371343346440e-01
6.710000000000000000e+03 3.237527765552342465e-03
6.712000000000000000e+03 4.233768444778672757e-01
6.714000000000000000e+03 -9.446238672095021160e-03
6.716000000000000000e+03 2.830584654830785030e-01
6.718000000000000000e+03 -7.625863627271189937e-02
6.720000000000000000e+03 4.358370005852592599e-01
6.722000000000000000e+03 1.707794494780364436e-01
6.724000000000000000e+03 3.802305097572586945e-01
6.726000000000000000e+03 -5.812485840317752755e-02
6.728000000000000000e+03 -2.820541528502912287e-01
6.730000000000000000e+03 1.773066523320181997e-01
6.732000000000000000e+03 2.372439439392404550e-02
6.734000000000000000e+03 -1.570363413796975471e-01
6.736000000000000000e+03 -4.556142004148718699e-02
6.738000000000000000e+03 -1.745324429150413859e-01
6.740000000000000000e+03 4.685288626579538485e-01
6.742000000000000000e+03 -1.573764126373864425e-01
6.744000000000000000e+03 -1.776937214436044021e-01
6.746000000000000000e+03 -2.339263665915163048e-01
6.748000000000000000e+03 -2.207588207819018156e-01
6.750000000000000000e+03 1.665254870066810722e-01
6.752000000000000000e+03 -2.843398166411908456e-01
6.754000000000000000e+03 -8.084608819937837143e-02
6.756000000000000000e+03 8.019200290910680207e-02
6.758000000000000000e+03 -2.738623129308753179e-01
6.760000000000000000e+03 -2.857832186920198914e-01
6.762000000000000000e+03 -1.085783442321401476e-01
6.764000000000000000e+03 -1.862163863706682021e-01
6.766000000000000000e+03 -2.404300302351468077e-01
6.768000000000000000e+03 -1.510376058476041450e-01
6.770000000000000000e+03 -1.137056278210975824e-01
6.772000000000000000e+03 -2.695417134513152235e-01
6.774000000000000000e+03 -7.525831246136895081e-02
6.776000000000000000e+03 8.242031605887167878e-02
6.778000000000000000e+03 2.443303817294900093e-01
6.780000000000000000e+03 -5.847765944467660237e-02
6.782000000000000000e+03 4.162578066912038244e-01
6.784000000000000000e+03 2.871464227985463524e-01
6.786000000000000000e+03 -2.815610388718907675e-01
6.788000000000000000e+03 5.546749787540521393e-01
6.790000000000000000e+03 -1.620517669374621217e-01
6.792000000000000000e+03 -2.872664561883430667e-01
6.794000000000000000e+03 -2.885669581619228485e-01
6.796000000000000000e+03 3.069804725091150877e-01
6.798000000000000000e+03 -1.554504975232851548e-02
6.800000000000000000e+03 -2.844161905407053270e-01
6.802000000000000000e+03 1.714339737531526964e-01
6.804000000000000000e+03 3.398264355274311366e-01
6.806000000000000000e+03 1.317166828444653326e-01
6.808000000000000000e+03 -2.848475112450196689e-01
6.810000000000000000e+03 -1.239588784768304031e-01
6.812000000000000000e+03 2.589286344943653173e-01
6.814000000000000000e+03 -2.603610163776794439e-01
6.816000000000000000e+03 -2.182111305363396148e-01
6.818000000000000000e+03 -2.478058941410347382e-01
6.820000000000000000e+03 -2.759382842138450864e-01
6.822000000000000000e+03 -2.776069166775294028e-01
6.824000000000000000e+03 2.424464496310899386e-01
6.826000000000000000e+03 -1.189236874980174469e-01
6.828000000000000000e+03 2.656212673521586298e-01
6.830000000000000000e+03 -1.738903270769083520e-01
6.832000000000000000e+03 2.140424414188456248e-01
6.834000000000000000e+03 -2.368211196516693817e-01
6.836000000000000000e+03 2.695090325760591266e-01
6.838000000000000000e+03 3.032230401718924960e-03
6.840000000000000000e+03 3.969843701775145894e-01
6.842000000000000000e+03 -1.238373206175227281e-01
6.844000000000000000e+03 3.098353164848033359e-01
6.846000000000000000e+03 1.964395041021772814e-01
6.848000000000000000e+03 -8.696527983668989048e-02
6.850000000000000000e+03 4.621217252957754984e-01
6.852000000000000000e+03 4.440026300337638482e-02
6.854000000000000000e+03 4.689881960759361701e-01
6.856000000000000000e+03 4.346014566972748461e-01
6.858000000000000000e+03 -5.162757643547859904e-02
6.860000000000000000e+03 -1.188408665445824103e-01
6.862000000000000000e+03 -7.017909227017046780e-02
6.864000000000000000e+03 -2.371409022195471450e-01
6.866000000000000000e+03 -1.440360782278928553e-01
6.868000000000000000e+03 -6.503764894729222035e-02
6.870000000000000000e+03 3.122547436819515521e-01
6.872000000000000000e+03 4.485102986203939324e-01
6.874000000000000000e+03 -2.642412055987886643e-01
6.876000000000000000e+03 -2.693260607906086124e-01
6.878000000000000000e+03 2.300566850678289754e-01
6.880000000000000000e+03 -1.868036306829236881e-01
6.882000000000000000e+03 -6.943473832817670388e-02
6.884000000000000000e+03 -8.121251569295204198e-02
6.886000000000000000e+03 3.990178143377782205e-01
6.888000000000000000e+03 2.571625704366212184e-01
6.890000000000000000e+03 5.401563027777050996e-01
6.892000000000000000e+03 4.222689452052560966e-01
6.894000000000000000e+03 1.423029395128231067e-01
6.896000000000000000e+03 -2.756796919096003995e-01
6.898000000000000000e+03 1.311996561450691490e-01
6.900000000000000000e+03 8.864450420560179844e-02
6.902000000000000000e+03 -1.824795718475437367e-01
6.904000000000000000e+03 -2.835701875571976505e-01
6.906000000000000000e+03 -2.399256812169373865e-01
6.908000000000000000e+03 -2.340036296082694325e-02
6.910000000000000000e+03 -1.982414616692570464e-01
6.912000000000000000e+03 -2.261975802706517047e-01
6.914000000000000000e+03 -2.104369888230266106e-01
6.916000000000000000e+03 -2.185894532052029549e-01
6.918000000000000000e+03 -2.857839983676324636e-01
6.920000000000000000e+03 -2.740106140332501661e-01
6.922000000000000000e+03 -1.839103803179553132e-01
6.924000000000000000e+03 3.014295227638816299e-01
6.926000000000000000e+03 1.617561184869545921e-01
6.928000000000000000e+03 7.936821569909272012e-02
6.930000000000000000e+03 1.626079080851663694e-01
6.932000000000000000e+03 -2.188602717746785387e-01
6.934000000000000000e+03 -2.668423814467522637e-01
6.936000000000000000e+03 -1.035207060678235286e-01
6.938000000000000000e+03 1.352441414491992733e-01
6.940000000000000000e+03 -2.874121805629274440e-01
6.942000000000000000e+03 1.131466009911106380e-01
6.944000000000000000e+03 4.412704734470175860e-01
6.946000000000000000e+03 6.073417151717935836e-02
6.948000000000000000e+03 1.291509788618242782e-01
6.950000000000000000e+03 -1.086718624496282731e-01
6.952000000000000000e+03 -2.655606878864779641e-01
6.954000000000000000e+03 -1.694139672260467633e-01
6.956000000000000000e+03 -2.850688595392983915e-01
6.958000000000000000e+03 -2.460564320790202264e-01
6.960000000000000000e+03 -2.421644856037542815e-01
6.962000000000000000e+03 -2.158919605128940267e-01
6.964000000000000000e+03 -2.010074162206853254e-01
6.966000000000000000e+03 -1.685999207967363300e-01
6.968000000000000000e+03 -2.653969227650125693e-03
6.970000000000000000e+03 -1.942222292421136587e-01
6.972000000000000000e+03 -2.348259603079516644e-01
6.974000000000000000e+03 3.890007267151300574e-02
6.976000000000000000e+03 2.407592984162310046e-01
6.978000000000000000e+03 -2.789252157930654508e-01
6.980000000000000000e+03 -1.943590081332763897e-01
6.982000000000000000e+03 -2.202523190822052168e-01
6.984000000000000000e+03 8.953528924295224567e-02
6.986000000000000000e+03 -2.820295407872396298e-01
6.988000000000000000e+03 7.629593139075986630e-02
6.990000000000000000e+03 1.169941936074204714e-01
6.992000000000000000e+03 -2.463595085499279691e-01
6.994000000000000000e+03 5.289585542523631556e-01
6.996000000000000000e+03 1.558828763997478495e-01
6.998000000000000000e+03 1.069591093535569512e-02
7.000000000000000000e+03 9.131706138695871999e-02
7.002000000000000000e+03 -2.496221430557307164e-01
7.004000000000000000e+03 -2.122139303396682886e-01
7.006000000000000000e+03 -3.591692138421018199e-02
7.008000000000000000e+03 5.764369181248842899e-01
7.010000000000000000e+03 4.125788055275940724e-01
7.012000000000000000e+03 2.327936754720312806e-01
7.014000000000000000e+03 4.712372329732425480e-01
7.016000000000000000e+03 2.663975860181824196e-01
7.018000000000000000e+03 -2.619026412359524714e-01
7.020000000000000000e+03 3.117713874286833983e-02
7.022000000000000000e+03 -2.821088218919791113e-01
7.024000000000000000e+03 2.263253703415661344e-01
7.026000000000000000e+03 1.368438442429384949e-01
7.028000000000000000e+03 4.705642975636763481e-01
7.030000000000000000e+03 -5.215094545802940323e-02
7.032000000000000000e+03 -9.246869028016729830e-02
7.034000000000000000e+03 -1.473504126557587945e-01
7.036000000000000000e+03 -2.261482877902832311e-01
7.038000000000000000e+03 -1.288677521902649170e-01
7.040000000000000000e+03 -1.476376441927335359e-01
7.042000000000000000e+03 5.108236220544087880e-01
7.044000000000000000e+03 3.709511268067534201e-02
7.046000000000000000e+03 -4.550606876854181720e-02
7.048000000000000000e+03 1.385147399575618610e-01
7.050000000000000000e+03 -9.276309378686889429e-02
7.052000000000000000e+03 -1.385100478797779699e-01
7.054000000000000000e+03 -2.231809609604790134e-01
7.056000000000000000e+03 -2.878128645963490273e-01
7.058000000000000000e+03 -2.258716331551267886e-01
7.060000000000000000e+03 5.123844605603833369e-01
7.062000000000000000e+03 -2.844332436614935844e-01
7.064000000000000000e+03 -2.702844207988145397e-01
7.066000000000000000e+03 -1.904276010484358128e-01
7.068000000000000000e+03 -1.188345678451579041e-01
7.070000000000000000e+03 -2.078345743900602283e-01
7.072000000000000000e+03 -2.376916060226546279e-01
7.074000000000000000e+03 -2.124624795188002901e-01
7.076000000000000000e+03 -4.078826094202826769e-03
7.078000000000000000e+03 2.118484801226482861e-01
7.080000000000000000e+03 4.935518262284444568e-01
7.082000000000000000e+03 1.267622861480705576e-01
7.084000000000000000e+03 1.495869324300490300e-01
7.086000000000000000e+03 -2.881115260542886358e-01
7.088000000000000000e+03 -2.511971912547384944e-01
7.090000000000000000e+03 -1.784908700117814606e-01
7.092000000000000000e+03 -2.034841842286248259e-01
7.094000000000000000e+03 -2.883390131182638760e-01
7.096000000000000000e+03 -2.664156890848935477e-01
7.098000000000000000e+03 -2.839893061475350922e-01
7.100000000000000000e+03 2.800828695908141319e-01
7.102000000000000000e+03 -2.814109718273327676e-01
7.104000000000000000e+03 -1.810361557598822724e-01
7.106000000000000000e+03 -2.743604115019785405e-01
7.108000000000000000e+03 -1.336838432070977245e-01
7.110000000000000000e+03 2.710100249081874857e-01
7.112000000000000000e+03 -7.570476557117256089e-02
7.114000000000000000e+03 -1.287263783637467296e-01
7.116000000000000000e+03 -2.796449008135869496e-01
7.118000000000000000e+03 -2.192627740932171498e-01
7.120000000000000000e+03 3.915917480260286410e-01
7.122000000000000000e+03 2.204839802150931061e-01
7.124000000000000000e+03 5.952458331442364581e-02
7.126000000000000000e+03 -1.288987863205098006e-01
7.128000000000000000e+03 -2.307778554063517895e-01
7.130000000000000000e+03 -2.186795093834341397e-01
7.132000000000000000e+03 -2.820880886905675622e-01
7.134000000000000000e+03 4.945285923636091874e-01
7.136000000000000000e+03 8.109439152492814787e-03
7.138000000000000000e+03 -6.405281275611035552e-02
7.140000000000000000e+03 -8.763354490265344576e-02
7.142000000000000000e+03 2.656071548024296902e-02
7.144000000000000000e+03 -1.769496151894922875e-01
7.146000000000000000e+03 1.068882529154789873e-01
7.148000000000000000e+03 -1.993077403045707963e-01
7.150000000000000000e+03 1.116468925793619310e-01
7.152000000000000000e+03 -2.690846918951004807e-01
7.154000000000000000e+03 -2.787678388608093583e-01
7.156000000000000000e+03 2.583234392965394477e-01
7.158000000000000000e+03 5.563555619147050324e-01
7.160000000000000000e+03 -2.227452947660458205e-01
7.162000000000000000e+03 -2.506918908817512559e-01
7.164000000000000000e+03 3.876229978289725264e-01
7.166000000000000000e+03 1.652821079392665163e-02
7.168000000000000000e+03 3.329562067917547497e-01
7.170000000000000000e+03 1.828565942226387797e-01
7.172000000000000000e+03 1.343483110213620872e-02
7.174000000000000000e+03 -2.095876302741654304e-02
7.176000000000000000e+03 -9.202112997621968160e-02
7.178000000000000000e+03 4.762476928949740396e-01
7.180000000000000000e+03 3.216903014017699070e-01
7.182000000000000000e+03 2.815408309168896395e-01
7.184000000000000000e+03 2.924781897564160960e-01
7.186000000000000000e+03 3.189828278969902842e-01
7.188000000000000000e+03 -2.633658766422469766e-01
7.190000000000000000e+03 2.659866982407891323e-01
7.192000000000000000e+03 -9.279080373682437044e-02
7.194000000000000000e+03 9.444644453277817320e-02
7.196000000000000000e+03 -2.512976962767193290e-01
7.198000000000000000e+03 5.787346238497768081e-01
7.200000000000000000e+03 -9.262762631736308483e-02
7.202000000000000000e+03 -2.400722169682887597e-01
7.204000000000000000e+03 -4.013243864214414980e-03
7.206000000000000000e+03 -1.813501459891143364e-01
7.208000000000000000e+03 -2.594631356819875889e-01
7.210000000000000000e+03 -2.149009430767138684e-01
7.212000000000000000e+03 -2.267109565961928364e-01
7.214000000000000000e+03 -1.189184512532346361e-01
7.216000000000000000e+03 -2.181057938410340402e-01
7.218000000000000000e+03 -2.905953010870722664e-01
7.220000000000000000e+03 -2.831290800359352877e-01
7.222000000000000000e+03 -2.905250267022587152e-01
7.224000000000000000e+03 -2.320244392225026819e-01
7.226000000000000000e+03 -2.614576523825273835e-01
7.228000000000000000e+03 -2.792563087546965361e-01
7.230000000000000000e+03 4.199722137962602075e-01
7.232000000000000000e+03 -2.716391728861801691e-01
7.234000000000000000e+03 1.671891798974447368e-02
7.236000000000000000e+03 -2.795998889326975489e-01
7.238000000000000000e+03 2.405658507577687066e-01
7.240000000000000000e+03 -1.953897566953829296e-02
7.242000000000000000e+03 -2.472948217971742135e-01
7.244000000000000000e+03 -2.731518782886676600e-01
7.246000000000000000e+03 -1.942400312917467731e-01
7.248000000000000000e+03 -2.889997185031362714e-01
7.250000000000000000e+03 2.104839635724370939e-01
7.252000000000000000e+03 -2.053622617084362445e-01
7.254000000000000000e+03 -2.486800866487756945e-01
7.256000000000000000e+03 -2.253441420441705187e-02
7.258000000000000000e+03 -2.870430124605830580e-01
7.260000000000000000e+03 2.803315236963757062e-01
7.262000000000000000e+03 -1.436241759619439062e-01
7.264000000000000000e+03 -2.106920907958218514e-01
7.266000000000000000e+03 -2.847263246855880614e-01
7.268000000000000000e+03 5.396507167771092961e-01
7.270000000000000000e+03 -2.804079694440326231e-01
7.272000000000000000e+03 -2.589095212848640526e-01
7.274000000000000000e+03 -1.932016664610954060e-01
7.276000000000000000e+03 -2.767056282053144689e-01
7.278000000000000000e+03 -2.285982774053298139e-01
7.280000000000000000e+03 -1.385605399892538281e-01
7.282000000000000000e+03 -8.715515467443323006e-02
7.284000000000000000e+03 2.946215836805883281e-01
7.286000000000000000e+03 -1.014911542538600442e-02
7.288000000000000000e+03 -1.525022000900363994e-02
7.290000000000000000e+03 -2.201865981240029302e-01
7.292000000000000000e+03 -2.793935953995765331e-01
7.294000000000000000e+03 -2.248159750453210259e-01
7.296000000000000000e+03 5.055617532674092640e-01
7.298000000000000000e+03 1.311721799788471698e-01
7.300000000000000000e+03 3.440800657403687568e-01
7.302000000000000000e+03 -2.254976618857603143e-01
7.304000000000000000e+03 -2.609309357951486996e-01
7.306000000000000000e+03 1.934474132416834635e-01
7.308000000000000000e+03 -1.925378871628814492e-01
7.310000000000000000e+03 4.205513156276032838e-01
7.312000000000000000e+03 5.133475429335309093e-01
7.314000000000000000e+03 -2.660335521428084382e-01
7.316000000000000000e+03 -1.818365327323694380e-01
7.318000000000000000e+03 3.700688783305403629e-01
7.320000000000000000e+03 -1.985399433985940987e-01
7.322000000000000000e+03 1.347441240713202482e-01
7.324000000000000000e+03 -1.912971070434175136e-01
7.326000000000000000e+03 -2.665921187616739907e-01
7.328000000000000000e+03 -1.137143341631144250e-01
7.330000000000000000e+03 -2.217774293919006767e-01
7.332000000000000000e+03 1.301115075596971371e-01
7.334000000000000000e+03 1.958742141422720462e-01
7.336000000000000000e+03 2.306154048063955089e-02
7.338000000000000000e+03 -2.004472765675996415e-01
7.340000000000000000e+03 -2.515525180884777279e-01
7.342000000000000000e+03 3.921706994649589162e-01
7.344000000000000000e+03 -2.459435398359530178e-01
7.346000000000000000e+03 -1.288849296305759340e-01
7.348000000000000000e+03 5.594490127245960176e-01
7.350000000000000000e+03 -2.417870871038965974e-01
7.352000000000000000e+03 -2.438821917423709684e-01
7.354000000000000000e+03 -2.382648848326091029e-01
7.356000000000000000e+03 5.091946339722178833e-02
7.358000000000000000e+03 -1.968501240175187517e-01
7.360000000000000000e+03 1.584808696967122676e-01
7.362000000000000000e+03 -2.585951992100474772e-01
7.364000000000000000e+03 -2.400083834848782682e-01
7.366000000000000000e+03 -1.432011079034228584e-01
7.368000000000000000e+03 -2.854593459511852727e-01
7.370000000000000000e+03 3.540630526141043677e-01
7.372000000000000000e+03 -2.899847980989476159e-01
7.374000000000000000e+03 -2.867260812705739736e-01
7.376000000000000000e+03 5.035448946331305686e-01
7.378000000000000000e+03 1.423019016251589053e-01
7.380000000000000000e+03 -2.883660131794504866e-01
7.382000000000000000e+03 1.021471245989533788e-01
7.384000000000000000e+03 3.612897665719542184e-01
7.386000000000000000e+03 -2.376751061782445829e-01
7.388000000000000000e+03 1.108834211097518563e-01
7.390000000000000000e+03 1.778412330397920460e-01
7.392000000000000000e+03 2.209622037842656206e-01
7.394000000000000000e+03 1.104178757170376224e-01
7.396000000000000000e+03 -1.786799383742684322e-01
7.398000000000000000e+03 -2.705915207494669628e-01
7.400000000000000000e+03 9.401914543763051357e-02
7.402000000000000000e+03 -7.679473187038438065e-02
7.404000000000000000e+03 -1.238781783883461662e-01
7.406000000000000000e+03 -1.992549728871366443e-01
7.408000000000000000e+03 -9.265563240971769199e-02
7.410000000000000000e+03 3.987022589655754568e-02
7.412000000000000000e+03 1.476551930781578037e-01
7.414000000000000000e+03 2.944741592297177579e-01
7.416000000000000000e+03 1.106629517757622694e-01
7.418000000000000000e+03 4.615563034018209110e-01
7.420000000000000000e+03 3.707863990098784340e-02
7.422000000000000000e+03 3.953732661248370306e-01
7.424000000000000000e+03 2.608794173753036238e-01
7.426000000000000000e+03 4.009103518593646331e-01
7.428000000000000000e+03 -1.334844756154852929e-01
7.430000000000000000e+03 3.588327077239589213e-01
7.432000000000000000e+03 4.301750650668660358e-01
7.434000000000000000e+03 -2.812139020768429920e-01
7.436000000000000000e+03 -2.817783168720962572e-01
7.438000000000000000e+03 5.658587949346356449e-01
7.440000000000000000e+03 3.437752353280853490e-01
7.442000000000000000e+03 2.308131582112905866e-01
7.444000000000000000e+03 -2.589121069215711279e-01
7.446000000000000000e+03 -8.737632045698094652e-02
7.448000000000000000e+03 3.316857131012323490e-01
7.450000000000000000e+03 2.649564612655584406e-01
7.452000000000000000e+03 5.387275236353132879e-01
7.454000000000000000e+03 2.315744019949948218e-01
7.456000000000000000e+03 -1.489875589434404464e-02
7.458000000000000000e+03 5.222597140754458023e-01
7.460000000000000000e+03 -2.751628194391768645e-01
7.462000000000000000e+03 1.710416716029007911e-01
7.464000000000000000e+03 3.010666008610879962e-01
7.466000000000000000e+03 -2.813964209984817222e-01
7.468000000000000000e+03 -2.551518323078093009e-01
7.470000000000000000e+03 1.939946213324056645e-01
7.472000000000000000e+03 3.121171580779957266e-01
7.474000000000000000e+03 -1.085714882523122343e-01
7.476000000000000000e+03 -2.757087935793264832e-01
7.478000000000000000e+03 4.208499577523896473e-01
7.480000000000000000e+03 5.483701170874119013e-01
7.482000000000000000e+03 -1.177452030764422064e-01
7.484000000000000000e+03 -2.864622983379903065e-01
7.486000000000000000e+03 -2.876453489900697713e-01
7.488000000000000000e+03 2.822617055731264646e-01
7.490000000000000000e+03 -2.835882585946413736e-01
7.492000000000000000e+03 -1.324908379231034827e-01
7.494000000000000000e+03 -1.384108964388109098e-01
7.496000000000000000e+03 2.243640343088225686e-01
7.498000000000000000e+03 -4.107277513069065161e-02
7.500000000000000000e+03 3.365142943282787846e-01
7.502000000000000000e+03 -7.115581477016032219e-02
7.504000000000000000e+03 2.750634756408057782e-02
7.506000000000000000e+03 -2.847902995219550593e-01
7.508000000000000000e+03 4.100156597772299794e-01
7.510000000000000000e+03 5.467477801628081169e-01
7.512000000000000000e+03 -1.287044306708874652e-01
7.514000000000000000e+03 -1.237217698003108962e-01
7.516000000000000000e+03 -1.757434827694910051e-01
7.518000000000000000e+03 -2.431184606448122121e-01
7.520000000000000000e+03 -1.033766013285851298e-01
7.522000000000000000e+03 4.021935452202853867e-01
7.524000000000000000e+03 1.153729078195647600e-01
7.526000000000000000e+03 -2.516401483451264909e-01
7.528000000000000000e+03 3.906899136331146161e-01
7.530000000000000000e+03 2.221418168131118753e-01
7.532000000000000000e+03 -1.085527203453284517e-01
7.534000000000000000e+03 -1.661788748880131282e-03
7.536000000000000000e+03 1.906708531808065099e-01
7.538000000000000000e+03 1.309050793497499032e-01
7.540000000000000000e+03 1.007421059234039490e-01
7.542000000000000000e+03 4.997210262417867144e-01
7.544000000000000000e+03 -2.722417414288196280e-01
7.546000000000000000e+03 7.465283536617120519e-02
7.548000000000000000e+03 -2.843068626545561250e-01
7.550000000000000000e+03 -2.559273575477941098e-01
7.552000000000000000e+03 2.611732059317994903e-01
7.554000000000000000e+03 -1.912487116921723351e-01
7.556000000000000000e+03 -2.798419819532844133e-01
7.558000000000000000e+03 2.063028424620662882e-01
7.560000000000000000e+03 3.490376602128020256e-01
7.562000000000000000e+03 2.654116921603162926e-01
7.564000000000000000e+03 -5.139627602346358987e-02
7.566000000000000000e+03 1.141186038540107500e-01
7.568000000000000000e+03 4.507643337397902461e-01
7.570000000000000000e+03 3.142930729024885350e-01
7.572000000000000000e+03 -2.059656326638315271e-01
7.574000000000000000e+03 -2.357961844802229645e-01
7.576000000000000000e+03 -2.716405693917205988e-01
7.578000000000000000e+03 -2.420505091395192543e-01
7.580000000000000000e+03 -2.746951843353443445e-01
7.582000000000000000e+03 -2.688542092468027556e-01
7.584000000000000000e+03 -2.557043510674120168e-01
7.586000000000000000e+03 -2.657372622743824908e-01
7.588000000000000000e+03 -2.783981039713362970e-01
7.590000000000000000e+03 -2.550151565701719858e-01
7.592000000000000000e+03 1.861721332318331812e-01
7.594000000000000000e+03 1.078552120423633270e-01
7.596000000000000000e+03 -1.818588599609624046e-01
7.598000000000000000e+03 -2.428546679527932572e-01
7.600000000000000000e+03 -2.866960152099756187e-01
7.602000000000000000e+03 -9.274262958108682453e-02
7.604000000000000000e+03 2.669563743173808401e-01
7.606000000000000000e+03 -2.516580643587708055e-01
7.608000000000000000e+03 4.012450530037296459e-01
7.610000000000000000e+03 -9.805825426305421477e-02
7.612000000000000000e+03 1.123657500225593991e-01
7.614000000000000000e+03 -1.062990216539741115e-02
7.616000000000000000e+03 3.810607835767821361e-01
7.618000000000000000e+03 -1.736015782265470098e-01
7.620000000000000000e+03 -1.611551406578919932e-01
7.622000000000000000e+03 3.191714179231394111e-01
7.624000000000000000e+03 -3.569736097792328838e-02
7.626000000000000000e+03 -3.374224133445775237e-02
7.628000000000000000e+03 -1.578141851984420363e-01
7.630000000000000000e+03 -2.848669424310503739e-01
7.632000000000000000e+03 -1.701105667641391317e-01
7.634000000000000000e+03 7.773733074068729654e-02
7.636000000000000000e+03 -1.235999794859960060e-01
7.638000000000000000e+03 -8.095422643137056840e-02
7.640000000000000000e+03 -2.915783969995491831e-01
7.642000000000000000e+03 -2.849666664338176836e-01
7.644000000000000000e+03 2.340632884683687132e-01
7.646000000000000000e+03 -1.034129257187141465e-01
7.648000000000000000e+03 -2.532113206349339007e-01
7.650000000000000000e+03 -1.137347051570898188e-01
7.652000000000000000e+03 2.805055152545762320e-01
7.654000000000000000e+03 1.072403820358450582e-01
7.656000000000000000e+03 -4.107270704844331877e-02
7.658000000000000000e+03 -2.667402917342939217e-01
7.660000000000000000e+03 2.018344307589281239e-01
7.662000000000000000e+03 1.352093479250607577e-01
7.664000000000000000e+03 -2.731050744317128909e-02
7.666000000000000000e+03 3.539101921283570595e-01
7.668000000000000000e+03 2.750799920825260370e-01
7.670000000000000000e+03 3.774309435178072741e-02
7.672000000000000000e+03 2.248662498301191859e-01
7.674000000000000000e+03 2.070781017503698362e-01
7.676000000000000000e+03 4.861859447907882492e-01
7.678000000000000000e+03 4.296225334776961335e-01
7.680000000000000000e+03 -6.000952860166693104e-02
7.682000000000000000e+03 -2.801609504376648685e-01
7.684000000000000000e+03 1.764188179820492738e-02
7.686000000000000000e+03 -6.526825278212938786e-02
7.688000000000000000e+03 2.373087382112123722e-01
7.690000000000000000e+03 4.435029971603765553e-01
7.692000000000000000e+03 -2.468002109465735061e-01
7.694000000000000000e+03 -2.339527490822410627e-01
7.696000000000000000e+03 5.344183770033795744e-01
7.698000000000000000e+03 3.834046520892630538e-01
7.700000000000000000e+03 1.519061128356695711e-01
7.702000000000000000e+03 -2.686211309212721554e-01
7.704000000000000000e+03 -1.953945902237169130e-01
7.706000000000000000e+03 1.642012461706453819e-01
7.708000000000000000e+03 -1.563454942356199973e-01
7.710000000000000000e+03 -1.657542419111494025e-01
7.712000000000000000e+03 3.551820506729869154e-01
7.714000000000000000e+03 2.127062331547781293e-01
7.716000000000000000e+03 8.720428216164373414e-03
7.718000000000000000e+03 -2.841278187757654283e-01
7.720000000000000000e+03 -2.842869652658694402e-01
7.722000000000000000e+03 4.752225736140662793e-01
7.724000000000000000e+03 4.417137482446104602e-01
7.726000000000000000e+03 -4.780792179416103183e-02
7.728000000000000000e+03 5.221850777905487906e-01
7.730000000000000000e+03 1.472791805594471648e-01
7.732000000000000000e+03 -5.862571131793184454e-02
7.734000000000000000e+03 4.419570278318962764e-01
7.736000000000000000e+03 4.293766641530458866e-02
7.738000000000000000e+03 3.840053989775272791e-01
7.740000000000000000e+03 3.428803376348293352e-01
7.742000000000000000e+03 -1.137634849627991995e-01
7.744000000000000000e+03 -1.476405619977336214e-01
7.746000000000000000e+03 -2.599324809697923233e-01
7.748000000000000000e+03 -2.870493976957117499e-01
7.750000000000000000e+03 -1.933306595685704565e-01
7.752000000000000000e+03 -2.250072792359416596e-01
7.754000000000000000e+03 3.816118701377444605e-02
7.756000000000000000e+03 3.844333085888227419e-01
7.758000000000000000e+03 -2.558050700732291682e-01
7.760000000000000000e+03 5.575766943801269138e-01
7.762000000000000000e+03 -2.804265148821320497e-01
7.764000000000000000e+03 -2.493671204318517465e-01
7.766000000000000000e+03 5.204254252638480099e-02
7.768000000000000000e+03 -1.387121110736108387e-01
7.770000000000000000e+03 -2.626382962186414871e-01
7.772000000000000000e+03 -2.633827869413482015e-01
7.774000000000000000e+03 5.699474782508882065e-01
7.776000000000000000e+03 2.856677718453602410e-01
7.778000000000000000e+03 -2.660149390738807407e-01
7.780000000000000000e+03 -2.231764966789163696e-01
7.782000000000000000e+03 1.626985561980391903e-01
7.784000000000000000e+03 4.680214600012725379e-01
7.786000000000000000e+03 -1.518650857100387330e-01
7.788000000000000000e+03 1.390780052749524542e-01
7.790000000000000000e+03 5.176418089745946638e-01
7.792000000000000000e+03 4.724178069416939962e-01
7.794000000000000000e+03 3.066817845579438220e-02
7.796000000000000000e+03 -2.880001502860851659e-01
7.798000000000000000e+03 -2.083806833979769679e-01
7.800000000000000000e+03 -3.352586511624330856e-02
7.802000000000000000e+03 -1.477354487362750046e-01
7.804000000000000000e+03 -2.698829736285740521e-02
7.806000000000000000e+03 -2.686216078011669506e-01
7.808000000000000000e+03 -1.950304902882719904e-01
7.810000000000000000e+03 1.813201015898741886e-01
7.812000000000000000e+03 4.069359201756495015e-01
7.814000000000000000e+03 2.324889232507005299e-01
7.816000000000000000e+03 9.600451254672202894e-02
7.818000000000000000e+03 -1.559261720651871352e-01
7.820000000000000000e+03 1.854768359152100532e-01
7.822000000000000000e+03 -9.732543363470029865e-03
7.824000000000000000e+03 -9.261625394647668430e-02
7.826000000000000000e+03 4.308251652802073117e-01
7.828000000000000000e+03 -5.321815752078284251e-02
7.830000000000000000e+03 -2.752185816968077403e-01
7.832000000000000000e+03 -2.639147335103845249e-01
7.834000000000000000e+03 -2.707041360364372262e-01
7.836000000000000000e+03 -2.842505722831665804e-01
7.838000000000000000e+03 4.010758434554757002e-01
7.840000000000000000e+03 5.191912298842343843e-01
7.842000000000000000e+03 1.901672062661039220e-01
7.844000000000000000e+03 -1.826767012755201591e-01
7.846000000000000000e+03 -1.791504138415688507e-01
7.848000000000000000e+03 1.220477247707046214e-01
7.850000000000000000e+03 -2.734297697014649864e-01
7.852000000000000000e+03 -2.471965155395541291e-01
7.854000000000000000e+03 1.736043493909789348e-01
7.856000000000000000e+03 -2.818828356578710337e-01
7.858000000000000000e+03 -2.785402405874504161e-01
7.860000000000000000e+03 -2.834232297351778618e-01
7.862000000000000000e+03 1.941819399847940220e-01
7.864000000000000000e+03 -1.814150616451810916e-01
7.866000000000000000e+03 -1.485823460876115609e-01
7.868000000000000000e+03 -1.721366338061333101e-01
7.870000000000000000e+03 -1.020015930170568019e-01
7.872000000000000000e+03 -1.532437747292000885e-01
7.874000000000000000e+03 5.819871618380146466e-02
7.876000000000000000e+03 -2.251859303276426971e-01
7.878000000000000000e+03 1.954347974404229693e-01
7.880000000000000000e+03 -2.158496446171715433e-01
7.882000000000000000e+03 -1.970914983308592883e-01
7.884000000000000000e+03 -2.867985279016126432e-01
7.886000000000000000e+03 -2.111112685672283662e-01
7.888000000000000000e+03 -4.186788851237262937e-02
7.890000000000000000e+03 -1.894827859636561973e-01
7.892000000000000000e+03 -2.563484882692411704e-01
7.894000000000000000e+03 3.382396057345612439e-01
7.896000000000000000e+03 -2.517300859660196854e-03
7.898000000000000000e+03 -2.587932727882336637e-01
7.900000000000000000e+03 1.447291461491015396e-01
7.902000000000000000e+03 -6.462120394047422313e-03
7.904000000000000000e+03 1.552992143364620714e-01
7.906000000000000000e+03 -2.893995140781113751e-01
7.908000000000000000e+03 -2.796761792922703993e-01
7.910000000000000000e+03 2.940778176094405172e-02
7.912000000000000000e+03 -2.220098823108830055e-01
7.914000000000000000e+03 -1.807979208377601121e-01
7.916000000000000000e+03 -3.928733097717884704e-02
7.918000000000000000e+03 -2.714543375715309376e-02
7.920000000000000000e+03 -2.252469801141155359e-01
7.922000000000000000e+03 -2.781729196384455371e-01
7.924000000000000000e+03 1.789441489104826866e-01
7.926000000000000000e+03 -9.822472135898986656e-02
7.928000000000000000e+03 3.259274408460517414e-01
7.930000000000000000e+03 -1.953514284511831955e-01
7.932000000000000000e+03 3.141536188087282189e-01
7.934000000000000000e+03 -1.240682028334685605e-01
7.936000000000000000e+03 3.696437145505910848e-01
7.938000000000000000e+03 -3.410811179627938616e-02
7.940000000000000000e+03 -2.575414904750293887e-01
7.942000000000000000e+03 3.887817830255143603e-01
7.944000000000000000e+03 -2.660575290779978452e-01
7.946000000000000000e+03 -1.337619037347341777e-01
7.948000000000000000e+03 1.192635352495878820e-01
7.950000000000000000e+03 -2.606444142741269343e-01
7.952000000000000000e+03 1.958449228934028841e-01
7.954000000000000000e+03 -1.239339227664398163e-01
7.956000000000000000e+03 -2.496019282001391282e-01
7.958000000000000000e+03 -2.250903539194244185e-01
7.960000000000000000e+03 5.473872835699182815e-01
7.962000000000000000e+03 3.648351212045548575e-01
7.964000000000000000e+03 3.135968570971319203e-01
7.966000000000000000e+03 1.957196525859154421e-02
7.968000000000000000e+03 -1.912478067772555301e-01
7.970000000000000000e+03 1.234297097121303949e-01
7.972000000000000000e+03 2.439225205349188075e-02
7.974000000000000000e+03 3.066794201540356396e-02
7.976000000000000000e+03 -1.479360857854491174e-01
7.978000000000000000e+03 -2.561021269922726940e-01
7.980000000000000000e+03 -2.853408676693717227e-01
7.982000000000000000e+03 -3.296895975500360038e-02
7.984000000000000000e+03 1.146686345575861632e-01
7.986000000000000000e+03 5.017105425106953565e-01
7.988000000000000000e+03 1.218398912904516615e-02
7.990000000000000000e+03 8.375083879524489183e-02
7.992000000000000000e+03 -1.906487773628287030e-01
7.994000000000000000e+03 -1.741663301256313467e-01
7.996000000000000000e+03 -2.021740198711676761e-01
7.998000000000000000e+03 1.090294377134931429e-02
8.000000000000000000e+03 -2.075003939805115105e-01
8.002000000000000000e+03 -1.700810625814548893e-01
8.004000000000000000e+03 -2.369604753913583106e-01
8.006000000000000000e+03 7.048877751080909193e-02
8.008000000000000000e+03 2.211748475413958803e-01
8.010000000000000000e+03 -2.862376056472804575e-01
8.012000000000000000e+03 -1.925375405473764567e-01
8.014000000000000000e+03 -1.931247360177766326e-01
8.016000000000000000e+03 7.851174317592402030e-02
8.018000000000000000e+03 -2.559936084579249593e-01
8.020000000000000000e+03 -7.624138472584408854e-02
8.022000000000000000e+03 -2.059029186843175097e-01
8.024000000000000000e+03 -8.763891803336837372e-02
8.026000000000000000e+03 4.084414441807068252e-01
8.028000000000000000e+03 -3.542251996129683334e-02
8.030000000000000000e+03 -2.577837595253383296e-01
8.032000000000000000e+03 1.800094391976237440e-01
8.034000000000000000e+03 -8.142443046909716986e-02
8.036000000000000000e+03 -1.137677935203814800e-01
8.038000000000000000e+03 -5.812447671414779776e-02
8.040000000000000000e+03 -1.433836310361827349e-01
8.042000000000000000e+03 2.272408523873516162e-01
8.044000000000000000e+03 3.352734805109673921e-01
8.046000000000000000e+03 4.433597635642591017e-01
8.048000000000000000e+03 2.970371478960553424e-01
8.050000000000000000e+03 4.995590248764976704e-01
8.052000000000000000e+03 5.467452558410784702e-01
8.054000000000000000e+03 4.682072187770615068e-01
8.056000000000000000e+03 -2.767430204499560231e-01
8.058000000000000000e+03 -2.423371998106853276e-01
8.060000000000000000e+03 -7.588326663024803909e-02
8.062000000000000000e+03 7.667634973948861399e-02
8.064000000000000000e+03 -2.774041901881862948e-01
8.066000000000000000e+03 -2.136439297534491744e-01
8.068000000000000000e+03 -1.285708540862611493e-01
8.070000000000000000e+03 5.310805394449947814e-01
8.072000000000000000e+03 -2.271370959420982161e-01
8.074000000000000000e+03 -6.423480013529848931e-02
8.076000000000000000e+03 2.866253468483788147e-01
8.078000000000000000e+03 -1.033454243395307143e-01
8.080000000000000000e+03 -9.846738310606768796e-02
8.082000000000000000e+03 -2.095334908632776605e-01
8.084000000000000000e+03 -1.696521457735134242e-01
8.086000000000000000e+03 -2.675203013144621389e-01
8.088000000000000000e+03 -2.891482773029919739e-01
8.090000000000000000e+03 7.400093796271885183e-02
8.092000000000000000e+03 1.444961098199107515e-02
8.094000000000000000e+03 -2.342011128993319591e-01
8.096000000000000000e+03 -2.379585619489056891e-01
8.098000000000000000e+03 -2.902771537571193772e-01
8.100000000000000000e+03 3.977143969158405401e-01
8.102000000000000000e+03 1.519650180604177614e-01
8.104000000000000000e+03 -1.526154641079050522e-01
8.106000000000000000e+03 3.117851734047596274e-02
8.108000000000000000e+03 -2.791649734991848431e-01
8.110000000000000000e+03 -2.111107138527839877e-01
8.112000000000000000e+03 2.245222018933107633e-01
8.114000000000000000e+03 -1.604322954685508951e-01
8.116000000000000000e+03 4.224341396711479013e-01
8.118000000000000000e+03 -2.572859370189973793e-01
8.120000000000000000e+03 3.231165623890278060e-01
8.122000000000000000e+03 -1.339559847245616886e-01
8.124000000000000000e+03 2.953082012312491234e-01
8.126000000000000000e+03 1.536056735452287492e-01
8.128000000000000000e+03 4.979370191934903156e-01
8.130000000000000000e+03 -2.229892386305847296e-01
8.132000000000000000e+03 2.248671613088853716e-01
8.134000000000000000e+03 -1.576155075036153319e-01
8.136000000000000000e+03 -2.781025290932487293e-01
8.138000000000000000e+03 -2.804576802730277540e-01
8.140000000000000000e+03 -2.844715828834699090e-01
8.142000000000000000e+03 5.597469348329887386e-03
8.144000000000000000e+03 -2.750238869169892020e-01
8.146000000000000000e+03 2.381192501549878882e-01
8.148000000000000000e+03 -2.835197477088270412e-01
8.150000000000000000e+03 -2.755304619699796564e-01
8.152000000000000000e+03 -2.412917518624814184e-01
8.154000000000000000e+03 -2.867990770033197467e-01
8.156000000000000000e+03 -2.723624240634996974e-01
8.158000000000000000e+03 -2.402124751751259779e-01
8.160000000000000000e+03 2.638003897909941275e-01
8.162000000000000000e+03 -2.723116321223141290e-01
8.164000000000000000e+03 -2.453050155179286873e-01
8.166000000000000000e+03 5.709020952528357506e-01
8.168000000000000000e+03 4.398190009620640550e-01
8.170000000000000000e+03 4.147346170417932631e-01
8.172000000000000000e+03 5.072901095979370778e-01
8.174000000000000000e+03 3.170069275487566451e-01
8.176000000000000000e+03 -2.890216548384272888e-01
8.178000000000000000e+03 1.308786915042531862e-01
8.180000000000000000e+03 3.155521360880549908e-01
8.182000000000000000e+03 3.526614408094941311e-01
8.184000000000000000e+03 1.776584603207226887e-01
8.186000000000000000e+03 -1.523414687930662037e-01
8.188000000000000000e+03 -2.754325203640977868e-02
8.190000000000000000e+03 -4.715536852522802559e-03
8.192000000000000000e+03 8.250707872236605345e-02
8.194000000000000000e+03 5.561235891625873062e-01
8.196000000000000000e+03 9.307312486709787280e-02
8.198000000000000000e+03 4.687247019761168199e-01
8.200000000000000000e+03 -2.526262959870274605e-01
8.202000000000000000e+03 -1.567300945783271348e-03
8.204000000000000000e+03 -8.155839775034491590e-02
8.206000000000000000e+03 -2.041421289551754725e-01
8.208000000000000000e+03 -2.519389916568168242e-01
8.210000000000000000e+03 9.732160297213078570e-02
8.212000000000000000e+03 -3.889267337088449933e-02
8.214000000000000000e+03 1.944842735205699336e-01
8.216000000000000000e+03 -2.841781394713311371e-01
8.218000000000000000e+03 -2.832758724529534922e-01
8.220000000000000000e+03 -2.619503790805243204e-01
8.222000000000000000e+03 3.307063626671335466e-01
8.224000000000000000e+03 7.248511356410669570e-02
8.226000000000000000e+03 -2.839007249886918993e-01
8.228000000000000000e+03 -1.188377491545380693e-01
8.230000000000000000e+03 -2.757051136517153500e-01
8.232000000000000000e+03 -1.972618423004539878e-01
8.234000000000000000e+03 2.674737279702652914e-03
8.236000000000000000e+03 4.507897648669155488e-02
8.238000000000000000e+03 2.279875926539289832e-01
8.240000000000000000e+03 -1.188326094013249373e-01
8.242000000000000000e+03 -2.911946790048576816e-01
8.244000000000000000e+03 2.719840169164344235e-01
8.246000000000000000e+03 -8.704604741652343172e-03
8.248000000000000000e+03 -2.811891589681732029e-01
8.250000000000000000e+03 -1.744298742979038808e-01
8.252000000000000000e+03 -3.452687258145643867e-02
8.254000000000000000e+03 2.967319948536377427e-02
8.256000000000000000e+03 -2.412928648053876135e-01
8.258000000000000000e+03 1.924971447051549434e-01
8.260000000000000000e+03 -2.555197404899748892e-01
8.262000000000000000e+03 -2.352454400112934108e-01
8.264000000000000000e+03 1.914951077992000650e-01
8.266000000000000000e+03 -2.781197743322231242e-01
8.268000000000000000e+03 2.958828506327143004e-01
8.270000000000000000e+03 2.308258275568286222e-01
8.272000000000000000e+03 -2.833246971245702572e-01
8.274000000000000000e+03 -6.423944333679490470e-02
8.276000000000000000e+03 3.650331273348220856e-02
8.278000000000000000e+03 4.654761772666439756e-01
8.280000000000000000e+03 -8.193925610142857585e-02
8.282000000000000000e+03 3.760010349093469983e-01
8.284000000000000000e+03 1.822521967405868470e-02
8.286000000000000000e+03 2.088553574286107772e-01
8.288000000000000000e+03 -2.369464275996891467e-01
8.290000000000000000e+03 -1.526037130161709554e-01
8.292000000000000000e+03 1.382138806731750547e-01
8.294000000000000000e+03 -1.531144913880963798e-01
8.296000000000000000e+03 -1.868078132247072698e-01
8.298000000000000000e+03 -2.636411541284102156e-01
8.300000000000000000e+03 -1.188979115252182944e-01
8.302000000000000000e+03 -2.554424606296036293e-01
8.304000000000000000e+03 -2.796019950350341898e-01
8.306000000000000000e+03 -7.051668603768310173e-02
8.308000000000000000e+03 -2.347874257153799993e-01
8.310000000000000000e+03 -1.336609477295437609e-01
8.312000000000000000e+03 -2.838681963028706901e-01
8.314000000000000000e+03 -2.873352935376895512e-01
8.316000000000000000e+03 -2.860887256374738397e-01
8.318000000000000000e+03 -2.050780312615169687e-01
8.320000000000000000e+03 8.825980510397228584e-03
8.322000000000000000e+03 2.141950296928701591e-01
8.324000000000000000e+03 -1.697706451244642978e-01
8.326000000000000000e+03 1.958435460835603326e-01
8.328000000000000000e+03 4.375408357947169757e-01
8.330000000000000000e+03 1.266821842056926606e-01
8.332000000000000000e+03 1.141181728073485391e-01
8.334000000000000000e+03 1.231477106386742321e-01
8.336000000000000000e+03 -2.494311802736490224e-01
8.338000000000000000e+03 -4.585588330849264468e-03
8.340000000000000000e+03 -1.188760490649739404e-01
8.342000000000000000e+03 -2.977115513458034046e-02
8.344000000000000000e+03 -2.770964667630650413e-01
8.346000000000000000e+03 -2.917529802301723207e-01
8.348000000000000000e+03 1.033946325026127711e-01
8.350000000000000000e+03 2.167747547600347158e-01
8.352000000000000000e+03 4.456269376802914906e-01
8.354000000000000000e+03 3.265031769573332743e-01
8.356000000000000000e+03 2.477991402664947163e-01
8.358000000000000000e+03 -3.355274590630458187e-02
8.360000000000000000e+03 1.003350687576498035e-01
8.362000000000000000e+03 5.193001521109545937e-01
8.364000000000000000e+03 -3.980229618931421798e-02
8.366000000000000000e+03 1.804240583293522382e-01
8.368000000000000000e+03 -2.873607320033075285e-01
8.370000000000000000e+03 1.733509552094655848e-01
8.372000000000000000e+03 3.699098645220874060e-01
8.374000000000000000e+03 4.899633386024194737e-01
8.376000000000000000e+03 2.424462554392877167e-01
8.378000000000000000e+03 -2.796970717418477692e-01
8.380000000000000000e+03 -2.318144881615541442e-01
8.382000000000000000e+03 1.964395041021772814e-01
8.384000000000000000e+03 -1.936385657338838273e-01
8.386000000000000000e+03 -8.162514321539493523e-02
8.388000000000000000e+03 -2.140012905149975830e-01
8.390000000000000000e+03 -2.911757970730015077e-01
8.392000000000000000e+03 5.655689201161737123e-02
8.394000000000000000e+03 -1.476829738539617853e-01
8.396000000000000000e+03 -2.870528041958408383e-01
8.398000000000000000e+03 -2.428532780955390269e-01
8.400000000000000000e+03 -1.937666894526431649e-01
8.402000000000000000e+03 6.079175786203173254e-02
8.404000000000000000e+03 -2.207232688194275261e-01
8.406000000000000000e+03 1.677116090288640060e-01
8.408000000000000000e+03 -9.794918881438408054e-02
8.410000000000000000e+03 -2.207243477689216360e-01
8.412000000000000000e+03 1.800768916428298339e-01
8.414000000000000000e+03 -4.680999266393769814e-02
8.416000000000000000e+03 1.519652115510828627e-01
8.418000000000000000e+03 1.757470517740291893e-01
8.420000000000000000e+03 2.501185172003435597e-01
8.422000000000000000e+03 -2.100770860103990945e-01
8.424000000000000000e+03 -2.853611640692292895e-01
8.426000000000000000e+03 -1.287326743117925276e-01
8.428000000000000000e+03 -2.299736043751854642e-01
8.430000000000000000e+03 -1.384864526164366061e-01
8.432000000000000000e+03 -5.878002730244008545e-02
8.434000000000000000e+03 2.599015700682745789e-01
8.436000000000000000e+03 7.073498706749489773e-02
8.438000000000000000e+03 -2.885834027493225373e-01
8.440000000000000000e+03 -2.589088135942070878e-01
8.442000000000000000e+03 -2.658733154109794161e-01
8.444000000000000000e+03 3.384072836081411517e-01
8.446000000000000000e+03 -4.550582907921690845e-02
8.448000000000000000e+03 9.009560413118594679e-02
8.450000000000000000e+03 -2.160233422743461640e-01
8.452000000000000000e+03 -7.584323129359607507e-02
8.454000000000000000e+03 -1.137832015677587155e-01
8.456000000000000000e+03 -6.397864750486163734e-04
8.458000000000000000e+03 -2.843816061983535093e-01
8.460000000000000000e+03 5.400054049495384145e-01
8.462000000000000000e+03 1.348531996018482726e-01
8.464000000000000000e+03 -1.188083347626929798e-01
8.466000000000000000e+03 -1.337613094030688232e-01
8.468000000000000000e+03 4.282588500059819614e-02
8.470000000000000000e+03 1.956053477214252934e-01
8.472000000000000000e+03 -2.845621221692891667e-01
8.474000000000000000e+03 -2.912528968043988087e-01
8.476000000000000000e+03 -2.718333842786700427e-01
8.478000000000000000e+03 1.600407240752106663e-02
8.480000000000000000e+03 3.561054336694908784e-01
8.482000000000000000e+03 -2.811394307156142580e-01
8.484000000000000000e+03 3.877484598381271130e-01
8.486000000000000000e+03 -2.182976666396289345e-01
8.488000000000000000e+03 5.704843685621544536e-01
8.490000000000000000e+03 3.561273574803241471e-01
8.492000000000000000e+03 -2.879057305578417991e-01
8.494000000000000000e+03 4.076740549996063501e-01
8.496000000000000000e+03 3.071634969692708106e-01
8.498000000000000000e+03 1.347722825670738533e-01
8.500000000000000000e+03 -2.856892869758000386e-01
8.502000000000000000e+03 2.566158917427044939e-01
8.504000000000000000e+03 2.376553099869818941e-01
8.506000000000000000e+03 2.222523235007600184e-01
8.508000000000000000e+03 4.138196507113642286e-01
8.510000000000000000e+03 5.612736721224397263e-01
8.512000000000000000e+03 -2.897980293486002723e-01
8.514000000000000000e+03 -9.818593700228546439e-02
8.516000000000000000e+03 3.737664810331018939e-01
8.518000000000000000e+03 4.373611895067422428e-01
8.520000000000000000e+03 4.375415146180551829e-01
8.522000000000000000e+03 4.782958672602558581e-01
8.524000000000000000e+03 3.780656951304739444e-01
8.526000000000000000e+03 -1.663194261061942403e-01
8.528000000000000000e+03 -7.509834815513752315e-02
8.530000000000000000e+03 5.333751948614082750e-01
8.532000000000000000e+03 -1.336316142249430738e-01
8.534000000000000000e+03 2.708838599842438577e-01
8.536000000000000000e+03 1.683601059541478262e-01
8.538000000000000000e+03 1.832859967434757181e-02
8.540000000000000000e+03 -2.840902109448448232e-01
8.542000000000000000e+03 4.460892795014775869e-01
8.544000000000000000e+03 4.860344376378779030e-01
8.546000000000000000e+03 4.622986382554395424e-01
8.548000000000000000e+03 1.782645904352166133e-01
8.550000000000000000e+03 8.494883453834060905e-02
8.552000000000000000e+03 -1.086708499647677656e-01
8.554000000000000000e+03 3.926149094393869832e-01
8.556000000000000000e+03 3.862285290818220918e-01
8.558000000000000000e+03 1.637094621228898927e-01
8.560000000000000000e+03 -2.710674059884744524e-01
8.562000000000000000e+03 -2.884898675675851010e-01
8.564000000000000000e+03 -2.887162268042628432e-01
8.566000000000000000e+03 1.496774336910431935e-01
8.568000000000000000e+03 2.439159550141927965e-02
8.570000000000000000e+03 1.218422011668761212e-01
8.572000000000000000e+03 -2.763213332169299208e-01
8.574000000000000000e+03 -2.331025552364740239e-01
8.576000000000000000e+03 -2.603614577974236455e-01
8.578000000000000000e+03 3.191782415379463417e-02
8.580000000000000000e+03 1.846886135130183237e-01
8.582000000000000000e+03 -2.319983192675288686e-01
8.584000000000000000e+03 -2.176123813190634637e-01
8.586000000000000000e+03 5.057771895386720118e-01
8.588000000000000000e+03 3.570467018247618363e-01
8.590000000000000000e+03 -2.603417301943826700e-01
8.592000000000000000e+03 -2.571691246080005100e-01
8.594000000000000000e+03 -2.879536445635935138e-01
8.596000000000000000e+03 1.249198245814307495e-01
8.598000000000000000e+03 -2.506189238559716204e-01
8.600000000000000000e+03 2.043670574396423412e-01
8.602000000000000000e+03 3.987029114712196953e-02
8.604000000000000000e+03 -2.640719689784848945e-01
8.606000000000000000e+03 5.207592896036169483e-01
8.608000000000000000e+03 1.949896038942061996e-02
8.610000000000000000e+03 5.552724979388288379e-02
8.612000000000000000e+03 -2.147152583958347738e-01
8.614000000000000000e+03 3.084787672354719623e-01
8.616000000000000000e+03 3.814956893000711613e-01
8.618000000000000000e+03 -2.890208391676156729e-01
8.620000000000000000e+03 -2.207246513131010113e-01
8.622000000000000000e+03 9.508813659633828796e-02
8.624000000000000000e+03 3.498044148185880386e-01
8.626000000000000000e+03 -2.881348443047888619e-01
8.628000000000000000e+03 -8.747932092656864056e-02
8.630000000000000000e+03 -2.691884102715851323e-01
8.632000000000000000e+03 -1.029982752292700476e-01
8.634000000000000000e+03 -1.477365870555488736e-01
8.636000000000000000e+03 -2.316350194047726851e-02
8.638000000000000000e+03 -2.876060416732624803e-01
8.640000000000000000e+03 1.334720754915218188e-01
8.642000000000000000e+03 -1.929204997440027436e-01
8.644000000000000000e+03 1.642014782470309631e-01
8.646000000000000000e+03 -1.287682951647318441e-01
8.648000000000000000e+03 -1.871767597574388597e-01
8.650000000000000000e+03 -1.385623855529684589e-01
8.652000000000000000e+03 6.589891256079058457e-02
8.654000000000000000e+03 -1.942211176648536430e-01
8.656000000000000000e+03 3.650309232662151543e-02
8.658000000000000000e+03 5.270356776345318517e-01
8.660000000000000000e+03 3.159247752424962918e-01
8.662000000000000000e+03 -2.811870944220739021e-01
8.664000000000000000e+03 3.007053029905195074e-01
8.666000000000000000e+03 -2.664099613844108649e-01
8.668000000000000000e+03 3.035169396315131052e-01
8.670000000000000000e+03 1.810310550657140694e-01
8.672000000000000000e+03 -1.908452718897220290e-01
8.674000000000000000e+03 -2.552237438151176430e-01
8.676000000000000000e+03 4.258052258656807032e-01
8.678000000000000000e+03 -7.582177841141317896e-03
8.680000000000000000e+03 -2.516253345128269259e-01
8.682000000000000000e+03 -7.098341639704343342e-02
8.684000000000000000e+03 3.051834882756019329e-01
8.686000000000000000e+03 1.715199342554986628e-01
8.688000000000000000e+03 5.436828400621293023e-01
8.690000000000000000e+03 2.329090177108965598e-01
8.692000000000000000e+03 1.242803479951381657e-01
8.694000000000000000e+03 -5.275848014953875287e-02
8.696000000000000000e+03 1.153316477385275679e-01
8.698000000000000000e+03 3.054712274530140270e-01
8.700000000000000000e+03 3.519454367517378390e-01
8.702000000000000000e+03 4.835618119015404059e-01
8.704000000000000000e+03 1.017712497568256519e-01
8.706000000000000000e+03 1.692906840273415703e-01
8.708000000000000000e+03 -2.865331407376950912e-01
8.710000000000000000e+03 -5.713413796586012255e-02
8.712000000000000000e+03 5.210141090149782439e-01
8.714000000000000000e+03 1.827366446616796869e-01
8.716000000000000000e+03 -2.225281113228938235e-01
8.718000000000000000e+03 1.117212646948586990e-01
8.720000000000000000e+03 2.825806464936846951e-01
8.722000000000000000e+03 -9.790871181755754493e-02
8.724000000000000000e+03 -3.375071910114232215e-02
8.726000000000000000e+03 -2.754807679844618606e-01
8.728000000000000000e+03 -2.631883136476918517e-01
8.730000000000000000e+03 -2.792474284427206022e-01
8.732000000000000000e+03 -2.866868686968861990e-01
8.734000000000000000e+03 -1.033633159641512561e-01
8.736000000000000000e+03 2.695263376016866497e-01
8.738000000000000000e+03 -2.347876546161622169e-01
8.740000000000000000e+03 5.690937116026706377e-01
8.742000000000000000e+03 -4.760655583286586834e-02
8.744000000000000000e+03 -4.728463797962943749e-02
8.746000000000000000e+03 3.752521160942706158e-01
8.748000000000000000e+03 -5.374808695230528371e-02
8.750000000000000000e+03 -2.790754547498009441e-01
8.752000000000000000e+03 3.565663168320931664e-01
8.754000000000000000e+03 5.127888040348842491e-01
8.756000000000000000e+03 -1.656319985052912835e-01
8.758000000000000000e+03 3.606568248621986883e-01
8.760000000000000000e+03 6.503509627337344945e-02
8.762000000000000000e+03 3.148306589735646623e-03
8.764000000000000000e+03 -1.999728998545060865e-01
8.766000000000000000e+03 -2.862391321351473450e-01
8.768000000000000000e+03 -2.734458747295725467e-01
8.770000000000000000e+03 -2.853053984898015760e-01
8.772000000000000000e+03 -2.740108534507122995e-01
8.774000000000000000e+03 5.434250441188084313e-01
8.776000000000000000e+03 2.989423383064525597e-01
8.778000000000000000e+03 8.409913349757797141e-02
8.780000000000000000e+03 4.478096670521567943e-03
8.782000000000000000e+03 2.551128922406795119e-01
8.784000000000000000e+03 2.581194249521218675e-01
8.786000000000000000e+03 -2.045398981688559548e-01
8.788000000000000000e+03 -7.620591086326346242e-02
8.790000000000000000e+03 2.908807064229607664e-01
8.792000000000000000e+03 -2.879436102268290165e-01
8.794000000000000000e+03 -8.173813664779838728e-02
8.796000000000000000e+03 4.284229195360719777e-01
8.798000000000000000e+03 5.799063302206474146e-01
8.800000000000000000e+03 2.005378440198677947e-01
8.802000000000000000e+03 5.444996105330826008e-01
8.804000000000000000e+03 -3.969334937599554997e-02
8.806000000000000000e+03 -2.905060605917503258e-01
8.808000000000000000e+03 7.464381832893533797e-02
8.810000000000000000e+03 -5.256000215648358453e-02
8.812000000000000000e+03 -2.573146391525980015e-01
8.814000000000000000e+03 3.537387450109304998e-01
8.816000000000000000e+03 -1.657533127157252983e-01
8.818000000000000000e+03 -2.858061830394171277e-01
8.820000000000000000e+03 5.852028782163186393e-02
8.822000000000000000e+03 -2.901428431741048253e-01
8.824000000000000000e+03 4.526678487702391340e-01
8.826000000000000000e+03 9.887050061368077292e-02
8.828000000000000000e+03 -2.658702891964706549e-01
8.830000000000000000e+03 3.068417545392883305e-02
8.832000000000000000e+03 -1.478032974160431723e-01
8.834000000000000000e+03 -2.853708180022905272e-01
8.836000000000000000e+03 -2.656541884646757556e-01
8.838000000000000000e+03 1.761274730231420782e-01
8.840000000000000000e+03 -2.572157465417437838e-01
8.842000000000000000e+03 -1.702180002848730778e-01
8.844000000000000000e+03 -2.856986660791465682e-01
8.846000000000000000e+03 -1.960665143769070029e-01
8.848000000000000000e+03 -2.464280093238932490e-01
8.850000000000000000e+03 -2.867618400035845116e-01
8.852000000000000000e+03 4.138949298017679523e-01
8.854000000000000000e+03 -2.460353052658406647e-01
8.856000000000000000e+03 4.318410418962546626e-01
8.858000000000000000e+03 2.976843581410779649e-01
8.860000000000000000e+03 3.448212154037064714e-01
8.862000000000000000e+03 1.004867034104601903e-01
8.864000000000000000e+03 5.050436030414582333e-01
8.866000000000000000e+03 -2.164098338113553677e-01
8.868000000000000000e+03 -5.321818300690309145e-02
8.870000000000000000e+03 1.128391838265797170e-01
8.872000000000000000e+03 -2.217771751003978220e-01
8.874000000000000000e+03 -2.495343156957000319e-01
8.876000000000000000e+03 -2.654062666903612144e-01
8.878000000000000000e+03 -1.187886440869062865e-01
8.880000000000000000e+03 -1.605722803609489491e-01
8.882000000000000000e+03 -2.392839295122976828e-01
8.884000000000000000e+03 2.606772908583988024e-01
8.886000000000000000e+03 -2.014107798005896899e-01
8.888000000000000000e+03 -2.503231487668856614e-01
8.890000000000000000e+03 -2.517758170436371068e-01
8.892000000000000000e+03 2.927878935333407817e-01
8.894000000000000000e+03 -2.119409841790998728e-01
8.896000000000000000e+03 -1.477363745953856611e-01
8.898000000000000000e+03 -4.605491317816820529e-02
8.900000000000000000e+03 -2.574174622746995267e-01
8.902000000000000000e+03 2.655399016087702790e-01
8.904000000000000000e+03 -2.296356024809517449e-01
8.906000000000000000e+03 -2.477863279787645423e-01
8.908000000000000000e+03 2.322967672360170266e-01
8.910000000000000000e+03 4.930576051235927709e-02
8.912000000000000000e+03 -2.592958286492991760e-01
8.914000000000000000e+03 9.368245605279082455e-02
8.916000000000000000e+03 2.321382340696137025e-01
8.918000000000000000e+03 -2.589554220432511711e-01
8.920000000000000000e+03 -2.156628766737241076e-01
8.922000000000000000e+03 1.379342610925683166e-01
8.924000000000000000e+03 1.906704384754130399e-01
8.926000000000000000e+03 5.417746893123311924e-01
8.928000000000000000e+03 -2.516713440627093568e-01
8.930000000000000000e+03 -2.204144425767487758e-01
8.932000000000000000e+03 -2.755321257498665188e-01
8.934000000000000000e+03 1.450594313708175875e-01
8.936000000000000000e+03 -1.286083448002079410e-01
8.938000000000000000e+03 3.661027212902728256e-01
8.940000000000000000e+03 -2.836188930114021955e-01
8.942000000000000000e+03 -1.137700752417730443e-01
8.944000000000000000e+03 -2.865106674189282221e-01
8.946000000000000000e+03 2.402603020547341151e-01
8.948000000000000000e+03 5.331028437294425132e-02
8.950000000000000000e+03 5.018636032129555336e-01
8.952000000000000000e+03 -2.846303758830309727e-01
8.954000000000000000e+03 -2.437269131770877506e-01
8.956000000000000000e+03 -1.034387833118599193e-01
8.958000000000000000e+03 -2.235080940292360485e-01
8.960000000000000000e+03 -1.692712372338680271e-01
8.962000000000000000e+03 -1.862150130247490487e-01
8.964000000000000000e+03 4.334877386530817250e-02
8.966000000000000000e+03 -2.384123149807519104e-01
8.968000000000000000e+03 -2.835653599920568424e-01
8.970000000000000000e+03 -2.870533601930183587e-01
8.972000000000000000e+03 -1.187808402521253887e-01
8.974000000000000000e+03 1.463288780026424096e-01
8.976000000000000000e+03 2.172858831281385683e-01
8.978000000000000000e+03 7.744766280850591544e-02
8.980000000000000000e+03 2.247999677635080171e-02
8.982000000000000000e+03 -1.189129955647034304e-01
8.984000000000000000e+03 1.347728450803663269e-01
8.986000000000000000e+03 -2.267641223048716681e-01
8.988000000000000000e+03 5.152545878117481548e-01
8.990000000000000000e+03 9.090905375977700875e-02
8.992000000000000000e+03 4.620605042219603775e-01
8.994000000000000000e+03 1.962540006567303208e-01
8.996000000000000000e+03 2.549953210027575690e-01
8.998000000000000000e+03 3.737673317346036361e-01
9.000000000000000000e+03 3.482121491663776880e-03
9.002000000000000000e+03 -1.746092371541907440e-01
9.004000000000000000e+03 1.218433860583652967e-01
9.006000000000000000e+03 -1.848486922659927506e-02
9.008000000000000000e+03 5.716653227065492393e-01
9.010000000000000000e+03 -1.704149866056171025e-01
9.012000000000000000e+03 6.654984130822173827e-02
9.014000000000000000e+03 -9.829150859273735885e-02
9.016000000000000000e+03 -2.871870866682421641e-01
9.018000000000000000e+03 -2.389518682047990505e-01
9.020000000000000000e+03 5.135095451844945424e-01
9.022000000000000000e+03 4.097296642198572925e-01
9.024000000000000000e+03 5.679828380821199119e-01
9.026000000000000000e+03 4.267543613039362915e-01
9.028000000000000000e+03 1.344647385157974606e-01
9.030000000000000000e+03 4.698273513221392639e-01
9.032000000000000000e+03 2.919892581662733577e-01
9.034000000000000000e+03 -2.390195638924369481e-01
9.036000000000000000e+03 4.527013113179493842e-01
9.038000000000000000e+03 2.745586964468776370e-01
9.040000000000000000e+03 5.162737851711585169e-01
9.042000000000000000e+03 -5.095333736595720336e-02
9.044000000000000000e+03 5.488231551849698242e-01
9.046000000000000000e+03 2.207039190655805116e-01
9.048000000000000000e+03 2.211731900028905684e-01
9.050000000000000000e+03 -2.185666600474843180e-01
9.052000000000000000e+03 -2.852409209266003609e-01
9.054000000000000000e+03 -1.655782942041231776e-01
9.056000000000000000e+03 -2.059251530588492030e-02
9.058000000000000000e+03 -2.344224424723446443e-01
9.060000000000000000e+03 -2.866867984774540967e-01
9.062000000000000000e+03 3.077135857219972515e-01
9.064000000000000000e+03 4.586712299533132198e-01
9.066000000000000000e+03 2.045862523866514779e-02
9.068000000000000000e+03 -9.782206531808103345e-02
9.070000000000000000e+03 -5.837700285101939807e-02
9.072000000000000000e+03 -2.255112181469601240e-01
9.074000000000000000e+03 -2.486869492016209882e-01
9.076000000000000000e+03 2.571127655655572886e-01
9.078000000000000000e+03 -2.225759910448366907e-01
9.080000000000000000e+03 -2.776522709637001540e-01
9.082000000000000000e+03 -4.604790392056882370e-02
9.084000000000000000e+03 -1.477898350376468661e-01
9.086000000000000000e+03 -2.226032262545289964e-01
9.088000000000000000e+03 -2.875679122885310690e-01
9.090000000000000000e+03 -2.115309506490919977e-01
9.092000000000000000e+03 -2.772165815939868216e-01
9.094000000000000000e+03 -2.890210535449070917e-01
9.096000000000000000e+03 -2.909820808018955818e-01
9.098000000000000000e+03 -2.714583965556756073e-01
9.100000000000000000e+03 -2.867332463739398207e-01
9.102000000000000000e+03 -2.776069105351448019e-01
9.104000000000000000e+03 3.598173437226322435e-01
9.106000000000000000e+03 -2.115302410155557589e-01
9.108000000000000000e+03 -2.232839281596769310e-01
9.110000000000000000e+03 -6.985920503996943809e-02
9.112000000000000000e+03 5.248300309086091353e-01
9.114000000000000000e+03 -2.821996118936818121e-01
9.116000000000000000e+03 2.007225192852084561e-01
9.118000000000000000e+03 -2.542532067459144507e-01
9.120000000000000000e+03 2.738801267077591306e-01
9.122000000000000000e+03 1.278183356134490467e-01
9.124000000000000000e+03 1.056582939812081151e-01
9.126000000000000000e+03 -2.443573448841089291e-01
9.128000000000000000e+03 -2.490227456333257428e-01
9.130000000000000000e+03 1.890590355686288249e-01
9.132000000000000000e+03 -2.620792488831051315e-01
9.134000000000000000e+03 4.491804026329050958e-01
9.136000000000000000e+03 -2.371457551889498139e-01
9.138000000000000000e+03 -2.561432568674031351e-01
9.140000000000000000e+03 -2.653743077620761889e-03
9.142000000000000000e+03 -1.427782079849897190e-01
9.144000000000000000e+03 -1.384005710971323300e-01
9.146000000000000000e+03 -6.558856788273140226e-02
9.148000000000000000e+03 -2.841890993482331651e-01
9.150000000000000000e+03 -2.195843755477714099e-01
9.152000000000000000e+03 -2.110377689407735569e-01
9.154000000000000000e+03 -8.708125127248413089e-02
9.156000000000000000e+03 3.582121660027645094e-01
9.158000000000000000e+03 3.308085431631053314e-02
9.160000000000000000e+03 -2.822287551886245582e-01
9.162000000000000000e+03 -1.523860842766531221e-01
9.164000000000000000e+03 -2.836075859497672047e-01
9.166000000000000000e+03 -2.197588785214681928e-01
9.168000000000000000e+03 4.391584935029026887e-02
9.170000000000000000e+03 -2.108603527430299440e-01
9.172000000000000000e+03 -2.834027935322820380e-01
9.174000000000000000e+03 1.199830749603442576e-01
9.176000000000000000e+03 1.898975864929524915e-01
9.178000000000000000e+03 -2.805160334207091322e-01
9.180000000000000000e+03 -2.647228576355482033e-01
9.182000000000000000e+03 -1.780233150816679655e-01
9.184000000000000000e+03 -2.272963186304713945e-01
9.186000000000000000e+03 -2.864779199349060668e-01
9.188000000000000000e+03 -2.490163775221137799e-01
9.190000000000000000e+03 2.421506447841265675e-01
9.192000000000000000e+03 3.734781483407880187e-01
9.194000000000000000e+03 4.341907517658276650e-01
9.196000000000000000e+03 -9.840792495495438719e-02
9.198000000000000000e+03 1.572392580308759336e-01
9.200000000000000000e+03 -2.930836661163781498e-01
9.202000000000000000e+03 -2.426089106718392618e-01
9.204000000000000000e+03 -2.314461979549808646e-01
9.206000000000000000e+03 5.303555278504483717e-01
9.208000000000000000e+03 2.419966114605715812e-01
9.210000000000000000e+03 4.477847012259778547e-01
9.212000000000000000e+03 5.789798099353727495e-02
9.214000000000000000e+03 1.080587385366150316e-02
9.216000000000000000e+03 -2.614390903205884853e-01
9.218000000000000000e+03 4.469057048397949705e-01
9.220000000000000000e+03 4.282726586036647021e-01
9.222000000000000000e+03 3.606543621464924354e-01
9.224000000000000000e+03 -2.252470348108900899e-01
9.226000000000000000e+03 -5.968173955269123060e-02
9.228000000000000000e+03 -2.097845657827272781e-03
9.230000000000000000e+03 2.439885283827829543e-01
9.232000000000000000e+03 -1.609489427834203679e-01
9.234000000000000000e+03 -9.832791496719071878e-02
9.236000000000000000e+03 3.091875905964867610e-01
9.238000000000000000e+03 -2.841594594618231384e-01
9.240000000000000000e+03 -1.338877082424520804e-01
9.242000000000000000e+03 3.393089235227483291e-01
9.244000000000000000e+03 -1.894818770313809742e-01
9.246000000000000000e+03 -2.526857221555640076e-01
9.248000000000000000e+03 -9.279132227087096008e-02
9.250000000000000000e+03 -1.188512237725366794e-01
9.252000000000000000e+03 7.543872742581929358e-02
9.254000000000000000e+03 3.474214751102271403e-01
9.256000000000000000e+03 -2.829293593522272388e-01
9.258000000000000000e+03 -6.403562321395024626e-02
9.260000000000000000e+03 -2.866043145752946719e-01
9.262000000000000000e+03 -1.602605486234299770e-01
9.264000000000000000e+03 5.517285488497263302e-01
9.266000000000000000e+03 5.642369376835150163e-01
9.268000000000000000e+03 3.442230408562410027e-01
9.270000000000000000e+03 -1.511864374245334708e-01
9.272000000000000000e+03 -1.985400507597447628e-01
9.274000000000000000e+03 1.391702570101700787e-01
9.276000000000000000e+03 -2.880948012880284459e-01
9.278000000000000000e+03 -2.831817863518901190e-01
9.280000000000000000e+03 -2.304879510298167289e-01
9.282000000000000000e+03 -1.137733775570964750e-01
9.284000000000000000e+03 4.896332579281124087e-01
9.286000000000000000e+03 4.650754019429315794e-02
9.288000000000000000e+03 -2.824171349854352475e-01
9.290000000000000000e+03 -5.769008150869750495e-02
9.292000000000000000e+03 4.126559134283042107e-02
9.294000000000000000e+03 3.736550018937941364e-01
9.296000000000000000e+03 1.584820600611898112e-01
9.298000000000000000e+03 3.846615049843878920e-01
9.300000000000000000e+03 -2.692929601919649696e-01
9.302000000000000000e+03 3.038582411422749083e-02
9.304000000000000000e+03 4.196092153380144296e-01
9.306000000000000000e+03 -7.108152318891117205e-02
9.308000000000000000e+03 1.552999591714990246e-01
9.310000000000000000e+03 -2.707735827219390212e-01
9.312000000000000000e+03 5.120817850363994228e-02
9.314000000000000000e+03 -7.951534195702933405e-02
9.316000000000000000e+03 -1.372906291236823395e-01
9.318000000000000000e+03 -2.182246497139319341e-01
9.320000000000000000e+03 -9.820861539081450486e-02
9.322000000000000000e+03 -1.560361378207508476e-01
9.324000000000000000e+03 4.525759530194800040e-01
9.326000000000000000e+03 4.043865100954186498e-01
9.328000000000000000e+03 -2.706049693420753965e-01
9.330000000000000000e+03 3.844345188145216752e-01
9.332000000000000000e+03 -1.736029456898363910e-01
9.334000000000000000e+03 -2.515375726666451150e-01
9.336000000000000000e+03 1.135148275128135820e-01
9.338000000000000000e+03 -1.432740505848892898e-01
9.340000000000000000e+03 -2.506649704604717588e-01
9.342000000000000000e+03 -2.590977610006905407e-01
9.344000000000000000e+03 -1.238139695565605575e-01
9.346000000000000000e+03 1.381567301430210726e-01
9.348000000000000000e+03 -2.569906512045107005e-01
9.350000000000000000e+03 -1.889468286746381065e-01
9.352000000000000000e+03 2.292814329632184359e-02
9.354000000000000000e+03 -2.884535806674441427e-01
9.356000000000000000e+03 -2.883138732791243330e-01
9.358000000000000000e+03 2.013091795416449004e-01
9.360000000000000000e+03 2.214026435317894836e-01
9.362000000000000000e+03 -2.882926512556720916e-02
9.364000000000000000e+03 1.851809413606562982e-01
9.366000000000000000e+03 5.754478308024570943e-01
9.368000000000000000e+03 4.742006235130661884e-01
9.370000000000000000e+03 1.053916011604694725e-01
9.372000000000000000e+03 -2.781034834698948854e-01
9.374000000000000000e+03 4.227500460906377655e-02
9.376000000000000000e+03 -2.895335473509957347e-01
9.378000000000000000e+03 3.502113271625574842e-01
9.380000000000000000e+03 -1.738909426742005215e-01
9.382000000000000000e+03 1.010215965407422339e-01
9.384000000000000000e+03 2.812624070223260775e-01
9.386000000000000000e+03 -2.494237821577930392e-01
9.388000000000000000e+03 -2.353106340310898437e-01
9.390000000000000000e+03 -8.703140040528369037e-02
9.392000000000000000e+03 -2.390188405969601304e-01
9.394000000000000000e+03 -9.279183713997483929e-02
9.396000000000000000e+03 -2.116880669684490512e-01
9.398000000000000000e+03 6.732527961309849041e-02
9.400000000000000000e+03 -6.491852276209994499e-02
9.402000000000000000e+03 5.082957759717665613e-02
9.404000000000000000e+03 1.393861686536338462e-01
9.406000000000000000e+03 -2.859701463341566829e-01
9.408000000000000000e+03 -6.526830692809856838e-02
9.410000000000000000e+03 -1.239923980675592952e-01
9.412000000000000000e+03 1.631884669549102107e-01
9.414000000000000000e+03 -2.739284778021500166e-01
9.416000000000000000e+03 -2.844279205559659962e-01
9.418000000000000000e+03 -1.032996440188671955e-01
9.420000000000000000e+03 -2.849310652787649945e-01
9.422000000000000000e+03 -9.279082278761049962e-02
9.424000000000000000e+03 -2.846784470107920906e-01
9.426000000000000000e+03 -1.613308196167003439e-01
9.428000000000000000e+03 2.127056089065149924e-01
9.430000000000000000e+03 9.685766644682908266e-02
9.432000000000000000e+03 1.062649645010934757e-01
9.434000000000000000e+03 -2.845129773419713959e-01
9.436000000000000000e+03 -1.331257467444140474e-01
9.438000000000000000e+03 -2.403594186025862292e-02
9.440000000000000000e+03 1.528114787873224023e-01
9.442000000000000000e+03 1.645097204407705016e-01
9.444000000000000000e+03 -1.031944419474786351e-01
9.446000000000000000e+03 -2.614568853249635838e-01
9.448000000000000000e+03 1.827377848412082284e-01
9.450000000000000000e+03 3.512805657663485848e-01
9.452000000000000000e+03 -9.753209963138682881e-02
9.454000000000000000e+03 2.354121003614901286e-01
9.456000000000000000e+03 -1.742749458974325316e-01
9.458000000000000000e+03 1.492471205181727656e-01
9.460000000000000000e+03 -1.899575412921644391e-01
9.462000000000000000e+03 -2.536207091366889377e-01
9.464000000000000000e+03 4.581296541705090486e-01
9.466000000000000000e+03 4.244471612970749930e-01
9.468000000000000000e+03 -2.834250561099249666e-01
9.470000000000000000e+03 -2.683688668318918169e-01
9.472000000000000000e+03 5.103330191871742194e-01
9.474000000000000000e+03 3.267014160765789876e-01
9.476000000000000000e+03 5.080923996244764984e-01
9.478000000000000000e+03 -1.795090529351643371e-01
9.480000000000000000e+03 -1.085230129602140076e-01
9.482000000000000000e+03 -2.114913288082820864e-01
9.484000000000000000e+03 5.198268467390404490e-02
9.486000000000000000e+03 -2.350676434979828422e-01
9.488000000000000000e+03 1.878565116750006703e-01
9.490000000000000000e+03 4.534628791030834161e-01
9.492000000000000000e+03 2.249338058020778908e-01
9.494000000000000000e+03 4.686668989351563952e-01
9.496000000000000000e+03 8.053288793575628934e-02
9.498000000000000000e+03 4.712402287320128780e-01
9.500000000000000000e+03 4.882956775713800379e-01
9.502000000000000000e+03 9.536265032354630800e-02
9.504000000000000000e+03 -6.430578362903092982e-02
9.506000000000000000e+03 -2.271009875460670291e-01
9.508000000000000000e+03 -2.201037751807336240e-01
9.510000000000000000e+03 1.289373448695472490e-01
9.512000000000000000e+03 -2.827139614904627604e-02
9.514000000000000000e+03 -2.631413918577451549e-01
9.516000000000000000e+03 1.116471877403209384e-01
9.518000000000000000e+03 -2.776537639170071348e-01
9.520000000000000000e+03 -2.637541976169030522e-01
9.522000000000000000e+03 -2.506035364301317236e-01
9.524000000000000000e+03 -8.651117958250990891e-02
9.526000000000000000e+03 2.370405727186630784e-01
9.528000000000000000e+03 -2.686965106194608155e-01
9.530000000000000000e+03 4.689880919133108117e-01
9.532000000000000000e+03 1.534273453111869301e-01
9.534000000000000000e+03 -1.694467247439132296e-01
9.536000000000000000e+03 -2.880568692687708876e-01
9.538000000000000000e+03 1.370474879733636908e-01
9.540000000000000000e+03 -2.318511443590940413e-01
9.542000000000000000e+03 -8.765281360569374125e-02
9.544000000000000000e+03 -1.998883814980914886e-01
9.546000000000000000e+03 -1.763027795765974015e-01
9.548000000000000000e+03 -5.333170225511627699e-02
9.550000000000000000e+03 -1.288827681965022953e-01
9.552000000000000000e+03 2.614648383971345247e-01
9.554000000000000000e+03 1.092219632191998996e-01
9.556000000000000000e+03 -1.759240182880302816e-01
9.558000000000000000e+03 -2.845609900237615064e-01
9.560000000000000000e+03 4.318145281543743219e-01
9.562000000000000000e+03 -2.167771055943809033e-01
9.564000000000000000e+03 -1.031944647008584126e-01
9.566000000000000000e+03 -2.577274369427635103e-01
9.568000000000000000e+03 3.366648172307875053e-01
9.570000000000000000e+03 -5.342506924785579009e-02
9.572000000000000000e+03 3.689567806624634572e-01
9.574000000000000000e+03 -2.929882892817092799e-01
9.576000000000000000e+03 4.205478861084970266e-01
9.578000000000000000e+03 -2.795457502821990237e-01
9.580000000000000000e+03 -1.435006502968450282e-01
9.582000000000000000e+03 -2.925596724563891970e-02
9.584000000000000000e+03 -2.201145059782145252e-01
9.586000000000000000e+03 -2.864810680232343088e-01
9.588000000000000000e+03 -2.113516447620542582e-01
9.590000000000000000e+03 -6.436937357972975782e-02
9.592000000000000000e+03 -2.201024701322106536e-01
9.594000000000000000e+03 -2.853918115983738457e-01
9.596000000000000000e+03 4.391445516219231321e-02
9.598000000000000000e+03 9.711429023783872683e-02
9.600000000000000000e+03 -4.002746321908270261e-02
9.602000000000000000e+03 -2.775892246520182405e-01
9.604000000000000000e+03 2.329866360482105436e-01
9.606000000000000000e+03 2.646730160065370319e-01
9.608000000000000000e+03 -2.790676904058192465e-01
9.610000000000000000e+03 -1.968147007321534581e-01
9.612000000000000000e+03 -9.764428096967350812e-02
9.614000000000000000e+03 -5.264913896760785306e-02
9.616000000000000000e+03 -1.870829989151226447e-01
9.618000000000000000e+03 -2.630245703328189522e-01
9.620000000000000000e+03 -2.537087913378198167e-01
9.622000000000000000e+03 -2.843261223371894297e-02
9.624000000000000000e+03 -1.031788393999182041e-01
9.626000000000000000e+03 -1.188764095086820016e-01
9.628000000000000000e+03 -1.421573344646292203e-01
9.630000000000000000e+03 -2.755044891592614564e-01
9.632000000000000000e+03 -9.230187157967599532e-02
9.634000000000000000e+03 -2.108616792627830139e-01
9.636000000000000000e+03 -4.663216895578684712e-02
9.638000000000000000e+03 2.060685442712250903e-01
9.640000000000000000e+03 -2.854889880838790694e-01
9.642000000000000000e+03 -2.818418282656470208e-01
9.644000000000000000e+03 -1.873627372073261854e-01
9.646000000000000000e+03 -2.521329956742731082e-01
9.648000000000000000e+03 1.411854204976978333e-01
9.650000000000000000e+03 -2.165979125002938932e-01
9.652000000000000000e+03 5.072912705675585165e-01
9.654000000000000000e+03 -2.330368712195121095e-01
9.656000000000000000e+03 -2.233308096678965071e-01
9.658000000000000000e+03 -1.336848844866155295e-01
9.660000000000000000e+03 3.552848537534442630e-01
9.662000000000000000e+03 4.605296426805036147e-01
9.664000000000000000e+03 5.703724613012161049e-01
9.666000000000000000e+03 3.359285350134021408e-01
9.668000000000000000e+03 -1.335533315001747601e-01
9.670000000000000000e+03 5.029392467116952092e-01
9.672000000000000000e+03 3.339410518727267130e-01
9.674000000000000000e+03 5.499727450150182495e-01
9.676000000000000000e+03 -2.856936856435232097e-01
9.678000000000000000e+03 5.244804064677667244e-01
9.680000000000000000e+03 -7.087521975171259814e-02
9.682000000000000000e+03 -1.086753723856242748e-01
9.684000000000000000e+03 -2.143352655333115309e-01
9.686000000000000000e+03 -2.795648213557292427e-01
9.688000000000000000e+03 6.317843707339294845e-02
9.690000000000000000e+03 9.127153907628184071e-02
9.692000000000000000e+03 2.960176925786048296e-01
9.694000000000000000e+03 -9.204672066656089183e-03
9.696000000000000000e+03 2.568741732114809828e-01
9.698000000000000000e+03 -2.390857867935726466e-01
9.700000000000000000e+03 -2.802634170100030131e-01
9.702000000000000000e+03 -3.491231093312658490e-02
9.704000000000000000e+03 -2.516572051192806914e-01
9.706000000000000000e+03 3.744569911452764188e-01
9.708000000000000000e+03 -2.035894018708410413e-01
9.710000000000000000e+03 -2.266310600565834277e-01
9.712000000000000000e+03 3.980456334021329479e-01
9.714000000000000000e+03 3.978222518467284807e-01
9.716000000000000000e+03 -2.834426533004397175e-01
9.718000000000000000e+03 -1.476829787693235418e-01
9.720000000000000000e+03 1.864974416141234326e-01
9.722000000000000000e+03 4.274683694879831131e-01
9.724000000000000000e+03 1.473084741689202615e-01
9.726000000000000000e+03 -2.879821556542725980e-01
9.728000000000000000e+03 1.819952450263304655e-01
9.730000000000000000e+03 6.497676624727818928e-02
9.732000000000000000e+03 2.458619170042914970e-01
9.734000000000000000e+03 -2.851809495505259751e-01
9.736000000000000000e+03 -2.393975883089465573e-01
9.738000000000000000e+03 -2.208719932198974500e-01
9.740000000000000000e+03 -2.730149181679613624e-01
9.742000000000000000e+03 -2.512717653887315272e-01
9.744000000000000000e+03 9.879514991819289549e-02
9.746000000000000000e+03 -3.952470462490467046e-02
9.748000000000000000e+03 5.801082620448190508e-02
9.750000000000000000e+03 3.001330790792672842e-01
9.752000000000000000e+03 -5.189799862388572854e-02
9.754000000000000000e+03 -2.294653912683897179e-01
9.756000000000000000e+03 -2.890019756765384029e-01
9.758000000000000000e+03 -1.379229932177013784e-01
9.760000000000000000e+03 5.722580662971529231e-01
9.762000000000000000e+03 1.591966283937591986e-01
9.764000000000000000e+03 -2.743813062277911108e-01
9.766000000000000000e+03 -2.257631396088194131e-01
9.768000000000000000e+03 3.596619127634744784e-01
9.770000000000000000e+03 -2.665615030061833091e-01
9.772000000000000000e+03 -5.242121771364249838e-02
9.774000000000000000e+03 5.152769640456609235e-01
9.776000000000000000e+03 -1.571631447423068317e-01
9.778000000000000000e+03 -2.684852858754945282e-01
9.780000000000000000e+03 1.732557615773943627e-01
9.782000000000000000e+03 1.278173172693358173e-01
9.784000000000000000e+03 5.699470214139154001e-01
9.786000000000000000e+03 8.355118797612072490e-02
9.788000000000000000e+03 -2.861399900413693631e-01
9.790000000000000000e+03 -1.304205075599453902e-02
9.792000000000000000e+03 1.687020687731864421e-01
9.794000000000000000e+03 1.464897351556556648e-01
9.796000000000000000e+03 -2.088657601352991722e-01
9.798000000000000000e+03 1.645344013863132837e-01
9.800000000000000000e+03 -7.079949792608769554e-02
9.802000000000000000e+03 2.915880916493164832e-01
9.804000000000000000e+03 3.743139877185113762e-01
9.806000000000000000e+03 3.380066481724893213e-01
9.808000000000000000e+03 2.185860196305884282e-02
9.810000000000000000e+03 -2.852472003049337790e-01
9.812000000000000000e+03 -1.968774233663433681e-01
9.814000000000000000e+03 -2.730410988079708390e-01
9.816000000000000000e+03 3.748809945844027713e-01
9.818000000000000000e+03 3.182270520537606728e-01
9.820000000000000000e+03 -1.337450217749943104e-01
9.822000000000000000e+03 -2.871313328587369873e-01
9.824000000000000000e+03 2.814111018389194308e-01
9.826000000000000000e+03 1.928326883151911808e-01
9.828000000000000000e+03 -2.936105691449962807e-01
9.830000000000000000e+03 1.536058236000521771e-01
9.832000000000000000e+03 3.901230723965359304e-01
9.834000000000000000e+03 2.357753196761973868e-01
9.836000000000000000e+03 5.160725837809752026e-01
9.838000000000000000e+03 5.281899232859021964e-01
9.840000000000000000e+03 -1.532556699887576701e-01
9.842000000000000000e+03 3.700692319783873141e-01
9.844000000000000000e+03 5.658005274392883255e-01
9.846000000000000000e+03 -1.668898116596906345e-01
9.848000000000000000e+03 1.491033751179199618e-01
9.850000000000000000e+03 3.628220219283518344e-01
9.852000000000000000e+03 2.765164488677391771e-02
9.854000000000000000e+03 -1.432021760764005391e-01
9.856000000000000000e+03 -1.903307422202521193e-01
9.858000000000000000e+03 -1.434383619975478918e-01
9.860000000000000000e+03 -1.619736011715877944e-01
9.862000000000000000e+03 3.976772499488761409e-02
9.864000000000000000e+03 -1.906073973924421461e-01
9.866000000000000000e+03 4.357126905438771930e-02
9.868000000000000000e+03 -4.618594815246944429e-02
9.870000000000000000e+03 -2.210435296904785796e-01
9.872000000000000000e+03 -2.641908874209093483e-01
9.874000000000000000e+03 4.444609647415760367e-01
9.876000000000000000e+03 -2.715246031200945209e-01
9.878000000000000000e+03 1.757464121320749251e-01
9.880000000000000000e+03 3.867520204065797995e-01
9.882000000000000000e+03 2.159307432113315439e-01
9.884000000000000000e+03 1.891907893124780138e-01
9.886000000000000000e+03 -2.870377838754927802e-01
9.888000000000000000e+03 -2.846429362645622185e-01
9.890000000000000000e+03 -2.741887152455605992e-01
9.892000000000000000e+03 -1.610545081986728411e-01
9.894000000000000000e+03 -2.855283012964741074e-01
9.896000000000000000e+03 1.798169551165583191e-01
9.898000000000000000e+03 3.417920914276310063e-01
9.900000000000000000e+03 3.693807777689553373e-01
9.902000000000000000e+03 -1.386682278797244372e-01
9.904000000000000000e+03 2.492739197212345825e-01
9.906000000000000000e+03 -5.837133318727230624e-02
9.908000000000000000e+03 -6.496641567178530752e-02
9.910000000000000000e+03 1.866948770092202725e-01
9.912000000000000000e+03 -2.224212413274401570e-02
9.914000000000000000e+03 -2.782695815395494487e-01
9.916000000000000000e+03 -2.383028276378522381e-02
9.918000000000000000e+03 -6.374453908802286961e-02
9.920000000000000000e+03 1.125405901092453032e-01
9.922000000000000000e+03 3.014895077095497422e-01
9.924000000000000000e+03 -7.068518302684609345e-02
9.926000000000000000e+03 3.755213320799239418e-01
9.928000000000000000e+03 -4.696796775030220167e-02
9.930000000000000000e+03 -1.137529064637883280e-01
9.932000000000000000e+03 -1.137566777073264479e-01
9.934000000000000000e+03 -2.511975376065556653e-01
9.936000000000000000e+03 -1.020573714597971943e-01
9.938000000000000000e+03 -5.231759495772751734e-02
9.940000000000000000e+03 -3.032259308706305133e-03
9.942000000000000000e+03 -2.907737894507941845e-01
9.944000000000000000e+03 -2.853407089881120351e-01
9.946000000000000000e+03 -2.609948573408632511e-01
9.948000000000000000e+03 -1.872698603277537510e-01
9.950000000000000000e+03 3.419167059841780876e-02
9.952000000000000000e+03 -1.819489138529767625e-01
9.954000000000000000e+03 -3.515434691640378223e-02
9.956000000000000000e+03 -2.618467837709809731e-01
9.958000000000000000e+03 2.130324952809314054e-01
9.960000000000000000e+03 -9.307858721714037942e-03
9.962000000000000000e+03 9.760190724832867870e-02
9.964000000000000000e+03 -2.128083546196857800e-01
9.966000000000000000e+03 -2.058531345357706155e-01
9.968000000000000000e+03 -1.472077503480741512e-01
9.970000000000000000e+03 -1.288982061111292599e-01
9.972000000000000000e+03 2.402915390294954323e-01
9.974000000000000000e+03 1.224420060684651007e-01
9.976000000000000000e+03 4.554404286814180414e-01
9.978000000000000000e+03 -2.589089362063899946e-01
9.980000000000000000e+03 -2.731046546385365592e-02
9.982000000000000000e+03 4.805024354512511531e-01
9.984000000000000000e+03 8.106551953415951084e-02
9.986000000000000000e+03 -6.000954485996171095e-02
9.988000000000000000e+03 2.970384437456770055e-01
9.990000000000000000e+03 -1.187951068118190956e-01
9.992000000000000000e+03 -2.857683868491596169e-01
9.994000000000000000e+03 5.406275044532637963e-01
9.996000000000000000e+03 -1.476838881700113237e-01
9.998000000000000000e+03 1.293386040293528771e-01
1.000000000000000000e+04 8.218331848305768239e-02
