0.000000000000000000e+00 1.520954012870788574e+00
2.000000000000000000e+00 1.512514472007751465e+00
4.000000000000000000e+00 1.509039402008056641e+00
6.000000000000000000e+00 1.513969063758850098e+00
8.000000000000000000e+00 1.511623978614807129e+00
1.000000000000000000e+01 1.510232090950012207e+00
1.200000000000000000e+01 1.509536504745483398e+00
1.400000000000000000e+01 1.510132789611816406e+00
1.600000000000000000e+01 1.512911796569824219e+00
1.800000000000000000e+01 1.519736647605895996e+00
2.000000000000000000e+01 1.507846713066101074e+00
2.200000000000000000e+01 1.510926723480224609e+00
2.400000000000000000e+01 1.508444547653198242e+00
2.600000000000000000e+01 1.520033836364746094e+00
2.800000000000000000e+01 1.515815615653991699e+00
3.000000000000000000e+01 1.517036199569702148e+00
3.200000000000000000e+01 1.514661788940429688e+00
3.400000000000000000e+01 1.512151002883911133e+00
3.600000000000000000e+01 1.523187637329101562e+00
3.800000000000000000e+01 1.514826774597167969e+00
4.000000000000000000e+01 1.518485784530639648e+00
4.200000000000000000e+01 1.514462471008300781e+00
4.400000000000000000e+01 1.514496803283691406e+00
4.600000000000000000e+01 1.512150406837463379e+00
4.800000000000000000e+01 1.510232806205749512e+00
5.000000000000000000e+01 1.515288710594177246e+00
5.200000000000000000e+01 1.511588931083679199e+00
5.400000000000000000e+01 1.514992475509643555e+00
5.600000000000000000e+01 1.513803124427795410e+00
5.800000000000000000e+01 1.511621832847595215e+00
6.000000000000000000e+01 1.513703107833862305e+00
6.200000000000000000e+01 1.521875381469726562e+00
6.400000000000000000e+01 1.512680292129516602e+00
6.600000000000000000e+01 1.512416481971740723e+00
6.800000000000000000e+01 1.512680292129516602e+00
7.000000000000000000e+01 1.514497041702270508e+00
7.200000000000000000e+01 1.507082939147949219e+00
7.400000000000000000e+01 1.515386223793029785e+00
7.600000000000000000e+01 1.513571500778198242e+00
7.800000000000000000e+01 1.515188932418823242e+00
8.000000000000000000e+01 1.513241887092590332e+00
8.200000000000000000e+01 1.516113281250000000e+00
8.400000000000000000e+01 1.504060387611389160e+00
8.600000000000000000e+01 1.517136335372924805e+00
8.800000000000000000e+01 1.512548685073852539e+00
9.000000000000000000e+01 1.512414455413818359e+00
9.200000000000000000e+01 1.515321969985961914e+00
9.400000000000000000e+01 1.526412487030029297e+00
9.600000000000000000e+01 1.517102360725402832e+00
9.800000000000000000e+01 1.519146084785461426e+00
1.000000000000000000e+02 1.507148981094360352e+00
1.020000000000000000e+02 1.517036199569702148e+00
1.040000000000000000e+02 1.510739207267761230e+00
1.060000000000000000e+02 1.513713717460632324e+00
1.080000000000000000e+02 1.515552520751953125e+00
1.100000000000000000e+02 1.518222689628601074e+00
1.120000000000000000e+02 1.515880823135375977e+00
1.140000000000000000e+02 1.509370088577270508e+00
1.160000000000000000e+02 1.514934301376342773e+00
1.180000000000000000e+02 1.508288264274597168e+00
1.200000000000000000e+02 1.512283682823181152e+00
1.220000000000000000e+02 1.515883684158325195e+00
1.240000000000000000e+02 1.514199972152709961e+00
1.260000000000000000e+02 1.510298132896423340e+00
1.280000000000000000e+02 1.513208389282226562e+00
1.300000000000000000e+02 1.519835829734802246e+00
1.320000000000000000e+02 1.517959356307983398e+00
1.340000000000000000e+02 1.521774530410766602e+00
1.360000000000000000e+02 1.511853575706481934e+00
1.380000000000000000e+02 1.511985540390014648e+00
1.400000000000000000e+02 1.521381258964538574e+00
1.420000000000000000e+02 1.514629006385803223e+00
1.440000000000000000e+02 1.512812614440917969e+00
1.460000000000000000e+02 1.512513637542724609e+00
1.480000000000000000e+02 1.512943625450134277e+00
1.500000000000000000e+02 1.513704657554626465e+00
1.520000000000000000e+02 1.515585303306579590e+00
1.540000000000000000e+02 1.518750190734863281e+00
1.560000000000000000e+02 1.522399902343750000e+00
1.580000000000000000e+02 1.515387892723083496e+00
1.600000000000000000e+02 1.511588573455810547e+00
1.620000000000000000e+02 1.519538760185241699e+00
1.640000000000000000e+02 1.519078493118286133e+00
1.660000000000000000e+02 1.516409873962402344e+00
1.680000000000000000e+02 1.511291384696960449e+00
1.700000000000000000e+02 1.518782377243041992e+00
1.720000000000000000e+02 1.515520215034484863e+00
1.740000000000000000e+02 1.517662167549133301e+00
1.760000000000000000e+02 1.513242244720458984e+00
1.780000000000000000e+02 1.517201185226440430e+00
1.800000000000000000e+02 1.512198567390441895e+00
1.820000000000000000e+02 1.516870975494384766e+00
1.840000000000000000e+02 1.519507288932800293e+00
1.860000000000000000e+02 1.515287041664123535e+00
1.880000000000000000e+02 1.508817791938781738e+00
1.900000000000000000e+02 1.512646794319152832e+00
1.920000000000000000e+02 1.517802715301513672e+00
1.940000000000000000e+02 1.517102479934692383e+00
1.960000000000000000e+02 1.514067888259887695e+00
1.980000000000000000e+02 1.520854830741882324e+00
2.000000000000000000e+02 1.508045792579650879e+00
2.020000000000000000e+02 1.517958164215087891e+00
2.040000000000000000e+02 1.507647633552551270e+00
2.060000000000000000e+02 1.506154894828796387e+00
2.080000000000000000e+02 1.518848419189453125e+00
2.100000000000000000e+02 1.514892220497131348e+00
2.120000000000000000e+02 1.516871452331542969e+00
2.140000000000000000e+02 1.513077259063720703e+00
2.160000000000000000e+02 1.514397025108337402e+00
2.180000000000000000e+02 1.512019753456115723e+00
2.200000000000000000e+02 1.515981912612915039e+00
2.220000000000000000e+02 1.506452560424804688e+00
2.240000000000000000e+02 1.517926692962646484e+00
2.260000000000000000e+02 1.517832040786743164e+00
2.280000000000000000e+02 1.517201066017150879e+00
2.300000000000000000e+02 1.516344428062438965e+00
2.320000000000000000e+02 1.513968348503112793e+00
2.340000000000000000e+02 1.514100074768066406e+00
2.360000000000000000e+02 1.513968348503112793e+00
2.380000000000000000e+02 1.515519738197326660e+00
2.400000000000000000e+02 1.510826945304870605e+00
2.420000000000000000e+02 1.510165810585021973e+00
2.440000000000000000e+02 1.512449145317077637e+00
2.460000000000000000e+02 1.520689249038696289e+00
2.480000000000000000e+02 1.511470794677734375e+00
2.500000000000000000e+02 1.513076543807983398e+00
2.520000000000000000e+02 1.514925479888916016e+00
2.540000000000000000e+02 1.511224985122680664e+00
2.560000000000000000e+02 1.514529466629028320e+00
2.580000000000000000e+02 1.514893054962158203e+00
2.600000000000000000e+02 1.521347999572753906e+00
2.620000000000000000e+02 1.516345024108886719e+00
2.640000000000000000e+02 1.516609072685241699e+00
2.660000000000000000e+02 1.515552282333374023e+00
2.680000000000000000e+02 1.514869451522827148e+00
2.700000000000000000e+02 1.516342997550964355e+00
2.720000000000000000e+02 1.518255591392517090e+00
2.740000000000000000e+02 1.513763904571533203e+00
2.760000000000000000e+02 1.509966850280761719e+00
2.780000000000000000e+02 1.518189668655395508e+00
2.800000000000000000e+02 1.508940100669860840e+00
2.820000000000000000e+02 1.504293680191040039e+00
2.840000000000000000e+02 1.519341945648193359e+00
2.860000000000000000e+02 1.510695695877075195e+00
2.880000000000000000e+02 1.516970634460449219e+00
2.900000000000000000e+02 1.514760851860046387e+00
2.920000000000000000e+02 1.514893174171447754e+00
2.940000000000000000e+02 1.507348775863647461e+00
2.960000000000000000e+02 1.515882730484008789e+00
2.980000000000000000e+02 1.511457085609436035e+00
3.000000000000000000e+02 1.517237067222595215e+00
3.020000000000000000e+02 1.514398097991943359e+00
3.040000000000000000e+02 1.512488722801208496e+00
3.060000000000000000e+02 1.519046306610107422e+00
3.080000000000000000e+02 1.508576035499572754e+00
3.100000000000000000e+02 1.510861277580261230e+00
3.120000000000000000e+02 1.522343397140502930e+00
3.140000000000000000e+02 1.507347822189331055e+00
3.160000000000000000e+02 1.509541034698486328e+00
3.180000000000000000e+02 1.517398595809936523e+00
3.200000000000000000e+02 1.512249827384948730e+00
3.220000000000000000e+02 1.514397501945495605e+00
3.240000000000000000e+02 1.517828583717346191e+00
3.260000000000000000e+02 1.509469866752624512e+00
3.280000000000000000e+02 1.509204626083374023e+00
3.300000000000000000e+02 1.515249013900756836e+00
3.320000000000000000e+02 1.511650800704956055e+00
3.340000000000000000e+02 1.510430574417114258e+00
3.360000000000000000e+02 1.514793872833251953e+00
3.380000000000000000e+02 1.512183904647827148e+00
3.400000000000000000e+02 1.518190264701843262e+00
3.420000000000000000e+02 1.516210556030273438e+00
3.440000000000000000e+02 1.516410112380981445e+00
3.460000000000000000e+02 1.514728069305419922e+00
3.480000000000000000e+02 1.510562062263488770e+00
3.500000000000000000e+02 1.505389451980590820e+00
3.520000000000000000e+02 1.516081571578979492e+00
3.540000000000000000e+02 1.509337663650512695e+00
3.560000000000000000e+02 1.515024542808532715e+00
3.580000000000000000e+02 1.513342380523681641e+00
3.600000000000000000e+02 1.521511197090148926e+00
3.620000000000000000e+02 1.511885881423950195e+00
3.640000000000000000e+02 1.513010978698730469e+00
3.660000000000000000e+02 1.512622356414794922e+00
3.680000000000000000e+02 1.515433430671691895e+00
3.700000000000000000e+02 1.513274788856506348e+00
3.720000000000000000e+02 1.512415528297424316e+00
3.740000000000000000e+02 1.512811422348022461e+00
3.760000000000000000e+02 1.513802409172058105e+00
3.780000000000000000e+02 1.512910246849060059e+00
3.800000000000000000e+02 1.515717983245849609e+00
3.820000000000000000e+02 1.518189907073974609e+00
3.840000000000000000e+02 1.504989862442016602e+00
3.860000000000000000e+02 1.505456924438476562e+00
3.880000000000000000e+02 1.511060237884521484e+00
3.900000000000000000e+02 1.503695249557495117e+00
3.920000000000000000e+02 1.510628819465637207e+00
3.940000000000000000e+02 1.512250185012817383e+00
3.960000000000000000e+02 1.513606071472167969e+00
3.980000000000000000e+02 1.519013047218322754e+00
4.000000000000000000e+02 1.511125564575195312e+00
4.020000000000000000e+02 1.511059641838073730e+00
4.040000000000000000e+02 1.519374251365661621e+00
4.060000000000000000e+02 1.516771435737609863e+00
4.080000000000000000e+02 1.517035007476806641e+00
4.100000000000000000e+02 1.517267465591430664e+00
4.120000000000000000e+02 1.522560954093933105e+00
4.140000000000000000e+02 1.517136573791503906e+00
4.160000000000000000e+02 1.515454411506652832e+00
4.180000000000000000e+02 1.511225700378417969e+00
4.200000000000000000e+02 1.514002203941345215e+00
4.220000000000000000e+02 1.519638299942016602e+00
4.240000000000000000e+02 1.516872048377990723e+00
4.260000000000000000e+02 1.512977957725524902e+00
4.280000000000000000e+02 1.511654853820800781e+00
4.300000000000000000e+02 1.515190482139587402e+00
4.320000000000000000e+02 1.514925956726074219e+00
4.340000000000000000e+02 1.515880703926086426e+00
4.360000000000000000e+02 1.513307452201843262e+00
4.380000000000000000e+02 1.523974776268005371e+00
4.400000000000000000e+02 1.514034867286682129e+00
4.420000000000000000e+02 1.518486499786376953e+00
4.440000000000000000e+02 1.512778639793395996e+00
4.460000000000000000e+02 1.512811064720153809e+00
4.480000000000000000e+02 1.507979035377502441e+00
4.500000000000000000e+02 1.512746334075927734e+00
4.520000000000000000e+02 1.518355250358581543e+00
4.540000000000000000e+02 1.505789995193481445e+00
4.560000000000000000e+02 1.510827064514160156e+00
4.580000000000000000e+02 1.518190979957580566e+00
4.600000000000000000e+02 1.516674160957336426e+00
4.620000000000000000e+02 1.522202372550964355e+00
4.640000000000000000e+02 1.512414693832397461e+00
4.660000000000000000e+02 1.516112923622131348e+00
4.680000000000000000e+02 1.518157124519348145e+00
4.700000000000000000e+02 1.513834595680236816e+00
4.720000000000000000e+02 1.512978076934814453e+00
4.740000000000000000e+02 1.516378521919250488e+00
4.760000000000000000e+02 1.522201895713806152e+00
4.780000000000000000e+02 1.511886000633239746e+00
4.800000000000000000e+02 1.516081452369689941e+00
4.820000000000000000e+02 1.507117271423339844e+00
4.840000000000000000e+02 1.512747406959533691e+00
4.860000000000000000e+02 1.506284952163696289e+00
4.880000000000000000e+02 1.515915393829345703e+00
4.900000000000000000e+02 1.512812733650207520e+00
4.920000000000000000e+02 1.516375303268432617e+00
4.940000000000000000e+02 1.515586256980895996e+00
4.960000000000000000e+02 1.509008646011352539e+00
4.980000000000000000e+02 1.516444206237792969e+00
5.000000000000000000e+02 1.511059999465942383e+00
5.020000000000000000e+02 1.520822286605834961e+00
5.040000000000000000e+02 1.512745738029479980e+00
5.060000000000000000e+02 1.517697811126708984e+00
5.080000000000000000e+02 1.516376614570617676e+00
5.100000000000000000e+02 1.512809276580810547e+00
5.120000000000000000e+02 1.512119531631469727e+00
5.140000000000000000e+02 1.510164022445678711e+00
5.160000000000000000e+02 1.512515902519226074e+00
5.180000000000000000e+02 1.511191606521606445e+00
5.200000000000000000e+02 1.510133504867553711e+00
5.220000000000000000e+02 1.512713074684143066e+00
5.240000000000000000e+02 1.509503960609436035e+00
5.260000000000000000e+02 1.514231920242309570e+00
5.280000000000000000e+02 1.512152194976806641e+00
5.300000000000000000e+02 1.512217164039611816e+00
5.320000000000000000e+02 1.513507127761840820e+00
5.340000000000000000e+02 1.518354535102844238e+00
5.360000000000000000e+02 1.511852622032165527e+00
5.380000000000000000e+02 1.507780671119689941e+00
5.400000000000000000e+02 1.507779598236083984e+00
5.420000000000000000e+02 1.512151241302490234e+00
5.440000000000000000e+02 1.515685081481933594e+00
5.460000000000000000e+02 1.513043642044067383e+00
5.480000000000000000e+02 1.513439893722534180e+00
5.500000000000000000e+02 1.521347761154174805e+00
5.520000000000000000e+02 1.517497062683105469e+00
5.540000000000000000e+02 1.510761618614196777e+00
5.560000000000000000e+02 1.512414932250976562e+00
5.580000000000000000e+02 1.515817165374755859e+00
5.600000000000000000e+02 1.511389613151550293e+00
5.620000000000000000e+02 1.512217164039611816e+00
5.640000000000000000e+02 1.514727354049682617e+00
5.660000000000000000e+02 1.516211628913879395e+00
5.680000000000000000e+02 1.514627933502197266e+00
5.700000000000000000e+02 1.518583178520202637e+00
5.720000000000000000e+02 1.508044481277465820e+00
5.740000000000000000e+02 1.508940100669860840e+00
5.760000000000000000e+02 1.520130872726440430e+00
5.780000000000000000e+02 1.514661550521850586e+00
5.800000000000000000e+02 1.508476018905639648e+00
5.820000000000000000e+02 1.519670128822326660e+00
5.840000000000000000e+02 1.509038448333740234e+00
5.860000000000000000e+02 1.516409873962402344e+00
5.880000000000000000e+02 1.510298609733581543e+00
5.900000000000000000e+02 1.515032172203063965e+00
5.920000000000000000e+02 1.519934773445129395e+00
5.940000000000000000e+02 1.506852507591247559e+00
5.960000000000000000e+02 1.508840441703796387e+00
5.980000000000000000e+02 1.513209939002990723e+00
6.000000000000000000e+02 1.512516379356384277e+00
6.020000000000000000e+02 1.518584132194519043e+00
6.040000000000000000e+02 1.520133137702941895e+00
6.060000000000000000e+02 1.507781028747558594e+00
6.080000000000000000e+02 1.512811422348022461e+00
6.100000000000000000e+02 1.520624637603759766e+00
6.120000000000000000e+02 1.520988464355468750e+00
6.140000000000000000e+02 1.508973836898803711e+00
6.160000000000000000e+02 1.514893531799316406e+00
6.180000000000000000e+02 1.512118339538574219e+00
6.200000000000000000e+02 1.515123486518859863e+00
6.220000000000000000e+02 1.512810230255126953e+00
6.240000000000000000e+02 1.516376852989196777e+00
6.260000000000000000e+02 1.514662027359008789e+00
6.280000000000000000e+02 1.513770461082458496e+00
6.300000000000000000e+02 1.506586313247680664e+00
6.320000000000000000e+02 1.513042449951171875e+00
6.340000000000000000e+02 1.514794945716857910e+00
6.360000000000000000e+02 1.515322327613830566e+00
6.380000000000000000e+02 1.507348299026489258e+00
6.400000000000000000e+02 1.520854473114013672e+00
6.420000000000000000e+02 1.516609072685241699e+00
6.440000000000000000e+02 1.509072661399841309e+00
6.460000000000000000e+02 1.512645602226257324e+00
6.480000000000000000e+02 1.521215796470642090e+00
6.500000000000000000e+02 1.512117028236389160e+00
6.520000000000000000e+02 1.513241171836853027e+00
6.540000000000000000e+02 1.515882730484008789e+00
6.560000000000000000e+02 1.518190026283264160e+00
6.580000000000000000e+02 1.513737916946411133e+00
6.600000000000000000e+02 1.513969182968139648e+00
6.620000000000000000e+02 1.515057086944580078e+00
6.640000000000000000e+02 1.516508936882019043e+00
6.660000000000000000e+02 1.517398834228515625e+00
6.680000000000000000e+02 1.519375085830688477e+00
6.700000000000000000e+02 1.512945175170898438e+00
6.720000000000000000e+02 1.512447953224182129e+00
6.740000000000000000e+02 1.509369730949401855e+00
6.760000000000000000e+02 1.505887746810913086e+00
6.780000000000000000e+02 1.518353462219238281e+00
6.800000000000000000e+02 1.521216869354248047e+00
6.820000000000000000e+02 1.509570002555847168e+00
6.840000000000000000e+02 1.516344666481018066e+00
6.860000000000000000e+02 1.510960102081298828e+00
6.880000000000000000e+02 1.514032959938049316e+00
6.900000000000000000e+02 1.511190295219421387e+00
6.920000000000000000e+02 1.513504266738891602e+00
6.940000000000000000e+02 1.518289685249328613e+00
6.960000000000000000e+02 1.509073495864868164e+00
6.980000000000000000e+02 1.512117743492126465e+00
7.000000000000000000e+02 1.512546896934509277e+00
7.020000000000000000e+02 1.513208746910095215e+00
7.040000000000000000e+02 1.519934773445129395e+00
7.060000000000000000e+02 1.516244769096374512e+00
7.080000000000000000e+02 1.515948891639709473e+00
7.100000000000000000e+02 1.514562368392944336e+00
7.120000000000000000e+02 1.514760971069335938e+00
7.140000000000000000e+02 1.515320658683776855e+00
7.160000000000000000e+02 1.513736248016357422e+00
7.180000000000000000e+02 1.512117981910705566e+00
7.200000000000000000e+02 1.516575813293457031e+00
7.220000000000000000e+02 1.514133334159851074e+00
7.240000000000000000e+02 1.516739368438720703e+00
7.260000000000000000e+02 1.519671320915222168e+00
7.280000000000000000e+02 1.512019276618957520e+00
7.300000000000000000e+02 1.521380066871643066e+00
7.320000000000000000e+02 1.517400026321411133e+00
7.340000000000000000e+02 1.517892599105834961e+00
7.360000000000000000e+02 1.512944579124450684e+00
7.380000000000000000e+02 1.515410065650939941e+00
7.400000000000000000e+02 1.511590719223022461e+00
7.420000000000000000e+02 1.512250661849975586e+00
7.440000000000000000e+02 1.515980839729309082e+00
7.460000000000000000e+02 1.514925956726074219e+00
7.480000000000000000e+02 1.520394325256347656e+00
7.500000000000000000e+02 1.507745862007141113e+00
7.520000000000000000e+02 1.505257248878479004e+00
7.540000000000000000e+02 1.511720538139343262e+00
7.560000000000000000e+02 1.518615722656250000e+00
7.580000000000000000e+02 1.513467073440551758e+00
7.600000000000000000e+02 1.514000058174133301e+00
7.620000000000000000e+02 1.515156984329223633e+00
7.640000000000000000e+02 1.512913227081298828e+00
7.660000000000000000e+02 1.504298448562622070e+00
7.680000000000000000e+02 1.506846547126770020e+00
7.700000000000000000e+02 1.508773565292358398e+00
7.720000000000000000e+02 1.513770580291748047e+00
7.740000000000000000e+02 1.520429134368896484e+00
7.760000000000000000e+02 1.514893293380737305e+00
7.780000000000000000e+02 1.514793753623962402e+00
7.800000000000000000e+02 1.512249469757080078e+00
7.820000000000000000e+02 1.511985778808593750e+00
7.840000000000000000e+02 1.510330796241760254e+00
7.860000000000000000e+02 1.512984991073608398e+00
7.880000000000000000e+02 1.517623305320739746e+00
7.900000000000000000e+02 1.513802051544189453e+00
7.920000000000000000e+02 1.511829972267150879e+00
7.940000000000000000e+02 1.509420394897460938e+00
7.960000000000000000e+02 1.519834756851196289e+00
7.980000000000000000e+02 1.518748998641967773e+00
8.000000000000000000e+02 1.515816211700439453e+00
8.020000000000000000e+02 1.521092891693115234e+00
8.040000000000000000e+02 1.515090346336364746e+00
8.060000000000000000e+02 1.512416839599609375e+00
8.080000000000000000e+02 1.509060263633728027e+00
8.100000000000000000e+02 1.516872286796569824e+00
8.120000000000000000e+02 1.515058875083923340e+00
8.140000000000000000e+02 1.512247800827026367e+00
8.160000000000000000e+02 1.514001965522766113e+00
8.180000000000000000e+02 1.510165929794311523e+00
8.200000000000000000e+02 1.510527729988098145e+00
8.220000000000000000e+02 1.516377091407775879e+00
8.240000000000000000e+02 1.517728328704833984e+00
8.260000000000000000e+02 1.519836068153381348e+00
8.280000000000000000e+02 1.511654973030090332e+00
8.300000000000000000e+02 1.515848994255065918e+00
8.320000000000000000e+02 1.515289664268493652e+00
8.340000000000000000e+02 1.520559191703796387e+00
8.360000000000000000e+02 1.509734869003295898e+00
8.380000000000000000e+02 1.517300963401794434e+00
8.400000000000000000e+02 1.510664224624633789e+00
8.420000000000000000e+02 1.510496258735656738e+00
8.440000000000000000e+02 1.517958998680114746e+00
8.460000000000000000e+02 1.512679576873779297e+00
8.480000000000000000e+02 1.514132738113403320e+00
8.500000000000000000e+02 1.509900689125061035e+00
8.520000000000000000e+02 1.517104864120483398e+00
8.540000000000000000e+02 1.508890986442565918e+00
8.560000000000000000e+02 1.523975133895874023e+00
8.580000000000000000e+02 1.513967990875244141e+00
8.600000000000000000e+02 1.507481336593627930e+00
8.620000000000000000e+02 1.512811660766601562e+00
8.640000000000000000e+02 1.508112311363220215e+00
8.660000000000000000e+02 1.523284435272216797e+00
8.680000000000000000e+02 1.517266511917114258e+00
8.700000000000000000e+02 1.511622428894042969e+00
8.720000000000000000e+02 1.510761618614196777e+00
8.740000000000000000e+02 1.518485784530639648e+00
8.760000000000000000e+02 1.514759302139282227e+00
8.780000000000000000e+02 1.517530560493469238e+00
8.800000000000000000e+02 1.514793753623962402e+00
8.820000000000000000e+02 1.514497280120849609e+00
8.840000000000000000e+02 1.513506650924682617e+00
8.860000000000000000e+02 1.511654973030090332e+00
8.880000000000000000e+02 1.520985960960388184e+00
8.900000000000000000e+02 1.516213417053222656e+00
8.920000000000000000e+02 1.512746095657348633e+00
8.940000000000000000e+02 1.518353939056396484e+00
8.960000000000000000e+02 1.507382988929748535e+00
8.980000000000000000e+02 1.504294276237487793e+00
9.000000000000000000e+02 1.511853098869323730e+00
9.020000000000000000e+02 1.517135381698608398e+00
9.040000000000000000e+02 1.512117862701416016e+00
9.060000000000000000e+02 1.516081571578979492e+00
9.080000000000000000e+02 1.513836622238159180e+00
9.100000000000000000e+02 1.514892697334289551e+00
9.120000000000000000e+02 1.508177042007446289e+00
9.140000000000000000e+02 1.510827302932739258e+00
9.160000000000000000e+02 1.520164847373962402e+00
9.180000000000000000e+02 1.518025517463684082e+00
9.200000000000000000e+02 1.517662048339843750e+00
9.220000000000000000e+02 1.517959356307983398e+00
9.240000000000000000e+02 1.508973360061645508e+00
9.260000000000000000e+02 1.515091061592102051e+00
9.280000000000000000e+02 1.514991760253906250e+00
9.300000000000000000e+02 1.516278266906738281e+00
9.320000000000000000e+02 1.515190243721008301e+00
9.340000000000000000e+02 1.520953774452209473e+00
9.360000000000000000e+02 1.515717625617980957e+00
9.380000000000000000e+02 1.511720657348632812e+00
9.400000000000000000e+02 1.518189549446105957e+00
9.420000000000000000e+02 1.507647037506103516e+00
9.440000000000000000e+02 1.515585064888000488e+00
9.460000000000000000e+02 1.510563969612121582e+00
9.480000000000000000e+02 1.518419742584228516e+00
9.500000000000000000e+02 1.508807897567749023e+00
9.520000000000000000e+02 1.513505339622497559e+00
9.540000000000000000e+02 1.514893054962158203e+00
9.560000000000000000e+02 1.512151598930358887e+00
9.580000000000000000e+02 1.507579445838928223e+00
9.600000000000000000e+02 1.517564177513122559e+00
9.620000000000000000e+02 1.515947461128234863e+00
9.640000000000000000e+02 1.514135122299194336e+00
9.660000000000000000e+02 1.511986017227172852e+00
9.680000000000000000e+02 1.515123367309570312e+00
9.700000000000000000e+02 1.514232158660888672e+00
9.720000000000000000e+02 1.517432093620300293e+00
9.740000000000000000e+02 1.515685319900512695e+00
9.760000000000000000e+02 1.512416481971740723e+00
9.780000000000000000e+02 1.516607642173767090e+00
9.800000000000000000e+02 1.512151002883911133e+00
9.820000000000000000e+02 1.510331273078918457e+00
9.840000000000000000e+02 1.516609072685241699e+00
9.860000000000000000e+02 1.518024921417236328e+00
9.880000000000000000e+02 1.512283921241760254e+00
9.900000000000000000e+02 1.507414698600769043e+00
9.920000000000000000e+02 1.516378998756408691e+00
9.940000000000000000e+02 1.515452146530151367e+00
9.960000000000000000e+02 1.516311287879943848e+00
9.980000000000000000e+02 1.518057465553283691e+00
1.000000000000000000e+03 1.517892479896545410e+00
1.002000000000000000e+03 1.509836196899414062e+00
1.004000000000000000e+03 1.512648701667785645e+00
1.006000000000000000e+03 1.514760971069335938e+00
1.008000000000000000e+03 1.520821213722229004e+00
1.010000000000000000e+03 1.513735175132751465e+00
1.012000000000000000e+03 1.519374608993530273e+00
1.014000000000000000e+03 1.513868570327758789e+00
1.016000000000000000e+03 1.521511912345886230e+00
1.018000000000000000e+03 1.510852932929992676e+00
1.020000000000000000e+03 1.521904945373535156e+00
1.022000000000000000e+03 1.511887431144714355e+00
1.024000000000000000e+03 1.508774161338806152e+00
1.026000000000000000e+03 1.514893054962158203e+00
1.028000000000000000e+03 1.503792405128479004e+00
1.030000000000000000e+03 1.516112923622131348e+00
1.032000000000000000e+03 1.515588641166687012e+00
1.034000000000000000e+03 1.520655632019042969e+00
1.036000000000000000e+03 1.512325406074523926e+00
1.038000000000000000e+03 1.506055355072021484e+00
1.040000000000000000e+03 1.511758446693420410e+00
1.042000000000000000e+03 1.521052598953247070e+00
1.044000000000000000e+03 1.518518686294555664e+00
1.046000000000000000e+03 1.514794468879699707e+00
1.048000000000000000e+03 1.513802886009216309e+00
1.050000000000000000e+03 1.514397978782653809e+00
1.052000000000000000e+03 1.510662436485290527e+00
1.054000000000000000e+03 1.511621236801147461e+00
1.056000000000000000e+03 1.509536981582641602e+00
1.058000000000000000e+03 1.516214013099670410e+00
1.060000000000000000e+03 1.515948534011840820e+00
1.062000000000000000e+03 1.515628099441528320e+00
1.064000000000000000e+03 1.516344308853149414e+00
1.066000000000000000e+03 1.510131359100341797e+00
1.068000000000000000e+03 1.506255269050598145e+00
1.070000000000000000e+03 1.515584707260131836e+00
1.072000000000000000e+03 1.514891147613525391e+00
1.074000000000000000e+03 1.514301896095275879e+00
1.076000000000000000e+03 1.510294556617736816e+00
1.078000000000000000e+03 1.517991900444030762e+00
1.080000000000000000e+03 1.509369611740112305e+00
1.082000000000000000e+03 1.509467720985412598e+00
1.084000000000000000e+03 1.517740130424499512e+00
1.086000000000000000e+03 1.509204387664794922e+00
1.088000000000000000e+03 1.516102552413940430e+00
1.090000000000000000e+03 1.512943625450134277e+00
1.092000000000000000e+03 1.509602427482604980e+00
1.094000000000000000e+03 1.519111275672912598e+00
1.096000000000000000e+03 1.512978196144104004e+00
1.098000000000000000e+03 1.512744665145874023e+00
1.100000000000000000e+03 1.510695576667785645e+00
1.102000000000000000e+03 1.520197153091430664e+00
1.104000000000000000e+03 1.507117033004760742e+00
1.106000000000000000e+03 1.516606807708740234e+00
1.108000000000000000e+03 1.511489629745483398e+00
1.110000000000000000e+03 1.519243478775024414e+00
1.112000000000000000e+03 1.513605833053588867e+00
1.114000000000000000e+03 1.512547016143798828e+00
1.116000000000000000e+03 1.508709192276000977e+00
1.118000000000000000e+03 1.522990703582763672e+00
1.120000000000000000e+03 1.512878775596618652e+00
1.122000000000000000e+03 1.516178131103515625e+00
1.124000000000000000e+03 1.511224031448364258e+00
1.126000000000000000e+03 1.513308167457580566e+00
1.128000000000000000e+03 1.502997040748596191e+00
1.130000000000000000e+03 1.512151002883911133e+00
1.132000000000000000e+03 1.518255352973937988e+00
1.134000000000000000e+03 1.510959982872009277e+00
1.136000000000000000e+03 1.512216448783874512e+00
1.138000000000000000e+03 1.512447953224182129e+00
1.140000000000000000e+03 1.512447714805603027e+00
1.142000000000000000e+03 1.515553474426269531e+00
1.144000000000000000e+03 1.513044357299804688e+00
1.146000000000000000e+03 1.507416248321533203e+00
1.148000000000000000e+03 1.518221974372863770e+00
1.150000000000000000e+03 1.511820197105407715e+00
1.152000000000000000e+03 1.512150764465332031e+00
1.154000000000000000e+03 1.519934535026550293e+00
1.156000000000000000e+03 1.513604402542114258e+00
1.158000000000000000e+03 1.514234900474548340e+00
1.160000000000000000e+03 1.517267704010009766e+00
1.162000000000000000e+03 1.514397501945495605e+00
1.164000000000000000e+03 1.513869524002075195e+00
1.166000000000000000e+03 1.518058061599731445e+00
1.168000000000000000e+03 1.511721730232238770e+00
1.170000000000000000e+03 1.517563462257385254e+00
1.172000000000000000e+03 1.517265796661376953e+00
1.174000000000000000e+03 1.519212365150451660e+00
1.176000000000000000e+03 1.512516617774963379e+00
1.178000000000000000e+03 1.514628410339355469e+00
1.180000000000000000e+03 1.517959713935852051e+00
1.182000000000000000e+03 1.511919498443603516e+00
1.184000000000000000e+03 1.507050275802612305e+00
1.186000000000000000e+03 1.509801745414733887e+00
1.188000000000000000e+03 1.519636273384094238e+00
1.190000000000000000e+03 1.510757207870483398e+00
1.192000000000000000e+03 1.516344428062438965e+00
1.194000000000000000e+03 1.522564888000488281e+00
1.196000000000000000e+03 1.514100193977355957e+00
1.198000000000000000e+03 1.516081571578979492e+00
1.200000000000000000e+03 1.508840918540954590e+00
1.202000000000000000e+03 1.505655646324157715e+00
1.204000000000000000e+03 1.516078591346740723e+00
1.206000000000000000e+03 1.513405561447143555e+00
1.208000000000000000e+03 1.521347761154174805e+00
1.210000000000000000e+03 1.511059045791625977e+00
1.212000000000000000e+03 1.518881320953369141e+00
1.214000000000000000e+03 1.513603806495666504e+00
1.216000000000000000e+03 1.517497420310974121e+00
1.218000000000000000e+03 1.511490106582641602e+00
1.220000000000000000e+03 1.507116913795471191e+00
1.222000000000000000e+03 1.518223524093627930e+00
1.224000000000000000e+03 1.524107813835144043e+00
1.226000000000000000e+03 1.517959475517272949e+00
1.228000000000000000e+03 1.511192560195922852e+00
1.230000000000000000e+03 1.515816807746887207e+00
1.232000000000000000e+03 1.522136449813842773e+00
1.234000000000000000e+03 1.512910008430480957e+00
1.236000000000000000e+03 1.516871213912963867e+00
1.238000000000000000e+03 1.507746696472167969e+00
1.240000000000000000e+03 1.514100432395935059e+00
1.242000000000000000e+03 1.515387654304504395e+00
1.244000000000000000e+03 1.513604879379272461e+00
1.246000000000000000e+03 1.517201662063598633e+00
1.248000000000000000e+03 1.508707404136657715e+00
1.250000000000000000e+03 1.520429015159606934e+00
1.252000000000000000e+03 1.510132670402526855e+00
1.254000000000000000e+03 1.518156290054321289e+00
1.256000000000000000e+03 1.515388131141662598e+00
1.258000000000000000e+03 1.511919498443603516e+00
1.260000000000000000e+03 1.515422463417053223e+00
1.262000000000000000e+03 1.513571977615356445e+00
1.264000000000000000e+03 1.518024921417236328e+00
1.266000000000000000e+03 1.508840799331665039e+00
1.268000000000000000e+03 1.514495015144348145e+00
1.270000000000000000e+03 1.516212821006774902e+00
1.272000000000000000e+03 1.518353462219238281e+00
1.274000000000000000e+03 1.513506650924682617e+00
1.276000000000000000e+03 1.511953115463256836e+00
1.278000000000000000e+03 1.515023708343505859e+00
1.280000000000000000e+03 1.513306856155395508e+00
1.282000000000000000e+03 1.514793157577514648e+00
1.284000000000000000e+03 1.517430305480957031e+00
1.286000000000000000e+03 1.515190124511718750e+00
1.288000000000000000e+03 1.509470462799072266e+00
1.290000000000000000e+03 1.507645249366760254e+00
1.292000000000000000e+03 1.513573169708251953e+00
1.294000000000000000e+03 1.513305664062500000e+00
1.296000000000000000e+03 1.515846848487854004e+00
1.298000000000000000e+03 1.522432565689086914e+00
1.300000000000000000e+03 1.516443848609924316e+00
1.302000000000000000e+03 1.518058419227600098e+00
1.304000000000000000e+03 1.517663002014160156e+00
1.306000000000000000e+03 1.522396206855773926e+00
1.308000000000000000e+03 1.513735771179199219e+00
1.310000000000000000e+03 1.512911081314086914e+00
1.312000000000000000e+03 1.512678861618041992e+00
1.314000000000000000e+03 1.516244530677795410e+00
1.316000000000000000e+03 1.518517613410949707e+00
1.318000000000000000e+03 1.511821269989013672e+00
1.320000000000000000e+03 1.513471841812133789e+00
1.322000000000000000e+03 1.514299035072326660e+00
1.324000000000000000e+03 1.515386939048767090e+00
1.326000000000000000e+03 1.509800076484680176e+00
1.328000000000000000e+03 1.518518447875976562e+00
1.330000000000000000e+03 1.524891495704650879e+00
1.332000000000000000e+03 1.518748283386230469e+00
1.334000000000000000e+03 1.515618801116943359e+00
1.336000000000000000e+03 1.507482886314392090e+00
1.338000000000000000e+03 1.511093616485595703e+00
1.340000000000000000e+03 1.515388727188110352e+00
1.342000000000000000e+03 1.506949186325073242e+00
1.344000000000000000e+03 1.516608595848083496e+00
1.346000000000000000e+03 1.513175010681152344e+00
1.348000000000000000e+03 1.517564415931701660e+00
1.350000000000000000e+03 1.508311152458190918e+00
1.352000000000000000e+03 1.507645964622497559e+00
1.354000000000000000e+03 1.518512010574340820e+00
1.356000000000000000e+03 1.515685319900512695e+00
1.358000000000000000e+03 1.511059403419494629e+00
1.360000000000000000e+03 1.514925837516784668e+00
1.362000000000000000e+03 1.507595777511596680e+00
1.364000000000000000e+03 1.515320181846618652e+00
1.366000000000000000e+03 1.513967514038085938e+00
1.368000000000000000e+03 1.523286223411560059e+00
1.370000000000000000e+03 1.507248282432556152e+00
1.372000000000000000e+03 1.515683889389038086e+00
1.374000000000000000e+03 1.517992854118347168e+00
1.376000000000000000e+03 1.512019515037536621e+00
1.378000000000000000e+03 1.508310914039611816e+00
1.380000000000000000e+03 1.518187880516052246e+00
1.382000000000000000e+03 1.525155425071716309e+00
1.384000000000000000e+03 1.516773223876953125e+00
1.386000000000000000e+03 1.517398834228515625e+00
1.388000000000000000e+03 1.517794728279113770e+00
1.390000000000000000e+03 1.510662436485290527e+00
1.392000000000000000e+03 1.521216869354248047e+00
1.394000000000000000e+03 1.518235802650451660e+00
1.396000000000000000e+03 1.516444087028503418e+00
1.398000000000000000e+03 1.518709301948547363e+00
1.400000000000000000e+03 1.521349191665649414e+00
1.402000000000000000e+03 1.508540153503417969e+00
1.404000000000000000e+03 1.520090222358703613e+00
1.406000000000000000e+03 1.515568733215332031e+00
1.408000000000000000e+03 1.518353700637817383e+00
1.410000000000000000e+03 1.515816688537597656e+00
1.412000000000000000e+03 1.511181592941284180e+00
1.414000000000000000e+03 1.517178058624267578e+00
1.416000000000000000e+03 1.518553495407104492e+00
1.418000000000000000e+03 1.520822525024414062e+00
1.420000000000000000e+03 1.509005784988403320e+00
1.422000000000000000e+03 1.510298371315002441e+00
1.424000000000000000e+03 1.521511793136596680e+00
1.426000000000000000e+03 1.519771575927734375e+00
1.428000000000000000e+03 1.512117505073547363e+00
1.430000000000000000e+03 1.520130753517150879e+00
1.432000000000000000e+03 1.509048700332641602e+00
1.434000000000000000e+03 1.515981912612915039e+00
1.436000000000000000e+03 1.505494713783264160e+00
1.438000000000000000e+03 1.509156703948974609e+00
1.440000000000000000e+03 1.512598276138305664e+00
1.442000000000000000e+03 1.512746810913085938e+00
1.444000000000000000e+03 1.511654615402221680e+00
1.446000000000000000e+03 1.519534468650817871e+00
1.448000000000000000e+03 1.519144535064697266e+00
1.450000000000000000e+03 1.516607642173767090e+00
1.452000000000000000e+03 1.514528751373291016e+00
1.454000000000000000e+03 1.514298915863037109e+00
1.456000000000000000e+03 1.506087899208068848e+00
1.458000000000000000e+03 1.515288591384887695e+00
1.460000000000000000e+03 1.514143347740173340e+00
1.462000000000000000e+03 1.515799760818481445e+00
1.464000000000000000e+03 1.513715386390686035e+00
1.466000000000000000e+03 1.509106040000915527e+00
1.468000000000000000e+03 1.512151122093200684e+00
1.470000000000000000e+03 1.521512389183044434e+00
1.472000000000000000e+03 1.517464876174926758e+00
1.474000000000000000e+03 1.510529637336730957e+00
1.476000000000000000e+03 1.513208150863647461e+00
1.478000000000000000e+03 1.510827779769897461e+00
1.480000000000000000e+03 1.522989749908447266e+00
1.482000000000000000e+03 1.506054520606994629e+00
1.484000000000000000e+03 1.508730769157409668e+00
1.486000000000000000e+03 1.514068007469177246e+00
1.488000000000000000e+03 1.523614764213562012e+00
1.490000000000000000e+03 1.515584826469421387e+00
1.492000000000000000e+03 1.513771176338195801e+00
1.494000000000000000e+03 1.510959506034851074e+00
1.496000000000000000e+03 1.513868093490600586e+00
1.498000000000000000e+03 1.516047596931457520e+00
1.500000000000000000e+03 1.519044280052185059e+00
1.502000000000000000e+03 1.509172081947326660e+00
1.504000000000000000e+03 1.511323571205139160e+00
1.506000000000000000e+03 1.513572335243225098e+00
1.508000000000000000e+03 1.510032773017883301e+00
1.510000000000000000e+03 1.508839011192321777e+00
1.512000000000000000e+03 1.513869047164916992e+00
1.514000000000000000e+03 1.514364242553710938e+00
1.516000000000000000e+03 1.514232397079467773e+00
1.518000000000000000e+03 1.515288114547729492e+00
1.520000000000000000e+03 1.516576766967773438e+00
1.522000000000000000e+03 1.515882849693298340e+00
1.524000000000000000e+03 1.513440251350402832e+00
1.526000000000000000e+03 1.510431051254272461e+00
1.528000000000000000e+03 1.512678861618041992e+00
1.530000000000000000e+03 1.515619635581970215e+00
1.532000000000000000e+03 1.514827609062194824e+00
1.534000000000000000e+03 1.515619516372680664e+00
1.536000000000000000e+03 1.516112923622131348e+00
1.538000000000000000e+03 1.513573646545410156e+00
1.540000000000000000e+03 1.515815496444702148e+00
1.542000000000000000e+03 1.510164022445678711e+00
1.544000000000000000e+03 1.507946848869323730e+00
1.546000000000000000e+03 1.513074994087219238e+00
1.548000000000000000e+03 1.518222689628601074e+00
1.550000000000000000e+03 1.514495849609375000e+00
1.552000000000000000e+03 1.520331263542175293e+00
1.554000000000000000e+03 1.514827728271484375e+00
1.556000000000000000e+03 1.520065307617187500e+00
1.558000000000000000e+03 1.508011102676391602e+00
1.560000000000000000e+03 1.521346807479858398e+00
1.562000000000000000e+03 1.514397859573364258e+00
1.564000000000000000e+03 1.522005438804626465e+00
1.566000000000000000e+03 1.520196318626403809e+00
1.568000000000000000e+03 1.521380305290222168e+00
1.570000000000000000e+03 1.519505262374877930e+00
1.572000000000000000e+03 1.506020903587341309e+00
1.574000000000000000e+03 1.519375562667846680e+00
1.576000000000000000e+03 1.510496735572814941e+00
1.578000000000000000e+03 1.514860391616821289e+00
1.580000000000000000e+03 1.521151065826416016e+00
1.582000000000000000e+03 1.504693508148193359e+00
1.584000000000000000e+03 1.512678980827331543e+00
1.586000000000000000e+03 1.510231971740722656e+00
1.588000000000000000e+03 1.507514595985412598e+00
1.590000000000000000e+03 1.514926791191101074e+00
1.592000000000000000e+03 1.522696018218994141e+00
1.594000000000000000e+03 1.511819839477539062e+00
1.596000000000000000e+03 1.505356788635253906e+00
1.598000000000000000e+03 1.517202973365783691e+00
1.600000000000000000e+03 1.507117152214050293e+00
1.602000000000000000e+03 1.515553236007690430e+00
1.604000000000000000e+03 1.511355638504028320e+00
1.606000000000000000e+03 1.515981435775756836e+00
1.608000000000000000e+03 1.513804078102111816e+00
1.610000000000000000e+03 1.510662436485290527e+00
1.612000000000000000e+03 1.516873359680175781e+00
1.614000000000000000e+03 1.506886601448059082e+00
1.616000000000000000e+03 1.520722270011901855e+00
1.618000000000000000e+03 1.506088137626647949e+00
1.620000000000000000e+03 1.514663696289062500e+00
1.622000000000000000e+03 1.518748760223388672e+00
1.624000000000000000e+03 1.514001369476318359e+00
1.626000000000000000e+03 1.522202849388122559e+00
1.628000000000000000e+03 1.513210654258728027e+00
1.630000000000000000e+03 1.507615447044372559e+00
1.632000000000000000e+03 1.505823493003845215e+00
1.634000000000000000e+03 1.512945055961608887e+00
1.636000000000000000e+03 1.511587738990783691e+00
1.638000000000000000e+03 1.515191674232482910e+00
1.640000000000000000e+03 1.510068416595458984e+00
1.642000000000000000e+03 1.508044838905334473e+00
1.644000000000000000e+03 1.517959356307983398e+00
1.646000000000000000e+03 1.508045196533203125e+00
1.648000000000000000e+03 1.512415766716003418e+00
1.650000000000000000e+03 1.506254792213439941e+00
1.652000000000000000e+03 1.514100670814514160e+00
1.654000000000000000e+03 1.512249827384948730e+00
1.656000000000000000e+03 1.516333699226379395e+00
1.658000000000000000e+03 1.515354990959167480e+00
1.660000000000000000e+03 1.520131468772888184e+00
1.662000000000000000e+03 1.513405203819274902e+00
1.664000000000000000e+03 1.516079783439636230e+00
1.666000000000000000e+03 1.519736409187316895e+00
1.668000000000000000e+03 1.521216273307800293e+00
1.670000000000000000e+03 1.515269398689270020e+00
1.672000000000000000e+03 1.511323332786560059e+00
1.674000000000000000e+03 1.512348890304565430e+00
1.676000000000000000e+03 1.510692834854125977e+00
1.678000000000000000e+03 1.510398626327514648e+00
1.680000000000000000e+03 1.515289306640625000e+00
1.682000000000000000e+03 1.509338617324829102e+00
1.684000000000000000e+03 1.513439774513244629e+00
1.686000000000000000e+03 1.518288373947143555e+00
1.688000000000000000e+03 1.511655449867248535e+00
1.690000000000000000e+03 1.513307809829711914e+00
1.692000000000000000e+03 1.514134764671325684e+00
1.694000000000000000e+03 1.512977123260498047e+00
1.696000000000000000e+03 1.517168760299682617e+00
1.698000000000000000e+03 1.512252330780029297e+00
1.700000000000000000e+03 1.512942433357238770e+00
1.702000000000000000e+03 1.514627933502197266e+00
1.704000000000000000e+03 1.514398455619812012e+00
1.706000000000000000e+03 1.507248401641845703e+00
1.708000000000000000e+03 1.510826468467712402e+00
1.710000000000000000e+03 1.516609072685241699e+00
1.712000000000000000e+03 1.511060118675231934e+00
1.714000000000000000e+03 1.508939981460571289e+00
1.716000000000000000e+03 1.514629125595092773e+00
1.718000000000000000e+03 1.504825592041015625e+00
1.720000000000000000e+03 1.514298677444458008e+00
1.722000000000000000e+03 1.519113302230834961e+00
1.724000000000000000e+03 1.518355607986450195e+00
1.726000000000000000e+03 1.511952757835388184e+00
1.728000000000000000e+03 1.516113042831420898e+00
1.730000000000000000e+03 1.513835668563842773e+00
1.732000000000000000e+03 1.508111000061035156e+00
1.734000000000000000e+03 1.520821690559387207e+00
1.736000000000000000e+03 1.515419960021972656e+00
1.738000000000000000e+03 1.516341567039489746e+00
1.740000000000000000e+03 1.511224269866943359e+00
1.742000000000000000e+03 1.507051944732666016e+00
1.744000000000000000e+03 1.514056801795959473e+00
1.746000000000000000e+03 1.514826893806457520e+00
1.748000000000000000e+03 1.511059880256652832e+00
1.750000000000000000e+03 1.510326862335205078e+00
1.752000000000000000e+03 1.513507246971130371e+00
1.754000000000000000e+03 1.511588573455810547e+00
1.756000000000000000e+03 1.514398694038391113e+00
1.758000000000000000e+03 1.515716910362243652e+00
1.760000000000000000e+03 1.513424992561340332e+00
1.762000000000000000e+03 1.514630079269409180e+00
1.764000000000000000e+03 1.516601920127868652e+00
1.766000000000000000e+03 1.512612938880920410e+00
1.768000000000000000e+03 1.509511947631835938e+00
1.770000000000000000e+03 1.506950855255126953e+00
1.772000000000000000e+03 1.510596752166748047e+00
1.774000000000000000e+03 1.515320777893066406e+00
1.776000000000000000e+03 1.518485188484191895e+00
1.778000000000000000e+03 1.520822048187255859e+00
1.780000000000000000e+03 1.513076782226562500e+00
1.782000000000000000e+03 1.515620112419128418e+00
1.784000000000000000e+03 1.516311764717102051e+00
1.786000000000000000e+03 1.516507744789123535e+00
1.788000000000000000e+03 1.511158347129821777e+00
1.790000000000000000e+03 1.511952996253967285e+00
1.792000000000000000e+03 1.514628291130065918e+00
1.794000000000000000e+03 1.514530062675476074e+00
1.796000000000000000e+03 1.518750905990600586e+00
1.798000000000000000e+03 1.508741617202758789e+00
1.800000000000000000e+03 1.510827898979187012e+00
1.802000000000000000e+03 1.509536147117614746e+00
1.804000000000000000e+03 1.522037506103515625e+00
1.806000000000000000e+03 1.513834834098815918e+00
1.808000000000000000e+03 1.515850305557250977e+00
1.810000000000000000e+03 1.513605237007141113e+00
1.812000000000000000e+03 1.505322217941284180e+00
1.814000000000000000e+03 1.512414932250976562e+00
1.816000000000000000e+03 1.512707233428955078e+00
1.818000000000000000e+03 1.518221139907836914e+00
1.820000000000000000e+03 1.513503551483154297e+00
1.822000000000000000e+03 1.504858613014221191e+00
1.824000000000000000e+03 1.515566349029541016e+00
1.826000000000000000e+03 1.511821150779724121e+00
1.828000000000000000e+03 1.519572377204895020e+00
1.830000000000000000e+03 1.507149815559387207e+00
1.832000000000000000e+03 1.520395874977111816e+00
1.834000000000000000e+03 1.508973240852355957e+00
1.836000000000000000e+03 1.514758586883544922e+00
1.838000000000000000e+03 1.514397144317626953e+00
1.840000000000000000e+03 1.514363646507263184e+00
1.842000000000000000e+03 1.510429978370666504e+00
1.844000000000000000e+03 1.516673684120178223e+00
1.846000000000000000e+03 1.518222689628601074e+00
1.848000000000000000e+03 1.516080737113952637e+00
1.850000000000000000e+03 1.511224865913391113e+00
1.852000000000000000e+03 1.511620402336120605e+00
1.854000000000000000e+03 1.517794489860534668e+00
1.856000000000000000e+03 1.518685460090637207e+00
1.858000000000000000e+03 1.509070754051208496e+00
1.860000000000000000e+03 1.517136812210083008e+00
1.862000000000000000e+03 1.513995051383972168e+00
1.864000000000000000e+03 1.503861188888549805e+00
1.866000000000000000e+03 1.510396957397460938e+00
1.868000000000000000e+03 1.513935208320617676e+00
1.870000000000000000e+03 1.511753082275390625e+00
1.872000000000000000e+03 1.521149516105651855e+00
1.874000000000000000e+03 1.520823478698730469e+00
1.876000000000000000e+03 1.510926008224487305e+00
1.878000000000000000e+03 1.517167210578918457e+00
1.880000000000000000e+03 1.510860443115234375e+00
1.882000000000000000e+03 1.508378148078918457e+00
1.884000000000000000e+03 1.514002323150634766e+00
1.886000000000000000e+03 1.515288591384887695e+00
1.888000000000000000e+03 1.518057107925415039e+00
1.890000000000000000e+03 1.516113400459289551e+00
1.892000000000000000e+03 1.512805223464965820e+00
1.894000000000000000e+03 1.520228385925292969e+00
1.896000000000000000e+03 1.507779479026794434e+00
1.898000000000000000e+03 1.506618022918701172e+00
1.900000000000000000e+03 1.510926604270935059e+00
1.902000000000000000e+03 1.509073257446289062e+00
1.904000000000000000e+03 1.508575439453125000e+00
1.906000000000000000e+03 1.511001467704772949e+00
1.908000000000000000e+03 1.515453219413757324e+00
1.910000000000000000e+03 1.517266511917114258e+00
1.912000000000000000e+03 1.506419897079467773e+00
1.914000000000000000e+03 1.510298490524291992e+00
1.916000000000000000e+03 1.512812256813049316e+00
1.918000000000000000e+03 1.508575797080993652e+00
1.920000000000000000e+03 1.513836979866027832e+00
1.922000000000000000e+03 1.520887851715087891e+00
1.924000000000000000e+03 1.508973598480224609e+00
1.926000000000000000e+03 1.520295858383178711e+00
1.928000000000000000e+03 1.513275146484375000e+00
1.930000000000000000e+03 1.512944221496582031e+00
1.932000000000000000e+03 1.509735822677612305e+00
1.934000000000000000e+03 1.517135500907897949e+00
1.936000000000000000e+03 1.515190005302429199e+00
1.938000000000000000e+03 1.513309359550476074e+00
1.940000000000000000e+03 1.514793992042541504e+00
1.942000000000000000e+03 1.521578073501586914e+00
1.944000000000000000e+03 1.514233350753784180e+00
1.946000000000000000e+03 1.508938431739807129e+00
1.948000000000000000e+03 1.511358737945556641e+00
1.950000000000000000e+03 1.515123963356018066e+00
1.952000000000000000e+03 1.514099717140197754e+00
1.954000000000000000e+03 1.507415294647216797e+00
1.956000000000000000e+03 1.509437561035156250e+00
1.958000000000000000e+03 1.509470582008361816e+00
1.960000000000000000e+03 1.510298371315002441e+00
1.962000000000000000e+03 1.519525408744812012e+00
1.964000000000000000e+03 1.516409754753112793e+00
1.966000000000000000e+03 1.505131363868713379e+00
1.968000000000000000e+03 1.517268419265747070e+00
1.970000000000000000e+03 1.510299086570739746e+00
1.972000000000000000e+03 1.518293619155883789e+00
1.974000000000000000e+03 1.508707642555236816e+00
1.976000000000000000e+03 1.514366626739501953e+00
1.978000000000000000e+03 1.517199277877807617e+00
1.980000000000000000e+03 1.508775115013122559e+00
1.982000000000000000e+03 1.515288829803466797e+00
1.984000000000000000e+03 1.506917715072631836e+00
1.986000000000000000e+03 1.514711737632751465e+00
1.988000000000000000e+03 1.512813329696655273e+00
1.990000000000000000e+03 1.508161544799804688e+00
1.992000000000000000e+03 1.518890738487243652e+00
1.994000000000000000e+03 1.512974858283996582e+00
1.996000000000000000e+03 1.514262914657592773e+00
1.998000000000000000e+03 1.510165691375732422e+00
2.000000000000000000e+03 1.509335041046142578e+00
2.002000000000000000e+03 1.515026211738586426e+00
2.004000000000000000e+03 1.517612695693969727e+00
2.006000000000000000e+03 1.512448668479919434e+00
2.008000000000000000e+03 1.513605117797851562e+00
2.010000000000000000e+03 1.515836477279663086e+00
2.012000000000000000e+03 1.521370887756347656e+00
2.014000000000000000e+03 1.513604164123535156e+00
2.016000000000000000e+03 1.510128259658813477e+00
2.018000000000000000e+03 1.511126160621643066e+00
2.020000000000000000e+03 1.517925620079040527e+00
2.022000000000000000e+03 1.512282013893127441e+00
2.024000000000000000e+03 1.516904473304748535e+00
2.026000000000000000e+03 1.517661333084106445e+00
2.028000000000000000e+03 1.505257725715637207e+00
2.030000000000000000e+03 1.507347822189331055e+00
2.032000000000000000e+03 1.516376256942749023e+00
2.034000000000000000e+03 1.518584966659545898e+00
2.036000000000000000e+03 1.508045554161071777e+00
2.038000000000000000e+03 1.517135977745056152e+00
2.040000000000000000e+03 1.508442521095275879e+00
2.042000000000000000e+03 1.518846273422241211e+00
2.044000000000000000e+03 1.510926246643066406e+00
2.046000000000000000e+03 1.516442894935607910e+00
2.048000000000000000e+03 1.512415409088134766e+00
2.050000000000000000e+03 1.510101675987243652e+00
2.052000000000000000e+03 1.514727115631103516e+00
2.054000000000000000e+03 1.516842365264892578e+00
2.056000000000000000e+03 1.511119246482849121e+00
2.058000000000000000e+03 1.512261629104614258e+00
2.060000000000000000e+03 1.505787372589111328e+00
2.062000000000000000e+03 1.513338446617126465e+00
2.064000000000000000e+03 1.514233112335205078e+00
2.066000000000000000e+03 1.514133453369140625e+00
2.068000000000000000e+03 1.518551349639892578e+00
2.070000000000000000e+03 1.515684127807617188e+00
2.072000000000000000e+03 1.511057853698730469e+00
2.074000000000000000e+03 1.517564535140991211e+00
2.076000000000000000e+03 1.509501934051513672e+00
2.078000000000000000e+03 1.514497637748718262e+00
2.080000000000000000e+03 1.511092782020568848e+00
2.082000000000000000e+03 1.511060476303100586e+00
2.084000000000000000e+03 1.511489868164062500e+00
2.086000000000000000e+03 1.514793395996093750e+00
2.088000000000000000e+03 1.510825872421264648e+00
2.090000000000000000e+03 1.517170190811157227e+00
2.092000000000000000e+03 1.510429382324218750e+00
2.094000000000000000e+03 1.519144058227539062e+00
2.096000000000000000e+03 1.508675575256347656e+00
2.098000000000000000e+03 1.508178710937500000e+00
2.100000000000000000e+03 1.515519738197326660e+00
2.102000000000000000e+03 1.510630130767822266e+00
2.104000000000000000e+03 1.508443713188171387e+00
2.106000000000000000e+03 1.512250304222106934e+00
2.108000000000000000e+03 1.521380543708801270e+00
2.110000000000000000e+03 1.514993309974670410e+00
2.112000000000000000e+03 1.513737320899963379e+00
2.114000000000000000e+03 1.513572454452514648e+00
2.116000000000000000e+03 1.519375324249267578e+00
2.118000000000000000e+03 1.508476376533508301e+00
2.120000000000000000e+03 1.517398595809936523e+00
2.122000000000000000e+03 1.520528197288513184e+00
2.124000000000000000e+03 1.516478657722473145e+00
2.126000000000000000e+03 1.511621356010437012e+00
2.128000000000000000e+03 1.514397501945495605e+00
2.130000000000000000e+03 1.510232806205749512e+00
2.132000000000000000e+03 1.514034390449523926e+00
2.134000000000000000e+03 1.519374489784240723e+00
2.136000000000000000e+03 1.511754870414733887e+00
2.138000000000000000e+03 1.513738870620727539e+00
2.140000000000000000e+03 1.523155093193054199e+00
2.142000000000000000e+03 1.513603806495666504e+00
2.144000000000000000e+03 1.519244432449340820e+00
2.146000000000000000e+03 1.516080379486083984e+00
2.148000000000000000e+03 1.522038102149963379e+00
2.150000000000000000e+03 1.512184023857116699e+00
2.152000000000000000e+03 1.514200806617736816e+00
2.154000000000000000e+03 1.508443951606750488e+00
2.156000000000000000e+03 1.519408583641052246e+00
2.158000000000000000e+03 1.510164618492126465e+00
2.160000000000000000e+03 1.513508319854736328e+00
2.162000000000000000e+03 1.509604573249816895e+00
2.164000000000000000e+03 1.509900331497192383e+00
2.166000000000000000e+03 1.516245603561401367e+00
2.168000000000000000e+03 1.521479010581970215e+00
2.170000000000000000e+03 1.509871959686279297e+00
2.172000000000000000e+03 1.511886596679687500e+00
2.174000000000000000e+03 1.510164737701416016e+00
2.176000000000000000e+03 1.517826795578002930e+00
2.178000000000000000e+03 1.512679815292358398e+00
2.180000000000000000e+03 1.514892339706420898e+00
2.182000000000000000e+03 1.511985301971435547e+00
2.184000000000000000e+03 1.514628171920776367e+00
2.186000000000000000e+03 1.517037153244018555e+00
2.188000000000000000e+03 1.521480441093444824e+00
2.190000000000000000e+03 1.507115602493286133e+00
2.192000000000000000e+03 1.509603142738342285e+00
2.194000000000000000e+03 1.508885025978088379e+00
2.196000000000000000e+03 1.521743297576904297e+00
2.198000000000000000e+03 1.519374251365661621e+00
2.200000000000000000e+03 1.521347522735595703e+00
2.202000000000000000e+03 1.506353855133056641e+00
2.204000000000000000e+03 1.514629840850830078e+00
2.206000000000000000e+03 1.515716552734375000e+00
2.208000000000000000e+03 1.510397195816040039e+00
2.210000000000000000e+03 1.514793276786804199e+00
2.212000000000000000e+03 1.504161000251770020e+00
2.214000000000000000e+03 1.518057703971862793e+00
2.216000000000000000e+03 1.510959744453430176e+00
2.218000000000000000e+03 1.513275384902954102e+00
2.220000000000000000e+03 1.514100551605224609e+00
2.222000000000000000e+03 1.513241410255432129e+00
2.224000000000000000e+03 1.512282729148864746e+00
2.226000000000000000e+03 1.516694664955139160e+00
2.228000000000000000e+03 1.512918353080749512e+00
2.230000000000000000e+03 1.515189766883850098e+00
2.232000000000000000e+03 1.521742224693298340e+00
2.234000000000000000e+03 1.508839964866638184e+00
2.236000000000000000e+03 1.511090874671936035e+00
2.238000000000000000e+03 1.510264992713928223e+00
2.240000000000000000e+03 1.518748641014099121e+00
2.242000000000000000e+03 1.506982803344726562e+00
2.244000000000000000e+03 1.519146442413330078e+00
2.246000000000000000e+03 1.514561653137207031e+00
2.248000000000000000e+03 1.517795205116271973e+00
2.250000000000000000e+03 1.513306856155395508e+00
2.252000000000000000e+03 1.510165452957153320e+00
2.254000000000000000e+03 1.507348656654357910e+00
2.256000000000000000e+03 1.513075709342956543e+00
2.258000000000000000e+03 1.519111633300781250e+00
2.260000000000000000e+03 1.512746095657348633e+00
2.262000000000000000e+03 1.517662763595581055e+00
2.264000000000000000e+03 1.517300724983215332e+00
2.266000000000000000e+03 1.512445688247680664e+00
2.268000000000000000e+03 1.510959148406982422e+00
2.270000000000000000e+03 1.524367332458496094e+00
2.272000000000000000e+03 1.514628529548645020e+00
2.274000000000000000e+03 1.515816092491149902e+00
2.276000000000000000e+03 1.526334881782531738e+00
2.278000000000000000e+03 1.522170066833496094e+00
2.280000000000000000e+03 1.513706088066101074e+00
2.282000000000000000e+03 1.522006988525390625e+00
2.284000000000000000e+03 1.518847346305847168e+00
2.286000000000000000e+03 1.521216750144958496e+00
2.288000000000000000e+03 1.513835787773132324e+00
2.290000000000000000e+03 1.517400622367858887e+00
2.292000000000000000e+03 1.517893075942993164e+00
2.294000000000000000e+03 1.515717506408691406e+00
2.296000000000000000e+03 1.508142948150634766e+00
2.298000000000000000e+03 1.508740782737731934e+00
2.300000000000000000e+03 1.509105682373046875e+00
2.302000000000000000e+03 1.508044958114624023e+00
2.304000000000000000e+03 1.509635448455810547e+00
2.306000000000000000e+03 1.507747173309326172e+00
2.308000000000000000e+03 1.513505697250366211e+00
2.310000000000000000e+03 1.518749237060546875e+00
2.312000000000000000e+03 1.515717864036560059e+00
2.314000000000000000e+03 1.517322778701782227e+00
2.316000000000000000e+03 1.511963009834289551e+00
2.318000000000000000e+03 1.518848776817321777e+00
2.320000000000000000e+03 1.519046306610107422e+00
2.322000000000000000e+03 1.514299273490905762e+00
2.324000000000000000e+03 1.510033845901489258e+00
2.326000000000000000e+03 1.518189430236816406e+00
2.328000000000000000e+03 1.518454074859619141e+00
2.330000000000000000e+03 1.514662861824035645e+00
2.332000000000000000e+03 1.510298013687133789e+00
2.334000000000000000e+03 1.507646918296813965e+00
2.336000000000000000e+03 1.519144177436828613e+00
2.338000000000000000e+03 1.519804358482360840e+00
2.340000000000000000e+03 1.511754155158996582e+00
2.342000000000000000e+03 1.512574672698974609e+00
2.344000000000000000e+03 1.512910246849060059e+00
2.346000000000000000e+03 1.510666966438293457e+00
2.348000000000000000e+03 1.515684485435485840e+00
2.350000000000000000e+03 1.516081929206848145e+00
2.352000000000000000e+03 1.506651878356933594e+00
2.354000000000000000e+03 1.516377329826354980e+00
2.356000000000000000e+03 1.503928065299987793e+00
2.358000000000000000e+03 1.521315097808837891e+00
2.360000000000000000e+03 1.509072303771972656e+00
2.362000000000000000e+03 1.520328402519226074e+00
2.364000000000000000e+03 1.515419960021972656e+00
2.366000000000000000e+03 1.525844097137451172e+00
2.368000000000000000e+03 1.517136335372924805e+00
2.370000000000000000e+03 1.515104651451110840e+00
2.372000000000000000e+03 1.519508004188537598e+00
2.374000000000000000e+03 1.520165681838989258e+00
2.376000000000000000e+03 1.508011698722839355e+00
2.378000000000000000e+03 1.514893054962158203e+00
2.380000000000000000e+03 1.512810707092285156e+00
2.382000000000000000e+03 1.509272575378417969e+00
2.384000000000000000e+03 1.512646794319152832e+00
2.386000000000000000e+03 1.515321731567382812e+00
2.388000000000000000e+03 1.516738057136535645e+00
2.390000000000000000e+03 1.513340473175048828e+00
2.392000000000000000e+03 1.516872167587280273e+00
2.394000000000000000e+03 1.512447714805603027e+00
2.396000000000000000e+03 1.508410930633544922e+00
2.398000000000000000e+03 1.518321394920349121e+00
2.400000000000000000e+03 1.515091896057128906e+00
2.402000000000000000e+03 1.514525294303894043e+00
2.404000000000000000e+03 1.519340753555297852e+00
2.406000000000000000e+03 1.503460764884948730e+00
2.408000000000000000e+03 1.519768357276916504e+00
2.410000000000000000e+03 1.509984850883483887e+00
2.412000000000000000e+03 1.511619329452514648e+00
2.414000000000000000e+03 1.517502307891845703e+00
2.416000000000000000e+03 1.511820077896118164e+00
2.418000000000000000e+03 1.508940458297729492e+00
2.420000000000000000e+03 1.512646079063415527e+00
2.422000000000000000e+03 1.510133028030395508e+00
2.424000000000000000e+03 1.512810945510864258e+00
2.426000000000000000e+03 1.512416362762451172e+00
2.428000000000000000e+03 1.515058040618896484e+00
2.430000000000000000e+03 1.518057823181152344e+00
2.432000000000000000e+03 1.516410350799560547e+00
2.434000000000000000e+03 1.508707284927368164e+00
2.436000000000000000e+03 1.516289353370666504e+00
2.438000000000000000e+03 1.520066022872924805e+00
2.440000000000000000e+03 1.510033607482910156e+00
2.442000000000000000e+03 1.516443729400634766e+00
2.444000000000000000e+03 1.512813448905944824e+00
2.446000000000000000e+03 1.505391240119934082e+00
2.448000000000000000e+03 1.522825837135314941e+00
2.450000000000000000e+03 1.509733796119689941e+00
2.452000000000000000e+03 1.512183547019958496e+00
2.454000000000000000e+03 1.516442179679870605e+00
2.456000000000000000e+03 1.516114115715026855e+00
2.458000000000000000e+03 1.514925837516784668e+00
2.460000000000000000e+03 1.518586635589599609e+00
2.462000000000000000e+03 1.517216444015502930e+00
2.464000000000000000e+03 1.511721014976501465e+00
2.466000000000000000e+03 1.514462709426879883e+00
2.468000000000000000e+03 1.514300942420959473e+00
2.470000000000000000e+03 1.520423173904418945e+00
2.472000000000000000e+03 1.510262012481689453e+00
2.474000000000000000e+03 1.509635806083679199e+00
2.476000000000000000e+03 1.512015223503112793e+00
2.478000000000000000e+03 1.514299631118774414e+00
2.480000000000000000e+03 1.506329417228698730e+00
2.482000000000000000e+03 1.513440608978271484e+00
2.484000000000000000e+03 1.514990806579589844e+00
2.486000000000000000e+03 1.514399528503417969e+00
2.488000000000000000e+03 1.512250423431396484e+00
2.490000000000000000e+03 1.514563202857971191e+00
2.492000000000000000e+03 1.516081094741821289e+00
2.494000000000000000e+03 1.507746219635009766e+00
2.496000000000000000e+03 1.516346335411071777e+00
2.498000000000000000e+03 1.512217402458190918e+00
2.500000000000000000e+03 1.522366166114807129e+00
2.502000000000000000e+03 1.506585478782653809e+00
2.504000000000000000e+03 1.514298915863037109e+00
2.506000000000000000e+03 1.506853222846984863e+00
2.508000000000000000e+03 1.519374012947082520e+00
2.510000000000000000e+03 1.508046746253967285e+00
2.512000000000000000e+03 1.511126399040222168e+00
2.514000000000000000e+03 1.509238600730895996e+00
2.516000000000000000e+03 1.510132312774658203e+00
2.518000000000000000e+03 1.515420079231262207e+00
2.520000000000000000e+03 1.517399430274963379e+00
2.522000000000000000e+03 1.514331102371215820e+00
2.524000000000000000e+03 1.513506054878234863e+00
2.526000000000000000e+03 1.512250185012817383e+00
2.528000000000000000e+03 1.511621594429016113e+00
2.530000000000000000e+03 1.518156409263610840e+00
2.532000000000000000e+03 1.506320714950561523e+00
2.534000000000000000e+03 1.518552064895629883e+00
2.536000000000000000e+03 1.507251143455505371e+00
2.538000000000000000e+03 1.517565369606018066e+00
2.540000000000000000e+03 1.516146540641784668e+00
2.542000000000000000e+03 1.511323332786560059e+00
2.544000000000000000e+03 1.515156984329223633e+00
2.546000000000000000e+03 1.513702869415283203e+00
2.548000000000000000e+03 1.510033488273620605e+00
2.550000000000000000e+03 1.505889296531677246e+00
2.552000000000000000e+03 1.514099717140197754e+00
2.554000000000000000e+03 1.509371519088745117e+00
2.556000000000000000e+03 1.513407588005065918e+00
2.558000000000000000e+03 1.510133385658264160e+00
2.560000000000000000e+03 1.518847584724426270e+00
2.562000000000000000e+03 1.517235398292541504e+00
2.564000000000000000e+03 1.509206295013427734e+00
2.566000000000000000e+03 1.512811422348022461e+00
2.568000000000000000e+03 1.514297842979431152e+00
2.570000000000000000e+03 1.520031690597534180e+00
2.572000000000000000e+03 1.515387177467346191e+00
2.574000000000000000e+03 1.514266848564147949e+00
2.576000000000000000e+03 1.507779598236083984e+00
2.578000000000000000e+03 1.520197987556457520e+00
2.580000000000000000e+03 1.512284517288208008e+00
2.582000000000000000e+03 1.520690441131591797e+00
2.584000000000000000e+03 1.513010144233703613e+00
2.586000000000000000e+03 1.508708238601684570e+00
2.588000000000000000e+03 1.512812137603759766e+00
2.590000000000000000e+03 1.512447953224182129e+00
2.592000000000000000e+03 1.513406395912170410e+00
2.594000000000000000e+03 1.515420675277709961e+00
2.596000000000000000e+03 1.513406515121459961e+00
2.598000000000000000e+03 1.515091538429260254e+00
2.600000000000000000e+03 1.508541703224182129e+00
2.602000000000000000e+03 1.508939623832702637e+00
2.604000000000000000e+03 1.516047954559326172e+00
2.606000000000000000e+03 1.520033121109008789e+00
2.608000000000000000e+03 1.516180872917175293e+00
2.610000000000000000e+03 1.516245007514953613e+00
2.612000000000000000e+03 1.510595917701721191e+00
2.614000000000000000e+03 1.519604921340942383e+00
2.616000000000000000e+03 1.513605713844299316e+00
2.618000000000000000e+03 1.505854487419128418e+00
2.620000000000000000e+03 1.512011051177978516e+00
2.622000000000000000e+03 1.515915513038635254e+00
2.624000000000000000e+03 1.518058061599731445e+00
2.626000000000000000e+03 1.505024552345275879e+00
2.628000000000000000e+03 1.514761328697204590e+00
2.630000000000000000e+03 1.514497518539428711e+00
2.632000000000000000e+03 1.516443729400634766e+00
2.634000000000000000e+03 1.517630696296691895e+00
2.636000000000000000e+03 1.511918902397155762e+00
2.638000000000000000e+03 1.511886715888977051e+00
2.640000000000000000e+03 1.507779121398925781e+00
2.642000000000000000e+03 1.506717920303344727e+00
2.644000000000000000e+03 1.521184563636779785e+00
2.646000000000000000e+03 1.508146405220031738e+00
2.648000000000000000e+03 1.505657434463500977e+00
2.650000000000000000e+03 1.520657658576965332e+00
2.652000000000000000e+03 1.513307690620422363e+00
2.654000000000000000e+03 1.507780551910400391e+00
2.656000000000000000e+03 1.516377329826354980e+00
2.658000000000000000e+03 1.517958879470825195e+00
2.660000000000000000e+03 1.505757927894592285e+00
2.662000000000000000e+03 1.519110441207885742e+00
2.664000000000000000e+03 1.513439536094665527e+00
2.666000000000000000e+03 1.516904711723327637e+00
2.668000000000000000e+03 1.513570666313171387e+00
2.670000000000000000e+03 1.511656045913696289e+00
2.672000000000000000e+03 1.516937494277954102e+00
2.674000000000000000e+03 1.510131001472473145e+00
2.676000000000000000e+03 1.512943983078002930e+00
2.678000000000000000e+03 1.507116436958312988e+00
2.680000000000000000e+03 1.520328640937805176e+00
2.682000000000000000e+03 1.520164728164672852e+00
2.684000000000000000e+03 1.511325478553771973e+00
2.686000000000000000e+03 1.518751502037048340e+00
2.688000000000000000e+03 1.513406515121459961e+00
2.690000000000000000e+03 1.509238362312316895e+00
2.692000000000000000e+03 1.512387156486511230e+00
2.694000000000000000e+03 1.514198541641235352e+00
2.696000000000000000e+03 1.518750190734863281e+00
2.698000000000000000e+03 1.511323332786560059e+00
2.700000000000000000e+03 1.510593891143798828e+00
2.702000000000000000e+03 1.516898155212402344e+00
2.704000000000000000e+03 1.509745121002197266e+00
2.706000000000000000e+03 1.511226177215576172e+00
2.708000000000000000e+03 1.514531254768371582e+00
2.710000000000000000e+03 1.514658808708190918e+00
2.712000000000000000e+03 1.517828106880187988e+00
2.714000000000000000e+03 1.512711405754089355e+00
2.716000000000000000e+03 1.513870239257812500e+00
2.718000000000000000e+03 1.515058875083923340e+00
2.720000000000000000e+03 1.519839048385620117e+00
2.722000000000000000e+03 1.514630079269409180e+00
2.724000000000000000e+03 1.518157720565795898e+00
2.726000000000000000e+03 1.516530752182006836e+00
2.728000000000000000e+03 1.516476631164550781e+00
2.730000000000000000e+03 1.515389442443847656e+00
2.732000000000000000e+03 1.517267346382141113e+00
2.734000000000000000e+03 1.518156766891479492e+00
2.736000000000000000e+03 1.512117505073547363e+00
2.738000000000000000e+03 1.505755662918090820e+00
2.740000000000000000e+03 1.506418585777282715e+00
2.742000000000000000e+03 1.514792442321777344e+00
2.744000000000000000e+03 1.514000892639160156e+00
2.746000000000000000e+03 1.509736299514770508e+00
2.748000000000000000e+03 1.512812495231628418e+00
2.750000000000000000e+03 1.513176798820495605e+00
2.752000000000000000e+03 1.508542895317077637e+00
2.754000000000000000e+03 1.508837461471557617e+00
2.756000000000000000e+03 1.510165572166442871e+00
2.758000000000000000e+03 1.513077139854431152e+00
2.760000000000000000e+03 1.516937613487243652e+00
2.762000000000000000e+03 1.518868923187255859e+00
2.764000000000000000e+03 1.516608119010925293e+00
2.766000000000000000e+03 1.509600758552551270e+00
2.768000000000000000e+03 1.514793276786804199e+00
2.770000000000000000e+03 1.520066618919372559e+00
2.772000000000000000e+03 1.504326581954956055e+00
2.774000000000000000e+03 1.522135138511657715e+00
2.776000000000000000e+03 1.511389851570129395e+00
2.778000000000000000e+03 1.513077020645141602e+00
2.780000000000000000e+03 1.510035753250122070e+00
2.782000000000000000e+03 1.512909054756164551e+00
2.784000000000000000e+03 1.517433881759643555e+00
2.786000000000000000e+03 1.512149214744567871e+00
2.788000000000000000e+03 1.515293002128601074e+00
2.790000000000000000e+03 1.513703107833862305e+00
2.792000000000000000e+03 1.508111119270324707e+00
2.794000000000000000e+03 1.523613214492797852e+00
2.796000000000000000e+03 1.514299631118774414e+00
2.798000000000000000e+03 1.516114354133605957e+00
2.800000000000000000e+03 1.512217879295349121e+00
2.802000000000000000e+03 1.507347583770751953e+00
2.804000000000000000e+03 1.511985778808593750e+00
2.806000000000000000e+03 1.509899735450744629e+00
2.808000000000000000e+03 1.516443252563476562e+00
2.810000000000000000e+03 1.514893174171447754e+00
2.812000000000000000e+03 1.511986255645751953e+00
2.814000000000000000e+03 1.510399818420410156e+00
2.816000000000000000e+03 1.520987153053283691e+00
2.818000000000000000e+03 1.514891982078552246e+00
2.820000000000000000e+03 1.510925292968750000e+00
2.822000000000000000e+03 1.516079902648925781e+00
2.824000000000000000e+03 1.515388011932373047e+00
2.826000000000000000e+03 1.511721014976501465e+00
2.828000000000000000e+03 1.519406318664550781e+00
2.830000000000000000e+03 1.517168402671813965e+00
2.832000000000000000e+03 1.511455655097961426e+00
2.834000000000000000e+03 1.514892458915710449e+00
2.836000000000000000e+03 1.507979035377502441e+00
2.838000000000000000e+03 1.515849828720092773e+00
2.840000000000000000e+03 1.515882849693298340e+00
2.842000000000000000e+03 1.512448668479919434e+00
2.844000000000000000e+03 1.511619329452514648e+00
2.846000000000000000e+03 1.517037510871887207e+00
2.848000000000000000e+03 1.516113281250000000e+00
2.850000000000000000e+03 1.513408303260803223e+00
2.852000000000000000e+03 1.515290021896362305e+00
2.854000000000000000e+03 1.519342899322509766e+00
2.856000000000000000e+03 1.517037272453308105e+00
2.858000000000000000e+03 1.510165810585021973e+00
2.860000000000000000e+03 1.513042330741882324e+00
2.862000000000000000e+03 1.507779717445373535e+00
2.864000000000000000e+03 1.515553832054138184e+00
2.866000000000000000e+03 1.519342422485351562e+00
2.868000000000000000e+03 1.517135381698608398e+00
2.870000000000000000e+03 1.507780432701110840e+00
2.872000000000000000e+03 1.512877821922302246e+00
2.874000000000000000e+03 1.521349072456359863e+00
2.876000000000000000e+03 1.520723104476928711e+00
2.878000000000000000e+03 1.508543133735656738e+00
2.880000000000000000e+03 1.513123989105224609e+00
2.882000000000000000e+03 1.510761976242065430e+00
2.884000000000000000e+03 1.509768247604370117e+00
2.886000000000000000e+03 1.520164728164672852e+00
2.888000000000000000e+03 1.518222928047180176e+00
2.890000000000000000e+03 1.513075232505798340e+00
2.892000000000000000e+03 1.514355063438415527e+00
2.894000000000000000e+03 1.509634494781494141e+00
2.896000000000000000e+03 1.522530198097229004e+00
2.898000000000000000e+03 1.512780785560607910e+00
2.900000000000000000e+03 1.515023946762084961e+00
2.902000000000000000e+03 1.513176918029785156e+00
2.904000000000000000e+03 1.513307332992553711e+00
2.906000000000000000e+03 1.509271383285522461e+00
2.908000000000000000e+03 1.510333061218261719e+00
2.910000000000000000e+03 1.512811899185180664e+00
2.912000000000000000e+03 1.517398834228515625e+00
2.914000000000000000e+03 1.509273290634155273e+00
2.916000000000000000e+03 1.508741617202758789e+00
2.918000000000000000e+03 1.518584728240966797e+00
2.920000000000000000e+03 1.513295888900756836e+00
2.922000000000000000e+03 1.521211743354797363e+00
2.924000000000000000e+03 1.517037391662597656e+00
2.926000000000000000e+03 1.513340234756469727e+00
2.928000000000000000e+03 1.523417115211486816e+00
2.930000000000000000e+03 1.511687636375427246e+00
2.932000000000000000e+03 1.519638776779174805e+00
2.934000000000000000e+03 1.519539356231689453e+00
2.936000000000000000e+03 1.507415533065795898e+00
2.938000000000000000e+03 1.513274550437927246e+00
2.940000000000000000e+03 1.511654257774353027e+00
2.942000000000000000e+03 1.514793038368225098e+00
2.944000000000000000e+03 1.512310504913330078e+00
2.946000000000000000e+03 1.514529347419738770e+00
2.948000000000000000e+03 1.520032644271850586e+00
2.950000000000000000e+03 1.514790773391723633e+00
2.952000000000000000e+03 1.508807539939880371e+00
2.954000000000000000e+03 1.513503193855285645e+00
2.956000000000000000e+03 1.510111689567565918e+00
2.958000000000000000e+03 1.512514710426330566e+00
2.960000000000000000e+03 1.521215915679931641e+00
2.962000000000000000e+03 1.509106159210205078e+00
2.964000000000000000e+03 1.516377091407775879e+00
2.966000000000000000e+03 1.510892868041992188e+00
2.968000000000000000e+03 1.512216091156005859e+00
2.970000000000000000e+03 1.510065436363220215e+00
2.972000000000000000e+03 1.515057921409606934e+00
2.974000000000000000e+03 1.504859328269958496e+00
2.976000000000000000e+03 1.518618106842041016e+00
2.978000000000000000e+03 1.510529398918151855e+00
2.980000000000000000e+03 1.514858126640319824e+00
2.982000000000000000e+03 1.515585064888000488e+00
2.984000000000000000e+03 1.515716671943664551e+00
2.986000000000000000e+03 1.518354058265686035e+00
2.988000000000000000e+03 1.508142828941345215e+00
2.990000000000000000e+03 1.512945413589477539e+00
2.992000000000000000e+03 1.514134526252746582e+00
2.994000000000000000e+03 1.510827422142028809e+00
2.996000000000000000e+03 1.509204387664794922e+00
2.998000000000000000e+03 1.510131359100341797e+00
3.000000000000000000e+03 1.521776556968688965e+00
3.002000000000000000e+03 1.513441205024719238e+00
3.004000000000000000e+03 1.515419006347656250e+00
3.006000000000000000e+03 1.520394444465637207e+00
3.008000000000000000e+03 1.507946133613586426e+00
3.010000000000000000e+03 1.516508936882019043e+00
3.012000000000000000e+03 1.514151930809020996e+00
3.014000000000000000e+03 1.511721014976501465e+00
3.016000000000000000e+03 1.507802486419677734e+00
3.018000000000000000e+03 1.511142969131469727e+00
3.020000000000000000e+03 1.515585541725158691e+00
3.022000000000000000e+03 1.515453338623046875e+00
3.024000000000000000e+03 1.513911724090576172e+00
3.026000000000000000e+03 1.517766594886779785e+00
3.028000000000000000e+03 1.516476750373840332e+00
3.030000000000000000e+03 1.521315336227416992e+00
3.032000000000000000e+03 1.512744069099426270e+00
3.034000000000000000e+03 1.514496922492980957e+00
3.036000000000000000e+03 1.520605325698852539e+00
3.038000000000000000e+03 1.511224746704101562e+00
3.040000000000000000e+03 1.514233112335205078e+00
3.042000000000000000e+03 1.517432808876037598e+00
3.044000000000000000e+03 1.515057682991027832e+00
3.046000000000000000e+03 1.512514352798461914e+00
3.048000000000000000e+03 1.512282729148864746e+00
3.050000000000000000e+03 1.509271621704101562e+00
3.052000000000000000e+03 1.514032483100891113e+00
3.054000000000000000e+03 1.517234802246093750e+00
3.056000000000000000e+03 1.509832382202148438e+00
3.058000000000000000e+03 1.514793395996093750e+00
3.060000000000000000e+03 1.513568878173828125e+00
3.062000000000000000e+03 1.516112446784973145e+00
3.064000000000000000e+03 1.507978081703186035e+00
3.066000000000000000e+03 1.508542776107788086e+00
3.068000000000000000e+03 1.522039651870727539e+00
3.070000000000000000e+03 1.506354570388793945e+00
3.072000000000000000e+03 1.513802647590637207e+00
3.074000000000000000e+03 1.514992237091064453e+00
3.076000000000000000e+03 1.512712359428405762e+00
3.078000000000000000e+03 1.514033198356628418e+00
3.080000000000000000e+03 1.513307929039001465e+00
3.082000000000000000e+03 1.509766221046447754e+00
3.084000000000000000e+03 1.508543610572814941e+00
3.086000000000000000e+03 1.517300367355346680e+00
3.088000000000000000e+03 1.511489868164062500e+00
3.090000000000000000e+03 1.511059165000915527e+00
3.092000000000000000e+03 1.506553292274475098e+00
3.094000000000000000e+03 1.510626435279846191e+00
3.096000000000000000e+03 1.511983871459960938e+00
3.098000000000000000e+03 1.518749237060546875e+00
3.100000000000000000e+03 1.522563219070434570e+00
3.102000000000000000e+03 1.518157243728637695e+00
3.104000000000000000e+03 1.509602308273315430e+00
3.106000000000000000e+03 1.511058688163757324e+00
3.108000000000000000e+03 1.511060357093811035e+00
3.110000000000000000e+03 1.512744426727294922e+00
3.112000000000000000e+03 1.510562539100646973e+00
3.114000000000000000e+03 1.510167598724365234e+00
3.116000000000000000e+03 1.515056848526000977e+00
3.118000000000000000e+03 1.515717506408691406e+00
3.120000000000000000e+03 1.508840680122375488e+00
3.122000000000000000e+03 1.515915751457214355e+00
3.124000000000000000e+03 1.520296692848205566e+00
3.126000000000000000e+03 1.516871333122253418e+00
3.128000000000000000e+03 1.508012175559997559e+00
3.130000000000000000e+03 1.520361542701721191e+00
3.132000000000000000e+03 1.518254876136779785e+00
3.134000000000000000e+03 1.523187279701232910e+00
3.136000000000000000e+03 1.508543133735656738e+00
3.138000000000000000e+03 1.519835829734802246e+00
3.140000000000000000e+03 1.511654973030090332e+00
3.142000000000000000e+03 1.506585478782653809e+00
3.144000000000000000e+03 1.513439655303955078e+00
3.146000000000000000e+03 1.511886239051818848e+00
3.148000000000000000e+03 1.511489152908325195e+00
3.150000000000000000e+03 1.524270772933959961e+00
3.152000000000000000e+03 1.513207435607910156e+00
3.154000000000000000e+03 1.518420219421386719e+00
3.156000000000000000e+03 1.519793272018432617e+00
3.158000000000000000e+03 1.513473272323608398e+00
3.160000000000000000e+03 1.516476154327392578e+00
3.162000000000000000e+03 1.517269968986511230e+00
3.164000000000000000e+03 1.510166168212890625e+00
3.166000000000000000e+03 1.512018084526062012e+00
3.168000000000000000e+03 1.509483575820922852e+00
3.170000000000000000e+03 1.508542895317077637e+00
3.172000000000000000e+03 1.515684723854064941e+00
3.174000000000000000e+03 1.512433767318725586e+00
3.176000000000000000e+03 1.518090724945068359e+00
3.178000000000000000e+03 1.511064052581787109e+00
3.180000000000000000e+03 1.518355131149291992e+00
3.182000000000000000e+03 1.510959148406982422e+00
3.184000000000000000e+03 1.515288829803466797e+00
3.186000000000000000e+03 1.516773104667663574e+00
3.188000000000000000e+03 1.516772747039794922e+00
3.190000000000000000e+03 1.510928511619567871e+00
3.192000000000000000e+03 1.508111834526062012e+00
3.194000000000000000e+03 1.507247567176818848e+00
3.196000000000000000e+03 1.524401903152465820e+00
3.198000000000000000e+03 1.516509413719177246e+00
3.200000000000000000e+03 1.516740918159484863e+00
3.202000000000000000e+03 1.510761380195617676e+00
3.204000000000000000e+03 1.511357307434082031e+00
3.206000000000000000e+03 1.510331511497497559e+00
3.208000000000000000e+03 1.512149930000305176e+00
3.210000000000000000e+03 1.512712717056274414e+00
3.212000000000000000e+03 1.515058279037475586e+00
3.214000000000000000e+03 1.515089869499206543e+00
3.216000000000000000e+03 1.514628648757934570e+00
3.218000000000000000e+03 1.507083654403686523e+00
3.220000000000000000e+03 1.517696142196655273e+00
3.222000000000000000e+03 1.516509175300598145e+00
3.224000000000000000e+03 1.513572216033935547e+00
3.226000000000000000e+03 1.512547492980957031e+00
3.228000000000000000e+03 1.514661550521850586e+00
3.230000000000000000e+03 1.514926075935363770e+00
3.232000000000000000e+03 1.514398813247680664e+00
3.234000000000000000e+03 1.510960459709167480e+00
3.236000000000000000e+03 1.509172201156616211e+00
3.238000000000000000e+03 1.510662436485290527e+00
3.240000000000000000e+03 1.510331034660339355e+00
3.242000000000000000e+03 1.510166406631469727e+00
3.244000000000000000e+03 1.511489391326904297e+00
3.246000000000000000e+03 1.515684723854064941e+00
3.248000000000000000e+03 1.516410112380981445e+00
3.250000000000000000e+03 1.511720895767211914e+00
3.252000000000000000e+03 1.520952820777893066e+00
3.254000000000000000e+03 1.520393967628479004e+00
3.256000000000000000e+03 1.516607522964477539e+00
3.258000000000000000e+03 1.517267346382141113e+00
3.260000000000000000e+03 1.514562606811523438e+00
3.262000000000000000e+03 1.507083415985107422e+00
3.264000000000000000e+03 1.518749117851257324e+00
3.266000000000000000e+03 1.520854830741882324e+00
3.268000000000000000e+03 1.511851787567138672e+00
3.270000000000000000e+03 1.514793872833251953e+00
3.272000000000000000e+03 1.511026978492736816e+00
3.274000000000000000e+03 1.518056154251098633e+00
3.276000000000000000e+03 1.512660026550292969e+00
3.278000000000000000e+03 1.518630385398864746e+00
3.280000000000000000e+03 1.515552163124084473e+00
3.282000000000000000e+03 1.516904354095458984e+00
3.284000000000000000e+03 1.515947580337524414e+00
3.286000000000000000e+03 1.514793753623962402e+00
3.288000000000000000e+03 1.521644353866577148e+00
3.290000000000000000e+03 1.509503722190856934e+00
3.292000000000000000e+03 1.512911319732666016e+00
3.294000000000000000e+03 1.513737082481384277e+00
3.296000000000000000e+03 1.517661213874816895e+00
3.298000000000000000e+03 1.518274664878845215e+00
3.300000000000000000e+03 1.514926314353942871e+00
3.302000000000000000e+03 1.514574766159057617e+00
3.304000000000000000e+03 1.510099530220031738e+00
3.306000000000000000e+03 1.508442521095275879e+00
3.308000000000000000e+03 1.514496564865112305e+00
3.310000000000000000e+03 1.514630317687988281e+00
3.312000000000000000e+03 1.516207933425903320e+00
3.314000000000000000e+03 1.511478185653686523e+00
3.316000000000000000e+03 1.513571739196777344e+00
3.318000000000000000e+03 1.514793753623962402e+00
3.320000000000000000e+03 1.518585085868835449e+00
3.322000000000000000e+03 1.516937136650085449e+00
3.324000000000000000e+03 1.508840680122375488e+00
3.326000000000000000e+03 1.511224508285522461e+00
3.328000000000000000e+03 1.525712728500366211e+00
3.330000000000000000e+03 1.515961050987243652e+00
3.332000000000000000e+03 1.517924308776855469e+00
3.334000000000000000e+03 1.513090372085571289e+00
3.336000000000000000e+03 1.511920452117919922e+00
3.338000000000000000e+03 1.517529606819152832e+00
3.340000000000000000e+03 1.514232754707336426e+00
3.342000000000000000e+03 1.510165691375732422e+00
3.344000000000000000e+03 1.512712717056274414e+00
3.346000000000000000e+03 1.514496803283691406e+00
3.348000000000000000e+03 1.514398097991943359e+00
3.350000000000000000e+03 1.515453577041625977e+00
3.352000000000000000e+03 1.513307690620422363e+00
3.354000000000000000e+03 1.519111990928649902e+00
3.356000000000000000e+03 1.515685558319091797e+00
3.358000000000000000e+03 1.520560026168823242e+00
3.360000000000000000e+03 1.508841395378112793e+00
3.362000000000000000e+03 1.511457443237304688e+00
3.364000000000000000e+03 1.517958641052246094e+00
3.366000000000000000e+03 1.511886596679687500e+00
3.368000000000000000e+03 1.512679815292358398e+00
3.370000000000000000e+03 1.521380782127380371e+00
3.372000000000000000e+03 1.514529228210449219e+00
3.374000000000000000e+03 1.515387177467346191e+00
3.376000000000000000e+03 1.516376733779907227e+00
3.378000000000000000e+03 1.520723700523376465e+00
3.380000000000000000e+03 1.513770461082458496e+00
3.382000000000000000e+03 1.520165324211120605e+00
3.384000000000000000e+03 1.514627814292907715e+00
3.386000000000000000e+03 1.520988225936889648e+00
3.388000000000000000e+03 1.507084369659423828e+00
3.390000000000000000e+03 1.516673088073730469e+00
3.392000000000000000e+03 1.517235398292541504e+00
3.394000000000000000e+03 1.515421271324157715e+00
3.396000000000000000e+03 1.513734936714172363e+00
3.398000000000000000e+03 1.513471961021423340e+00
3.400000000000000000e+03 1.517266035079956055e+00
3.402000000000000000e+03 1.505490303039550781e+00
3.404000000000000000e+03 1.513605356216430664e+00
3.406000000000000000e+03 1.515621185302734375e+00
3.408000000000000000e+03 1.510164976119995117e+00
3.410000000000000000e+03 1.519043564796447754e+00
3.412000000000000000e+03 1.516772627830505371e+00
3.414000000000000000e+03 1.515586733818054199e+00
3.416000000000000000e+03 1.511885643005371094e+00
3.418000000000000000e+03 1.511580586433410645e+00
3.420000000000000000e+03 1.520722508430480957e+00
3.422000000000000000e+03 1.513439893722534180e+00
3.424000000000000000e+03 1.516113519668579102e+00
3.426000000000000000e+03 1.510663270950317383e+00
3.428000000000000000e+03 1.512647747993469238e+00
3.430000000000000000e+03 1.519044995307922363e+00
3.432000000000000000e+03 1.514263510704040527e+00
3.434000000000000000e+03 1.519396781921386719e+00
3.436000000000000000e+03 1.512912511825561523e+00
3.438000000000000000e+03 1.517925381660461426e+00
3.440000000000000000e+03 1.508841991424560547e+00
3.442000000000000000e+03 1.515353918075561523e+00
3.444000000000000000e+03 1.511455297470092773e+00
3.446000000000000000e+03 1.506320118904113770e+00
3.448000000000000000e+03 1.518750548362731934e+00
3.450000000000000000e+03 1.506683826446533203e+00
3.452000000000000000e+03 1.519936442375183105e+00
3.454000000000000000e+03 1.516113638877868652e+00
3.456000000000000000e+03 1.514133691787719727e+00
3.458000000000000000e+03 1.515517950057983398e+00
3.460000000000000000e+03 1.508010506629943848e+00
3.462000000000000000e+03 1.517497301101684570e+00
3.464000000000000000e+03 1.517662048339843750e+00
3.466000000000000000e+03 1.514395594596862793e+00
3.468000000000000000e+03 1.516972422599792480e+00
3.470000000000000000e+03 1.513737320899963379e+00
3.472000000000000000e+03 1.514035344123840332e+00
3.474000000000000000e+03 1.514364719390869141e+00
3.476000000000000000e+03 1.515420317649841309e+00
3.478000000000000000e+03 1.512747526168823242e+00
3.480000000000000000e+03 1.519933462142944336e+00
3.482000000000000000e+03 1.518222212791442871e+00
3.484000000000000000e+03 1.511720538139343262e+00
3.486000000000000000e+03 1.515847921371459961e+00
3.488000000000000000e+03 1.518715500831604004e+00
3.490000000000000000e+03 1.508973121643066406e+00
3.492000000000000000e+03 1.511949896812438965e+00
3.494000000000000000e+03 1.520460128784179688e+00
3.496000000000000000e+03 1.513276219367980957e+00
3.498000000000000000e+03 1.506882786750793457e+00
3.500000000000000000e+03 1.519506096839904785e+00
3.502000000000000000e+03 1.512747764587402344e+00
3.504000000000000000e+03 1.520888328552246094e+00
3.506000000000000000e+03 1.517134666442871094e+00
3.508000000000000000e+03 1.511986851692199707e+00
3.510000000000000000e+03 1.519604325294494629e+00
3.512000000000000000e+03 1.520329356193542480e+00
3.514000000000000000e+03 1.517661213874816895e+00
3.516000000000000000e+03 1.510530471801757812e+00
3.518000000000000000e+03 1.511837840080261230e+00
3.520000000000000000e+03 1.510766625404357910e+00
3.522000000000000000e+03 1.507215380668640137e+00
3.524000000000000000e+03 1.512645006179809570e+00
3.526000000000000000e+03 1.508144378662109375e+00
3.528000000000000000e+03 1.516245484352111816e+00
3.530000000000000000e+03 1.520262479782104492e+00
3.532000000000000000e+03 1.513505578041076660e+00
3.534000000000000000e+03 1.514364957809448242e+00
3.536000000000000000e+03 1.518353819847106934e+00
3.538000000000000000e+03 1.512911319732666016e+00
3.540000000000000000e+03 1.510298848152160645e+00
3.542000000000000000e+03 1.511225461959838867e+00
3.544000000000000000e+03 1.510430812835693359e+00
3.546000000000000000e+03 1.518223643302917480e+00
3.548000000000000000e+03 1.516146063804626465e+00
3.550000000000000000e+03 1.516904473304748535e+00
3.552000000000000000e+03 1.515982866287231445e+00
3.554000000000000000e+03 1.513736248016357422e+00
3.556000000000000000e+03 1.511492490768432617e+00
3.558000000000000000e+03 1.518321037292480469e+00
3.560000000000000000e+03 1.520655989646911621e+00
3.562000000000000000e+03 1.509801030158996582e+00
3.564000000000000000e+03 1.515289545059204102e+00
3.566000000000000000e+03 1.512151479721069336e+00
3.568000000000000000e+03 1.521512150764465332e+00
3.570000000000000000e+03 1.512944459915161133e+00
3.572000000000000000e+03 1.516937136650085449e+00
3.574000000000000000e+03 1.513044953346252441e+00
3.576000000000000000e+03 1.520557165145874023e+00
3.578000000000000000e+03 1.512548327445983887e+00
3.580000000000000000e+03 1.510661721229553223e+00
3.582000000000000000e+03 1.516376852989196777e+00
3.584000000000000000e+03 1.510132074356079102e+00
3.586000000000000000e+03 1.507514476776123047e+00
3.588000000000000000e+03 1.508442282676696777e+00
3.590000000000000000e+03 1.510431051254272461e+00
3.592000000000000000e+03 1.516508936882019043e+00
3.594000000000000000e+03 1.513704895973205566e+00
3.596000000000000000e+03 1.522693991661071777e+00
3.598000000000000000e+03 1.510396957397460938e+00
3.600000000000000000e+03 1.517630100250244141e+00
3.602000000000000000e+03 1.511985778808593750e+00
3.604000000000000000e+03 1.510164856910705566e+00
3.606000000000000000e+03 1.512415409088134766e+00
3.608000000000000000e+03 1.519836425781250000e+00
3.610000000000000000e+03 1.516608953475952148e+00
3.612000000000000000e+03 1.504858136177062988e+00
3.614000000000000000e+03 1.514099955558776855e+00
3.616000000000000000e+03 1.515022754669189453e+00
3.618000000000000000e+03 1.512380957603454590e+00
3.620000000000000000e+03 1.513175845146179199e+00
3.622000000000000000e+03 1.516341090202331543e+00
3.624000000000000000e+03 1.506186723709106445e+00
3.626000000000000000e+03 1.521512150764465332e+00
3.628000000000000000e+03 1.511853694915771484e+00
3.630000000000000000e+03 1.514662504196166992e+00
3.632000000000000000e+03 1.517991065979003906e+00
3.634000000000000000e+03 1.507778763771057129e+00
3.636000000000000000e+03 1.513572096824645996e+00
3.638000000000000000e+03 1.511720538139343262e+00
3.640000000000000000e+03 1.512910485267639160e+00
3.642000000000000000e+03 1.519012570381164551e+00
3.644000000000000000e+03 1.510795235633850098e+00
3.646000000000000000e+03 1.517531871795654297e+00
3.648000000000000000e+03 1.513769149780273438e+00
3.650000000000000000e+03 1.509636163711547852e+00
3.652000000000000000e+03 1.514860630035400391e+00
3.654000000000000000e+03 1.510960698127746582e+00
3.656000000000000000e+03 1.517201662063598633e+00
3.658000000000000000e+03 1.515718102455139160e+00
3.660000000000000000e+03 1.520823240280151367e+00
3.662000000000000000e+03 1.513702988624572754e+00
3.664000000000000000e+03 1.505755186080932617e+00
3.666000000000000000e+03 1.509636402130126953e+00
3.668000000000000000e+03 1.515453100204467773e+00
3.670000000000000000e+03 1.514233350753784180e+00
3.672000000000000000e+03 1.516738295555114746e+00
3.674000000000000000e+03 1.514660835266113281e+00
3.676000000000000000e+03 1.517003178596496582e+00
3.678000000000000000e+03 1.516114234924316406e+00
3.680000000000000000e+03 1.514890909194946289e+00
3.682000000000000000e+03 1.514662027359008789e+00
3.684000000000000000e+03 1.520985364913940430e+00
3.686000000000000000e+03 1.514298796653747559e+00
3.688000000000000000e+03 1.515717983245849609e+00
3.690000000000000000e+03 1.512449622154235840e+00
3.692000000000000000e+03 1.519144415855407715e+00
3.694000000000000000e+03 1.512647390365600586e+00
3.696000000000000000e+03 1.520262360572814941e+00
3.698000000000000000e+03 1.517251014709472656e+00
3.700000000000000000e+03 1.511420488357543945e+00
3.702000000000000000e+03 1.511488914489746094e+00
3.704000000000000000e+03 1.521346569061279297e+00
3.706000000000000000e+03 1.511587977409362793e+00
3.708000000000000000e+03 1.514300227165222168e+00
3.710000000000000000e+03 1.519138097763061523e+00
3.712000000000000000e+03 1.514497518539428711e+00
3.714000000000000000e+03 1.517135381698608398e+00
3.716000000000000000e+03 1.512151360511779785e+00
3.718000000000000000e+03 1.508675575256347656e+00
3.720000000000000000e+03 1.508675456047058105e+00
3.722000000000000000e+03 1.513209700584411621e+00
3.724000000000000000e+03 1.512614488601684570e+00
3.726000000000000000e+03 1.511158108711242676e+00
3.728000000000000000e+03 1.512768864631652832e+00
3.730000000000000000e+03 1.514033913612365723e+00
3.732000000000000000e+03 1.510662317276000977e+00
3.734000000000000000e+03 1.508044838905334473e+00
3.736000000000000000e+03 1.512283325195312500e+00
3.738000000000000000e+03 1.511721253395080566e+00
3.740000000000000000e+03 1.513341069221496582e+00
3.742000000000000000e+03 1.514035224914550781e+00
3.744000000000000000e+03 1.508509397506713867e+00
3.746000000000000000e+03 1.511158585548400879e+00
3.748000000000000000e+03 1.511291146278381348e+00
3.750000000000000000e+03 1.517301082611083984e+00
3.752000000000000000e+03 1.512778639793395996e+00
3.754000000000000000e+03 1.511755824089050293e+00
3.756000000000000000e+03 1.516180634498596191e+00
3.758000000000000000e+03 1.509039044380187988e+00
3.760000000000000000e+03 1.508045315742492676e+00
3.762000000000000000e+03 1.512250900268554688e+00
3.764000000000000000e+03 1.514427542686462402e+00
3.766000000000000000e+03 1.519275665283203125e+00
3.768000000000000000e+03 1.512117505073547363e+00
3.770000000000000000e+03 1.513837456703186035e+00
3.772000000000000000e+03 1.506352066993713379e+00
3.774000000000000000e+03 1.512150406837463379e+00
3.776000000000000000e+03 1.516573548316955566e+00
3.778000000000000000e+03 1.514529585838317871e+00
3.780000000000000000e+03 1.512099623680114746e+00
3.782000000000000000e+03 1.512382149696350098e+00
3.784000000000000000e+03 1.511886715888977051e+00
3.786000000000000000e+03 1.514890432357788086e+00
3.788000000000000000e+03 1.516311168670654297e+00
3.790000000000000000e+03 1.514892578125000000e+00
3.792000000000000000e+03 1.515849113464355469e+00
3.794000000000000000e+03 1.507980585098266602e+00
3.796000000000000000e+03 1.512910723686218262e+00
3.798000000000000000e+03 1.514297842979431152e+00
3.800000000000000000e+03 1.511755466461181641e+00
3.802000000000000000e+03 1.510827183723449707e+00
3.804000000000000000e+03 1.520821332931518555e+00
3.806000000000000000e+03 1.511951804161071777e+00
3.808000000000000000e+03 1.513506054878234863e+00
3.810000000000000000e+03 1.520295143127441406e+00
3.812000000000000000e+03 1.519670844078063965e+00
3.814000000000000000e+03 1.514991998672485352e+00
3.816000000000000000e+03 1.520821571350097656e+00
3.818000000000000000e+03 1.505788087844848633e+00
3.820000000000000000e+03 1.512812376022338867e+00
3.822000000000000000e+03 1.507648587226867676e+00
3.824000000000000000e+03 1.512976646423339844e+00
3.826000000000000000e+03 1.519013881683349609e+00
3.828000000000000000e+03 1.516871929168701172e+00
3.830000000000000000e+03 1.514099121093750000e+00
3.832000000000000000e+03 1.507115125656127930e+00
3.834000000000000000e+03 1.512249708175659180e+00
3.836000000000000000e+03 1.515584707260131836e+00
3.838000000000000000e+03 1.512745738029479980e+00
3.840000000000000000e+03 1.514825940132141113e+00
3.842000000000000000e+03 1.511224508285522461e+00
3.844000000000000000e+03 1.509799599647521973e+00
3.846000000000000000e+03 1.510629296302795410e+00
3.848000000000000000e+03 1.516111731529235840e+00
3.850000000000000000e+03 1.508176922798156738e+00
3.852000000000000000e+03 1.514893770217895508e+00
3.854000000000000000e+03 1.514497160911560059e+00
3.856000000000000000e+03 1.517992019653320312e+00
3.858000000000000000e+03 1.513339638710021973e+00
3.860000000000000000e+03 1.509370565414428711e+00
3.862000000000000000e+03 1.507514834403991699e+00
3.864000000000000000e+03 1.506153464317321777e+00
3.866000000000000000e+03 1.516080379486083984e+00
3.868000000000000000e+03 1.516871809959411621e+00
3.870000000000000000e+03 1.506950378417968750e+00
3.872000000000000000e+03 1.514067411422729492e+00
3.874000000000000000e+03 1.515091300010681152e+00
3.876000000000000000e+03 1.513275742530822754e+00
3.878000000000000000e+03 1.517662525177001953e+00
3.880000000000000000e+03 1.512116909027099609e+00
3.882000000000000000e+03 1.519933700561523438e+00
3.884000000000000000e+03 1.513275504112243652e+00
3.886000000000000000e+03 1.522038102149963379e+00
3.888000000000000000e+03 1.519902586936950684e+00
3.890000000000000000e+03 1.518155574798583984e+00
3.892000000000000000e+03 1.519737005233764648e+00
3.894000000000000000e+03 1.510428667068481445e+00
3.896000000000000000e+03 1.513307094573974609e+00
3.898000000000000000e+03 1.517497420310974121e+00
3.900000000000000000e+03 1.517002582550048828e+00
3.902000000000000000e+03 1.514001369476318359e+00
3.904000000000000000e+03 1.523417115211486816e+00
3.906000000000000000e+03 1.507647752761840820e+00
3.908000000000000000e+03 1.514231681823730469e+00
3.910000000000000000e+03 1.515585184097290039e+00
3.912000000000000000e+03 1.504694104194641113e+00
3.914000000000000000e+03 1.513305902481079102e+00
3.916000000000000000e+03 1.511354565620422363e+00
3.918000000000000000e+03 1.514297723770141602e+00
3.920000000000000000e+03 1.510960578918457031e+00
3.922000000000000000e+03 1.510795235633850098e+00
3.924000000000000000e+03 1.523351430892944336e+00
3.926000000000000000e+03 1.521743655204772949e+00
3.928000000000000000e+03 1.513504385948181152e+00
3.930000000000000000e+03 1.518979072570800781e+00
3.932000000000000000e+03 1.512448549270629883e+00
3.934000000000000000e+03 1.512216448783874512e+00
3.936000000000000000e+03 1.512448549270629883e+00
3.938000000000000000e+03 1.512415289878845215e+00
3.940000000000000000e+03 1.521742939949035645e+00
3.942000000000000000e+03 1.511026859283447266e+00
3.944000000000000000e+03 1.513871312141418457e+00
3.946000000000000000e+03 1.512812495231628418e+00
3.948000000000000000e+03 1.511951327323913574e+00
3.950000000000000000e+03 1.517004013061523438e+00
3.952000000000000000e+03 1.514297842979431152e+00
3.954000000000000000e+03 1.514925837516784668e+00
3.956000000000000000e+03 1.519142508506774902e+00
3.958000000000000000e+03 1.516243696212768555e+00
3.960000000000000000e+03 1.510861039161682129e+00
3.962000000000000000e+03 1.508837938308715820e+00
3.964000000000000000e+03 1.513735771179199219e+00
3.966000000000000000e+03 1.513307809829711914e+00
3.968000000000000000e+03 1.519474864006042480e+00
3.970000000000000000e+03 1.516773462295532227e+00
3.972000000000000000e+03 1.515026450157165527e+00
3.974000000000000000e+03 1.510893583297729492e+00
3.976000000000000000e+03 1.510563015937805176e+00
3.978000000000000000e+03 1.519639015197753906e+00
3.980000000000000000e+03 1.510958790779113770e+00
3.982000000000000000e+03 1.509569048881530762e+00
3.984000000000000000e+03 1.517398476600646973e+00
3.986000000000000000e+03 1.511224865913391113e+00
3.988000000000000000e+03 1.513206481933593750e+00
3.990000000000000000e+03 1.510133504867553711e+00
3.992000000000000000e+03 1.509469509124755859e+00
3.994000000000000000e+03 1.511199116706848145e+00
3.996000000000000000e+03 1.509571552276611328e+00
3.998000000000000000e+03 1.517265558242797852e+00
4.000000000000000000e+03 1.521278381347656250e+00
4.002000000000000000e+03 1.517827749252319336e+00
4.004000000000000000e+03 1.512911081314086914e+00
4.006000000000000000e+03 1.517465233802795410e+00
4.008000000000000000e+03 1.508410215377807617e+00
4.010000000000000000e+03 1.513407349586486816e+00
4.012000000000000000e+03 1.507946372032165527e+00
4.014000000000000000e+03 1.512679457664489746e+00
4.016000000000000000e+03 1.510860919952392578e+00
4.018000000000000000e+03 1.511721849441528320e+00
4.020000000000000000e+03 1.510397195816040039e+00
4.022000000000000000e+03 1.515288233757019043e+00
4.024000000000000000e+03 1.514101862907409668e+00
4.026000000000000000e+03 1.514331817626953125e+00
4.028000000000000000e+03 1.517299652099609375e+00
4.030000000000000000e+03 1.523187041282653809e+00
4.032000000000000000e+03 1.509635686874389648e+00
4.034000000000000000e+03 1.508842229843139648e+00
4.036000000000000000e+03 1.517662763595581055e+00
4.038000000000000000e+03 1.513836860656738281e+00
4.040000000000000000e+03 1.515354633331298828e+00
4.042000000000000000e+03 1.507845282554626465e+00
4.044000000000000000e+03 1.509571671485900879e+00
4.046000000000000000e+03 1.511458516120910645e+00
4.048000000000000000e+03 1.518585085868835449e+00
4.050000000000000000e+03 1.516739964485168457e+00
4.052000000000000000e+03 1.517694830894470215e+00
4.054000000000000000e+03 1.508276462554931641e+00
4.056000000000000000e+03 1.515716910362243652e+00
4.058000000000000000e+03 1.508046507835388184e+00
4.060000000000000000e+03 1.512978315353393555e+00
4.062000000000000000e+03 1.509238362312316895e+00
4.064000000000000000e+03 1.517399787902832031e+00
4.066000000000000000e+03 1.506089210510253906e+00
4.068000000000000000e+03 1.515519380569458008e+00
4.070000000000000000e+03 1.516574978828430176e+00
4.072000000000000000e+03 1.514297723770141602e+00
4.074000000000000000e+03 1.509801745414733887e+00
4.076000000000000000e+03 1.513505458831787109e+00
4.078000000000000000e+03 1.514034748077392578e+00
4.080000000000000000e+03 1.505854487419128418e+00
4.082000000000000000e+03 1.509603500366210938e+00
4.084000000000000000e+03 1.518189668655395508e+00
4.086000000000000000e+03 1.514330267906188965e+00
4.088000000000000000e+03 1.514860033988952637e+00
4.090000000000000000e+03 1.517266988754272461e+00
4.092000000000000000e+03 1.512217879295349121e+00
4.094000000000000000e+03 1.514001250267028809e+00
4.096000000000000000e+03 1.510035395622253418e+00
4.098000000000000000e+03 1.518485426902770996e+00
4.100000000000000000e+03 1.519770979881286621e+00
4.102000000000000000e+03 1.510032415390014648e+00
4.104000000000000000e+03 1.514892101287841797e+00
4.106000000000000000e+03 1.520296454429626465e+00
4.108000000000000000e+03 1.511358022689819336e+00
4.110000000000000000e+03 1.507747888565063477e+00
4.112000000000000000e+03 1.523055553436279297e+00
4.114000000000000000e+03 1.519012212753295898e+00
4.116000000000000000e+03 1.519835710525512695e+00
4.118000000000000000e+03 1.503100872039794922e+00
4.120000000000000000e+03 1.510858535766601562e+00
4.122000000000000000e+03 1.520164251327514648e+00
4.124000000000000000e+03 1.516144633293151855e+00
4.126000000000000000e+03 1.513569593429565430e+00
4.128000000000000000e+03 1.513438820838928223e+00
4.130000000000000000e+03 1.516509175300598145e+00
4.132000000000000000e+03 1.513870239257812500e+00
4.134000000000000000e+03 1.509238362312316895e+00
4.136000000000000000e+03 1.516832232475280762e+00
4.138000000000000000e+03 1.520690917968750000e+00
4.140000000000000000e+03 1.515519738197326660e+00
4.142000000000000000e+03 1.512571334838867188e+00
4.144000000000000000e+03 1.507721185684204102e+00
4.146000000000000000e+03 1.517201304435729980e+00
4.148000000000000000e+03 1.510766029357910156e+00
4.150000000000000000e+03 1.514112353324890137e+00
4.152000000000000000e+03 1.521381616592407227e+00
4.154000000000000000e+03 1.507780194282531738e+00
4.156000000000000000e+03 1.518188953399658203e+00
4.158000000000000000e+03 1.514396667480468750e+00
4.160000000000000000e+03 1.516477227210998535e+00
4.162000000000000000e+03 1.521710276603698730e+00
4.164000000000000000e+03 1.516640782356262207e+00
4.166000000000000000e+03 1.511354088783264160e+00
4.168000000000000000e+03 1.511158704757690430e+00
4.170000000000000000e+03 1.518980264663696289e+00
4.172000000000000000e+03 1.515715837478637695e+00
4.174000000000000000e+03 1.513842582702636719e+00
4.176000000000000000e+03 1.511753797531127930e+00
4.178000000000000000e+03 1.513734936714172363e+00
4.180000000000000000e+03 1.505721330642700195e+00
4.182000000000000000e+03 1.510960698127746582e+00
4.184000000000000000e+03 1.522202849388122559e+00
4.186000000000000000e+03 1.518749952316284180e+00
4.188000000000000000e+03 1.517635107040405273e+00
4.190000000000000000e+03 1.516619682312011719e+00
4.192000000000000000e+03 1.509800791740417480e+00
4.194000000000000000e+03 1.516082167625427246e+00
4.196000000000000000e+03 1.513339877128601074e+00
4.198000000000000000e+03 1.516377329826354980e+00
4.200000000000000000e+03 1.518356084823608398e+00
4.202000000000000000e+03 1.509271621704101562e+00
4.204000000000000000e+03 1.515454292297363281e+00
4.206000000000000000e+03 1.512546420097351074e+00
4.208000000000000000e+03 1.509503841400146484e+00
4.210000000000000000e+03 1.518060088157653809e+00
4.212000000000000000e+03 1.511987686157226562e+00
4.214000000000000000e+03 1.513207912445068359e+00
4.216000000000000000e+03 1.508673787117004395e+00
4.218000000000000000e+03 1.514001846313476562e+00
4.220000000000000000e+03 1.518848538398742676e+00
4.222000000000000000e+03 1.517992138862609863e+00
4.224000000000000000e+03 1.521612048149108887e+00
4.226000000000000000e+03 1.508674860000610352e+00
4.228000000000000000e+03 1.517200231552124023e+00
4.230000000000000000e+03 1.518354177474975586e+00
4.232000000000000000e+03 1.519276022911071777e+00
4.234000000000000000e+03 1.514630079269409180e+00
4.236000000000000000e+03 1.513605237007141113e+00
4.238000000000000000e+03 1.510564208030700684e+00
4.240000000000000000e+03 1.510298132896423340e+00
4.242000000000000000e+03 1.517960429191589355e+00
4.244000000000000000e+03 1.516772866249084473e+00
4.246000000000000000e+03 1.510165691375732422e+00
4.248000000000000000e+03 1.513769268989562988e+00
4.250000000000000000e+03 1.516775131225585938e+00
4.252000000000000000e+03 1.513737201690673828e+00
4.254000000000000000e+03 1.513969421386718750e+00
4.256000000000000000e+03 1.515419602394104004e+00
4.258000000000000000e+03 1.516112923622131348e+00
4.260000000000000000e+03 1.515848875045776367e+00
4.262000000000000000e+03 1.516113162040710449e+00
4.264000000000000000e+03 1.512912034988403320e+00
4.266000000000000000e+03 1.515684247016906738e+00
4.268000000000000000e+03 1.510828375816345215e+00
4.270000000000000000e+03 1.516212463378906250e+00
4.272000000000000000e+03 1.511325001716613770e+00
4.274000000000000000e+03 1.520197391510009766e+00
4.276000000000000000e+03 1.512811541557312012e+00
4.278000000000000000e+03 1.515717625617980957e+00
4.280000000000000000e+03 1.508442640304565430e+00
4.282000000000000000e+03 1.516213059425354004e+00
4.284000000000000000e+03 1.516311764717102051e+00
4.286000000000000000e+03 1.516608595848083496e+00
4.288000000000000000e+03 1.508277416229248047e+00
4.290000000000000000e+03 1.510596990585327148e+00
4.292000000000000000e+03 1.517564177513122559e+00
4.294000000000000000e+03 1.514134049415588379e+00
4.296000000000000000e+03 1.512448430061340332e+00
4.298000000000000000e+03 1.507149219512939453e+00
4.300000000000000000e+03 1.513803958892822266e+00
4.302000000000000000e+03 1.511985063552856445e+00
4.304000000000000000e+03 1.513803482055664062e+00
4.306000000000000000e+03 1.511488318443298340e+00
4.308000000000000000e+03 1.513605952262878418e+00
4.310000000000000000e+03 1.511919617652893066e+00
4.312000000000000000e+03 1.511985063552856445e+00
4.314000000000000000e+03 1.515948891639709473e+00
4.316000000000000000e+03 1.526073217391967773e+00
4.318000000000000000e+03 1.513042688369750977e+00
4.320000000000000000e+03 1.505524039268493652e+00
4.322000000000000000e+03 1.520854592323303223e+00
4.324000000000000000e+03 1.516873121261596680e+00
4.326000000000000000e+03 1.506552577018737793e+00
4.328000000000000000e+03 1.516641855239868164e+00
4.330000000000000000e+03 1.513505101203918457e+00
4.332000000000000000e+03 1.510331034660339355e+00
4.334000000000000000e+03 1.514894485473632812e+00
4.336000000000000000e+03 1.513243079185485840e+00
4.338000000000000000e+03 1.512348532676696777e+00
4.340000000000000000e+03 1.511555552482604980e+00
4.342000000000000000e+03 1.510529279708862305e+00
4.344000000000000000e+03 1.515420198440551758e+00
4.346000000000000000e+03 1.508177995681762695e+00
4.348000000000000000e+03 1.519244194030761719e+00
4.350000000000000000e+03 1.511655569076538086e+00
4.352000000000000000e+03 1.519012808799743652e+00
4.354000000000000000e+03 1.511389851570129395e+00
4.356000000000000000e+03 1.516114115715026855e+00
4.358000000000000000e+03 1.506087779998779297e+00
4.360000000000000000e+03 1.513604760169982910e+00
4.362000000000000000e+03 1.509768009185791016e+00
4.364000000000000000e+03 1.505622625350952148e+00
4.366000000000000000e+03 1.506154656410217285e+00
4.368000000000000000e+03 1.517694950103759766e+00
4.370000000000000000e+03 1.517730355262756348e+00
4.372000000000000000e+03 1.515982389450073242e+00
4.374000000000000000e+03 1.514496803283691406e+00
4.376000000000000000e+03 1.512614130973815918e+00
4.378000000000000000e+03 1.510134458541870117e+00
4.380000000000000000e+03 1.509337186813354492e+00
4.382000000000000000e+03 1.514529466629028320e+00
4.384000000000000000e+03 1.508310079574584961e+00
4.386000000000000000e+03 1.514892458915710449e+00
4.388000000000000000e+03 1.509834766387939453e+00
4.390000000000000000e+03 1.511721849441528320e+00
4.392000000000000000e+03 1.517629384994506836e+00
4.394000000000000000e+03 1.513702750205993652e+00
4.396000000000000000e+03 1.512150406837463379e+00
4.398000000000000000e+03 1.518485903739929199e+00
4.400000000000000000e+03 1.510629296302795410e+00
4.402000000000000000e+03 1.514925718307495117e+00
4.404000000000000000e+03 1.514299869537353516e+00
4.406000000000000000e+03 1.513737440109252930e+00
4.408000000000000000e+03 1.512646436691284180e+00
4.410000000000000000e+03 1.505755662918090820e+00
4.412000000000000000e+03 1.517662882804870605e+00
4.414000000000000000e+03 1.513340950012207031e+00
4.416000000000000000e+03 1.512713313102722168e+00
4.418000000000000000e+03 1.513307452201843262e+00
4.420000000000000000e+03 1.516377687454223633e+00
4.422000000000000000e+03 1.523220300674438477e+00
4.424000000000000000e+03 1.515619516372680664e+00
4.426000000000000000e+03 1.519802212715148926e+00
4.428000000000000000e+03 1.509867668151855469e+00
4.430000000000000000e+03 1.522693753242492676e+00
4.432000000000000000e+03 1.516378998756408691e+00
4.434000000000000000e+03 1.515388011932373047e+00
4.436000000000000000e+03 1.519045710563659668e+00
4.438000000000000000e+03 1.512248992919921875e+00
4.440000000000000000e+03 1.514298796653747559e+00
4.442000000000000000e+03 1.515290141105651855e+00
4.444000000000000000e+03 1.516738057136535645e+00
4.446000000000000000e+03 1.513573765754699707e+00
4.448000000000000000e+03 1.513472795486450195e+00
4.450000000000000000e+03 1.515454292297363281e+00
4.452000000000000000e+03 1.521906256675720215e+00
4.454000000000000000e+03 1.509238243103027344e+00
4.456000000000000000e+03 1.508044481277465820e+00
4.458000000000000000e+03 1.515453934669494629e+00
4.460000000000000000e+03 1.513837575912475586e+00
4.462000000000000000e+03 1.506918668746948242e+00
4.464000000000000000e+03 1.509336471557617188e+00
4.466000000000000000e+03 1.521380186080932617e+00
4.468000000000000000e+03 1.515585780143737793e+00
4.470000000000000000e+03 1.512909412384033203e+00
4.472000000000000000e+03 1.514201045036315918e+00
4.474000000000000000e+03 1.505755305290222168e+00
4.476000000000000000e+03 1.512613058090209961e+00
4.478000000000000000e+03 1.510958909988403320e+00
4.480000000000000000e+03 1.509072780609130859e+00
4.482000000000000000e+03 1.517301440238952637e+00
4.484000000000000000e+03 1.517288208007812500e+00
4.486000000000000000e+03 1.514530420303344727e+00
4.488000000000000000e+03 1.519835352897644043e+00
4.490000000000000000e+03 1.508707880973815918e+00
4.492000000000000000e+03 1.519078493118286133e+00
4.494000000000000000e+03 1.514891982078552246e+00
4.496000000000000000e+03 1.507947802543640137e+00
4.498000000000000000e+03 1.518683552742004395e+00
4.500000000000000000e+03 1.515191674232482910e+00
4.502000000000000000e+03 1.515024304389953613e+00
4.504000000000000000e+03 1.510132908821105957e+00
4.506000000000000000e+03 1.515091419219970703e+00
4.508000000000000000e+03 1.517267346382141113e+00
4.510000000000000000e+03 1.520853161811828613e+00
4.512000000000000000e+03 1.511488318443298340e+00
4.514000000000000000e+03 1.512248754501342773e+00
4.516000000000000000e+03 1.520691633224487305e+00
4.518000000000000000e+03 1.515816330909729004e+00
4.520000000000000000e+03 1.517662286758422852e+00
4.522000000000000000e+03 1.513439655303955078e+00
4.524000000000000000e+03 1.517268061637878418e+00
4.526000000000000000e+03 1.508442640304565430e+00
4.528000000000000000e+03 1.521676421165466309e+00
4.530000000000000000e+03 1.512448430061340332e+00
4.532000000000000000e+03 1.511358022689819336e+00
4.534000000000000000e+03 1.513702988624572754e+00
4.536000000000000000e+03 1.514530062675476074e+00
4.538000000000000000e+03 1.506850838661193848e+00
4.540000000000000000e+03 1.510562539100646973e+00
4.542000000000000000e+03 1.517531037330627441e+00
4.544000000000000000e+03 1.514397859573364258e+00
4.546000000000000000e+03 1.513175606727600098e+00
4.548000000000000000e+03 1.520428061485290527e+00
4.550000000000000000e+03 1.515420913696289062e+00
4.552000000000000000e+03 1.520559906959533691e+00
4.554000000000000000e+03 1.511388301849365234e+00
4.556000000000000000e+03 1.508276224136352539e+00
4.558000000000000000e+03 1.516081690788269043e+00
4.560000000000000000e+03 1.507082462310791016e+00
4.562000000000000000e+03 1.508377194404602051e+00
4.564000000000000000e+03 1.513438582420349121e+00
4.566000000000000000e+03 1.511754989624023438e+00
4.568000000000000000e+03 1.509073138236999512e+00
4.570000000000000000e+03 1.511655092239379883e+00
4.572000000000000000e+03 1.519836306571960449e+00
4.574000000000000000e+03 1.516574263572692871e+00
4.576000000000000000e+03 1.515288949012756348e+00
4.578000000000000000e+03 1.515321969985961914e+00
4.580000000000000000e+03 1.510330796241760254e+00
4.582000000000000000e+03 1.506984472274780273e+00
4.584000000000000000e+03 1.514761328697204590e+00
4.586000000000000000e+03 1.518189668655395508e+00
4.588000000000000000e+03 1.512382864952087402e+00
4.590000000000000000e+03 1.516410589218139648e+00
4.592000000000000000e+03 1.517037153244018555e+00
4.594000000000000000e+03 1.513175368309020996e+00
4.596000000000000000e+03 1.509536266326904297e+00
4.598000000000000000e+03 1.507050752639770508e+00
4.600000000000000000e+03 1.510597109794616699e+00
4.602000000000000000e+03 1.504460573196411133e+00
4.604000000000000000e+03 1.509768724441528320e+00
4.606000000000000000e+03 1.511654973030090332e+00
4.608000000000000000e+03 1.512415647506713867e+00
4.610000000000000000e+03 1.515354514122009277e+00
4.612000000000000000e+03 1.510959982872009277e+00
4.614000000000000000e+03 1.510826826095581055e+00
4.616000000000000000e+03 1.513439774513244629e+00
4.618000000000000000e+03 1.516938686370849609e+00
4.620000000000000000e+03 1.522038340568542480e+00
4.622000000000000000e+03 1.519572019577026367e+00
4.624000000000000000e+03 1.511821031570434570e+00
4.626000000000000000e+03 1.512117862701416016e+00
4.628000000000000000e+03 1.516113877296447754e+00
4.630000000000000000e+03 1.519275307655334473e+00
4.632000000000000000e+03 1.514331817626953125e+00
4.634000000000000000e+03 1.509767889976501465e+00
4.636000000000000000e+03 1.511687755584716797e+00
4.638000000000000000e+03 1.517959713935852051e+00
4.640000000000000000e+03 1.516377806663513184e+00
4.642000000000000000e+03 1.511620879173278809e+00
4.644000000000000000e+03 1.520690560340881348e+00
4.646000000000000000e+03 1.508973121643066406e+00
4.648000000000000000e+03 1.522037148475646973e+00
4.650000000000000000e+03 1.512910962104797363e+00
4.652000000000000000e+03 1.514991760253906250e+00
4.654000000000000000e+03 1.514233350753784180e+00
4.656000000000000000e+03 1.518355250358581543e+00
4.658000000000000000e+03 1.520329475402832031e+00
4.660000000000000000e+03 1.507845759391784668e+00
4.662000000000000000e+03 1.505474686622619629e+00
4.664000000000000000e+03 1.506817817687988281e+00
4.666000000000000000e+03 1.517493724822998047e+00
4.668000000000000000e+03 1.508176565170288086e+00
4.670000000000000000e+03 1.523450493812561035e+00
4.672000000000000000e+03 1.517959475517272949e+00
4.674000000000000000e+03 1.506451725959777832e+00
4.676000000000000000e+03 1.521414279937744141e+00
4.678000000000000000e+03 1.519144773483276367e+00
4.680000000000000000e+03 1.513078212738037109e+00
4.682000000000000000e+03 1.520066022872924805e+00
4.684000000000000000e+03 1.506851077079772949e+00
4.686000000000000000e+03 1.514298200607299805e+00
4.688000000000000000e+03 1.519670963287353516e+00
4.690000000000000000e+03 1.524335622787475586e+00
4.692000000000000000e+03 1.513967990875244141e+00
4.694000000000000000e+03 1.522201538085937500e+00
4.696000000000000000e+03 1.512911796569824219e+00
4.698000000000000000e+03 1.513209342956542969e+00
4.700000000000000000e+03 1.517268896102905273e+00
4.702000000000000000e+03 1.511280536651611328e+00
4.704000000000000000e+03 1.511272788047790527e+00
4.706000000000000000e+03 1.515368223190307617e+00
4.708000000000000000e+03 1.505448937416076660e+00
4.710000000000000000e+03 1.515057444572448730e+00
4.712000000000000000e+03 1.518848538398742676e+00
4.714000000000000000e+03 1.511622309684753418e+00
4.716000000000000000e+03 1.522884011268615723e+00
4.718000000000000000e+03 1.512117028236389160e+00
4.720000000000000000e+03 1.511720538139343262e+00
4.722000000000000000e+03 1.513936042785644531e+00
4.724000000000000000e+03 1.514266252517700195e+00
4.726000000000000000e+03 1.513473033905029297e+00
4.728000000000000000e+03 1.518056273460388184e+00
4.730000000000000000e+03 1.509535312652587891e+00
4.732000000000000000e+03 1.515158057212829590e+00
4.734000000000000000e+03 1.515387177467346191e+00
4.736000000000000000e+03 1.515684962272644043e+00
4.738000000000000000e+03 1.511324405670166016e+00
4.740000000000000000e+03 1.518058180809020996e+00
4.742000000000000000e+03 1.514496088027954102e+00
4.744000000000000000e+03 1.511853575706481934e+00
4.746000000000000000e+03 1.515881657600402832e+00
4.748000000000000000e+03 1.512680292129516602e+00
4.750000000000000000e+03 1.508806467056274414e+00
4.752000000000000000e+03 1.509866714477539062e+00
4.754000000000000000e+03 1.518058180809020996e+00
4.756000000000000000e+03 1.513588428497314453e+00
4.758000000000000000e+03 1.508475184440612793e+00
4.760000000000000000e+03 1.508443117141723633e+00
4.762000000000000000e+03 1.511952400207519531e+00
4.764000000000000000e+03 1.513979434967041016e+00
4.766000000000000000e+03 1.515881061553955078e+00
4.768000000000000000e+03 1.509105801582336426e+00
4.770000000000000000e+03 1.506551861763000488e+00
4.772000000000000000e+03 1.516772747039794922e+00
4.774000000000000000e+03 1.517926216125488281e+00
4.776000000000000000e+03 1.520955562591552734e+00
4.778000000000000000e+03 1.508939862251281738e+00
4.780000000000000000e+03 1.508376121520996094e+00
4.782000000000000000e+03 1.517629861831665039e+00
4.784000000000000000e+03 1.510926604270935059e+00
4.786000000000000000e+03 1.506152272224426270e+00
4.788000000000000000e+03 1.510132074356079102e+00
4.790000000000000000e+03 1.512151122093200684e+00
4.792000000000000000e+03 1.521151065826416016e+00
4.794000000000000000e+03 1.517005920410156250e+00
4.796000000000000000e+03 1.517562866210937500e+00
4.798000000000000000e+03 1.513868570327758789e+00
4.800000000000000000e+03 1.512646913528442383e+00
4.802000000000000000e+03 1.519244909286499023e+00
4.804000000000000000e+03 1.509775876998901367e+00
4.806000000000000000e+03 1.514067888259887695e+00
4.808000000000000000e+03 1.511488676071166992e+00
4.810000000000000000e+03 1.511986017227172852e+00
4.812000000000000000e+03 1.510330080986022949e+00
4.814000000000000000e+03 1.510165333747863770e+00
4.816000000000000000e+03 1.510630130767822266e+00
4.818000000000000000e+03 1.515322208404541016e+00
4.820000000000000000e+03 1.519210219383239746e+00
4.822000000000000000e+03 1.510959267616271973e+00
4.824000000000000000e+03 1.514298439025878906e+00
4.826000000000000000e+03 1.508839964866638184e+00
4.828000000000000000e+03 1.514132261276245117e+00
4.830000000000000000e+03 1.517960429191589355e+00
4.832000000000000000e+03 1.515586018562316895e+00
4.834000000000000000e+03 1.518355846405029297e+00
4.836000000000000000e+03 1.517464399337768555e+00
4.838000000000000000e+03 1.509536981582641602e+00
4.840000000000000000e+03 1.521645307540893555e+00
4.842000000000000000e+03 1.525552392005920410e+00
4.844000000000000000e+03 1.521150112152099609e+00
4.846000000000000000e+03 1.512514591217041016e+00
4.848000000000000000e+03 1.517530441284179688e+00
4.850000000000000000e+03 1.514631390571594238e+00
4.852000000000000000e+03 1.513175010681152344e+00
4.854000000000000000e+03 1.510759830474853516e+00
4.856000000000000000e+03 1.513803124427795410e+00
4.858000000000000000e+03 1.516608357429504395e+00
4.860000000000000000e+03 1.515585303306579590e+00
4.862000000000000000e+03 1.508642077445983887e+00
4.864000000000000000e+03 1.507913589477539062e+00
4.866000000000000000e+03 1.509271740913391113e+00
4.868000000000000000e+03 1.522695422172546387e+00
4.870000000000000000e+03 1.516309499740600586e+00
4.872000000000000000e+03 1.512415647506713867e+00
4.874000000000000000e+03 1.517299652099609375e+00
4.876000000000000000e+03 1.514990925788879395e+00
4.878000000000000000e+03 1.508840084075927734e+00
4.880000000000000000e+03 1.516608834266662598e+00
4.882000000000000000e+03 1.512415409088134766e+00
4.884000000000000000e+03 1.515586972236633301e+00
4.886000000000000000e+03 1.508941531181335449e+00
4.888000000000000000e+03 1.513606309890747070e+00
4.890000000000000000e+03 1.516378164291381836e+00
4.892000000000000000e+03 1.509768009185791016e+00
4.894000000000000000e+03 1.507350683212280273e+00
4.896000000000000000e+03 1.513505578041076660e+00
4.898000000000000000e+03 1.511985778808593750e+00
4.900000000000000000e+03 1.525057196617126465e+00
4.902000000000000000e+03 1.513802170753479004e+00
4.904000000000000000e+03 1.510928869247436523e+00
4.906000000000000000e+03 1.517101287841796875e+00
4.908000000000000000e+03 1.514628887176513672e+00
4.910000000000000000e+03 1.511621594429016113e+00
4.912000000000000000e+03 1.515024065971374512e+00
4.914000000000000000e+03 1.515191197395324707e+00
4.916000000000000000e+03 1.508177757263183594e+00
4.918000000000000000e+03 1.514629125595092773e+00
4.920000000000000000e+03 1.511721611022949219e+00
4.922000000000000000e+03 1.524992346763610840e+00
4.924000000000000000e+03 1.514331698417663574e+00
4.926000000000000000e+03 1.521250963211059570e+00
4.928000000000000000e+03 1.508939862251281738e+00
4.930000000000000000e+03 1.513702988624572754e+00
4.932000000000000000e+03 1.513868093490600586e+00
4.934000000000000000e+03 1.515322804450988770e+00
4.936000000000000000e+03 1.510928511619567871e+00
4.938000000000000000e+03 1.510496973991394043e+00
4.940000000000000000e+03 1.509734392166137695e+00
4.942000000000000000e+03 1.518848538398742676e+00
4.944000000000000000e+03 1.519539356231689453e+00
4.946000000000000000e+03 1.510166406631469727e+00
4.948000000000000000e+03 1.517466068267822266e+00
4.950000000000000000e+03 1.517662644386291504e+00
4.952000000000000000e+03 1.506056189537048340e+00
4.954000000000000000e+03 1.512780070304870605e+00
4.956000000000000000e+03 1.513835787773132324e+00
4.958000000000000000e+03 1.519737124443054199e+00
4.960000000000000000e+03 1.521085619926452637e+00
4.962000000000000000e+03 1.513407111167907715e+00
4.964000000000000000e+03 1.521413087844848633e+00
4.966000000000000000e+03 1.512018322944641113e+00
4.968000000000000000e+03 1.513307094573974609e+00
4.970000000000000000e+03 1.512547254562377930e+00
4.972000000000000000e+03 1.510297656059265137e+00
4.974000000000000000e+03 1.515550732612609863e+00
4.976000000000000000e+03 1.514793276786804199e+00
4.978000000000000000e+03 1.520659446716308594e+00
4.980000000000000000e+03 1.513340353965759277e+00
4.982000000000000000e+03 1.509901881217956543e+00
4.984000000000000000e+03 1.512942552566528320e+00
4.986000000000000000e+03 1.509902715682983398e+00
4.988000000000000000e+03 1.521643757820129395e+00
4.990000000000000000e+03 1.522530436515808105e+00
4.992000000000000000e+03 1.510827898979187012e+00
4.994000000000000000e+03 1.518256545066833496e+00
4.996000000000000000e+03 1.512415528297424316e+00
4.998000000000000000e+03 1.509172797203063965e+00
5.000000000000000000e+03 1.516577363014221191e+00
5.002000000000000000e+03 1.508212447166442871e+00
5.004000000000000000e+03 1.509997487068176270e+00
5.006000000000000000e+03 1.513174891471862793e+00
5.008000000000000000e+03 1.510761618614196777e+00
5.010000000000000000e+03 1.511224508285522461e+00
5.012000000000000000e+03 1.514135003089904785e+00
5.014000000000000000e+03 1.517532706260681152e+00
5.016000000000000000e+03 1.521512150764465332e+00
5.018000000000000000e+03 1.513603091239929199e+00
5.020000000000000000e+03 1.512249469757080078e+00
5.022000000000000000e+03 1.513209700584411621e+00
5.024000000000000000e+03 1.519539833068847656e+00
5.026000000000000000e+03 1.511754751205444336e+00
5.028000000000000000e+03 1.513043522834777832e+00
5.030000000000000000e+03 1.509735465049743652e+00
5.032000000000000000e+03 1.511654734611511230e+00
5.034000000000000000e+03 1.514266014099121094e+00
5.036000000000000000e+03 1.511091828346252441e+00
5.038000000000000000e+03 1.512944102287292480e+00
5.040000000000000000e+03 1.514098048210144043e+00
5.042000000000000000e+03 1.512809514999389648e+00
5.044000000000000000e+03 1.516674637794494629e+00
5.046000000000000000e+03 1.521273374557495117e+00
5.048000000000000000e+03 1.514760375022888184e+00
5.050000000000000000e+03 1.515575647354125977e+00
5.052000000000000000e+03 1.516008019447326660e+00
5.054000000000000000e+03 1.515526413917541504e+00
5.056000000000000000e+03 1.514267086982727051e+00
5.058000000000000000e+03 1.514761447906494141e+00
5.060000000000000000e+03 1.512812376022338867e+00
5.062000000000000000e+03 1.512460350990295410e+00
5.064000000000000000e+03 1.510323643684387207e+00
5.066000000000000000e+03 1.515189409255981445e+00
5.068000000000000000e+03 1.509602785110473633e+00
5.070000000000000000e+03 1.516773104667663574e+00
5.072000000000000000e+03 1.522826671600341797e+00
5.074000000000000000e+03 1.508509397506713867e+00
5.076000000000000000e+03 1.512415170669555664e+00
5.078000000000000000e+03 1.504992127418518066e+00
5.080000000000000000e+03 1.515196800231933594e+00
5.082000000000000000e+03 1.516272902488708496e+00
5.084000000000000000e+03 1.510629534721374512e+00
5.086000000000000000e+03 1.516032218933105469e+00
5.088000000000000000e+03 1.516871571540832520e+00
5.090000000000000000e+03 1.510496258735656738e+00
5.092000000000000000e+03 1.504989624023437500e+00
5.094000000000000000e+03 1.510630249977111816e+00
5.096000000000000000e+03 1.515454053878784180e+00
5.098000000000000000e+03 1.511984705924987793e+00
5.100000000000000000e+03 1.508011221885681152e+00
5.102000000000000000e+03 1.522004842758178711e+00
5.104000000000000000e+03 1.512515306472778320e+00
5.106000000000000000e+03 1.507712483406066895e+00
5.108000000000000000e+03 1.510099768638610840e+00
5.110000000000000000e+03 1.517201542854309082e+00
5.112000000000000000e+03 1.508674860000610352e+00
5.114000000000000000e+03 1.520133137702941895e+00
5.116000000000000000e+03 1.510827302932739258e+00
5.118000000000000000e+03 1.507778763771057129e+00
5.120000000000000000e+03 1.508842945098876953e+00
5.122000000000000000e+03 1.510597348213195801e+00
5.124000000000000000e+03 1.513736367225646973e+00
5.126000000000000000e+03 1.515585780143737793e+00
5.128000000000000000e+03 1.509337782859802246e+00
5.130000000000000000e+03 1.512547731399536133e+00
5.132000000000000000e+03 1.512943029403686523e+00
5.134000000000000000e+03 1.512116909027099609e+00
5.136000000000000000e+03 1.515286564826965332e+00
5.138000000000000000e+03 1.513572692871093750e+00
5.140000000000000000e+03 1.514661788940429688e+00
5.142000000000000000e+03 1.519836068153381348e+00
5.144000000000000000e+03 1.514231920242309570e+00
5.146000000000000000e+03 1.515586614608764648e+00
5.148000000000000000e+03 1.512072801589965820e+00
5.150000000000000000e+03 1.516905069351196289e+00
5.152000000000000000e+03 1.509339451789855957e+00
5.154000000000000000e+03 1.514662504196166992e+00
5.156000000000000000e+03 1.511291146278381348e+00
5.158000000000000000e+03 1.509604573249816895e+00
5.160000000000000000e+03 1.511188864707946777e+00
5.162000000000000000e+03 1.512416124343872070e+00
5.164000000000000000e+03 1.513704061508178711e+00
5.166000000000000000e+03 1.521261572837829590e+00
5.168000000000000000e+03 1.517806053161621094e+00
5.170000000000000000e+03 1.509072422981262207e+00
5.172000000000000000e+03 1.520165801048278809e+00
5.174000000000000000e+03 1.512117028236389160e+00
5.176000000000000000e+03 1.517397999763488770e+00
5.178000000000000000e+03 1.518694758415222168e+00
5.180000000000000000e+03 1.510594725608825684e+00
5.182000000000000000e+03 1.506949424743652344e+00
5.184000000000000000e+03 1.518354296684265137e+00
5.186000000000000000e+03 1.504727125167846680e+00
5.188000000000000000e+03 1.509072065353393555e+00
5.190000000000000000e+03 1.511159181594848633e+00
5.192000000000000000e+03 1.520724654197692871e+00
5.194000000000000000e+03 1.520198941230773926e+00
5.196000000000000000e+03 1.512251138687133789e+00
5.198000000000000000e+03 1.511324524879455566e+00
5.200000000000000000e+03 1.506186127662658691e+00
5.202000000000000000e+03 1.516112208366394043e+00
5.204000000000000000e+03 1.512812256813049316e+00
5.206000000000000000e+03 1.512414813041687012e+00
5.208000000000000000e+03 1.513819456100463867e+00
5.210000000000000000e+03 1.522918343544006348e+00
5.212000000000000000e+03 1.520820736885070801e+00
5.214000000000000000e+03 1.512018203735351562e+00
5.216000000000000000e+03 1.509074091911315918e+00
5.218000000000000000e+03 1.511622071266174316e+00
5.220000000000000000e+03 1.513570427894592285e+00
5.222000000000000000e+03 1.519143462181091309e+00
5.224000000000000000e+03 1.511092066764831543e+00
5.226000000000000000e+03 1.518978118896484375e+00
5.228000000000000000e+03 1.521248698234558105e+00
5.230000000000000000e+03 1.516939878463745117e+00
5.232000000000000000e+03 1.513472795486450195e+00
5.234000000000000000e+03 1.514098525047302246e+00
5.236000000000000000e+03 1.514333009719848633e+00
5.238000000000000000e+03 1.516080141067504883e+00
5.240000000000000000e+03 1.519735813140869141e+00
5.242000000000000000e+03 1.514760971069335938e+00
5.244000000000000000e+03 1.519375324249267578e+00
5.246000000000000000e+03 1.514101624488830566e+00
5.248000000000000000e+03 1.505590081214904785e+00
5.250000000000000000e+03 1.514398574829101562e+00
5.252000000000000000e+03 1.511224746704101562e+00
5.254000000000000000e+03 1.520197629928588867e+00
5.256000000000000000e+03 1.509396195411682129e+00
5.258000000000000000e+03 1.507780075073242188e+00
5.260000000000000000e+03 1.514034628868103027e+00
5.262000000000000000e+03 1.519539356231689453e+00
5.264000000000000000e+03 1.511813163757324219e+00
5.266000000000000000e+03 1.514925122261047363e+00
5.268000000000000000e+03 1.511058688163757324e+00
5.270000000000000000e+03 1.524859428405761719e+00
5.272000000000000000e+03 1.523745894432067871e+00
5.274000000000000000e+03 1.509501457214355469e+00
5.276000000000000000e+03 1.512150406837463379e+00
5.278000000000000000e+03 1.507148742675781250e+00
5.280000000000000000e+03 1.509601593017578125e+00
5.282000000000000000e+03 1.518749833106994629e+00
5.284000000000000000e+03 1.510828375816345215e+00
5.286000000000000000e+03 1.510565400123596191e+00
5.288000000000000000e+03 1.512414693832397461e+00
5.290000000000000000e+03 1.516376614570617676e+00
5.292000000000000000e+03 1.513480544090270996e+00
5.294000000000000000e+03 1.511059403419494629e+00
5.296000000000000000e+03 1.509237766265869141e+00
5.298000000000000000e+03 1.510263442993164062e+00
5.300000000000000000e+03 1.509637832641601562e+00
5.302000000000000000e+03 1.507481336593627930e+00
5.304000000000000000e+03 1.514762759208679199e+00
5.306000000000000000e+03 1.511985659599304199e+00
5.308000000000000000e+03 1.512490630149841309e+00
5.310000000000000000e+03 1.515388131141662598e+00
5.312000000000000000e+03 1.512911081314086914e+00
5.314000000000000000e+03 1.512018084526062012e+00
5.316000000000000000e+03 1.512019276618957520e+00
5.318000000000000000e+03 1.507747054100036621e+00
5.320000000000000000e+03 1.513175725936889648e+00
5.322000000000000000e+03 1.512912631034851074e+00
5.324000000000000000e+03 1.509005665779113770e+00
5.326000000000000000e+03 1.506583452224731445e+00
5.328000000000000000e+03 1.517794013023376465e+00
5.330000000000000000e+03 1.510065674781799316e+00
5.332000000000000000e+03 1.513009905815124512e+00
5.334000000000000000e+03 1.515455722808837891e+00
5.336000000000000000e+03 1.514725923538208008e+00
5.338000000000000000e+03 1.516739487648010254e+00
5.340000000000000000e+03 1.505854964256286621e+00
5.342000000000000000e+03 1.511487245559692383e+00
5.344000000000000000e+03 1.514099478721618652e+00
5.346000000000000000e+03 1.518783330917358398e+00
5.348000000000000000e+03 1.509766936302185059e+00
5.350000000000000000e+03 1.512448430061340332e+00
5.352000000000000000e+03 1.515321731567382812e+00
5.354000000000000000e+03 1.511059999465942383e+00
5.356000000000000000e+03 1.511754155158996582e+00
5.358000000000000000e+03 1.518878936767578125e+00
5.360000000000000000e+03 1.509336948394775391e+00
5.362000000000000000e+03 1.507779598236083984e+00
5.364000000000000000e+03 1.513406157493591309e+00
5.366000000000000000e+03 1.520329713821411133e+00
5.368000000000000000e+03 1.518715381622314453e+00
5.370000000000000000e+03 1.512679576873779297e+00
5.372000000000000000e+03 1.519144415855407715e+00
5.374000000000000000e+03 1.516641139984130859e+00
5.376000000000000000e+03 1.514261960983276367e+00
5.378000000000000000e+03 1.516377329826354980e+00
5.380000000000000000e+03 1.514032125473022461e+00
5.382000000000000000e+03 1.512116909027099609e+00
5.384000000000000000e+03 1.516146779060363770e+00
5.386000000000000000e+03 1.510928511619567871e+00
5.388000000000000000e+03 1.518353939056396484e+00
5.390000000000000000e+03 1.511488795280456543e+00
5.392000000000000000e+03 1.512184381484985352e+00
5.394000000000000000e+03 1.513935327529907227e+00
5.396000000000000000e+03 1.514892220497131348e+00
5.398000000000000000e+03 1.516509771347045898e+00
5.400000000000000000e+03 1.515621423721313477e+00
5.402000000000000000e+03 1.506353497505187988e+00
5.404000000000000000e+03 1.514298677444458008e+00
5.406000000000000000e+03 1.518979430198669434e+00
5.408000000000000000e+03 1.508675932884216309e+00
5.410000000000000000e+03 1.520723700523376465e+00
5.412000000000000000e+03 1.508973956108093262e+00
5.414000000000000000e+03 1.508642911911010742e+00
5.416000000000000000e+03 1.514034748077392578e+00
5.418000000000000000e+03 1.520329117774963379e+00
5.420000000000000000e+03 1.504193782806396484e+00
5.422000000000000000e+03 1.515618920326232910e+00
5.424000000000000000e+03 1.512813806533813477e+00
5.426000000000000000e+03 1.515452504158020020e+00
5.428000000000000000e+03 1.515420317649841309e+00
5.430000000000000000e+03 1.513409018516540527e+00
5.432000000000000000e+03 1.512812137603759766e+00
5.434000000000000000e+03 1.513592362403869629e+00
5.436000000000000000e+03 1.515387296676635742e+00
5.438000000000000000e+03 1.518455028533935547e+00
5.440000000000000000e+03 1.515025019645690918e+00
5.442000000000000000e+03 1.504958510398864746e+00
5.444000000000000000e+03 1.510928034782409668e+00
5.446000000000000000e+03 1.516476869583129883e+00
5.448000000000000000e+03 1.517201542854309082e+00
5.450000000000000000e+03 1.510828614234924316e+00
5.452000000000000000e+03 1.512248992919921875e+00
5.454000000000000000e+03 1.508675336837768555e+00
5.456000000000000000e+03 1.518585085868835449e+00
5.458000000000000000e+03 1.510663032531738281e+00
5.460000000000000000e+03 1.517298936843872070e+00
5.462000000000000000e+03 1.514134883880615234e+00
5.464000000000000000e+03 1.511555552482604980e+00
5.466000000000000000e+03 1.511985778808593750e+00
5.468000000000000000e+03 1.510694503784179688e+00
5.470000000000000000e+03 1.516211271286010742e+00
5.472000000000000000e+03 1.515718221664428711e+00
5.474000000000000000e+03 1.513705611228942871e+00
5.476000000000000000e+03 1.515157699584960938e+00
5.478000000000000000e+03 1.510629057884216309e+00
5.480000000000000000e+03 1.510828137397766113e+00
5.482000000000000000e+03 1.514033555984497070e+00
5.484000000000000000e+03 1.513241291046142578e+00
5.486000000000000000e+03 1.513834834098815918e+00
5.488000000000000000e+03 1.514793038368225098e+00
5.490000000000000000e+03 1.515190243721008301e+00
5.492000000000000000e+03 1.508674979209899902e+00
5.494000000000000000e+03 1.516869783401489258e+00
5.496000000000000000e+03 1.507679939270019531e+00
5.498000000000000000e+03 1.512647032737731934e+00
5.500000000000000000e+03 1.517199754714965820e+00
5.502000000000000000e+03 1.507614612579345703e+00
5.504000000000000000e+03 1.515024304389953613e+00
5.506000000000000000e+03 1.507347822189331055e+00
5.508000000000000000e+03 1.508277773857116699e+00
5.510000000000000000e+03 1.514925479888916016e+00
5.512000000000000000e+03 1.516211867332458496e+00
5.514000000000000000e+03 1.510165572166442871e+00
5.516000000000000000e+03 1.507349014282226562e+00
5.518000000000000000e+03 1.522892951965332031e+00
5.520000000000000000e+03 1.509635925292968750e+00
5.522000000000000000e+03 1.511357307434082031e+00
5.524000000000000000e+03 1.513307094573974609e+00
5.526000000000000000e+03 1.509570121765136719e+00
5.528000000000000000e+03 1.515685200691223145e+00
5.530000000000000000e+03 1.515982151031494141e+00
5.532000000000000000e+03 1.514826655387878418e+00
5.534000000000000000e+03 1.517629384994506836e+00
5.536000000000000000e+03 1.517993688583374023e+00
5.538000000000000000e+03 1.507647395133972168e+00
5.540000000000000000e+03 1.511853098869323730e+00
5.542000000000000000e+03 1.507780671119689941e+00
5.544000000000000000e+03 1.520362496376037598e+00
5.546000000000000000e+03 1.507778644561767578e+00
5.548000000000000000e+03 1.511721014976501465e+00
5.550000000000000000e+03 1.516147136688232422e+00
5.552000000000000000e+03 1.509636044502258301e+00
5.554000000000000000e+03 1.508509159088134766e+00
5.556000000000000000e+03 1.519143462181091309e+00
5.558000000000000000e+03 1.512647151947021484e+00
5.560000000000000000e+03 1.522299528121948242e+00
5.562000000000000000e+03 1.509901881217956543e+00
5.564000000000000000e+03 1.512150526046752930e+00
5.566000000000000000e+03 1.515684247016906738e+00
5.568000000000000000e+03 1.518849253654479980e+00
5.570000000000000000e+03 1.519538879394531250e+00
5.572000000000000000e+03 1.514265537261962891e+00
5.574000000000000000e+03 1.516773223876953125e+00
5.576000000000000000e+03 1.517827749252319336e+00
5.578000000000000000e+03 1.510264992713928223e+00
5.580000000000000000e+03 1.512646436691284180e+00
5.582000000000000000e+03 1.511061310768127441e+00
5.584000000000000000e+03 1.513173937797546387e+00
5.586000000000000000e+03 1.516059398651123047e+00
5.588000000000000000e+03 1.519114255905151367e+00
5.590000000000000000e+03 1.514264941215515137e+00
5.592000000000000000e+03 1.506619572639465332e+00
5.594000000000000000e+03 1.505656599998474121e+00
5.596000000000000000e+03 1.512880921363830566e+00
5.598000000000000000e+03 1.516047954559326172e+00
5.600000000000000000e+03 1.509369492530822754e+00
5.602000000000000000e+03 1.507082462310791016e+00
5.604000000000000000e+03 1.511157512664794922e+00
5.606000000000000000e+03 1.507645010948181152e+00
5.608000000000000000e+03 1.507680296897888184e+00
5.610000000000000000e+03 1.514629006385803223e+00
5.612000000000000000e+03 1.511918663978576660e+00
5.614000000000000000e+03 1.511356472969055176e+00
5.616000000000000000e+03 1.512247800827026367e+00
5.618000000000000000e+03 1.513572335243225098e+00
5.620000000000000000e+03 1.513573884963989258e+00
5.622000000000000000e+03 1.518223762512207031e+00
5.624000000000000000e+03 1.512282609939575195e+00
5.626000000000000000e+03 1.514299392700195312e+00
5.628000000000000000e+03 1.510430455207824707e+00
5.630000000000000000e+03 1.507913112640380859e+00
5.632000000000000000e+03 1.518747925758361816e+00
5.634000000000000000e+03 1.518056631088256836e+00
5.636000000000000000e+03 1.511755466461181641e+00
5.638000000000000000e+03 1.514628171920776367e+00
5.640000000000000000e+03 1.509370803833007812e+00
5.642000000000000000e+03 1.510593056678771973e+00
5.644000000000000000e+03 1.520723700523376465e+00
5.646000000000000000e+03 1.517033696174621582e+00
5.648000000000000000e+03 1.517563462257385254e+00
5.650000000000000000e+03 1.512414097785949707e+00
5.652000000000000000e+03 1.512812137603759766e+00
5.654000000000000000e+03 1.509271860122680664e+00
5.656000000000000000e+03 1.510432124137878418e+00
5.658000000000000000e+03 1.507517457008361816e+00
5.660000000000000000e+03 1.518221616744995117e+00
5.662000000000000000e+03 1.516773700714111328e+00
5.664000000000000000e+03 1.514660835266113281e+00
5.666000000000000000e+03 1.509901285171508789e+00
5.668000000000000000e+03 1.506819128990173340e+00
5.670000000000000000e+03 1.512647151947021484e+00
5.672000000000000000e+03 1.514662027359008789e+00
5.674000000000000000e+03 1.508574247360229492e+00
5.676000000000000000e+03 1.515290260314941406e+00
5.678000000000000000e+03 1.513441681861877441e+00
5.680000000000000000e+03 1.512646913528442383e+00
5.682000000000000000e+03 1.513935089111328125e+00
5.684000000000000000e+03 1.513870477676391602e+00
5.686000000000000000e+03 1.513473749160766602e+00
5.688000000000000000e+03 1.515289664268493652e+00
5.690000000000000000e+03 1.512812018394470215e+00
5.692000000000000000e+03 1.517958998680114746e+00
5.694000000000000000e+03 1.507348537445068359e+00
5.696000000000000000e+03 1.512117743492126465e+00
5.698000000000000000e+03 1.521251440048217773e+00
5.700000000000000000e+03 1.516211509704589844e+00
5.702000000000000000e+03 1.519571900367736816e+00
5.704000000000000000e+03 1.519013643264770508e+00
5.706000000000000000e+03 1.515156626701354980e+00
5.708000000000000000e+03 1.520066976547241211e+00
5.710000000000000000e+03 1.510131120681762695e+00
5.712000000000000000e+03 1.515536785125732422e+00
5.714000000000000000e+03 1.517859458923339844e+00
5.716000000000000000e+03 1.520822048187255859e+00
5.718000000000000000e+03 1.512761950492858887e+00
5.720000000000000000e+03 1.512874960899353027e+00
5.722000000000000000e+03 1.516080498695373535e+00
5.724000000000000000e+03 1.523090004920959473e+00
5.726000000000000000e+03 1.507944822311401367e+00
5.728000000000000000e+03 1.515729904174804688e+00
5.730000000000000000e+03 1.510589122772216797e+00
5.732000000000000000e+03 1.515750408172607422e+00
5.734000000000000000e+03 1.515288591384887695e+00
5.736000000000000000e+03 1.512283444404602051e+00
5.738000000000000000e+03 1.505888700485229492e+00
5.740000000000000000e+03 1.514234066009521484e+00
5.742000000000000000e+03 1.512247920036315918e+00
5.744000000000000000e+03 1.515552520751953125e+00
5.746000000000000000e+03 1.506654381752014160e+00
5.748000000000000000e+03 1.512879967689514160e+00
5.750000000000000000e+03 1.524136543273925781e+00
5.752000000000000000e+03 1.522695302963256836e+00
5.754000000000000000e+03 1.517301321029663086e+00
5.756000000000000000e+03 1.514629244804382324e+00
5.758000000000000000e+03 1.513569831848144531e+00
5.760000000000000000e+03 1.520821809768676758e+00
5.762000000000000000e+03 1.515519738197326660e+00
5.764000000000000000e+03 1.512614846229553223e+00
5.766000000000000000e+03 1.518685221672058105e+00
5.768000000000000000e+03 1.511819958686828613e+00
5.770000000000000000e+03 1.518257737159729004e+00
5.772000000000000000e+03 1.516870617866516113e+00
5.774000000000000000e+03 1.515585541725158691e+00
5.776000000000000000e+03 1.518191337585449219e+00
5.778000000000000000e+03 1.510130882263183594e+00
5.780000000000000000e+03 1.507744550704956055e+00
5.782000000000000000e+03 1.509337306022644043e+00
5.784000000000000000e+03 1.515585064888000488e+00
5.786000000000000000e+03 1.513076186180114746e+00
5.788000000000000000e+03 1.518057584762573242e+00
5.790000000000000000e+03 1.515089392662048340e+00
5.792000000000000000e+03 1.518256187438964844e+00
5.794000000000000000e+03 1.510131120681762695e+00
5.796000000000000000e+03 1.514396905899047852e+00
5.798000000000000000e+03 1.510133385658264160e+00
5.800000000000000000e+03 1.513044714927673340e+00
5.802000000000000000e+03 1.514003276824951172e+00
5.804000000000000000e+03 1.516146421432495117e+00
5.806000000000000000e+03 1.516080021858215332e+00
5.808000000000000000e+03 1.509637355804443359e+00
5.810000000000000000e+03 1.510099530220031738e+00
5.812000000000000000e+03 1.509834766387939453e+00
5.814000000000000000e+03 1.516147613525390625e+00
5.816000000000000000e+03 1.514297723770141602e+00
5.818000000000000000e+03 1.515554785728454590e+00
5.820000000000000000e+03 1.519274234771728516e+00
5.822000000000000000e+03 1.510530829429626465e+00
5.824000000000000000e+03 1.507514476776123047e+00
5.826000000000000000e+03 1.513967633247375488e+00
5.828000000000000000e+03 1.514497876167297363e+00
5.830000000000000000e+03 1.510959029197692871e+00
5.832000000000000000e+03 1.524268627166748047e+00
5.834000000000000000e+03 1.515583157539367676e+00
5.836000000000000000e+03 1.510530591011047363e+00
5.838000000000000000e+03 1.519835114479064941e+00
5.840000000000000000e+03 1.510396599769592285e+00
5.842000000000000000e+03 1.508808374404907227e+00
5.844000000000000000e+03 1.510830640792846680e+00
5.846000000000000000e+03 1.514296531677246094e+00
5.848000000000000000e+03 1.503795981407165527e+00
5.850000000000000000e+03 1.512943148612976074e+00
5.852000000000000000e+03 1.513804197311401367e+00
5.854000000000000000e+03 1.515552997589111328e+00
5.856000000000000000e+03 1.510961413383483887e+00
5.858000000000000000e+03 1.514529466629028320e+00
5.860000000000000000e+03 1.511059403419494629e+00
5.862000000000000000e+03 1.524137377738952637e+00
5.864000000000000000e+03 1.513405799865722656e+00
5.866000000000000000e+03 1.516773581504821777e+00
5.868000000000000000e+03 1.515618562698364258e+00
5.870000000000000000e+03 1.514991760253906250e+00
5.872000000000000000e+03 1.519113302230834961e+00
5.874000000000000000e+03 1.513439655303955078e+00
5.876000000000000000e+03 1.512712121009826660e+00
5.878000000000000000e+03 1.506452679634094238e+00
5.880000000000000000e+03 1.509039878845214844e+00
5.882000000000000000e+03 1.515454173088073730e+00
5.884000000000000000e+03 1.518881320953369141e+00
5.886000000000000000e+03 1.514893770217895508e+00
5.888000000000000000e+03 1.512151002883911133e+00
5.890000000000000000e+03 1.511887311935424805e+00
5.892000000000000000e+03 1.514793992042541504e+00
5.894000000000000000e+03 1.520066022872924805e+00
5.896000000000000000e+03 1.516870856285095215e+00
5.898000000000000000e+03 1.516772031784057617e+00
5.900000000000000000e+03 1.511323094367980957e+00
5.902000000000000000e+03 1.507581353187561035e+00
5.904000000000000000e+03 1.512514710426330566e+00
5.906000000000000000e+03 1.513802647590637207e+00
5.908000000000000000e+03 1.515882015228271484e+00
5.910000000000000000e+03 1.517398715019226074e+00
5.912000000000000000e+03 1.514893293380737305e+00
5.914000000000000000e+03 1.511060357093811035e+00
5.916000000000000000e+03 1.511721611022949219e+00
5.918000000000000000e+03 1.517455339431762695e+00
5.920000000000000000e+03 1.506263494491577148e+00
5.922000000000000000e+03 1.510563492774963379e+00
5.924000000000000000e+03 1.508707642555236816e+00
5.926000000000000000e+03 1.514032721519470215e+00
5.928000000000000000e+03 1.512813091278076172e+00
5.930000000000000000e+03 1.514628052711486816e+00
5.932000000000000000e+03 1.507880330085754395e+00
5.934000000000000000e+03 1.509120821952819824e+00
5.936000000000000000e+03 1.519572496414184570e+00
5.938000000000000000e+03 1.515586256980895996e+00
5.940000000000000000e+03 1.521347761154174805e+00
5.942000000000000000e+03 1.512415528297424316e+00
5.944000000000000000e+03 1.517136454582214355e+00
5.946000000000000000e+03 1.517497420310974121e+00
5.948000000000000000e+03 1.516574263572692871e+00
5.950000000000000000e+03 1.512108325958251953e+00
5.952000000000000000e+03 1.517431020736694336e+00
5.954000000000000000e+03 1.515058398246765137e+00
5.956000000000000000e+03 1.517530679702758789e+00
5.958000000000000000e+03 1.515559434890747070e+00
5.960000000000000000e+03 1.515843629837036133e+00
5.962000000000000000e+03 1.514133572578430176e+00
5.964000000000000000e+03 1.508576750755310059e+00
5.966000000000000000e+03 1.511587500572204590e+00
5.968000000000000000e+03 1.515455484390258789e+00
5.970000000000000000e+03 1.520067095756530762e+00
5.972000000000000000e+03 1.517269134521484375e+00
5.974000000000000000e+03 1.515948772430419922e+00
5.976000000000000000e+03 1.512778162956237793e+00
5.978000000000000000e+03 1.522793054580688477e+00
5.980000000000000000e+03 1.518059968948364258e+00
5.982000000000000000e+03 1.513207435607910156e+00
5.984000000000000000e+03 1.519539356231689453e+00
5.986000000000000000e+03 1.514032959938049316e+00
5.988000000000000000e+03 1.515290975570678711e+00
5.990000000000000000e+03 1.513042926788330078e+00
5.992000000000000000e+03 1.510761857032775879e+00
5.994000000000000000e+03 1.518354654312133789e+00
5.996000000000000000e+03 1.520657896995544434e+00
5.998000000000000000e+03 1.521742701530456543e+00
6.000000000000000000e+03 1.514068722724914551e+00
6.002000000000000000e+03 1.513472318649291992e+00
6.004000000000000000e+03 1.513307690620422363e+00
6.006000000000000000e+03 1.512383103370666504e+00
6.008000000000000000e+03 1.516077995300292969e+00
6.010000000000000000e+03 1.519241690635681152e+00
6.012000000000000000e+03 1.509901881217956543e+00
6.014000000000000000e+03 1.516080498695373535e+00
6.016000000000000000e+03 1.510959506034851074e+00
6.018000000000000000e+03 1.510795235633850098e+00
6.020000000000000000e+03 1.511025786399841309e+00
6.022000000000000000e+03 1.519538760185241699e+00
6.024000000000000000e+03 1.515287995338439941e+00
6.026000000000000000e+03 1.517664432525634766e+00
6.028000000000000000e+03 1.515585541725158691e+00
6.030000000000000000e+03 1.513606071472167969e+00
6.032000000000000000e+03 1.516970992088317871e+00
6.034000000000000000e+03 1.514231681823730469e+00
6.036000000000000000e+03 1.519932746887207031e+00
6.038000000000000000e+03 1.511455535888671875e+00
6.040000000000000000e+03 1.514529705047607422e+00
6.042000000000000000e+03 1.513445854187011719e+00
6.044000000000000000e+03 1.524138927459716797e+00
6.046000000000000000e+03 1.518353223800659180e+00
6.048000000000000000e+03 1.517432570457458496e+00
6.050000000000000000e+03 1.509536027908325195e+00
6.052000000000000000e+03 1.514628529548645020e+00
6.054000000000000000e+03 1.517399072647094727e+00
6.056000000000000000e+03 1.512217402458190918e+00
6.058000000000000000e+03 1.513769745826721191e+00
6.060000000000000000e+03 1.513042330741882324e+00
6.062000000000000000e+03 1.514231920242309570e+00
6.064000000000000000e+03 1.510960340499877930e+00
6.066000000000000000e+03 1.516080141067504883e+00
6.068000000000000000e+03 1.519933938980102539e+00
6.070000000000000000e+03 1.512943506240844727e+00
6.072000000000000000e+03 1.511456727981567383e+00
6.074000000000000000e+03 1.510794401168823242e+00
6.076000000000000000e+03 1.511952161788940430e+00
6.078000000000000000e+03 1.508940458297729492e+00
6.080000000000000000e+03 1.513440251350402832e+00
6.082000000000000000e+03 1.508276224136352539e+00
6.084000000000000000e+03 1.514628648757934570e+00
6.086000000000000000e+03 1.506452798843383789e+00
6.088000000000000000e+03 1.512184023857116699e+00
6.090000000000000000e+03 1.508972406387329102e+00
6.092000000000000000e+03 1.523712992668151855e+00
6.094000000000000000e+03 1.513075947761535645e+00
6.096000000000000000e+03 1.518025159835815430e+00
6.098000000000000000e+03 1.512911319732666016e+00
6.100000000000000000e+03 1.511026740074157715e+00
6.102000000000000000e+03 1.517399191856384277e+00
6.104000000000000000e+03 1.521479725837707520e+00
6.106000000000000000e+03 1.507746219635009766e+00
6.108000000000000000e+03 1.521249413490295410e+00
6.110000000000000000e+03 1.510959863662719727e+00
6.112000000000000000e+03 1.511985063552856445e+00
6.114000000000000000e+03 1.512744903564453125e+00
6.116000000000000000e+03 1.511985778808593750e+00
6.118000000000000000e+03 1.516180276870727539e+00
6.120000000000000000e+03 1.510165452957153320e+00
6.122000000000000000e+03 1.519737124443054199e+00
6.124000000000000000e+03 1.514926433563232422e+00
6.126000000000000000e+03 1.519375801086425781e+00
6.128000000000000000e+03 1.513737916946411133e+00
6.130000000000000000e+03 1.520691514015197754e+00
6.132000000000000000e+03 1.518519282341003418e+00
6.134000000000000000e+03 1.512647271156311035e+00
6.136000000000000000e+03 1.516773223876953125e+00
6.138000000000000000e+03 1.509735941886901855e+00
6.140000000000000000e+03 1.520559310913085938e+00
6.142000000000000000e+03 1.515619158744812012e+00
6.144000000000000000e+03 1.511887073516845703e+00
6.146000000000000000e+03 1.508642435073852539e+00
6.148000000000000000e+03 1.510928034782409668e+00
6.150000000000000000e+03 1.509768009185791016e+00
6.152000000000000000e+03 1.503131270408630371e+00
6.154000000000000000e+03 1.513175964355468750e+00
6.156000000000000000e+03 1.514067530632019043e+00
6.158000000000000000e+03 1.513604521751403809e+00
6.160000000000000000e+03 1.516607880592346191e+00
6.162000000000000000e+03 1.519046068191528320e+00
6.164000000000000000e+03 1.512283325195312500e+00
6.166000000000000000e+03 1.515948891639709473e+00
6.168000000000000000e+03 1.514496207237243652e+00
6.170000000000000000e+03 1.518091320991516113e+00
6.172000000000000000e+03 1.509271621704101562e+00
6.174000000000000000e+03 1.516872763633728027e+00
6.176000000000000000e+03 1.519144773483276367e+00
6.178000000000000000e+03 1.519736647605895996e+00
6.180000000000000000e+03 1.511819243431091309e+00
6.182000000000000000e+03 1.523187279701232910e+00
6.184000000000000000e+03 1.510694861412048340e+00
6.186000000000000000e+03 1.512812256813049316e+00
6.188000000000000000e+03 1.511886596679687500e+00
6.190000000000000000e+03 1.511852860450744629e+00
6.192000000000000000e+03 1.519374251365661621e+00
6.194000000000000000e+03 1.515357017517089844e+00
6.196000000000000000e+03 1.511920571327209473e+00
6.198000000000000000e+03 1.512283205986022949e+00
6.200000000000000000e+03 1.510263442993164062e+00
6.202000000000000000e+03 1.520065903663635254e+00
6.204000000000000000e+03 1.518781542778015137e+00
6.206000000000000000e+03 1.508774995803833008e+00
6.208000000000000000e+03 1.514495611190795898e+00
6.210000000000000000e+03 1.512547254562377930e+00
6.212000000000000000e+03 1.521906971931457520e+00
6.214000000000000000e+03 1.514036297798156738e+00
6.216000000000000000e+03 1.518454551696777344e+00
6.218000000000000000e+03 1.511853098869323730e+00
6.220000000000000000e+03 1.522299051284790039e+00
6.222000000000000000e+03 1.512811183929443359e+00
6.224000000000000000e+03 1.513734817504882812e+00
6.226000000000000000e+03 1.516869544982910156e+00
6.228000000000000000e+03 1.515947341918945312e+00
6.230000000000000000e+03 1.523450851440429688e+00
6.232000000000000000e+03 1.507049560546875000e+00
6.234000000000000000e+03 1.510828852653503418e+00
6.236000000000000000e+03 1.516345739364624023e+00
6.238000000000000000e+03 1.517201185226440430e+00
6.240000000000000000e+03 1.508806228637695312e+00
6.242000000000000000e+03 1.514399647712707520e+00
6.244000000000000000e+03 1.512811183929443359e+00
6.246000000000000000e+03 1.517103075981140137e+00
6.248000000000000000e+03 1.515950083732604980e+00
6.250000000000000000e+03 1.515618920326232910e+00
6.252000000000000000e+03 1.509335160255432129e+00
6.254000000000000000e+03 1.513705134391784668e+00
6.256000000000000000e+03 1.519342899322509766e+00
6.258000000000000000e+03 1.504475831985473633e+00
6.260000000000000000e+03 1.510765433311462402e+00
6.262000000000000000e+03 1.517432212829589844e+00
6.264000000000000000e+03 1.509171366691589355e+00
6.266000000000000000e+03 1.521118402481079102e+00
6.268000000000000000e+03 1.510164022445678711e+00
6.270000000000000000e+03 1.515585780143737793e+00
6.272000000000000000e+03 1.508941411972045898e+00
6.274000000000000000e+03 1.515059709548950195e+00
6.276000000000000000e+03 1.510132670402526855e+00
6.278000000000000000e+03 1.509170889854431152e+00
6.280000000000000000e+03 1.505755066871643066e+00
6.282000000000000000e+03 1.510924696922302246e+00
6.284000000000000000e+03 1.511094570159912109e+00
6.286000000000000000e+03 1.519111633300781250e+00
6.288000000000000000e+03 1.518025517463684082e+00
6.290000000000000000e+03 1.512348294258117676e+00
6.292000000000000000e+03 1.514099717140197754e+00
6.294000000000000000e+03 1.516509056091308594e+00
6.296000000000000000e+03 1.518092036247253418e+00
6.298000000000000000e+03 1.516477108001708984e+00
6.300000000000000000e+03 1.511060476303100586e+00
6.302000000000000000e+03 1.512810945510864258e+00
6.304000000000000000e+03 1.511488914489746094e+00
6.306000000000000000e+03 1.508276224136352539e+00
6.308000000000000000e+03 1.514531373977661133e+00
6.310000000000000000e+03 1.520031690597534180e+00
6.312000000000000000e+03 1.514034628868103027e+00
6.314000000000000000e+03 1.508212208747863770e+00
6.316000000000000000e+03 1.511092305183410645e+00
6.318000000000000000e+03 1.506916761398315430e+00
6.320000000000000000e+03 1.516082048416137695e+00
6.322000000000000000e+03 1.509635090827941895e+00
6.324000000000000000e+03 1.516377568244934082e+00
6.326000000000000000e+03 1.514265537261962891e+00
6.328000000000000000e+03 1.511887311935424805e+00
6.330000000000000000e+03 1.512516140937805176e+00
6.332000000000000000e+03 1.509569287300109863e+00
6.334000000000000000e+03 1.512910366058349609e+00
6.336000000000000000e+03 1.514663100242614746e+00
6.338000000000000000e+03 1.511754393577575684e+00
6.340000000000000000e+03 1.516080617904663086e+00
6.342000000000000000e+03 1.515882015228271484e+00
6.344000000000000000e+03 1.515123367309570312e+00
6.346000000000000000e+03 1.505491614341735840e+00
6.348000000000000000e+03 1.515882849693298340e+00
6.350000000000000000e+03 1.517793416976928711e+00
6.352000000000000000e+03 1.518222093582153320e+00
6.354000000000000000e+03 1.513605117797851562e+00
6.356000000000000000e+03 1.509171843528747559e+00
6.358000000000000000e+03 1.512911796569824219e+00
6.360000000000000000e+03 1.519144654273986816e+00
6.362000000000000000e+03 1.521383404731750488e+00
6.364000000000000000e+03 1.514396667480468750e+00
6.366000000000000000e+03 1.510661363601684570e+00
6.368000000000000000e+03 1.513176321983337402e+00
6.370000000000000000e+03 1.511621713638305664e+00
6.372000000000000000e+03 1.522761940956115723e+00
6.374000000000000000e+03 1.510927557945251465e+00
6.376000000000000000e+03 1.512979626655578613e+00
6.378000000000000000e+03 1.519902229309082031e+00
6.380000000000000000e+03 1.518091201782226562e+00
6.382000000000000000e+03 1.518748760223388672e+00
6.384000000000000000e+03 1.509339451789855957e+00
6.386000000000000000e+03 1.514298796653747559e+00
6.388000000000000000e+03 1.519572496414184570e+00
6.390000000000000000e+03 1.513835787773132324e+00
6.392000000000000000e+03 1.512910127639770508e+00
6.394000000000000000e+03 1.518090009689331055e+00
6.396000000000000000e+03 1.512613534927368164e+00
6.398000000000000000e+03 1.511821746826171875e+00
6.400000000000000000e+03 1.514925718307495117e+00
6.402000000000000000e+03 1.501731395721435547e+00
6.404000000000000000e+03 1.515585660934448242e+00
6.406000000000000000e+03 1.517497539520263672e+00
6.408000000000000000e+03 1.514990687370300293e+00
6.410000000000000000e+03 1.513242483139038086e+00
6.412000000000000000e+03 1.517398595809936523e+00
6.414000000000000000e+03 1.514100193977355957e+00
6.416000000000000000e+03 1.510826945304870605e+00
6.418000000000000000e+03 1.506553888320922852e+00
6.420000000000000000e+03 1.518156290054321289e+00
6.422000000000000000e+03 1.515388965606689453e+00
6.424000000000000000e+03 1.507780313491821289e+00
6.426000000000000000e+03 1.511819958686828613e+00
6.428000000000000000e+03 1.523481726646423340e+00
6.430000000000000000e+03 1.513175368309020996e+00
6.432000000000000000e+03 1.510761618614196777e+00
6.434000000000000000e+03 1.515455603599548340e+00
6.436000000000000000e+03 1.510398149490356445e+00
6.438000000000000000e+03 1.511721014976501465e+00
6.440000000000000000e+03 1.513834714889526367e+00
6.442000000000000000e+03 1.510827422142028809e+00
6.444000000000000000e+03 1.515321493148803711e+00
6.446000000000000000e+03 1.506287813186645508e+00
6.448000000000000000e+03 1.510564565658569336e+00
6.450000000000000000e+03 1.508543491363525391e+00
6.452000000000000000e+03 1.518090963363647461e+00
6.454000000000000000e+03 1.512944340705871582e+00
6.456000000000000000e+03 1.520132184028625488e+00
6.458000000000000000e+03 1.507248759269714355e+00
6.460000000000000000e+03 1.509006500244140625e+00
6.462000000000000000e+03 1.510926008224487305e+00
6.464000000000000000e+03 1.515287995338439941e+00
6.466000000000000000e+03 1.511290073394775391e+00
6.468000000000000000e+03 1.510000109672546387e+00
6.470000000000000000e+03 1.510794758796691895e+00
6.472000000000000000e+03 1.516672492027282715e+00
6.474000000000000000e+03 1.519044876098632812e+00
6.476000000000000000e+03 1.510529875755310059e+00
6.478000000000000000e+03 1.518221974372863770e+00
6.480000000000000000e+03 1.511125564575195312e+00
6.482000000000000000e+03 1.513339519500732422e+00
6.484000000000000000e+03 1.517663121223449707e+00
6.486000000000000000e+03 1.514662265777587891e+00
6.488000000000000000e+03 1.517037153244018555e+00
6.490000000000000000e+03 1.514991879463195801e+00
6.492000000000000000e+03 1.513704061508178711e+00
6.494000000000000000e+03 1.513737082481384277e+00
6.496000000000000000e+03 1.518025398254394531e+00
6.498000000000000000e+03 1.512813091278076172e+00
6.500000000000000000e+03 1.513174653053283691e+00
6.502000000000000000e+03 1.513572335243225098e+00
6.504000000000000000e+03 1.512118101119995117e+00
6.506000000000000000e+03 1.516870975494384766e+00
6.508000000000000000e+03 1.512150406837463379e+00
6.510000000000000000e+03 1.516475796699523926e+00
6.512000000000000000e+03 1.517959952354431152e+00
6.514000000000000000e+03 1.513935208320617676e+00
6.516000000000000000e+03 1.513042688369750977e+00
6.518000000000000000e+03 1.519374608993530273e+00
6.520000000000000000e+03 1.518749594688415527e+00
6.522000000000000000e+03 1.513505816459655762e+00
6.524000000000000000e+03 1.520328879356384277e+00
6.526000000000000000e+03 1.506287932395935059e+00
6.528000000000000000e+03 1.521710038185119629e+00
6.530000000000000000e+03 1.513058543205261230e+00
6.532000000000000000e+03 1.514893054962158203e+00
6.534000000000000000e+03 1.508542895317077637e+00
6.536000000000000000e+03 1.514034628868103027e+00
6.538000000000000000e+03 1.513241291046142578e+00
6.540000000000000000e+03 1.515554785728454590e+00
6.542000000000000000e+03 1.516575932502746582e+00
6.544000000000000000e+03 1.516214013099670410e+00
6.546000000000000000e+03 1.518453240394592285e+00
6.548000000000000000e+03 1.516871333122253418e+00
6.550000000000000000e+03 1.504857897758483887e+00
6.552000000000000000e+03 1.514363050460815430e+00
6.554000000000000000e+03 1.511323451995849609e+00
6.556000000000000000e+03 1.513043165206909180e+00
6.558000000000000000e+03 1.513935327529907227e+00
6.560000000000000000e+03 1.521215200424194336e+00
6.562000000000000000e+03 1.512085199356079102e+00
6.564000000000000000e+03 1.521214842796325684e+00
6.566000000000000000e+03 1.514099359512329102e+00
6.568000000000000000e+03 1.513603210449218750e+00
6.570000000000000000e+03 1.514133930206298828e+00
6.572000000000000000e+03 1.511620759963989258e+00
6.574000000000000000e+03 1.510100960731506348e+00
6.576000000000000000e+03 1.513042807579040527e+00
6.578000000000000000e+03 1.515354514122009277e+00
6.580000000000000000e+03 1.510960459709167480e+00
6.582000000000000000e+03 1.508474946022033691e+00
6.584000000000000000e+03 1.511986255645751953e+00
6.586000000000000000e+03 1.512283086776733398e+00
6.588000000000000000e+03 1.519046783447265625e+00
6.590000000000000000e+03 1.519375562667846680e+00
6.592000000000000000e+03 1.517037510871887207e+00
6.594000000000000000e+03 1.518222093582153320e+00
6.596000000000000000e+03 1.510926842689514160e+00
6.598000000000000000e+03 1.507115364074707031e+00
6.600000000000000000e+03 1.513604402542114258e+00
6.602000000000000000e+03 1.515452504158020020e+00
6.604000000000000000e+03 1.518549680709838867e+00
6.606000000000000000e+03 1.519802927970886230e+00
6.608000000000000000e+03 1.512118458747863770e+00
6.610000000000000000e+03 1.515585064888000488e+00
6.612000000000000000e+03 1.513505578041076660e+00
6.614000000000000000e+03 1.513837814331054688e+00
6.616000000000000000e+03 1.520166516304016113e+00
6.618000000000000000e+03 1.508311271667480469e+00
6.620000000000000000e+03 1.515717267990112305e+00
6.622000000000000000e+03 1.512514352798461914e+00
6.624000000000000000e+03 1.514297604560852051e+00
6.626000000000000000e+03 1.515817999839782715e+00
6.628000000000000000e+03 1.509237766265869141e+00
6.630000000000000000e+03 1.512083768844604492e+00
6.632000000000000000e+03 1.509734153747558594e+00
6.634000000000000000e+03 1.515025258064270020e+00
6.636000000000000000e+03 1.514893889427185059e+00
6.638000000000000000e+03 1.514034867286682129e+00
6.640000000000000000e+03 1.516046404838562012e+00
6.642000000000000000e+03 1.514628648757934570e+00
6.644000000000000000e+03 1.515948414802551270e+00
6.646000000000000000e+03 1.506089210510253906e+00
6.648000000000000000e+03 1.514660835266113281e+00
6.650000000000000000e+03 1.511441349983215332e+00
6.652000000000000000e+03 1.511224627494812012e+00
6.654000000000000000e+03 1.509436607360839844e+00
6.656000000000000000e+03 1.512150049209594727e+00
6.658000000000000000e+03 1.515188813209533691e+00
6.660000000000000000e+03 1.516509294509887695e+00
6.662000000000000000e+03 1.518254995346069336e+00
6.664000000000000000e+03 1.511687874794006348e+00
6.666000000000000000e+03 1.516081094741821289e+00
6.668000000000000000e+03 1.520954132080078125e+00
6.670000000000000000e+03 1.515983343124389648e+00
6.672000000000000000e+03 1.515554428100585938e+00
6.674000000000000000e+03 1.506453514099121094e+00
6.676000000000000000e+03 1.513737559318542480e+00
6.678000000000000000e+03 1.520066618919372559e+00
6.680000000000000000e+03 1.515189170837402344e+00
6.682000000000000000e+03 1.514100193977355957e+00
6.684000000000000000e+03 1.518946886062622070e+00
6.686000000000000000e+03 1.514629244804382324e+00
6.688000000000000000e+03 1.512119412422180176e+00
6.690000000000000000e+03 1.511719346046447754e+00
6.692000000000000000e+03 1.514563560485839844e+00
6.694000000000000000e+03 1.521117687225341797e+00
6.696000000000000000e+03 1.518682956695556641e+00
6.698000000000000000e+03 1.507516622543334961e+00
6.700000000000000000e+03 1.519341230392456055e+00
6.702000000000000000e+03 1.516411066055297852e+00
6.704000000000000000e+03 1.513075470924377441e+00
6.706000000000000000e+03 1.509867668151855469e+00
6.708000000000000000e+03 1.505490541458129883e+00
6.710000000000000000e+03 1.512019991874694824e+00
6.712000000000000000e+03 1.510863423347473145e+00
6.714000000000000000e+03 1.514992356300354004e+00
6.716000000000000000e+03 1.512449145317077637e+00
6.718000000000000000e+03 1.516608715057373047e+00
6.720000000000000000e+03 1.517167687416076660e+00
6.722000000000000000e+03 1.513868451118469238e+00
6.724000000000000000e+03 1.514298439025878906e+00
6.726000000000000000e+03 1.519835829734802246e+00
6.728000000000000000e+03 1.512448191642761230e+00
6.730000000000000000e+03 1.510827541351318359e+00
6.732000000000000000e+03 1.518749237060546875e+00
6.734000000000000000e+03 1.520428061485290527e+00
6.736000000000000000e+03 1.512646913528442383e+00
6.738000000000000000e+03 1.509239077568054199e+00
6.740000000000000000e+03 1.517563104629516602e+00
6.742000000000000000e+03 1.515882611274719238e+00
6.744000000000000000e+03 1.509337186813354492e+00
6.746000000000000000e+03 1.513703942298889160e+00
6.748000000000000000e+03 1.518682956695556641e+00
6.750000000000000000e+03 1.516575574874877930e+00
6.752000000000000000e+03 1.508840918540954590e+00
6.754000000000000000e+03 1.507117271423339844e+00
6.756000000000000000e+03 1.510629296302795410e+00
6.758000000000000000e+03 1.514232754707336426e+00
6.760000000000000000e+03 1.515684247016906738e+00
6.762000000000000000e+03 1.519111633300781250e+00
6.764000000000000000e+03 1.511325001716613770e+00
6.766000000000000000e+03 1.518585324287414551e+00
6.768000000000000000e+03 1.512449622154235840e+00
6.770000000000000000e+03 1.514893651008605957e+00
6.772000000000000000e+03 1.515321373939514160e+00
6.774000000000000000e+03 1.513208031654357910e+00
6.776000000000000000e+03 1.520657777786254883e+00
6.778000000000000000e+03 1.513802886009216309e+00
6.780000000000000000e+03 1.512305378913879395e+00
6.782000000000000000e+03 1.517817735671997070e+00
6.784000000000000000e+03 1.515453696250915527e+00
6.786000000000000000e+03 1.517102718353271484e+00
6.788000000000000000e+03 1.513969540596008301e+00
6.790000000000000000e+03 1.507946252822875977e+00
6.792000000000000000e+03 1.514794349670410156e+00
6.794000000000000000e+03 1.516740083694458008e+00
6.796000000000000000e+03 1.510826945304870605e+00
6.798000000000000000e+03 1.517036914825439453e+00
6.800000000000000000e+03 1.516728758811950684e+00
6.802000000000000000e+03 1.504826068878173828e+00
6.804000000000000000e+03 1.509998679161071777e+00
6.806000000000000000e+03 1.511654138565063477e+00
6.808000000000000000e+03 1.511191368103027344e+00
6.810000000000000000e+03 1.515421032905578613e+00
6.812000000000000000e+03 1.519637823104858398e+00
6.814000000000000000e+03 1.512514352798461914e+00
6.816000000000000000e+03 1.521413564682006836e+00
6.818000000000000000e+03 1.514628648757934570e+00
6.820000000000000000e+03 1.511621952056884766e+00
6.822000000000000000e+03 1.513135433197021484e+00
6.824000000000000000e+03 1.503229022026062012e+00
6.826000000000000000e+03 1.518452763557434082e+00
6.828000000000000000e+03 1.511488914489746094e+00
6.830000000000000000e+03 1.512448668479919434e+00
6.832000000000000000e+03 1.515619158744812012e+00
6.834000000000000000e+03 1.520821928977966309e+00
6.836000000000000000e+03 1.505357027053833008e+00
6.838000000000000000e+03 1.511721253395080566e+00
6.840000000000000000e+03 1.518584489822387695e+00
6.842000000000000000e+03 1.511074304580688477e+00
6.844000000000000000e+03 1.515491604804992676e+00
6.846000000000000000e+03 1.515422821044921875e+00
6.848000000000000000e+03 1.517136931419372559e+00
6.850000000000000000e+03 1.507649421691894531e+00
6.852000000000000000e+03 1.517433881759643555e+00
6.854000000000000000e+03 1.513115882873535156e+00
6.856000000000000000e+03 1.512119054794311523e+00
6.858000000000000000e+03 1.515849471092224121e+00
6.860000000000000000e+03 1.510033011436462402e+00
6.862000000000000000e+03 1.504194617271423340e+00
6.864000000000000000e+03 1.512322425842285156e+00
6.866000000000000000e+03 1.511818408966064453e+00
6.868000000000000000e+03 1.514940857887268066e+00
6.870000000000000000e+03 1.509336948394775391e+00
6.872000000000000000e+03 1.517870187759399414e+00
6.874000000000000000e+03 1.507779955863952637e+00
6.876000000000000000e+03 1.513408064842224121e+00
6.878000000000000000e+03 1.515716433525085449e+00
6.880000000000000000e+03 1.510415792465209961e+00
6.882000000000000000e+03 1.512413740158081055e+00
6.884000000000000000e+03 1.517794609069824219e+00
6.886000000000000000e+03 1.504425406455993652e+00
6.888000000000000000e+03 1.514930009841918945e+00
6.890000000000000000e+03 1.513571262359619141e+00
6.892000000000000000e+03 1.521283030509948730e+00
6.894000000000000000e+03 1.518553256988525391e+00
6.896000000000000000e+03 1.506851077079772949e+00
6.898000000000000000e+03 1.512414813041687012e+00
6.900000000000000000e+03 1.510794162750244141e+00
6.902000000000000000e+03 1.516937851905822754e+00
6.904000000000000000e+03 1.517826676368713379e+00
6.906000000000000000e+03 1.518189668655395508e+00
6.908000000000000000e+03 1.517003774642944336e+00
6.910000000000000000e+03 1.511356592178344727e+00
6.912000000000000000e+03 1.519144535064697266e+00
6.914000000000000000e+03 1.516213178634643555e+00
6.916000000000000000e+03 1.508309602737426758e+00
6.918000000000000000e+03 1.520723342895507812e+00
6.920000000000000000e+03 1.519736647605895996e+00
6.922000000000000000e+03 1.512812376022338867e+00
6.924000000000000000e+03 1.512912511825561523e+00
6.926000000000000000e+03 1.513507127761840820e+00
6.928000000000000000e+03 1.518165111541748047e+00
6.930000000000000000e+03 1.514202952384948730e+00
6.932000000000000000e+03 1.507349967956542969e+00
6.934000000000000000e+03 1.515056967735290527e+00
6.936000000000000000e+03 1.518683314323425293e+00
6.938000000000000000e+03 1.510926961898803711e+00
6.940000000000000000e+03 1.513009667396545410e+00
6.942000000000000000e+03 1.512019276618957520e+00
6.944000000000000000e+03 1.516112446784973145e+00
6.946000000000000000e+03 1.516771197319030762e+00
6.948000000000000000e+03 1.518255829811096191e+00
6.950000000000000000e+03 1.508310437202453613e+00
6.952000000000000000e+03 1.519112706184387207e+00
6.954000000000000000e+03 1.515289664268493652e+00
6.956000000000000000e+03 1.510149359703063965e+00
6.958000000000000000e+03 1.516871571540832520e+00
6.960000000000000000e+03 1.513440966606140137e+00
6.962000000000000000e+03 1.514617323875427246e+00
6.964000000000000000e+03 1.513605356216430664e+00
6.966000000000000000e+03 1.516080379486083984e+00
6.968000000000000000e+03 1.522563934326171875e+00
6.970000000000000000e+03 1.515982508659362793e+00
6.972000000000000000e+03 1.514496326446533203e+00
6.974000000000000000e+03 1.517168760299682617e+00
6.976000000000000000e+03 1.517399549484252930e+00
6.978000000000000000e+03 1.513181805610656738e+00
6.980000000000000000e+03 1.513704657554626465e+00
6.982000000000000000e+03 1.514793753623962402e+00
6.984000000000000000e+03 1.513207674026489258e+00
6.986000000000000000e+03 1.514023184776306152e+00
6.988000000000000000e+03 1.516574621200561523e+00
6.990000000000000000e+03 1.512745618820190430e+00
6.992000000000000000e+03 1.514132738113403320e+00
6.994000000000000000e+03 1.512118458747863770e+00
6.996000000000000000e+03 1.514397859573364258e+00
6.998000000000000000e+03 1.508144021034240723e+00
7.000000000000000000e+03 1.509072661399841309e+00
7.002000000000000000e+03 1.507744193077087402e+00
7.004000000000000000e+03 1.506551265716552734e+00
7.006000000000000000e+03 1.509867191314697266e+00
7.008000000000000000e+03 1.516345739364624023e+00
7.010000000000000000e+03 1.508842825889587402e+00
7.012000000000000000e+03 1.509006500244140625e+00
7.014000000000000000e+03 1.514297604560852051e+00
7.016000000000000000e+03 1.521151065826416016e+00
7.018000000000000000e+03 1.515091180801391602e+00
7.020000000000000000e+03 1.513837933540344238e+00
7.022000000000000000e+03 1.508277773857116699e+00
7.024000000000000000e+03 1.521815180778503418e+00
7.026000000000000000e+03 1.516937017440795898e+00
7.028000000000000000e+03 1.520722746849060059e+00
7.030000000000000000e+03 1.512812852859497070e+00
7.032000000000000000e+03 1.524862527847290039e+00
7.034000000000000000e+03 1.520163774490356445e+00
7.036000000000000000e+03 1.514002203941345215e+00
7.038000000000000000e+03 1.511621356010437012e+00
7.040000000000000000e+03 1.513803124427795410e+00
7.042000000000000000e+03 1.515024065971374512e+00
7.044000000000000000e+03 1.512382864952087402e+00
7.046000000000000000e+03 1.514131665229797363e+00
7.048000000000000000e+03 1.518092036247253418e+00
7.050000000000000000e+03 1.511324882507324219e+00
7.052000000000000000e+03 1.512348890304565430e+00
7.054000000000000000e+03 1.511358380317687988e+00
7.056000000000000000e+03 1.513788342475891113e+00
7.058000000000000000e+03 1.514839291572570801e+00
7.060000000000000000e+03 1.507480025291442871e+00
7.062000000000000000e+03 1.519113540649414062e+00
7.064000000000000000e+03 1.513305783271789551e+00
7.066000000000000000e+03 1.511060714721679688e+00
7.068000000000000000e+03 1.513704538345336914e+00
7.070000000000000000e+03 1.512415170669555664e+00
7.072000000000000000e+03 1.507946610450744629e+00
7.074000000000000000e+03 1.516111731529235840e+00
7.076000000000000000e+03 1.504559874534606934e+00
7.078000000000000000e+03 1.512810468673706055e+00
7.080000000000000000e+03 1.509568214416503906e+00
7.082000000000000000e+03 1.512878417968750000e+00
7.084000000000000000e+03 1.513208150863647461e+00
7.086000000000000000e+03 1.513768076896667480e+00
7.088000000000000000e+03 1.508281946182250977e+00
7.090000000000000000e+03 1.512813091278076172e+00
7.092000000000000000e+03 1.514892101287841797e+00
7.094000000000000000e+03 1.512680768966674805e+00
7.096000000000000000e+03 1.519835829734802246e+00
7.098000000000000000e+03 1.513241767883300781e+00
7.100000000000000000e+03 1.512712121009826660e+00
7.102000000000000000e+03 1.510562777519226074e+00
7.104000000000000000e+03 1.510830044746398926e+00
7.106000000000000000e+03 1.514893531799316406e+00
7.108000000000000000e+03 1.508143067359924316e+00
7.110000000000000000e+03 1.510231018066406250e+00
7.112000000000000000e+03 1.512911558151245117e+00
7.114000000000000000e+03 1.515584826469421387e+00
7.116000000000000000e+03 1.511058688163757324e+00
7.118000000000000000e+03 1.511752247810363770e+00
7.120000000000000000e+03 1.515586376190185547e+00
7.122000000000000000e+03 1.515684485435485840e+00
7.124000000000000000e+03 1.516410589218139648e+00
7.126000000000000000e+03 1.507647037506103516e+00
7.128000000000000000e+03 1.520263791084289551e+00
7.130000000000000000e+03 1.513737559318542480e+00
7.132000000000000000e+03 1.514794707298278809e+00
7.134000000000000000e+03 1.515519142150878906e+00
7.136000000000000000e+03 1.514035105705261230e+00
7.138000000000000000e+03 1.521216630935668945e+00
7.140000000000000000e+03 1.516970992088317871e+00
7.142000000000000000e+03 1.516773223876953125e+00
7.144000000000000000e+03 1.516872048377990723e+00
7.146000000000000000e+03 1.514926910400390625e+00
7.148000000000000000e+03 1.512614250183105469e+00
7.150000000000000000e+03 1.511984825134277344e+00
7.152000000000000000e+03 1.508773446083068848e+00
7.154000000000000000e+03 1.509900689125061035e+00
7.156000000000000000e+03 1.517266988754272461e+00
7.158000000000000000e+03 1.517035126686096191e+00
7.160000000000000000e+03 1.518585562705993652e+00
7.162000000000000000e+03 1.521446466445922852e+00
7.164000000000000000e+03 1.512679100036621094e+00
7.166000000000000000e+03 1.512910842895507812e+00
7.168000000000000000e+03 1.512448668479919434e+00
7.170000000000000000e+03 1.514991760253906250e+00
7.172000000000000000e+03 1.512514829635620117e+00
7.174000000000000000e+03 1.519571065902709961e+00
7.176000000000000000e+03 1.506951451301574707e+00
7.178000000000000000e+03 1.519045114517211914e+00
7.180000000000000000e+03 1.515685200691223145e+00
7.182000000000000000e+03 1.511953115463256836e+00
7.184000000000000000e+03 1.514496445655822754e+00
7.186000000000000000e+03 1.508177757263183594e+00
7.188000000000000000e+03 1.508177638053894043e+00
7.190000000000000000e+03 1.512150168418884277e+00
7.192000000000000000e+03 1.514892816543579102e+00
7.194000000000000000e+03 1.518157362937927246e+00
7.196000000000000000e+03 1.509867668151855469e+00
7.198000000000000000e+03 1.515553236007690430e+00
7.200000000000000000e+03 1.511357188224792480e+00
7.202000000000000000e+03 1.514049291610717773e+00
7.204000000000000000e+03 1.506618738174438477e+00
7.206000000000000000e+03 1.516244769096374512e+00
7.208000000000000000e+03 1.510063886642456055e+00
7.210000000000000000e+03 1.506454586982727051e+00
7.212000000000000000e+03 1.519341349601745605e+00
7.214000000000000000e+03 1.518276453018188477e+00
7.216000000000000000e+03 1.517016053199768066e+00
7.218000000000000000e+03 1.512134671211242676e+00
7.220000000000000000e+03 1.520328640937805176e+00
7.222000000000000000e+03 1.514364480972290039e+00
7.224000000000000000e+03 1.518716692924499512e+00
7.226000000000000000e+03 1.519386053085327148e+00
7.228000000000000000e+03 1.510596036911010742e+00
7.230000000000000000e+03 1.514100193977355957e+00
7.232000000000000000e+03 1.518517494201660156e+00
7.234000000000000000e+03 1.506152749061584473e+00
7.236000000000000000e+03 1.506288170814514160e+00
7.238000000000000000e+03 1.514331102371215820e+00
7.240000000000000000e+03 1.516055941581726074e+00
7.242000000000000000e+03 1.510734796524047852e+00
7.244000000000000000e+03 1.514795303344726562e+00
7.246000000000000000e+03 1.519569635391235352e+00
7.248000000000000000e+03 1.517014145851135254e+00
7.250000000000000000e+03 1.512514352798461914e+00
7.252000000000000000e+03 1.513407826423645020e+00
7.254000000000000000e+03 1.515882730484008789e+00
7.256000000000000000e+03 1.508410453796386719e+00
7.258000000000000000e+03 1.511057734489440918e+00
7.260000000000000000e+03 1.511160016059875488e+00
7.262000000000000000e+03 1.513506054878234863e+00
7.264000000000000000e+03 1.512779593467712402e+00
7.266000000000000000e+03 1.517695307731628418e+00
7.268000000000000000e+03 1.516113638877868652e+00
7.270000000000000000e+03 1.510861039161682129e+00
7.272000000000000000e+03 1.514793395996093750e+00
7.274000000000000000e+03 1.513306736946105957e+00
7.276000000000000000e+03 1.518979668617248535e+00
7.278000000000000000e+03 1.520560145378112793e+00
7.280000000000000000e+03 1.513207674026489258e+00
7.282000000000000000e+03 1.518585801124572754e+00
7.284000000000000000e+03 1.509004950523376465e+00
7.286000000000000000e+03 1.515059113502502441e+00
7.288000000000000000e+03 1.508805632591247559e+00
7.290000000000000000e+03 1.519111275672912598e+00
7.292000000000000000e+03 1.513207197189331055e+00
7.294000000000000000e+03 1.514760971069335938e+00
7.296000000000000000e+03 1.517102837562561035e+00
7.298000000000000000e+03 1.514759540557861328e+00
7.300000000000000000e+03 1.508577108383178711e+00
7.302000000000000000e+03 1.511719822883605957e+00
7.304000000000000000e+03 1.512909173965454102e+00
7.306000000000000000e+03 1.520725250244140625e+00
7.308000000000000000e+03 1.520065307617187500e+00
7.310000000000000000e+03 1.515289306640625000e+00
7.312000000000000000e+03 1.518453836441040039e+00
7.314000000000000000e+03 1.510298490524291992e+00
7.316000000000000000e+03 1.507764220237731934e+00
7.318000000000000000e+03 1.518346667289733887e+00
7.320000000000000000e+03 1.511672616004943848e+00
7.322000000000000000e+03 1.507946848869323730e+00
7.324000000000000000e+03 1.514759302139282227e+00
7.326000000000000000e+03 1.512647867202758789e+00
7.328000000000000000e+03 1.514298200607299805e+00
7.330000000000000000e+03 1.515849351882934570e+00
7.332000000000000000e+03 1.516333341598510742e+00
7.334000000000000000e+03 1.517662286758422852e+00
7.336000000000000000e+03 1.519143581390380859e+00
7.338000000000000000e+03 1.520427823066711426e+00
7.340000000000000000e+03 1.510529637336730957e+00
7.342000000000000000e+03 1.517958402633666992e+00
7.344000000000000000e+03 1.510496020317077637e+00
7.346000000000000000e+03 1.522563695907592773e+00
7.348000000000000000e+03 1.507747292518615723e+00
7.350000000000000000e+03 1.508145093917846680e+00
7.352000000000000000e+03 1.511587738990783691e+00
7.354000000000000000e+03 1.512448430061340332e+00
7.356000000000000000e+03 1.506453633308410645e+00
7.358000000000000000e+03 1.520796537399291992e+00
7.360000000000000000e+03 1.516508936882019043e+00
7.362000000000000000e+03 1.518553376197814941e+00
7.364000000000000000e+03 1.522103667259216309e+00
7.366000000000000000e+03 1.506849527359008789e+00
7.368000000000000000e+03 1.507524132728576660e+00
7.370000000000000000e+03 1.510166406631469727e+00
7.372000000000000000e+03 1.512381315231323242e+00
7.374000000000000000e+03 1.518355965614318848e+00
7.376000000000000000e+03 1.510927557945251465e+00
7.378000000000000000e+03 1.509567141532897949e+00
7.380000000000000000e+03 1.521676421165466309e+00
7.382000000000000000e+03 1.510794758796691895e+00
7.384000000000000000e+03 1.516344547271728516e+00
7.386000000000000000e+03 1.520856499671936035e+00
7.388000000000000000e+03 1.517465353012084961e+00
7.390000000000000000e+03 1.516871213912963867e+00
7.392000000000000000e+03 1.512284994125366211e+00
7.394000000000000000e+03 1.510861039161682129e+00
7.396000000000000000e+03 1.516344070434570312e+00
7.398000000000000000e+03 1.505557060241699219e+00
7.400000000000000000e+03 1.515618801116943359e+00
7.402000000000000000e+03 1.512910723686218262e+00
7.404000000000000000e+03 1.517301321029663086e+00
7.406000000000000000e+03 1.514265060424804688e+00
7.408000000000000000e+03 1.506285905838012695e+00
7.410000000000000000e+03 1.520788788795471191e+00
7.412000000000000000e+03 1.513439774513244629e+00
7.414000000000000000e+03 1.515157461166381836e+00
7.416000000000000000e+03 1.515881538391113281e+00
7.418000000000000000e+03 1.522005438804626465e+00
7.420000000000000000e+03 1.512415766716003418e+00
7.422000000000000000e+03 1.512414932250976562e+00
7.424000000000000000e+03 1.514892697334289551e+00
7.426000000000000000e+03 1.515552759170532227e+00
7.428000000000000000e+03 1.512780427932739258e+00
7.430000000000000000e+03 1.510176181793212891e+00
7.432000000000000000e+03 1.519540548324584961e+00
7.434000000000000000e+03 1.509073495864868164e+00
7.436000000000000000e+03 1.511322975158691406e+00
7.438000000000000000e+03 1.511490225791931152e+00
7.440000000000000000e+03 1.511058926582336426e+00
7.442000000000000000e+03 1.508807420730590820e+00
7.444000000000000000e+03 1.518090844154357910e+00
7.446000000000000000e+03 1.518717169761657715e+00
7.448000000000000000e+03 1.515386939048767090e+00
7.450000000000000000e+03 1.514760851860046387e+00
7.452000000000000000e+03 1.512117862701416016e+00
7.454000000000000000e+03 1.507347941398620605e+00
7.456000000000000000e+03 1.513604164123535156e+00
7.458000000000000000e+03 1.515915155410766602e+00
7.460000000000000000e+03 1.514529228210449219e+00
7.462000000000000000e+03 1.519143223762512207e+00
7.464000000000000000e+03 1.512018561363220215e+00
7.466000000000000000e+03 1.512216448783874512e+00
7.468000000000000000e+03 1.514792442321777344e+00
7.470000000000000000e+03 1.511986732482910156e+00
7.472000000000000000e+03 1.509800553321838379e+00
7.474000000000000000e+03 1.508939623832702637e+00
7.476000000000000000e+03 1.515948414802551270e+00
7.478000000000000000e+03 1.517993450164794922e+00
7.480000000000000000e+03 1.514761805534362793e+00
7.482000000000000000e+03 1.520165205001831055e+00
7.484000000000000000e+03 1.511688113212585449e+00
7.486000000000000000e+03 1.514101862907409668e+00
7.488000000000000000e+03 1.517991781234741211e+00
7.490000000000000000e+03 1.513573527336120605e+00
7.492000000000000000e+03 1.512250185012817383e+00
7.494000000000000000e+03 1.512414693832397461e+00
7.496000000000000000e+03 1.517663359642028809e+00
7.498000000000000000e+03 1.512448787689208984e+00
7.500000000000000000e+03 1.513173460960388184e+00
7.502000000000000000e+03 1.520722746849060059e+00
7.504000000000000000e+03 1.510133028030395508e+00
7.506000000000000000e+03 1.509770154953002930e+00
7.508000000000000000e+03 1.508972287178039551e+00
7.510000000000000000e+03 1.513969540596008301e+00
7.512000000000000000e+03 1.521217823028564453e+00
7.514000000000000000e+03 1.513437628746032715e+00
7.516000000000000000e+03 1.507416844367980957e+00
7.518000000000000000e+03 1.515056610107421875e+00
7.520000000000000000e+03 1.512218236923217773e+00
7.522000000000000000e+03 1.510829567909240723e+00
7.524000000000000000e+03 1.517135739326477051e+00
7.526000000000000000e+03 1.516444563865661621e+00
7.528000000000000000e+03 1.510229349136352539e+00
7.530000000000000000e+03 1.511225938796997070e+00
7.532000000000000000e+03 1.514397382736206055e+00
7.534000000000000000e+03 1.515188694000244141e+00
7.536000000000000000e+03 1.517137765884399414e+00
7.538000000000000000e+03 1.505224585533142090e+00
7.540000000000000000e+03 1.507779955863952637e+00
7.542000000000000000e+03 1.515026807785034180e+00
7.544000000000000000e+03 1.518780469894409180e+00
7.546000000000000000e+03 1.511225342750549316e+00
7.548000000000000000e+03 1.511721730232238770e+00
7.550000000000000000e+03 1.511160612106323242e+00
7.552000000000000000e+03 1.517563819885253906e+00
7.554000000000000000e+03 1.511323332786560059e+00
7.556000000000000000e+03 1.517696022987365723e+00
7.558000000000000000e+03 1.515157222747802734e+00
7.560000000000000000e+03 1.509338021278381348e+00
7.562000000000000000e+03 1.516345262527465820e+00
7.564000000000000000e+03 1.515688180923461914e+00
7.566000000000000000e+03 1.512878894805908203e+00
7.568000000000000000e+03 1.510959029197692871e+00
7.570000000000000000e+03 1.521248817443847656e+00
7.572000000000000000e+03 1.521839261054992676e+00
7.574000000000000000e+03 1.516925454139709473e+00
7.576000000000000000e+03 1.515519738197326660e+00
7.578000000000000000e+03 1.509572982788085938e+00
7.580000000000000000e+03 1.512647032737731934e+00
7.582000000000000000e+03 1.516775012016296387e+00
7.584000000000000000e+03 1.515058875083923340e+00
7.586000000000000000e+03 1.514296889305114746e+00
7.588000000000000000e+03 1.512217640876770020e+00
7.590000000000000000e+03 1.514298796653747559e+00
7.592000000000000000e+03 1.516178131103515625e+00
7.594000000000000000e+03 1.520954608917236328e+00
7.596000000000000000e+03 1.515420913696289062e+00
7.598000000000000000e+03 1.507215619087219238e+00
7.600000000000000000e+03 1.511589050292968750e+00
7.602000000000000000e+03 1.519507288932800293e+00
7.604000000000000000e+03 1.520591020584106445e+00
7.606000000000000000e+03 1.510429501533508301e+00
7.608000000000000000e+03 1.513209104537963867e+00
7.610000000000000000e+03 1.507779717445373535e+00
7.612000000000000000e+03 1.513241529464721680e+00
7.614000000000000000e+03 1.509270191192626953e+00
7.616000000000000000e+03 1.518253922462463379e+00
7.618000000000000000e+03 1.514991521835327148e+00
7.620000000000000000e+03 1.518848776817321777e+00
7.622000000000000000e+03 1.518257737159729004e+00
7.624000000000000000e+03 1.515288591384887695e+00
7.626000000000000000e+03 1.516607165336608887e+00
7.628000000000000000e+03 1.506950855255126953e+00
7.630000000000000000e+03 1.515157341957092285e+00
7.632000000000000000e+03 1.508442163467407227e+00
7.634000000000000000e+03 1.513174891471862793e+00
7.636000000000000000e+03 1.518255114555358887e+00
7.638000000000000000e+03 1.515914678573608398e+00
7.640000000000000000e+03 1.513736486434936523e+00
7.642000000000000000e+03 1.520295619964599609e+00
7.644000000000000000e+03 1.510431885719299316e+00
7.646000000000000000e+03 1.513771772384643555e+00
7.648000000000000000e+03 1.519837260246276855e+00
7.650000000000000000e+03 1.520822525024414062e+00
7.652000000000000000e+03 1.515717864036560059e+00
7.654000000000000000e+03 1.514793276786804199e+00
7.656000000000000000e+03 1.517661809921264648e+00
7.658000000000000000e+03 1.508144497871398926e+00
7.660000000000000000e+03 1.520427942276000977e+00
7.662000000000000000e+03 1.507746219635009766e+00
7.664000000000000000e+03 1.507746934890747070e+00
7.666000000000000000e+03 1.512150406837463379e+00
7.668000000000000000e+03 1.512184143066406250e+00
7.670000000000000000e+03 1.516872048377990723e+00
7.672000000000000000e+03 1.521381378173828125e+00
7.674000000000000000e+03 1.514727115631103516e+00
7.676000000000000000e+03 1.514102339744567871e+00
7.678000000000000000e+03 1.511358499526977539e+00
7.680000000000000000e+03 1.508840680122375488e+00
7.682000000000000000e+03 1.513473749160766602e+00
7.684000000000000000e+03 1.511191368103027344e+00
7.686000000000000000e+03 1.520428180694580078e+00
7.688000000000000000e+03 1.513738751411437988e+00
7.690000000000000000e+03 1.514891624450683594e+00
7.692000000000000000e+03 1.511654734611511230e+00
7.694000000000000000e+03 1.521711707115173340e+00
7.696000000000000000e+03 1.509103298187255859e+00
7.698000000000000000e+03 1.509237766265869141e+00
7.700000000000000000e+03 1.510067701339721680e+00
7.702000000000000000e+03 1.511224865913391113e+00
7.704000000000000000e+03 1.512117981910705566e+00
7.706000000000000000e+03 1.511456727981567383e+00
7.708000000000000000e+03 1.512679576873779297e+00
7.710000000000000000e+03 1.511917114257812500e+00
7.712000000000000000e+03 1.517004370689392090e+00
7.714000000000000000e+03 1.515262484550476074e+00
7.716000000000000000e+03 1.512397646903991699e+00
7.718000000000000000e+03 1.506319761276245117e+00
7.720000000000000000e+03 1.508681893348693848e+00
7.722000000000000000e+03 1.510397553443908691e+00
7.724000000000000000e+03 1.514794230461120605e+00
7.726000000000000000e+03 1.516344666481018066e+00
7.728000000000000000e+03 1.513043165206909180e+00
7.730000000000000000e+03 1.516640067100524902e+00
7.732000000000000000e+03 1.518190026283264160e+00
7.734000000000000000e+03 1.514133572578430176e+00
7.736000000000000000e+03 1.510132074356079102e+00
7.738000000000000000e+03 1.507481455802917480e+00
7.740000000000000000e+03 1.510397434234619141e+00
7.742000000000000000e+03 1.508674860000610352e+00
7.744000000000000000e+03 1.514198780059814453e+00
7.746000000000000000e+03 1.517300128936767578e+00
7.748000000000000000e+03 1.515882849693298340e+00
7.750000000000000000e+03 1.517957806587219238e+00
7.752000000000000000e+03 1.516641497611999512e+00
7.754000000000000000e+03 1.513571977615356445e+00
7.756000000000000000e+03 1.518189191818237305e+00
7.758000000000000000e+03 1.520723819732666016e+00
7.760000000000000000e+03 1.512118339538574219e+00
7.762000000000000000e+03 1.510959982872009277e+00
7.764000000000000000e+03 1.510431647300720215e+00
7.766000000000000000e+03 1.511720895767211914e+00
7.768000000000000000e+03 1.512216925621032715e+00
7.770000000000000000e+03 1.514099359512329102e+00
7.772000000000000000e+03 1.517663955688476562e+00
7.774000000000000000e+03 1.510860800743103027e+00
7.776000000000000000e+03 1.513571977615356445e+00
7.778000000000000000e+03 1.515585303306579590e+00
7.780000000000000000e+03 1.514495968818664551e+00
7.782000000000000000e+03 1.513738989830017090e+00
7.784000000000000000e+03 1.521816015243530273e+00
7.786000000000000000e+03 1.512218117713928223e+00
7.788000000000000000e+03 1.517492651939392090e+00
7.790000000000000000e+03 1.517136454582214355e+00
7.792000000000000000e+03 1.515421509742736816e+00
7.794000000000000000e+03 1.509835124015808105e+00
7.796000000000000000e+03 1.513243556022644043e+00
7.798000000000000000e+03 1.517729282379150391e+00
7.800000000000000000e+03 1.516410708427429199e+00
7.802000000000000000e+03 1.513736486434936523e+00
7.804000000000000000e+03 1.517035245895385742e+00
7.806000000000000000e+03 1.506586670875549316e+00
7.808000000000000000e+03 1.507781028747558594e+00
7.810000000000000000e+03 1.517430067062377930e+00
7.812000000000000000e+03 1.512117743492126465e+00
7.814000000000000000e+03 1.519407749176025391e+00
7.816000000000000000e+03 1.518551826477050781e+00
7.818000000000000000e+03 1.512017488479614258e+00
7.820000000000000000e+03 1.511885643005371094e+00
7.822000000000000000e+03 1.517562866210937500e+00
7.824000000000000000e+03 1.511651992797851562e+00
7.826000000000000000e+03 1.510097980499267578e+00
7.828000000000000000e+03 1.515422344207763672e+00
7.830000000000000000e+03 1.524793267250061035e+00
7.832000000000000000e+03 1.516871571540832520e+00
7.834000000000000000e+03 1.516376614570617676e+00
7.836000000000000000e+03 1.515026569366455078e+00
7.838000000000000000e+03 1.511092305183410645e+00
7.840000000000000000e+03 1.516606807708740234e+00
7.842000000000000000e+03 1.514793753623962402e+00
7.844000000000000000e+03 1.512944102287292480e+00
7.846000000000000000e+03 1.514662623405456543e+00
7.848000000000000000e+03 1.513242006301879883e+00
7.850000000000000000e+03 1.514892101287841797e+00
7.852000000000000000e+03 1.518024802207946777e+00
7.854000000000000000e+03 1.513803601264953613e+00
7.856000000000000000e+03 1.512456297874450684e+00
7.858000000000000000e+03 1.518617749214172363e+00
7.860000000000000000e+03 1.511226534843444824e+00
7.862000000000000000e+03 1.513965845108032227e+00
7.864000000000000000e+03 1.514893174171447754e+00
7.866000000000000000e+03 1.510563015937805176e+00
7.868000000000000000e+03 1.519835114479064941e+00
7.870000000000000000e+03 1.508674621582031250e+00
7.872000000000000000e+03 1.517399430274963379e+00
7.874000000000000000e+03 1.512912392616271973e+00
7.876000000000000000e+03 1.519374370574951172e+00
7.878000000000000000e+03 1.524926781654357910e+00
7.880000000000000000e+03 1.513440012931823730e+00
7.882000000000000000e+03 1.518255710601806641e+00
7.884000000000000000e+03 1.513274550437927246e+00
7.886000000000000000e+03 1.513275742530822754e+00
7.888000000000000000e+03 1.512119650840759277e+00
7.890000000000000000e+03 1.516508936882019043e+00
7.892000000000000000e+03 1.510264992713928223e+00
7.894000000000000000e+03 1.511755466461181641e+00
7.896000000000000000e+03 1.516904234886169434e+00
7.898000000000000000e+03 1.509733676910400391e+00
7.900000000000000000e+03 1.520295381546020508e+00
7.902000000000000000e+03 1.511190295219421387e+00
7.904000000000000000e+03 1.507746100425720215e+00
7.906000000000000000e+03 1.509369492530822754e+00
7.908000000000000000e+03 1.507380843162536621e+00
7.910000000000000000e+03 1.519143939018249512e+00
7.912000000000000000e+03 1.516344547271728516e+00
7.914000000000000000e+03 1.510828137397766113e+00
7.916000000000000000e+03 1.514630317687988281e+00
7.918000000000000000e+03 1.504560112953186035e+00
7.920000000000000000e+03 1.509604096412658691e+00
7.922000000000000000e+03 1.514662623405456543e+00
7.924000000000000000e+03 1.512698531150817871e+00
7.926000000000000000e+03 1.510562896728515625e+00
7.928000000000000000e+03 1.519144415855407715e+00
7.930000000000000000e+03 1.517724275588989258e+00
7.932000000000000000e+03 1.519014120101928711e+00
7.934000000000000000e+03 1.514760971069335938e+00
7.936000000000000000e+03 1.506418824195861816e+00
7.938000000000000000e+03 1.507447719573974609e+00
7.940000000000000000e+03 1.515717864036560059e+00
7.942000000000000000e+03 1.514662265777587891e+00
7.944000000000000000e+03 1.510396599769592285e+00
7.946000000000000000e+03 1.517795443534851074e+00
7.948000000000000000e+03 1.522729754447937012e+00
7.950000000000000000e+03 1.520689964294433594e+00
7.952000000000000000e+03 1.517695069313049316e+00
7.954000000000000000e+03 1.517169952392578125e+00
7.956000000000000000e+03 1.517298460006713867e+00
7.958000000000000000e+03 1.509338140487670898e+00
7.960000000000000000e+03 1.510793924331665039e+00
7.962000000000000000e+03 1.512944459915161133e+00
7.964000000000000000e+03 1.512887477874755859e+00
7.966000000000000000e+03 1.513770103454589844e+00
7.968000000000000000e+03 1.509900450706481934e+00
7.970000000000000000e+03 1.517960190773010254e+00
7.972000000000000000e+03 1.503428459167480469e+00
7.974000000000000000e+03 1.517564415931701660e+00
7.976000000000000000e+03 1.513461112976074219e+00
7.978000000000000000e+03 1.506021142005920410e+00
7.980000000000000000e+03 1.518618464469909668e+00
7.982000000000000000e+03 1.520321011543273926e+00
7.984000000000000000e+03 1.518353223800659180e+00
7.986000000000000000e+03 1.513706088066101074e+00
7.988000000000000000e+03 1.506683945655822754e+00
7.990000000000000000e+03 1.508974075317382812e+00
7.992000000000000000e+03 1.504859328269958496e+00
7.994000000000000000e+03 1.509537458419799805e+00
7.996000000000000000e+03 1.517960667610168457e+00
7.998000000000000000e+03 1.505089879035949707e+00
8.000000000000000000e+03 1.520033121109008789e+00
8.002000000000000000e+03 1.504461765289306641e+00
8.004000000000000000e+03 1.512413978576660156e+00
8.006000000000000000e+03 1.512350201606750488e+00
8.008000000000000000e+03 1.513308048248291016e+00
8.010000000000000000e+03 1.516048669815063477e+00
8.012000000000000000e+03 1.507349014282226562e+00
8.014000000000000000e+03 1.521380066871643066e+00
8.016000000000000000e+03 1.509513854980468750e+00
8.018000000000000000e+03 1.521249175071716309e+00
8.020000000000000000e+03 1.518254995346069336e+00
8.022000000000000000e+03 1.514267086982727051e+00
8.024000000000000000e+03 1.518254995346069336e+00
8.026000000000000000e+03 1.511853575706481934e+00
8.028000000000000000e+03 1.514463305473327637e+00
8.030000000000000000e+03 1.511126160621643066e+00
8.032000000000000000e+03 1.519144654273986816e+00
8.034000000000000000e+03 1.517267704010009766e+00
8.036000000000000000e+03 1.517663002014160156e+00
8.038000000000000000e+03 1.512250185012817383e+00
8.040000000000000000e+03 1.511125326156616211e+00
8.042000000000000000e+03 1.510231614112854004e+00
8.044000000000000000e+03 1.517726063728332520e+00
8.046000000000000000e+03 1.506904840469360352e+00
8.048000000000000000e+03 1.512250781059265137e+00
8.050000000000000000e+03 1.509391427040100098e+00
8.052000000000000000e+03 1.516211032867431641e+00
8.054000000000000000e+03 1.517003297805786133e+00
8.056000000000000000e+03 1.514266014099121094e+00
8.058000000000000000e+03 1.509568810462951660e+00
8.060000000000000000e+03 1.516740083694458008e+00
8.062000000000000000e+03 1.519013643264770508e+00
8.064000000000000000e+03 1.515420913696289062e+00
8.066000000000000000e+03 1.511812329292297363e+00
8.068000000000000000e+03 1.512381434440612793e+00
8.070000000000000000e+03 1.514464497566223145e+00
8.072000000000000000e+03 1.515585303306579590e+00
8.074000000000000000e+03 1.513571739196777344e+00
8.076000000000000000e+03 1.510563731193542480e+00
8.078000000000000000e+03 1.516147017478942871e+00
8.080000000000000000e+03 1.512117505073547363e+00
8.082000000000000000e+03 1.506950855255126953e+00
8.084000000000000000e+03 1.519538164138793945e+00
8.086000000000000000e+03 1.514100432395935059e+00
8.088000000000000000e+03 1.514431595802307129e+00
8.090000000000000000e+03 1.512183308601379395e+00
8.092000000000000000e+03 1.514002561569213867e+00
8.094000000000000000e+03 1.512116312980651855e+00
8.096000000000000000e+03 1.518189787864685059e+00
8.098000000000000000e+03 1.515289068222045898e+00
8.100000000000000000e+03 1.517003297805786133e+00
8.102000000000000000e+03 1.508940100669860840e+00
8.104000000000000000e+03 1.515586018562316895e+00
8.106000000000000000e+03 1.516871213912963867e+00
8.108000000000000000e+03 1.513307809829711914e+00
8.110000000000000000e+03 1.517004609107971191e+00
8.112000000000000000e+03 1.514135479927062988e+00
8.114000000000000000e+03 1.507946729660034180e+00
8.116000000000000000e+03 1.509802222251892090e+00
8.118000000000000000e+03 1.515916347503662109e+00
8.120000000000000000e+03 1.512778282165527344e+00
8.122000000000000000e+03 1.511490821838378906e+00
8.124000000000000000e+03 1.505388498306274414e+00
8.126000000000000000e+03 1.508641123771667480e+00
8.128000000000000000e+03 1.514627695083618164e+00
8.130000000000000000e+03 1.509899377822875977e+00
8.132000000000000000e+03 1.510066032409667969e+00
8.134000000000000000e+03 1.514564752578735352e+00
8.136000000000000000e+03 1.506286501884460449e+00
8.138000000000000000e+03 1.511719942092895508e+00
8.140000000000000000e+03 1.518880128860473633e+00
8.142000000000000000e+03 1.514266610145568848e+00
8.144000000000000000e+03 1.519044160842895508e+00
8.146000000000000000e+03 1.506817460060119629e+00
8.148000000000000000e+03 1.509765505790710449e+00
8.150000000000000000e+03 1.510564208030700684e+00
8.152000000000000000e+03 1.515288352966308594e+00
8.154000000000000000e+03 1.518255114555358887e+00
8.156000000000000000e+03 1.519934296607971191e+00
8.158000000000000000e+03 1.511604428291320801e+00
8.160000000000000000e+03 1.518617630004882812e+00
8.162000000000000000e+03 1.520688772201538086e+00
8.164000000000000000e+03 1.521600842475891113e+00
8.166000000000000000e+03 1.517466068267822266e+00
8.168000000000000000e+03 1.514893054962158203e+00
8.170000000000000000e+03 1.506950497627258301e+00
8.172000000000000000e+03 1.514496803283691406e+00
8.174000000000000000e+03 1.511061787605285645e+00
8.176000000000000000e+03 1.518618941307067871e+00
8.178000000000000000e+03 1.522005438804626465e+00
8.180000000000000000e+03 1.515288710594177246e+00
8.182000000000000000e+03 1.515947222709655762e+00
8.184000000000000000e+03 1.516871094703674316e+00
8.186000000000000000e+03 1.514298081398010254e+00
8.188000000000000000e+03 1.516432404518127441e+00
8.190000000000000000e+03 1.511687994003295898e+00
8.192000000000000000e+03 1.512716412544250488e+00
8.194000000000000000e+03 1.520297408103942871e+00
8.196000000000000000e+03 1.521215438842773438e+00
8.198000000000000000e+03 1.511091351509094238e+00
8.200000000000000000e+03 1.504792809486389160e+00
8.202000000000000000e+03 1.513604283332824707e+00
8.204000000000000000e+03 1.517004609107971191e+00
8.206000000000000000e+03 1.516939997673034668e+00
8.208000000000000000e+03 1.520987987518310547e+00
8.210000000000000000e+03 1.519044160842895508e+00
8.212000000000000000e+03 1.511457800865173340e+00
8.214000000000000000e+03 1.521840214729309082e+00
8.216000000000000000e+03 1.512115836143493652e+00
8.218000000000000000e+03 1.514265418052673340e+00
8.220000000000000000e+03 1.513207077980041504e+00
8.222000000000000000e+03 1.508044481277465820e+00
8.224000000000000000e+03 1.519045352935791016e+00
8.226000000000000000e+03 1.518354535102844238e+00
8.228000000000000000e+03 1.514528512954711914e+00
8.230000000000000000e+03 1.517431616783142090e+00
8.232000000000000000e+03 1.511059880256652832e+00
8.234000000000000000e+03 1.507416248321533203e+00
8.236000000000000000e+03 1.508940100669860840e+00
8.238000000000000000e+03 1.507117271423339844e+00
8.240000000000000000e+03 1.518255829811096191e+00
8.242000000000000000e+03 1.511191248893737793e+00
8.244000000000000000e+03 1.519384503364562988e+00
8.246000000000000000e+03 1.509238362312316895e+00
8.248000000000000000e+03 1.516272544860839844e+00
8.250000000000000000e+03 1.513473510742187500e+00
8.252000000000000000e+03 1.517202377319335938e+00
8.254000000000000000e+03 1.508410573005676270e+00
8.256000000000000000e+03 1.514000892639160156e+00
8.258000000000000000e+03 1.511026263236999512e+00
8.260000000000000000e+03 1.508477687835693359e+00
8.262000000000000000e+03 1.522530913352966309e+00
8.264000000000000000e+03 1.516244888305664062e+00
8.266000000000000000e+03 1.507944583892822266e+00
8.268000000000000000e+03 1.514134645462036133e+00
8.270000000000000000e+03 1.515884160995483398e+00
8.272000000000000000e+03 1.513439178466796875e+00
8.274000000000000000e+03 1.514499068260192871e+00
8.276000000000000000e+03 1.514199495315551758e+00
8.278000000000000000e+03 1.516080617904663086e+00
8.280000000000000000e+03 1.519638061523437500e+00
8.282000000000000000e+03 1.512613534927368164e+00
8.284000000000000000e+03 1.515716433525085449e+00
8.286000000000000000e+03 1.514001131057739258e+00
8.288000000000000000e+03 1.517464876174926758e+00
8.290000000000000000e+03 1.513406634330749512e+00
8.292000000000000000e+03 1.508940458297729492e+00
8.294000000000000000e+03 1.513604879379272461e+00
8.296000000000000000e+03 1.519375085830688477e+00
8.298000000000000000e+03 1.515057444572448730e+00
8.300000000000000000e+03 1.504493832588195801e+00
8.302000000000000000e+03 1.513969779014587402e+00
8.304000000000000000e+03 1.519243121147155762e+00
8.306000000000000000e+03 1.506451249122619629e+00
8.308000000000000000e+03 1.517266750335693359e+00
8.310000000000000000e+03 1.511507034301757812e+00
8.312000000000000000e+03 1.511853098869323730e+00
8.314000000000000000e+03 1.518684029579162598e+00
8.316000000000000000e+03 1.518585443496704102e+00
8.318000000000000000e+03 1.515585899353027344e+00
8.320000000000000000e+03 1.510562777519226074e+00
8.322000000000000000e+03 1.512977361679077148e+00
8.324000000000000000e+03 1.519934177398681641e+00
8.326000000000000000e+03 1.518353581428527832e+00
8.328000000000000000e+03 1.510695815086364746e+00
8.330000000000000000e+03 1.514728665351867676e+00
8.332000000000000000e+03 1.513703107833862305e+00
8.334000000000000000e+03 1.518090009689331055e+00
8.336000000000000000e+03 1.509172558784484863e+00
8.338000000000000000e+03 1.516342878341674805e+00
8.340000000000000000e+03 1.517433881759643555e+00
8.342000000000000000e+03 1.519834995269775391e+00
8.344000000000000000e+03 1.512216448783874512e+00
8.346000000000000000e+03 1.512217640876770020e+00
8.348000000000000000e+03 1.511921763420104980e+00
8.350000000000000000e+03 1.516114354133605957e+00
8.352000000000000000e+03 1.511455893516540527e+00
8.354000000000000000e+03 1.510958433151245117e+00
8.356000000000000000e+03 1.515620231628417969e+00
8.358000000000000000e+03 1.511059045791625977e+00
8.360000000000000000e+03 1.515385746955871582e+00
8.362000000000000000e+03 1.512249708175659180e+00
8.364000000000000000e+03 1.518748521804809570e+00
8.366000000000000000e+03 1.511654257774353027e+00
8.368000000000000000e+03 1.511588335037231445e+00
8.370000000000000000e+03 1.512416481971740723e+00
8.372000000000000000e+03 1.512514233589172363e+00
8.374000000000000000e+03 1.508973598480224609e+00
8.376000000000000000e+03 1.519606113433837891e+00
8.378000000000000000e+03 1.513934850692749023e+00
8.380000000000000000e+03 1.513341307640075684e+00
8.382000000000000000e+03 1.519143819808959961e+00
8.384000000000000000e+03 1.516444325447082520e+00
8.386000000000000000e+03 1.518090367317199707e+00
8.388000000000000000e+03 1.513968467712402344e+00
8.390000000000000000e+03 1.516212344169616699e+00
8.392000000000000000e+03 1.518190383911132812e+00
8.394000000000000000e+03 1.519506096839904785e+00
8.396000000000000000e+03 1.514364242553710938e+00
8.398000000000000000e+03 1.517004132270812988e+00
8.400000000000000000e+03 1.510264396667480469e+00
8.402000000000000000e+03 1.512712597846984863e+00
8.404000000000000000e+03 1.511390447616577148e+00
8.406000000000000000e+03 1.509338617324829102e+00
8.408000000000000000e+03 1.514628410339355469e+00
8.410000000000000000e+03 1.520821809768676758e+00
8.412000000000000000e+03 1.508142948150634766e+00
8.414000000000000000e+03 1.511325001716613770e+00
8.416000000000000000e+03 1.507215738296508789e+00
8.418000000000000000e+03 1.507780551910400391e+00
8.420000000000000000e+03 1.514794111251831055e+00
8.422000000000000000e+03 1.516509652137756348e+00
8.424000000000000000e+03 1.512943387031555176e+00
8.426000000000000000e+03 1.518716931343078613e+00
8.428000000000000000e+03 1.519077777862548828e+00
8.430000000000000000e+03 1.517564892768859863e+00
8.432000000000000000e+03 1.513406515121459961e+00
8.434000000000000000e+03 1.506155252456665039e+00
8.436000000000000000e+03 1.507780432701110840e+00
8.438000000000000000e+03 1.512151002883911133e+00
8.440000000000000000e+03 1.518157601356506348e+00
8.442000000000000000e+03 1.520098209381103516e+00
8.444000000000000000e+03 1.511720299720764160e+00
8.446000000000000000e+03 1.509039044380187988e+00
8.448000000000000000e+03 1.517200112342834473e+00
8.450000000000000000e+03 1.510695576667785645e+00
8.452000000000000000e+03 1.520430445671081543e+00
8.454000000000000000e+03 1.511985898017883301e+00
8.456000000000000000e+03 1.512547254562377930e+00
8.458000000000000000e+03 1.514761567115783691e+00
8.460000000000000000e+03 1.514927029609680176e+00
8.462000000000000000e+03 1.513772010803222656e+00
8.464000000000000000e+03 1.510298848152160645e+00
8.466000000000000000e+03 1.517662167549133301e+00
8.468000000000000000e+03 1.509107828140258789e+00
8.470000000000000000e+03 1.507349371910095215e+00
8.472000000000000000e+03 1.512678384780883789e+00
8.474000000000000000e+03 1.515156269073486328e+00
8.476000000000000000e+03 1.517696976661682129e+00
8.478000000000000000e+03 1.522532939910888672e+00
8.480000000000000000e+03 1.515948534011840820e+00
8.482000000000000000e+03 1.511490464210510254e+00
8.484000000000000000e+03 1.509336709976196289e+00
8.486000000000000000e+03 1.511124372482299805e+00
8.488000000000000000e+03 1.512149214744567871e+00
8.490000000000000000e+03 1.516378760337829590e+00
8.492000000000000000e+03 1.508939981460571289e+00
8.494000000000000000e+03 1.512514472007751465e+00
8.496000000000000000e+03 1.512811899185180664e+00
8.498000000000000000e+03 1.519736886024475098e+00
8.500000000000000000e+03 1.509338498115539551e+00
8.502000000000000000e+03 1.511621236801147461e+00
8.504000000000000000e+03 1.519769549369812012e+00
8.506000000000000000e+03 1.519209623336791992e+00
8.508000000000000000e+03 1.513801097869873047e+00
8.510000000000000000e+03 1.514497637748718262e+00
8.512000000000000000e+03 1.516507267951965332e+00
8.514000000000000000e+03 1.507480263710021973e+00
8.516000000000000000e+03 1.519835948944091797e+00
8.518000000000000000e+03 1.518188834190368652e+00
8.520000000000000000e+03 1.512151241302490234e+00
8.522000000000000000e+03 1.515519618988037109e+00
8.524000000000000000e+03 1.516376733779907227e+00
8.526000000000000000e+03 1.514785170555114746e+00
8.528000000000000000e+03 1.511355638504028320e+00
8.530000000000000000e+03 1.505921006202697754e+00
8.532000000000000000e+03 1.515521287918090820e+00
8.534000000000000000e+03 1.512812137603759766e+00
8.536000000000000000e+03 1.517200589179992676e+00
8.538000000000000000e+03 1.513571143150329590e+00
8.540000000000000000e+03 1.508309364318847656e+00
8.542000000000000000e+03 1.514439582824707031e+00
8.544000000000000000e+03 1.514299988746643066e+00
8.546000000000000000e+03 1.514628648757934570e+00
8.548000000000000000e+03 1.519834756851196289e+00
8.550000000000000000e+03 1.513634681701660156e+00
8.552000000000000000e+03 1.517034173011779785e+00
8.554000000000000000e+03 1.510785698890686035e+00
8.556000000000000000e+03 1.508675336837768555e+00
8.558000000000000000e+03 1.510265111923217773e+00
8.560000000000000000e+03 1.513471961021423340e+00
8.562000000000000000e+03 1.512547492980957031e+00
8.564000000000000000e+03 1.516503214836120605e+00
8.566000000000000000e+03 1.516211748123168945e+00
8.568000000000000000e+03 1.517005205154418945e+00
8.570000000000000000e+03 1.514529347419738770e+00
8.572000000000000000e+03 1.511059641838073730e+00
8.574000000000000000e+03 1.516598463058471680e+00
8.576000000000000000e+03 1.513967990875244141e+00
8.578000000000000000e+03 1.510246753692626953e+00
8.580000000000000000e+03 1.507117033004760742e+00
8.582000000000000000e+03 1.506816983222961426e+00
8.584000000000000000e+03 1.509603619575500488e+00
8.586000000000000000e+03 1.511756300926208496e+00
8.588000000000000000e+03 1.509603261947631836e+00
8.590000000000000000e+03 1.515882611274719238e+00
8.592000000000000000e+03 1.510563015937805176e+00
8.594000000000000000e+03 1.516410112380981445e+00
8.596000000000000000e+03 1.507946372032165527e+00
8.598000000000000000e+03 1.512217283248901367e+00
8.600000000000000000e+03 1.514762401580810547e+00
8.602000000000000000e+03 1.513506531715393066e+00
8.604000000000000000e+03 1.512249708175659180e+00
8.606000000000000000e+03 1.511224985122680664e+00
8.608000000000000000e+03 1.511884093284606934e+00
8.610000000000000000e+03 1.523035526275634766e+00
8.612000000000000000e+03 1.517631649971008301e+00
8.614000000000000000e+03 1.508774518966674805e+00
8.616000000000000000e+03 1.509194254875183105e+00
8.618000000000000000e+03 1.514677524566650391e+00
8.620000000000000000e+03 1.509768128395080566e+00
8.622000000000000000e+03 1.516377568244934082e+00
8.624000000000000000e+03 1.519902229309082031e+00
8.626000000000000000e+03 1.516640663146972656e+00
8.628000000000000000e+03 1.509204745292663574e+00
8.630000000000000000e+03 1.511620759963989258e+00
8.632000000000000000e+03 1.509040117263793945e+00
8.634000000000000000e+03 1.512809634208679199e+00
8.636000000000000000e+03 1.517401099205017090e+00
8.638000000000000000e+03 1.510099649429321289e+00
8.640000000000000000e+03 1.508177280426025391e+00
8.642000000000000000e+03 1.514793753623962402e+00
8.644000000000000000e+03 1.505456328392028809e+00
8.646000000000000000e+03 1.520165324211120605e+00
8.648000000000000000e+03 1.516411066055297852e+00
8.650000000000000000e+03 1.511623144149780273e+00
8.652000000000000000e+03 1.513077974319458008e+00
8.654000000000000000e+03 1.513042211532592773e+00
8.656000000000000000e+03 1.512116432189941406e+00
8.658000000000000000e+03 1.520459175109863281e+00
8.660000000000000000e+03 1.508972883224487305e+00
8.662000000000000000e+03 1.517352700233459473e+00
8.664000000000000000e+03 1.522301077842712402e+00
8.666000000000000000e+03 1.507381677627563477e+00
8.668000000000000000e+03 1.517431020736694336e+00
8.670000000000000000e+03 1.520193219184875488e+00
8.672000000000000000e+03 1.512185335159301758e+00
8.674000000000000000e+03 1.512083530426025391e+00
8.676000000000000000e+03 1.511887311935424805e+00
8.678000000000000000e+03 1.517257690429687500e+00
8.680000000000000000e+03 1.516935586929321289e+00
8.682000000000000000e+03 1.515949130058288574e+00
8.684000000000000000e+03 1.513439893722534180e+00
8.686000000000000000e+03 1.513679265975952148e+00
8.688000000000000000e+03 1.510330200195312500e+00
8.690000000000000000e+03 1.518191814422607422e+00
8.692000000000000000e+03 1.517298817634582520e+00
8.694000000000000000e+03 1.506851315498352051e+00
8.696000000000000000e+03 1.516277790069580078e+00
8.698000000000000000e+03 1.513570070266723633e+00
8.700000000000000000e+03 1.511918306350708008e+00
8.702000000000000000e+03 1.515585064888000488e+00
8.704000000000000000e+03 1.524138808250427246e+00
8.706000000000000000e+03 1.513569593429565430e+00
8.708000000000000000e+03 1.518454313278198242e+00
8.710000000000000000e+03 1.516113281250000000e+00
8.712000000000000000e+03 1.517563700675964355e+00
8.714000000000000000e+03 1.509205222129821777e+00
8.716000000000000000e+03 1.517035365104675293e+00
8.718000000000000000e+03 1.514002442359924316e+00
8.720000000000000000e+03 1.513737797737121582e+00
8.722000000000000000e+03 1.520426273345947266e+00
8.724000000000000000e+03 1.513242363929748535e+00
8.726000000000000000e+03 1.509202957153320312e+00
8.728000000000000000e+03 1.511191844940185547e+00
8.730000000000000000e+03 1.514100432395935059e+00
8.732000000000000000e+03 1.518781304359436035e+00
8.734000000000000000e+03 1.506187438964843750e+00
8.736000000000000000e+03 1.516410231590270996e+00
8.738000000000000000e+03 1.511654376983642578e+00
8.740000000000000000e+03 1.512151718139648438e+00
8.742000000000000000e+03 1.515492677688598633e+00
8.744000000000000000e+03 1.510945200920104980e+00
8.746000000000000000e+03 1.508093357086181641e+00
8.748000000000000000e+03 1.507911682128906250e+00
8.750000000000000000e+03 1.518092036247253418e+00
8.752000000000000000e+03 1.511291623115539551e+00
8.754000000000000000e+03 1.514266967773437500e+00
8.756000000000000000e+03 1.515950083732604980e+00
8.758000000000000000e+03 1.515091419219970703e+00
8.760000000000000000e+03 1.504160642623901367e+00
8.762000000000000000e+03 1.509204864501953125e+00
8.764000000000000000e+03 1.516376614570617676e+00
8.766000000000000000e+03 1.518420457839965820e+00
8.768000000000000000e+03 1.520822286605834961e+00
8.770000000000000000e+03 1.518453717231750488e+00
8.772000000000000000e+03 1.513440608978271484e+00
8.774000000000000000e+03 1.508110761642456055e+00
8.776000000000000000e+03 1.514264345169067383e+00
8.778000000000000000e+03 1.513702750205993652e+00
8.780000000000000000e+03 1.504593849182128906e+00
8.782000000000000000e+03 1.517530560493469238e+00
8.784000000000000000e+03 1.518025398254394531e+00
8.786000000000000000e+03 1.514761090278625488e+00
8.788000000000000000e+03 1.516839623451232910e+00
8.790000000000000000e+03 1.509900689125061035e+00
8.792000000000000000e+03 1.509833574295043945e+00
8.794000000000000000e+03 1.512910366058349609e+00
8.796000000000000000e+03 1.514629244804382324e+00
8.798000000000000000e+03 1.516376614570617676e+00
8.800000000000000000e+03 1.506883382797241211e+00
8.802000000000000000e+03 1.510167360305786133e+00
8.804000000000000000e+03 1.516771912574768066e+00
8.806000000000000000e+03 1.505225181579589844e+00
8.808000000000000000e+03 1.512814164161682129e+00
8.810000000000000000e+03 1.514994025230407715e+00
8.812000000000000000e+03 1.518254637718200684e+00
8.814000000000000000e+03 1.518189191818237305e+00
8.816000000000000000e+03 1.511654973030090332e+00
8.818000000000000000e+03 1.511954307556152344e+00
8.820000000000000000e+03 1.509239196777343750e+00
8.822000000000000000e+03 1.506321549415588379e+00
8.824000000000000000e+03 1.519738316535949707e+00
8.826000000000000000e+03 1.514792799949645996e+00
8.828000000000000000e+03 1.511753916740417480e+00
8.830000000000000000e+03 1.507747650146484375e+00
8.832000000000000000e+03 1.507679581642150879e+00
8.834000000000000000e+03 1.512910962104797363e+00
8.836000000000000000e+03 1.515453100204467773e+00
8.838000000000000000e+03 1.521940350532531738e+00
8.840000000000000000e+03 1.517200469970703125e+00
8.842000000000000000e+03 1.515618681907653809e+00
8.844000000000000000e+03 1.514793395996093750e+00
8.846000000000000000e+03 1.515125274658203125e+00
8.848000000000000000e+03 1.517629861831665039e+00
8.850000000000000000e+03 1.507349491119384766e+00
8.852000000000000000e+03 1.517169237136840820e+00
8.854000000000000000e+03 1.520951509475708008e+00
8.856000000000000000e+03 1.514233350753784180e+00
8.858000000000000000e+03 1.521183848381042480e+00
8.860000000000000000e+03 1.509206056594848633e+00
8.862000000000000000e+03 1.506849884986877441e+00
8.864000000000000000e+03 1.519835710525512695e+00
8.866000000000000000e+03 1.520362496376037598e+00
8.868000000000000000e+03 1.514760375022888184e+00
8.870000000000000000e+03 1.515090703964233398e+00
8.872000000000000000e+03 1.510827183723449707e+00
8.874000000000000000e+03 1.513604283332824707e+00
8.876000000000000000e+03 1.515554785728454590e+00
8.878000000000000000e+03 1.516643285751342773e+00
8.880000000000000000e+03 1.514627695083618164e+00
8.882000000000000000e+03 1.513046026229858398e+00
8.884000000000000000e+03 1.519077539443969727e+00
8.886000000000000000e+03 1.517266511917114258e+00
8.888000000000000000e+03 1.512908458709716797e+00
8.890000000000000000e+03 1.515882134437561035e+00
8.892000000000000000e+03 1.519672274589538574e+00
8.894000000000000000e+03 1.512943744659423828e+00
8.896000000000000000e+03 1.516970157623291016e+00
8.898000000000000000e+03 1.504560232162475586e+00
8.900000000000000000e+03 1.510860204696655273e+00
8.902000000000000000e+03 1.511123657226562500e+00
8.904000000000000000e+03 1.518057823181152344e+00
8.906000000000000000e+03 1.514859795570373535e+00
8.908000000000000000e+03 1.510264039039611816e+00
8.910000000000000000e+03 1.511388897895812988e+00
8.912000000000000000e+03 1.507213830947875977e+00
8.914000000000000000e+03 1.514991283416748047e+00
8.916000000000000000e+03 1.514133095741271973e+00
8.918000000000000000e+03 1.514629602432250977e+00
8.920000000000000000e+03 1.512251377105712891e+00
8.922000000000000000e+03 1.509470582008361816e+00
8.924000000000000000e+03 1.513407349586486816e+00
8.926000000000000000e+03 1.509734034538269043e+00
8.928000000000000000e+03 1.514264941215515137e+00
8.930000000000000000e+03 1.512777805328369141e+00
8.932000000000000000e+03 1.507513284683227539e+00
8.934000000000000000e+03 1.511455774307250977e+00
8.936000000000000000e+03 1.513936996459960938e+00
8.938000000000000000e+03 1.517300248146057129e+00
8.940000000000000000e+03 1.523068547248840332e+00
8.942000000000000000e+03 1.514100909233093262e+00
8.944000000000000000e+03 1.517696619033813477e+00
8.946000000000000000e+03 1.509170889854431152e+00
8.948000000000000000e+03 1.514396429061889648e+00
8.950000000000000000e+03 1.516081929206848145e+00
8.952000000000000000e+03 1.517302036285400391e+00
8.954000000000000000e+03 1.511619567871093750e+00
8.956000000000000000e+03 1.514234185218811035e+00
8.958000000000000000e+03 1.513208746910095215e+00
8.960000000000000000e+03 1.511357665061950684e+00
8.962000000000000000e+03 1.520350217819213867e+00
8.964000000000000000e+03 1.520065903663635254e+00
8.966000000000000000e+03 1.516177892684936523e+00
8.968000000000000000e+03 1.516493797302246094e+00
8.970000000000000000e+03 1.515597224235534668e+00
8.972000000000000000e+03 1.514906406402587891e+00
8.974000000000000000e+03 1.518849611282348633e+00
8.976000000000000000e+03 1.512712836265563965e+00
8.978000000000000000e+03 1.512644648551940918e+00
8.980000000000000000e+03 1.513701200485229492e+00
8.982000000000000000e+03 1.518553376197814941e+00
8.984000000000000000e+03 1.512887477874755859e+00
8.986000000000000000e+03 1.511819005012512207e+00
8.988000000000000000e+03 1.511093139648437500e+00
8.990000000000000000e+03 1.513604402542114258e+00
8.992000000000000000e+03 1.510033726692199707e+00
8.994000000000000000e+03 1.509408235549926758e+00
8.996000000000000000e+03 1.518056035041809082e+00
8.998000000000000000e+03 1.510959982872009277e+00
9.000000000000000000e+03 1.512308955192565918e+00
9.002000000000000000e+03 1.510661602020263672e+00
9.004000000000000000e+03 1.517791986465454102e+00
9.006000000000000000e+03 1.513311147689819336e+00
9.008000000000000000e+03 1.507381319999694824e+00
9.010000000000000000e+03 1.515882015228271484e+00
9.012000000000000000e+03 1.518255591392517090e+00
9.014000000000000000e+03 1.515663862228393555e+00
9.016000000000000000e+03 1.513308525085449219e+00
9.018000000000000000e+03 1.507792711257934570e+00
9.020000000000000000e+03 1.513839244842529297e+00
9.022000000000000000e+03 1.510457158088684082e+00
9.024000000000000000e+03 1.516771674156188965e+00
9.026000000000000000e+03 1.510796308517456055e+00
9.028000000000000000e+03 1.514362692832946777e+00
9.030000000000000000e+03 1.513570904731750488e+00
9.032000000000000000e+03 1.508840441703796387e+00
9.034000000000000000e+03 1.506552815437316895e+00
9.036000000000000000e+03 1.508641362190246582e+00
9.038000000000000000e+03 1.515883088111877441e+00
9.040000000000000000e+03 1.505255103111267090e+00
9.042000000000000000e+03 1.511620283126831055e+00
9.044000000000000000e+03 1.515717983245849609e+00
9.046000000000000000e+03 1.508674144744873047e+00
9.048000000000000000e+03 1.517992258071899414e+00
9.050000000000000000e+03 1.511721372604370117e+00
9.052000000000000000e+03 1.518189549446105957e+00
9.054000000000000000e+03 1.516873955726623535e+00
9.056000000000000000e+03 1.509237766265869141e+00
9.058000000000000000e+03 1.513009667396545410e+00
9.060000000000000000e+03 1.514993786811828613e+00
9.062000000000000000e+03 1.513736486434936523e+00
9.064000000000000000e+03 1.513209939002990723e+00
9.066000000000000000e+03 1.515143752098083496e+00
9.068000000000000000e+03 1.518056273460388184e+00
9.070000000000000000e+03 1.514792919158935547e+00
9.072000000000000000e+03 1.514133095741271973e+00
9.074000000000000000e+03 1.513506293296813965e+00
9.076000000000000000e+03 1.508276462554931641e+00
9.078000000000000000e+03 1.511159181594848633e+00
9.080000000000000000e+03 1.511622190475463867e+00
9.082000000000000000e+03 1.513802886009216309e+00
9.084000000000000000e+03 1.508775591850280762e+00
9.086000000000000000e+03 1.512513518333435059e+00
9.088000000000000000e+03 1.516739130020141602e+00
9.090000000000000000e+03 1.517562985420227051e+00
9.092000000000000000e+03 1.512810587882995605e+00
9.094000000000000000e+03 1.516111969947814941e+00
9.096000000000000000e+03 1.516310811042785645e+00
9.098000000000000000e+03 1.512812376022338867e+00
9.100000000000000000e+03 1.511191606521606445e+00
9.102000000000000000e+03 1.517299890518188477e+00
9.104000000000000000e+03 1.515421271324157715e+00
9.106000000000000000e+03 1.511819601058959961e+00
9.108000000000000000e+03 1.514628648757934570e+00
9.110000000000000000e+03 1.512513518333435059e+00
9.112000000000000000e+03 1.512812972068786621e+00
9.114000000000000000e+03 1.514462351799011230e+00
9.116000000000000000e+03 1.513307094573974609e+00
9.118000000000000000e+03 1.520855545997619629e+00
9.120000000000000000e+03 1.514826774597167969e+00
9.122000000000000000e+03 1.511751532554626465e+00
9.124000000000000000e+03 1.515881776809692383e+00
9.126000000000000000e+03 1.516772389411926270e+00
9.128000000000000000e+03 1.510330677032470703e+00
9.130000000000000000e+03 1.514264941215515137e+00
9.132000000000000000e+03 1.516475915908813477e+00
9.134000000000000000e+03 1.516674280166625977e+00
9.136000000000000000e+03 1.506421566009521484e+00
9.138000000000000000e+03 1.513338565826416016e+00
9.140000000000000000e+03 1.521743178367614746e+00
9.142000000000000000e+03 1.514825701713562012e+00
9.144000000000000000e+03 1.509206175804138184e+00
9.146000000000000000e+03 1.517398715019226074e+00
9.148000000000000000e+03 1.508144021034240723e+00
9.150000000000000000e+03 1.515091896057128906e+00
9.152000000000000000e+03 1.514330029487609863e+00
9.154000000000000000e+03 1.504561305046081543e+00
9.156000000000000000e+03 1.510959744453430176e+00
9.158000000000000000e+03 1.517464637756347656e+00
9.160000000000000000e+03 1.520887374877929688e+00
9.162000000000000000e+03 1.515552759170532227e+00
9.164000000000000000e+03 1.509603261947631836e+00
9.166000000000000000e+03 1.513308167457580566e+00
9.168000000000000000e+03 1.508144974708557129e+00
9.170000000000000000e+03 1.505257725715637207e+00
9.172000000000000000e+03 1.514298439025878906e+00
9.174000000000000000e+03 1.510827898979187012e+00
9.176000000000000000e+03 1.512712121009826660e+00
9.178000000000000000e+03 1.513968110084533691e+00
9.180000000000000000e+03 1.516344666481018066e+00
9.182000000000000000e+03 1.520954370498657227e+00
9.184000000000000000e+03 1.519803285598754883e+00
9.186000000000000000e+03 1.511324048042297363e+00
9.188000000000000000e+03 1.508278369903564453e+00
9.190000000000000000e+03 1.518058061599731445e+00
9.192000000000000000e+03 1.523188591003417969e+00
9.194000000000000000e+03 1.516047358512878418e+00
9.196000000000000000e+03 1.512283444404602051e+00
9.198000000000000000e+03 1.509569287300109863e+00
9.200000000000000000e+03 1.509204268455505371e+00
9.202000000000000000e+03 1.507944941520690918e+00
9.204000000000000000e+03 1.512449026107788086e+00
9.206000000000000000e+03 1.511488437652587891e+00
9.208000000000000000e+03 1.518683314323425293e+00
9.210000000000000000e+03 1.507051587104797363e+00
9.212000000000000000e+03 1.517663598060607910e+00
9.214000000000000000e+03 1.514001607894897461e+00
9.216000000000000000e+03 1.519012808799743652e+00
9.218000000000000000e+03 1.518782138824462891e+00
9.220000000000000000e+03 1.513571381568908691e+00
9.222000000000000000e+03 1.512216687202453613e+00
9.224000000000000000e+03 1.514893531799316406e+00
9.226000000000000000e+03 1.512182950973510742e+00
9.228000000000000000e+03 1.514563322067260742e+00
9.230000000000000000e+03 1.519045829772949219e+00
9.232000000000000000e+03 1.518187999725341797e+00
9.234000000000000000e+03 1.516081094741821289e+00
9.236000000000000000e+03 1.519903421401977539e+00
9.238000000000000000e+03 1.519738435745239258e+00
9.240000000000000000e+03 1.514233589172363281e+00
9.242000000000000000e+03 1.513307452201843262e+00
9.244000000000000000e+03 1.518191099166870117e+00
9.246000000000000000e+03 1.512450814247131348e+00
9.248000000000000000e+03 1.517036676406860352e+00
9.250000000000000000e+03 1.513307332992553711e+00
9.252000000000000000e+03 1.519110560417175293e+00
9.254000000000000000e+03 1.513307929039001465e+00
9.256000000000000000e+03 1.511920332908630371e+00
9.258000000000000000e+03 1.509337425231933594e+00
9.260000000000000000e+03 1.509361147880554199e+00
9.262000000000000000e+03 1.514827489852905273e+00
9.264000000000000000e+03 1.506354689598083496e+00
9.266000000000000000e+03 1.508974432945251465e+00
9.268000000000000000e+03 1.518057584762573242e+00
9.270000000000000000e+03 1.514529109001159668e+00
9.272000000000000000e+03 1.519834995269775391e+00
9.274000000000000000e+03 1.520194053649902344e+00
9.276000000000000000e+03 1.513869047164916992e+00
9.278000000000000000e+03 1.512813091278076172e+00
9.280000000000000000e+03 1.518781781196594238e+00
9.282000000000000000e+03 1.518847823143005371e+00
9.284000000000000000e+03 1.517302274703979492e+00
9.286000000000000000e+03 1.518716692924499512e+00
9.288000000000000000e+03 1.515156269073486328e+00
9.290000000000000000e+03 1.505523562431335449e+00
9.292000000000000000e+03 1.516641139984130859e+00
9.294000000000000000e+03 1.514627933502197266e+00
9.296000000000000000e+03 1.511093378067016602e+00
9.298000000000000000e+03 1.516937136650085449e+00
9.300000000000000000e+03 1.514893293380737305e+00
9.302000000000000000e+03 1.521117568016052246e+00
9.304000000000000000e+03 1.515091419219970703e+00
9.306000000000000000e+03 1.513572216033935547e+00
9.308000000000000000e+03 1.513077139854431152e+00
9.310000000000000000e+03 1.517694711685180664e+00
9.312000000000000000e+03 1.517991662025451660e+00
9.314000000000000000e+03 1.510663390159606934e+00
9.316000000000000000e+03 1.512813210487365723e+00
9.318000000000000000e+03 1.506453752517700195e+00
9.320000000000000000e+03 1.515059232711791992e+00
9.322000000000000000e+03 1.513440251350402832e+00
9.324000000000000000e+03 1.512911438941955566e+00
9.326000000000000000e+03 1.516113877296447754e+00
9.328000000000000000e+03 1.518980741500854492e+00
9.330000000000000000e+03 1.511455774307250977e+00
9.332000000000000000e+03 1.513968467712402344e+00
9.334000000000000000e+03 1.514661788940429688e+00
9.336000000000000000e+03 1.510564327239990234e+00
9.338000000000000000e+03 1.512910008430480957e+00
9.340000000000000000e+03 1.520855188369750977e+00
9.342000000000000000e+03 1.515948653221130371e+00
9.344000000000000000e+03 1.510762095451354980e+00
9.346000000000000000e+03 1.505855321884155273e+00
9.348000000000000000e+03 1.511753559112548828e+00
9.350000000000000000e+03 1.515421390533447266e+00
9.352000000000000000e+03 1.506618857383728027e+00
9.354000000000000000e+03 1.507084727287292480e+00
9.356000000000000000e+03 1.519407749176025391e+00
9.358000000000000000e+03 1.511490106582641602e+00
9.360000000000000000e+03 1.512415647506713867e+00
9.362000000000000000e+03 1.512513995170593262e+00
9.364000000000000000e+03 1.515684962272644043e+00
9.366000000000000000e+03 1.512943744659423828e+00
9.368000000000000000e+03 1.508144736289978027e+00
9.370000000000000000e+03 1.515025615692138672e+00
9.372000000000000000e+03 1.519341826438903809e+00
9.374000000000000000e+03 1.512216210365295410e+00
9.376000000000000000e+03 1.514264941215515137e+00
9.378000000000000000e+03 1.511752843856811523e+00
9.380000000000000000e+03 1.505257010459899902e+00
9.382000000000000000e+03 1.518748998641967773e+00
9.384000000000000000e+03 1.519276738166809082e+00
9.386000000000000000e+03 1.516969084739685059e+00
9.388000000000000000e+03 1.515091419219970703e+00
9.390000000000000000e+03 1.503627061843872070e+00
9.392000000000000000e+03 1.517926812171936035e+00
9.394000000000000000e+03 1.517431974411010742e+00
9.396000000000000000e+03 1.510133743286132812e+00
9.398000000000000000e+03 1.513572216033935547e+00
9.400000000000000000e+03 1.516375064849853516e+00
9.402000000000000000e+03 1.512943744659423828e+00
9.404000000000000000e+03 1.513739228248596191e+00
9.406000000000000000e+03 1.507878184318542480e+00
9.408000000000000000e+03 1.515553116798400879e+00
9.410000000000000000e+03 1.515948772430419922e+00
9.412000000000000000e+03 1.510957956314086914e+00
9.414000000000000000e+03 1.517661213874816895e+00
9.416000000000000000e+03 1.505257487297058105e+00
9.418000000000000000e+03 1.514630436897277832e+00
9.420000000000000000e+03 1.512810230255126953e+00
9.422000000000000000e+03 1.518749833106994629e+00
9.424000000000000000e+03 1.514100313186645508e+00
9.426000000000000000e+03 1.513505816459655762e+00
9.428000000000000000e+03 1.512118101119995117e+00
9.430000000000000000e+03 1.515618681907653809e+00
9.432000000000000000e+03 1.518255591392517090e+00
9.434000000000000000e+03 1.518748760223388672e+00
9.436000000000000000e+03 1.514990806579589844e+00
9.438000000000000000e+03 1.513605713844299316e+00
9.440000000000000000e+03 1.507514715194702148e+00
9.442000000000000000e+03 1.510133028030395508e+00
9.444000000000000000e+03 1.513010978698730469e+00
9.446000000000000000e+03 1.514927148818969727e+00
9.448000000000000000e+03 1.513043880462646484e+00
9.450000000000000000e+03 1.514132499694824219e+00
9.452000000000000000e+03 1.516870260238647461e+00
9.454000000000000000e+03 1.515551328659057617e+00
9.456000000000000000e+03 1.511224985122680664e+00
9.458000000000000000e+03 1.518323063850402832e+00
9.460000000000000000e+03 1.510263442993164062e+00
9.462000000000000000e+03 1.519275903701782227e+00
9.464000000000000000e+03 1.509237527847290039e+00
9.466000000000000000e+03 1.505256772041320801e+00
9.468000000000000000e+03 1.518255114555358887e+00
9.470000000000000000e+03 1.518585562705993652e+00
9.472000000000000000e+03 1.511158347129821777e+00
9.474000000000000000e+03 1.515518188476562500e+00
9.476000000000000000e+03 1.514002203941345215e+00
9.478000000000000000e+03 1.513308405876159668e+00
9.480000000000000000e+03 1.522499442100524902e+00
9.482000000000000000e+03 1.518354296684265137e+00
9.484000000000000000e+03 1.512216687202453613e+00
9.486000000000000000e+03 1.513837099075317383e+00
9.488000000000000000e+03 1.523088812828063965e+00
9.490000000000000000e+03 1.507742166519165039e+00
9.492000000000000000e+03 1.522957563400268555e+00
9.494000000000000000e+03 1.514298915863037109e+00
9.496000000000000000e+03 1.519505620002746582e+00
9.498000000000000000e+03 1.509602189064025879e+00
9.500000000000000000e+03 1.513442158699035645e+00
9.502000000000000000e+03 1.515090703964233398e+00
9.504000000000000000e+03 1.515981316566467285e+00
9.506000000000000000e+03 1.515189528465270996e+00
9.508000000000000000e+03 1.510495543479919434e+00
9.510000000000000000e+03 1.512284398078918457e+00
9.512000000000000000e+03 1.510563492774963379e+00
9.514000000000000000e+03 1.513505101203918457e+00
9.516000000000000000e+03 1.512250065803527832e+00
9.518000000000000000e+03 1.507350087165832520e+00
9.520000000000000000e+03 1.506322622299194336e+00
9.522000000000000000e+03 1.513572931289672852e+00
9.524000000000000000e+03 1.513995528221130371e+00
9.526000000000000000e+03 1.508210897445678711e+00
9.528000000000000000e+03 1.509339451789855957e+00
9.530000000000000000e+03 1.519046545028686523e+00
9.532000000000000000e+03 1.514131784439086914e+00
9.534000000000000000e+03 1.510297894477844238e+00
9.536000000000000000e+03 1.506982803344726562e+00
9.538000000000000000e+03 1.513174414634704590e+00
9.540000000000000000e+03 1.519344091415405273e+00
9.542000000000000000e+03 1.514795064926147461e+00
9.544000000000000000e+03 1.516179561614990234e+00
9.546000000000000000e+03 1.508177995681762695e+00
9.548000000000000000e+03 1.516411066055297852e+00
9.550000000000000000e+03 1.515154719352722168e+00
9.552000000000000000e+03 1.519539356231689453e+00
9.554000000000000000e+03 1.517466902732849121e+00
9.556000000000000000e+03 1.512351036071777344e+00
9.558000000000000000e+03 1.516377806663513184e+00
9.560000000000000000e+03 1.508937716484069824e+00
9.562000000000000000e+03 1.515191912651062012e+00
9.564000000000000000e+03 1.516475796699523926e+00
9.566000000000000000e+03 1.510430335998535156e+00
9.568000000000000000e+03 1.511126518249511719e+00
9.570000000000000000e+03 1.519080877304077148e+00
9.572000000000000000e+03 1.514298677444458008e+00
9.574000000000000000e+03 1.515718221664428711e+00
9.576000000000000000e+03 1.513935446739196777e+00
9.578000000000000000e+03 1.509237051010131836e+00
9.580000000000000000e+03 1.513821482658386230e+00
9.582000000000000000e+03 1.523097038269042969e+00
9.584000000000000000e+03 1.519735813140869141e+00
9.586000000000000000e+03 1.508248090744018555e+00
9.588000000000000000e+03 1.510430455207824707e+00
9.590000000000000000e+03 1.519110798835754395e+00
9.592000000000000000e+03 1.517167568206787109e+00
9.594000000000000000e+03 1.514266490936279297e+00
9.596000000000000000e+03 1.518683552742004395e+00
9.598000000000000000e+03 1.517409920692443848e+00
9.600000000000000000e+03 1.511323809623718262e+00
9.602000000000000000e+03 1.510165452957153320e+00
9.604000000000000000e+03 1.513935685157775879e+00
9.606000000000000000e+03 1.509531974792480469e+00
9.608000000000000000e+03 1.515454292297363281e+00
9.610000000000000000e+03 1.520381569862365723e+00
9.612000000000000000e+03 1.513604164123535156e+00
9.614000000000000000e+03 1.513239264488220215e+00
9.616000000000000000e+03 1.518288016319274902e+00
9.618000000000000000e+03 1.510959148406982422e+00
9.620000000000000000e+03 1.516938209533691406e+00
9.622000000000000000e+03 1.508941054344177246e+00
9.624000000000000000e+03 1.513703823089599609e+00
9.626000000000000000e+03 1.512185215950012207e+00
9.628000000000000000e+03 1.510595202445983887e+00
9.630000000000000000e+03 1.519507884979248047e+00
9.632000000000000000e+03 1.519013047218322754e+00
9.634000000000000000e+03 1.518484473228454590e+00
9.636000000000000000e+03 1.518982052803039551e+00
9.638000000000000000e+03 1.514266371726989746e+00
9.640000000000000000e+03 1.511985659599304199e+00
9.642000000000000000e+03 1.508709311485290527e+00
9.644000000000000000e+03 1.511323451995849609e+00
9.646000000000000000e+03 1.508939623832702637e+00
9.648000000000000000e+03 1.513471961021423340e+00
9.650000000000000000e+03 1.519275426864624023e+00
9.652000000000000000e+03 1.518353819847106934e+00
9.654000000000000000e+03 1.515089988708496094e+00
9.656000000000000000e+03 1.515586256980895996e+00
9.658000000000000000e+03 1.517101287841796875e+00
9.660000000000000000e+03 1.519243836402893066e+00
9.662000000000000000e+03 1.513670325279235840e+00
9.664000000000000000e+03 1.510165929794311523e+00
9.666000000000000000e+03 1.512117624282836914e+00
9.668000000000000000e+03 1.518221616744995117e+00
9.670000000000000000e+03 1.513077616691589355e+00
9.672000000000000000e+03 1.516077637672424316e+00
9.674000000000000000e+03 1.520195960998535156e+00
9.676000000000000000e+03 1.509092569351196289e+00
9.678000000000000000e+03 1.506419658660888672e+00
9.680000000000000000e+03 1.514463663101196289e+00
9.682000000000000000e+03 1.513208270072937012e+00
9.684000000000000000e+03 1.519690871238708496e+00
9.686000000000000000e+03 1.513340711593627930e+00
9.688000000000000000e+03 1.521150469779968262e+00
9.690000000000000000e+03 1.512647032737731934e+00
9.692000000000000000e+03 1.520888447761535645e+00
9.694000000000000000e+03 1.509602427482604980e+00
9.696000000000000000e+03 1.514728188514709473e+00
9.698000000000000000e+03 1.518748521804809570e+00
9.700000000000000000e+03 1.513076424598693848e+00
9.702000000000000000e+03 1.521709322929382324e+00
9.704000000000000000e+03 1.516310930252075195e+00
9.706000000000000000e+03 1.520199060440063477e+00
9.708000000000000000e+03 1.510973572731018066e+00
9.710000000000000000e+03 1.506841301918029785e+00
9.712000000000000000e+03 1.518452882766723633e+00
9.714000000000000000e+03 1.514660239219665527e+00
9.716000000000000000e+03 1.511225581169128418e+00
9.718000000000000000e+03 1.516377568244934082e+00
9.720000000000000000e+03 1.511720657348632812e+00
9.722000000000000000e+03 1.516509175300598145e+00
9.724000000000000000e+03 1.515584468841552734e+00
9.726000000000000000e+03 1.520065784454345703e+00
9.728000000000000000e+03 1.512250304222106934e+00
9.730000000000000000e+03 1.515980124473571777e+00
9.732000000000000000e+03 1.513441324234008789e+00
9.734000000000000000e+03 1.513018488883972168e+00
9.736000000000000000e+03 1.515816092491149902e+00
9.738000000000000000e+03 1.516450762748718262e+00
9.740000000000000000e+03 1.518749475479125977e+00
9.742000000000000000e+03 1.514229536056518555e+00
9.744000000000000000e+03 1.516047358512878418e+00
9.746000000000000000e+03 1.517201185226440430e+00
9.748000000000000000e+03 1.515090823173522949e+00
9.750000000000000000e+03 1.521316409111022949e+00
9.752000000000000000e+03 1.515816569328308105e+00
9.754000000000000000e+03 1.508743405342102051e+00
9.756000000000000000e+03 1.514200091361999512e+00
9.758000000000000000e+03 1.514795064926147461e+00
9.760000000000000000e+03 1.516212463378906250e+00
9.762000000000000000e+03 1.516774296760559082e+00
9.764000000000000000e+03 1.514364242553710938e+00
9.766000000000000000e+03 1.511622071266174316e+00
9.768000000000000000e+03 1.511356472969055176e+00
9.770000000000000000e+03 1.513340473175048828e+00
9.772000000000000000e+03 1.510926842689514160e+00
9.774000000000000000e+03 1.516179561614990234e+00
9.776000000000000000e+03 1.507414340972900391e+00
9.778000000000000000e+03 1.514627814292907715e+00
9.780000000000000000e+03 1.514266014099121094e+00
9.782000000000000000e+03 1.512117862701416016e+00
9.784000000000000000e+03 1.510331988334655762e+00
9.786000000000000000e+03 1.514396905899047852e+00
9.788000000000000000e+03 1.514034152030944824e+00
9.790000000000000000e+03 1.512184023857116699e+00
9.792000000000000000e+03 1.519374370574951172e+00
9.794000000000000000e+03 1.508841156959533691e+00
9.796000000000000000e+03 1.515948414802551270e+00
9.798000000000000000e+03 1.508542895317077637e+00
9.800000000000000000e+03 1.513440132141113281e+00
9.802000000000000000e+03 1.515454173088073730e+00
9.804000000000000000e+03 1.512185215950012207e+00
9.806000000000000000e+03 1.514233112335205078e+00
9.808000000000000000e+03 1.517266631126403809e+00
9.810000000000000000e+03 1.510529875755310059e+00
9.812000000000000000e+03 1.509337663650512695e+00
9.814000000000000000e+03 1.508311271667480469e+00
9.816000000000000000e+03 1.512878179550170898e+00
9.818000000000000000e+03 1.513208627700805664e+00
9.820000000000000000e+03 1.514530777931213379e+00
9.822000000000000000e+03 1.510958552360534668e+00
9.824000000000000000e+03 1.514827966690063477e+00
9.826000000000000000e+03 1.511851906776428223e+00
9.828000000000000000e+03 1.508940339088439941e+00
9.830000000000000000e+03 1.510165929794311523e+00
9.832000000000000000e+03 1.512251377105712891e+00
9.834000000000000000e+03 1.517562985420227051e+00
9.836000000000000000e+03 1.518583059310913086e+00
9.838000000000000000e+03 1.512444734573364258e+00
9.840000000000000000e+03 1.514497518539428711e+00
9.842000000000000000e+03 1.516213417053222656e+00
9.844000000000000000e+03 1.514793276786804199e+00
9.846000000000000000e+03 1.512116193771362305e+00
9.848000000000000000e+03 1.508740663528442383e+00
9.850000000000000000e+03 1.520789146423339844e+00
9.852000000000000000e+03 1.510563492774963379e+00
9.854000000000000000e+03 1.507149696350097656e+00
9.856000000000000000e+03 1.509635686874389648e+00
9.858000000000000000e+03 1.509635806083679199e+00
9.860000000000000000e+03 1.514233469963073730e+00
9.862000000000000000e+03 1.519276738166809082e+00
9.864000000000000000e+03 1.513739705085754395e+00
9.866000000000000000e+03 1.508575439453125000e+00
9.868000000000000000e+03 1.515422582626342773e+00
9.870000000000000000e+03 1.519769310951232910e+00
9.872000000000000000e+03 1.513739347457885742e+00
9.874000000000000000e+03 1.516739249229431152e+00
9.876000000000000000e+03 1.511753678321838379e+00
9.878000000000000000e+03 1.514132857322692871e+00
9.880000000000000000e+03 1.508675217628479004e+00
9.882000000000000000e+03 1.514727115631103516e+00
9.884000000000000000e+03 1.514464139938354492e+00
9.886000000000000000e+03 1.507879376411437988e+00
9.888000000000000000e+03 1.508775234222412109e+00
9.890000000000000000e+03 1.510430812835693359e+00
9.892000000000000000e+03 1.513770103454589844e+00
9.894000000000000000e+03 1.507780432701110840e+00
9.896000000000000000e+03 1.518586277961730957e+00
9.898000000000000000e+03 1.510264873504638672e+00
9.900000000000000000e+03 1.516380548477172852e+00
9.902000000000000000e+03 1.519736409187316895e+00
9.904000000000000000e+03 1.519637703895568848e+00
9.906000000000000000e+03 1.517959713935852051e+00
9.908000000000000000e+03 1.520034551620483398e+00
9.910000000000000000e+03 1.519771575927734375e+00
9.912000000000000000e+03 1.514793395996093750e+00
9.914000000000000000e+03 1.517135620117187500e+00
9.916000000000000000e+03 1.512976288795471191e+00
9.918000000000000000e+03 1.511490225791931152e+00
9.920000000000000000e+03 1.511621832847595215e+00
9.922000000000000000e+03 1.510926604270935059e+00
9.924000000000000000e+03 1.515586018562316895e+00
9.926000000000000000e+03 1.515189766883850098e+00
9.928000000000000000e+03 1.519670248031616211e+00
9.930000000000000000e+03 1.520724296569824219e+00
9.932000000000000000e+03 1.514067888259887695e+00
9.934000000000000000e+03 1.504693746566772461e+00
9.936000000000000000e+03 1.514497041702270508e+00
9.938000000000000000e+03 1.516112923622131348e+00
9.940000000000000000e+03 1.510860085487365723e+00
9.942000000000000000e+03 1.518157005310058594e+00
9.944000000000000000e+03 1.512646555900573730e+00
9.946000000000000000e+03 1.508705973625183105e+00
9.948000000000000000e+03 1.509603261947631836e+00
9.950000000000000000e+03 1.515981197357177734e+00
9.952000000000000000e+03 1.516178846359252930e+00
9.954000000000000000e+03 1.517036557197570801e+00
9.956000000000000000e+03 1.515551805496215820e+00
9.958000000000000000e+03 1.519736528396606445e+00
9.960000000000000000e+03 1.509734749794006348e+00
9.962000000000000000e+03 1.514231443405151367e+00
9.964000000000000000e+03 1.512910962104797363e+00
9.966000000000000000e+03 1.507482767105102539e+00
9.968000000000000000e+03 1.512249350547790527e+00
9.970000000000000000e+03 1.504992961883544922e+00
9.972000000000000000e+03 1.516577005386352539e+00
9.974000000000000000e+03 1.516874432563781738e+00
9.976000000000000000e+03 1.516871094703674316e+00
9.978000000000000000e+03 1.508940458297729492e+00
9.980000000000000000e+03 1.506055474281311035e+00
9.982000000000000000e+03 1.515717267990112305e+00
9.984000000000000000e+03 1.518693208694458008e+00
9.986000000000000000e+03 1.510264992713928223e+00
9.988000000000000000e+03 1.519078612327575684e+00
9.990000000000000000e+03 1.513837099075317383e+00
9.992000000000000000e+03 1.510225057601928711e+00
9.994000000000000000e+03 1.519144415855407715e+00
9.996000000000000000e+03 1.507869362831115723e+00
9.998000000000000000e+03 1.516111135482788086e+00
1.000000000000000000e+04 1.512185335159301758e+00
