0.000000000000000000e+00 -1.667049288749694824e+00
2.000000000000000000e+00 -1.710603117942810059e+00
4.000000000000000000e+00 1.869295954704284668e+00
6.000000000000000000e+00 1.981352567672729492e+00
8.000000000000000000e+00 5.673023462295532227e-01
1.000000000000000000e+01 -5.199676752090454102e-01
1.200000000000000000e+01 -1.061724901199340820e+00
1.400000000000000000e+01 -1.562983036041259766e+00
1.600000000000000000e+01 2.389888763427734375e+00
1.800000000000000000e+01 2.167972326278686523e+00
2.000000000000000000e+01 2.417344093322753906e+00
2.200000000000000000e+01 1.309768199920654297e+00
2.400000000000000000e+01 2.392674684524536133e+00
2.600000000000000000e+01 1.971819758415222168e+00
2.800000000000000000e+01 2.474452495574951172e+00
3.000000000000000000e+01 -1.717387914657592773e+00
3.200000000000000000e+01 -2.046313047409057617e+00
3.400000000000000000e+01 -1.570796370506286621e+00
3.600000000000000000e+01 -2.026246786117553711e+00
3.800000000000000000e+01 -2.200703382492065430e+00
4.000000000000000000e+01 -4.266260862350463867e-01
4.200000000000000000e+01 -1.173715949058532715e+00
4.400000000000000000e+01 1.963666796684265137e+00
4.600000000000000000e+01 1.608162045478820801e+00
4.800000000000000000e+01 9.925734996795654297e-01
5.000000000000000000e+01 -1.195043206214904785e+00
5.200000000000000000e+01 -1.274681448936462402e+00
5.400000000000000000e+01 -1.692148804664611816e+00
5.600000000000000000e+01 1.012199163436889648e+00
5.800000000000000000e+01 2.496748208999633789e+00
6.000000000000000000e+01 -2.673250198364257812e+00
6.200000000000000000e+01 -1.252239823341369629e+00
6.400000000000000000e+01 2.632520437240600586e+00
6.600000000000000000e+01 -2.671617746353149414e+00
6.800000000000000000e+01 -1.531344175338745117e+00
7.000000000000000000e+01 -2.116694211959838867e+00
7.200000000000000000e+01 3.019747495651245117e+00
7.400000000000000000e+01 -1.217093348503112793e+00
7.600000000000000000e+01 1.318478226661682129e+00
7.800000000000000000e+01 1.116076707839965820e+00
8.000000000000000000e+01 8.414141535758972168e-01
8.200000000000000000e+01 -1.133770227432250977e+00
8.400000000000000000e+01 -3.618973195552825928e-01
8.600000000000000000e+01 -7.807039022445678711e-01
8.800000000000000000e+01 9.123723506927490234e-01
9.000000000000000000e+01 1.820048570632934570e+00
9.200000000000000000e+01 2.106070518493652344e+00
9.400000000000000000e+01 2.553589344024658203e+00
9.600000000000000000e+01 2.716760873794555664e+00
9.800000000000000000e+01 2.619404792785644531e+00
1.000000000000000000e+02 -3.016378164291381836e+00
1.020000000000000000e+02 -2.446861505508422852e+00
1.040000000000000000e+02 1.995772480964660645e+00
1.060000000000000000e+02 2.206485033035278320e+00
1.080000000000000000e+02 1.338429689407348633e+00
1.100000000000000000e+02 1.467003464698791504e+00
1.120000000000000000e+02 -2.952111959457397461e+00
1.140000000000000000e+02 2.143105030059814453e+00
1.160000000000000000e+02 1.873277068138122559e+00
1.180000000000000000e+02 -5.176513791084289551e-01
1.200000000000000000e+02 2.169971704483032227e+00
1.220000000000000000e+02 2.775536775588989258e+00
1.240000000000000000e+02 1.269742548465728760e-01
1.260000000000000000e+02 2.639616250991821289e+00
1.280000000000000000e+02 -9.594966173171997070e-01
1.300000000000000000e+02 -6.520471572875976562e-01
1.320000000000000000e+02 -2.309061050415039062e+00
1.340000000000000000e+02 -2.653895854949951172e+00
1.360000000000000000e+02 2.998509407043457031e+00
1.380000000000000000e+02 1.940967082977294922e+00
1.400000000000000000e+02 1.183244958519935608e-01
1.420000000000000000e+02 7.607121467590332031e-01
1.440000000000000000e+02 6.488141417503356934e-01
1.460000000000000000e+02 3.873839974403381348e-01
1.480000000000000000e+02 8.984787017107009888e-02
1.500000000000000000e+02 -1.865733504295349121e+00
1.520000000000000000e+02 -1.124951124191284180e+00
1.540000000000000000e+02 -7.017223238945007324e-01
1.560000000000000000e+02 -1.723445415496826172e+00
1.580000000000000000e+02 -7.853998541831970215e-01
1.600000000000000000e+02 -1.705118179321289062e+00
1.620000000000000000e+02 -1.081264495849609375e+00
1.640000000000000000e+02 3.713186383247375488e-01
1.660000000000000000e+02 2.648448199033737183e-02
1.680000000000000000e+02 -2.092230558395385742e+00
1.700000000000000000e+02 -8.695360422134399414e-01
1.720000000000000000e+02 -1.234828233718872070e+00
1.740000000000000000e+02 -1.577462911605834961e+00
1.760000000000000000e+02 -3.996773660182952881e-01
1.780000000000000000e+02 -4.506610035896301270e-01
1.800000000000000000e+02 1.438268572092056274e-01
1.820000000000000000e+02 -1.730775088071823120e-01
1.840000000000000000e+02 -4.632424190640449524e-02
1.860000000000000000e+02 -3.636679351329803467e-01
1.880000000000000000e+02 1.662143707275390625e+00
1.900000000000000000e+02 3.126780033111572266e+00
1.920000000000000000e+02 -1.980623245239257812e+00
1.940000000000000000e+02 -1.775113344192504883e+00
1.960000000000000000e+02 1.269348025321960449e+00
1.980000000000000000e+02 -1.757971882820129395e+00
2.000000000000000000e+02 -3.339648246765136719e-01
2.020000000000000000e+02 -6.698930859565734863e-01
2.040000000000000000e+02 4.129815474152565002e-02
2.060000000000000000e+02 -9.919354915618896484e-01
2.080000000000000000e+02 2.610282599925994873e-01
2.100000000000000000e+02 6.224178522825241089e-02
2.120000000000000000e+02 1.284744024276733398e+00
2.140000000000000000e+02 1.741893053054809570e+00
2.160000000000000000e+02 1.213885545730590820e+00
2.180000000000000000e+02 2.787595272064208984e+00
2.200000000000000000e+02 2.144120931625366211e+00
2.220000000000000000e+02 -1.208708047866821289e+00
2.240000000000000000e+02 -2.699217081069946289e+00
2.260000000000000000e+02 1.516051590442657471e-01
2.280000000000000000e+02 -6.610444188117980957e-01
2.300000000000000000e+02 -5.043765902519226074e-01
2.320000000000000000e+02 -1.762220501899719238e+00
2.340000000000000000e+02 -2.417152166366577148e+00
2.360000000000000000e+02 -1.765035748481750488e+00
2.380000000000000000e+02 -1.562321782112121582e+00
2.400000000000000000e+02 2.603546619415283203e+00
2.420000000000000000e+02 -2.061142206192016602e+00
2.440000000000000000e+02 -1.468417286872863770e+00
2.460000000000000000e+02 -2.499646902084350586e+00
2.480000000000000000e+02 -2.457543373107910156e+00
2.500000000000000000e+02 -5.586043000221252441e-01
2.520000000000000000e+02 1.874176859855651855e+00
2.540000000000000000e+02 1.971037387847900391e+00
2.560000000000000000e+02 2.267228841781616211e+00
2.580000000000000000e+02 1.446441173553466797e+00
2.600000000000000000e+02 2.166203498840332031e+00
2.620000000000000000e+02 2.510730981826782227e+00
2.640000000000000000e+02 -2.383706867694854736e-01
2.660000000000000000e+02 -2.519558191299438477e+00
2.680000000000000000e+02 2.265534400939941406e+00
2.700000000000000000e+02 6.786623597145080566e-01
2.720000000000000000e+02 1.616918444633483887e+00
2.740000000000000000e+02 -2.368488907814025879e-01
2.760000000000000000e+02 1.006526947021484375e+00
2.780000000000000000e+02 -2.757855132222175598e-02
2.800000000000000000e+02 4.813981950283050537e-01
2.820000000000000000e+02 -1.083555936813354492e+00
2.840000000000000000e+02 -1.867341995239257812e+00
2.860000000000000000e+02 -2.190167665481567383e+00
2.880000000000000000e+02 1.562861323356628418e+00
2.900000000000000000e+02 7.558214068412780762e-01
2.920000000000000000e+02 1.266075730323791504e+00
2.940000000000000000e+02 2.185459136962890625e+00
2.960000000000000000e+02 1.828501820564270020e+00
2.980000000000000000e+02 3.124202728271484375e+00
3.000000000000000000e+02 -2.920277595520019531e+00
3.020000000000000000e+02 4.899572432041168213e-01
3.040000000000000000e+02 8.391069173812866211e-01
3.060000000000000000e+02 1.901280879974365234e+00
3.080000000000000000e+02 2.626631259918212891e+00
3.100000000000000000e+02 -3.044674158096313477e+00
3.120000000000000000e+02 -2.016588211059570312e+00
3.140000000000000000e+02 2.634493112564086914e+00
3.160000000000000000e+02 2.582086563110351562e+00
3.180000000000000000e+02 -2.761085748672485352e+00
3.200000000000000000e+02 3.075023174285888672e+00
3.220000000000000000e+02 -2.038476228713989258e+00
3.240000000000000000e+02 -2.727453947067260742e+00
3.260000000000000000e+02 -2.577024459838867188e+00
3.280000000000000000e+02 -1.449769020080566406e+00
3.300000000000000000e+02 -2.887072563171386719e+00
3.320000000000000000e+02 -4.353508055210113525e-01
3.340000000000000000e+02 1.025142192840576172e+00
3.360000000000000000e+02 9.114862680435180664e-01
3.380000000000000000e+02 5.667291283607482910e-01
3.400000000000000000e+02 -8.066720366477966309e-01
3.420000000000000000e+02 -1.300947904586791992e+00
3.440000000000000000e+02 -1.154358744621276855e+00
3.460000000000000000e+02 1.524163722991943359e+00
3.480000000000000000e+02 1.996792316436767578e+00
3.500000000000000000e+02 7.448814511299133301e-01
3.520000000000000000e+02 -1.329229116439819336e+00
3.540000000000000000e+02 1.868794441223144531e+00
3.560000000000000000e+02 1.959485650062561035e+00
3.580000000000000000e+02 7.301796078681945801e-01
3.600000000000000000e+02 9.827954769134521484e-01
3.620000000000000000e+02 5.593308806419372559e-01
3.640000000000000000e+02 1.161150455474853516e+00
3.660000000000000000e+02 9.774450659751892090e-01
3.680000000000000000e+02 1.638915576040744781e-02
3.700000000000000000e+02 -1.457944631576538086e+00
3.720000000000000000e+02 -1.355329513549804688e+00
3.740000000000000000e+02 -2.099659442901611328e+00
3.760000000000000000e+02 -2.108842372894287109e+00
3.780000000000000000e+02 4.816629588603973389e-01
3.800000000000000000e+02 -7.272087782621383667e-02
3.820000000000000000e+02 -4.790313839912414551e-01
3.840000000000000000e+02 1.279338955879211426e+00
3.860000000000000000e+02 -1.753936856985092163e-01
3.880000000000000000e+02 3.108271121978759766e+00
3.900000000000000000e+02 2.269037008285522461e+00
3.920000000000000000e+02 2.431521654129028320e+00
3.940000000000000000e+02 2.153283119201660156e+00
3.960000000000000000e+02 2.623391151428222656e+00
3.980000000000000000e+02 -2.416365146636962891e+00
4.000000000000000000e+02 2.773364067077636719e+00
4.020000000000000000e+02 2.840671777725219727e+00
4.040000000000000000e+02 1.902513623237609863e+00
4.060000000000000000e+02 -2.775673627853393555e+00
4.080000000000000000e+02 2.968518018722534180e+00
4.100000000000000000e+02 -2.914793968200683594e+00
4.120000000000000000e+02 3.133592605590820312e+00
4.140000000000000000e+02 -1.405648112297058105e+00
4.160000000000000000e+02 -2.765632629394531250e+00
4.180000000000000000e+02 -2.908165931701660156e+00
4.200000000000000000e+02 1.698476433753967285e+00
4.220000000000000000e+02 5.549978837370872498e-02
4.240000000000000000e+02 -2.432072639465332031e+00
4.260000000000000000e+02 -1.289954185485839844e+00
4.280000000000000000e+02 6.540822386741638184e-01
4.300000000000000000e+02 -3.953007757663726807e-01
4.320000000000000000e+02 1.882217973470687866e-01
4.340000000000000000e+02 -1.737458705902099609e+00
4.360000000000000000e+02 1.565606832504272461e+00
4.380000000000000000e+02 1.523213028907775879e+00
4.400000000000000000e+02 1.536027789115905762e+00
4.420000000000000000e+02 1.267912030220031738e+00
4.440000000000000000e+02 1.680447220802307129e+00
4.460000000000000000e+02 -1.971590399742126465e+00
4.480000000000000000e+02 -2.052733898162841797e+00
4.500000000000000000e+02 -2.366294384002685547e+00
4.520000000000000000e+02 2.832942485809326172e+00
4.540000000000000000e+02 -9.544976353645324707e-01
4.560000000000000000e+02 2.085869073867797852e+00
4.580000000000000000e+02 2.399228811264038086e+00
4.600000000000000000e+02 2.707786560058593750e+00
4.620000000000000000e+02 -1.427056908607482910e+00
4.640000000000000000e+02 -2.565963983535766602e+00
4.660000000000000000e+02 -2.058391332626342773e+00
4.680000000000000000e+02 -1.206388592720031738e+00
4.700000000000000000e+02 7.174398303031921387e-01
4.720000000000000000e+02 2.368476539850234985e-01
4.740000000000000000e+02 -2.251811504364013672e+00
4.760000000000000000e+02 1.386111855506896973e+00
4.780000000000000000e+02 1.972209811210632324e+00
4.800000000000000000e+02 -1.109499335289001465e+00
4.820000000000000000e+02 -2.562783241271972656e+00
4.840000000000000000e+02 2.493260622024536133e+00
4.860000000000000000e+02 -1.604340910911560059e+00
4.880000000000000000e+02 6.584250926971435547e-01
4.900000000000000000e+02 3.244760632514953613e-01
4.920000000000000000e+02 -9.055889844894409180e-01
4.940000000000000000e+02 -1.110116124153137207e+00
4.960000000000000000e+02 -1.742034792900085449e+00
4.980000000000000000e+02 -1.369341254234313965e+00
5.000000000000000000e+02 -1.306453466415405273e+00
5.020000000000000000e+02 -6.315439343452453613e-01
5.040000000000000000e+02 -1.095582991838455200e-01
5.060000000000000000e+02 4.903481006622314453e-01
5.080000000000000000e+02 1.430779695510864258e+00
5.100000000000000000e+02 8.607270121574401855e-01
5.120000000000000000e+02 1.477054238319396973e+00
5.140000000000000000e+02 -1.222025513648986816e+00
5.160000000000000000e+02 -2.312743902206420898e+00
5.180000000000000000e+02 1.504854679107666016e+00
5.200000000000000000e+02 1.136991262435913086e+00
5.220000000000000000e+02 3.033905744552612305e+00
5.240000000000000000e+02 -2.097508683800697327e-02
5.260000000000000000e+02 4.857264459133148193e-02
5.280000000000000000e+02 -1.418971419334411621e-01
5.300000000000000000e+02 -1.707198262214660645e+00
5.320000000000000000e+02 -1.303387165069580078e+00
5.340000000000000000e+02 -1.773840546607971191e+00
5.360000000000000000e+02 -3.046138763427734375e+00
5.380000000000000000e+02 -1.877685308456420898e+00
5.400000000000000000e+02 -1.044730663299560547e+00
5.420000000000000000e+02 -6.392394304275512695e-01
5.440000000000000000e+02 7.954986095428466797e-01
5.460000000000000000e+02 4.311387836933135986e-01
5.480000000000000000e+02 2.096862316131591797e+00
5.500000000000000000e+02 1.815774798393249512e+00
5.520000000000000000e+02 1.212814331054687500e+00
5.540000000000000000e+02 -2.412210941314697266e+00
5.560000000000000000e+02 -2.281567573547363281e+00
5.580000000000000000e+02 -1.469790220260620117e+00
5.600000000000000000e+02 2.300696611404418945e+00
5.620000000000000000e+02 1.219876646995544434e+00
5.640000000000000000e+02 1.300643205642700195e+00
5.660000000000000000e+02 1.242675304412841797e+00
5.680000000000000000e+02 2.739269971847534180e+00
5.700000000000000000e+02 2.184726476669311523e+00
5.720000000000000000e+02 2.946434736251831055e+00
5.740000000000000000e+02 2.983501911163330078e+00
5.760000000000000000e+02 -1.332364082336425781e+00
5.780000000000000000e+02 -9.167138934135437012e-01
5.800000000000000000e+02 -1.079377412796020508e+00
5.820000000000000000e+02 -7.576296329498291016e-01
5.840000000000000000e+02 -2.272601984441280365e-02
5.860000000000000000e+02 -1.925504922866821289e+00
5.880000000000000000e+02 -1.618360877037048340e-01
5.900000000000000000e+02 3.596479594707489014e-01
5.920000000000000000e+02 -4.694512113928794861e-02
5.940000000000000000e+02 1.190289020538330078e+00
5.960000000000000000e+02 1.969318747520446777e+00
5.980000000000000000e+02 2.271492242813110352e+00
6.000000000000000000e+02 1.188816428184509277e+00
6.020000000000000000e+02 -4.920311868190765381e-01
6.040000000000000000e+02 -2.208942651748657227e+00
6.060000000000000000e+02 -2.584571361541748047e+00
6.080000000000000000e+02 1.801198482513427734e+00
6.100000000000000000e+02 -1.463106513023376465e+00
6.120000000000000000e+02 -8.939752578735351562e-01
6.140000000000000000e+02 -7.573676705360412598e-01
6.160000000000000000e+02 -6.229992508888244629e-01
6.180000000000000000e+02 -2.770870625972747803e-01
6.200000000000000000e+02 1.523213505744934082e+00
6.220000000000000000e+02 1.358064532279968262e+00
6.240000000000000000e+02 -1.619936943054199219e+00
6.260000000000000000e+02 1.295886039733886719e+00
6.280000000000000000e+02 3.030936002731323242e+00
6.300000000000000000e+02 1.314988851547241211e+00
6.320000000000000000e+02 -1.232471823692321777e+00
6.340000000000000000e+02 -1.031245827674865723e+00
6.360000000000000000e+02 5.256975889205932617e-01
6.380000000000000000e+02 -8.671832680702209473e-01
6.400000000000000000e+02 1.929711252450942993e-01
6.420000000000000000e+02 -6.771262288093566895e-01
6.440000000000000000e+02 -1.884188771247863770e+00
6.460000000000000000e+02 -2.371579885482788086e+00
6.480000000000000000e+02 3.020564079284667969e+00
6.500000000000000000e+02 -1.667901039123535156e+00
6.520000000000000000e+02 -2.482962369918823242e+00
6.540000000000000000e+02 2.914793729782104492e+00
6.560000000000000000e+02 2.512796401977539062e+00
6.580000000000000000e+02 -2.421038627624511719e+00
6.600000000000000000e+02 5.496419072151184082e-01
6.620000000000000000e+02 1.368255019187927246e+00
6.640000000000000000e+02 1.165904641151428223e+00
6.660000000000000000e+02 1.923787117004394531e+00
6.680000000000000000e+02 1.410032033920288086e+00
6.700000000000000000e+02 7.013871073722839355e-01
6.720000000000000000e+02 1.750649690628051758e+00
6.740000000000000000e+02 1.546109437942504883e+00
6.760000000000000000e+02 5.809781551361083984e-01
6.780000000000000000e+02 3.439675271511077881e-01
6.800000000000000000e+02 2.516887485980987549e-01
6.820000000000000000e+02 -1.120420932769775391e+00
6.840000000000000000e+02 -9.880574345588684082e-01
6.860000000000000000e+02 -9.981385469436645508e-01
6.880000000000000000e+02 3.470605909824371338e-01
6.900000000000000000e+02 4.518138468265533447e-01
6.920000000000000000e+02 1.976746320724487305e+00
6.940000000000000000e+02 1.748882055282592773e+00
6.960000000000000000e+02 -8.235465884208679199e-01
6.980000000000000000e+02 7.047654986381530762e-01
7.000000000000000000e+02 4.051928967237472534e-02
7.020000000000000000e+02 -3.050107002258300781e+00
7.040000000000000000e+02 7.615903019905090332e-01
7.060000000000000000e+02 -1.398224681615829468e-01
7.080000000000000000e+02 -8.685390949249267578e-01
7.100000000000000000e+02 -1.039874315261840820e+00
7.120000000000000000e+02 -3.335146605968475342e-01
7.140000000000000000e+02 2.478390693664550781e+00
7.160000000000000000e+02 6.019182205200195312e-01
7.180000000000000000e+02 -2.876936644315719604e-02
7.200000000000000000e+02 7.427703738212585449e-01
7.220000000000000000e+02 4.218715429306030273e-01
7.240000000000000000e+02 1.243550777435302734e-01
7.260000000000000000e+02 -6.053161621093750000e-02
7.280000000000000000e+02 1.928843557834625244e-01
7.300000000000000000e+02 -1.554130792617797852e+00
7.320000000000000000e+02 -1.817374825477600098e+00
7.340000000000000000e+02 3.344611227512359619e-01
7.360000000000000000e+02 7.573683857917785645e-01
7.380000000000000000e+02 7.006134986877441406e-01
7.400000000000000000e+02 4.853825569152832031e-01
7.420000000000000000e+02 -1.352246999740600586e-01
7.440000000000000000e+02 -3.701698482036590576e-01
7.460000000000000000e+02 -2.531934738159179688e+00
7.480000000000000000e+02 -2.281066656112670898e+00
7.500000000000000000e+02 -1.314874649047851562e+00
7.520000000000000000e+02 2.429509162902832031e+00
7.540000000000000000e+02 1.629552125930786133e+00
7.560000000000000000e+02 1.431087255477905273e+00
7.580000000000000000e+02 8.007815480232238770e-01
7.600000000000000000e+02 3.285532295703887939e-01
7.620000000000000000e+02 -9.089484214782714844e-01
7.640000000000000000e+02 -2.212161064147949219e+00
7.660000000000000000e+02 -9.584081172943115234e-01
7.680000000000000000e+02 5.539534091949462891e-01
7.700000000000000000e+02 2.404804468154907227e+00
7.720000000000000000e+02 2.677954673767089844e+00
7.740000000000000000e+02 2.476385354995727539e+00
7.760000000000000000e+02 1.799137473106384277e+00
7.780000000000000000e+02 2.313966512680053711e+00
7.800000000000000000e+02 2.993741989135742188e+00
7.820000000000000000e+02 -2.800615072250366211e+00
7.840000000000000000e+02 3.133118152618408203e+00
7.860000000000000000e+02 -2.559104919433593750e+00
7.880000000000000000e+02 -1.094597220420837402e+00
7.900000000000000000e+02 9.770460128784179688e-01
7.920000000000000000e+02 -1.777120590209960938e+00
7.940000000000000000e+02 2.794531106948852539e+00
7.960000000000000000e+02 -8.040297031402587891e-01
7.980000000000000000e+02 3.116598129272460938e+00
8.000000000000000000e+02 2.323031663894653320e+00
8.020000000000000000e+02 -1.792628467082977295e-01
8.040000000000000000e+02 -5.786399245262145996e-01
8.060000000000000000e+02 3.350238800048828125e-01
8.080000000000000000e+02 -1.618372499942779541e-01
8.100000000000000000e+02 -1.662364304065704346e-01
8.120000000000000000e+02 2.100385189056396484e+00
8.140000000000000000e+02 -1.286721467971801758e+00
8.160000000000000000e+02 -1.232240796089172363e+00
8.180000000000000000e+02 -2.874679803848266602e+00
8.200000000000000000e+02 -3.134971380233764648e+00
8.220000000000000000e+02 -1.727397203445434570e+00
8.240000000000000000e+02 -2.547207117080688477e+00
8.260000000000000000e+02 -1.423228383064270020e+00
8.280000000000000000e+02 -2.007423162460327148e+00
8.300000000000000000e+02 -5.430539250373840332e-01
8.320000000000000000e+02 -2.577358245849609375e+00
8.340000000000000000e+02 -1.501144647598266602e+00
8.360000000000000000e+02 -2.579672098159790039e+00
8.380000000000000000e+02 2.750985383987426758e+00
8.400000000000000000e+02 2.868584394454956055e+00
8.420000000000000000e+02 3.805076777935028076e-01
8.440000000000000000e+02 1.516304731369018555e+00
8.460000000000000000e+02 -3.470835089683532715e-02
8.480000000000000000e+02 1.121570229530334473e+00
8.500000000000000000e+02 1.781418681144714355e+00
8.520000000000000000e+02 1.444800615310668945e+00
8.540000000000000000e+02 1.456278860569000244e-01
8.560000000000000000e+02 1.669070124626159668e+00
8.580000000000000000e+02 2.309059619903564453e+00
8.600000000000000000e+02 2.331809043884277344e+00
8.620000000000000000e+02 -2.047472238540649414e+00
8.640000000000000000e+02 -1.639157719910144806e-02
8.660000000000000000e+02 -2.165842771530151367e+00
8.680000000000000000e+02 1.903300046920776367e+00
8.700000000000000000e+02 2.150796890258789062e+00
8.720000000000000000e+02 -6.540826559066772461e-01
8.740000000000000000e+02 -3.104912757873535156e+00
8.760000000000000000e+02 6.701322644948959351e-02
8.780000000000000000e+02 2.083729505538940430e+00
8.800000000000000000e+02 2.852237701416015625e+00
8.820000000000000000e+02 2.318476676940917969e+00
8.840000000000000000e+02 -6.794134378433227539e-01
8.860000000000000000e+02 -1.584217309951782227e+00
8.880000000000000000e+02 -9.067491888999938965e-01
8.900000000000000000e+02 -1.256207108497619629e+00
8.920000000000000000e+02 -1.526394039392471313e-01
8.940000000000000000e+02 -2.330560922622680664e+00
8.960000000000000000e+02 3.062620401382446289e+00
8.980000000000000000e+02 -2.087829351425170898e+00
9.000000000000000000e+02 -2.258677005767822266e+00
9.020000000000000000e+02 -9.388222098350524902e-01
9.040000000000000000e+02 1.181637763977050781e+00
9.060000000000000000e+02 -2.735806703567504883e+00
9.080000000000000000e+02 -2.976444244384765625e+00
9.100000000000000000e+02 6.037489771842956543e-01
9.120000000000000000e+02 -5.667685344815254211e-02
9.140000000000000000e+02 -3.042950928211212158e-01
9.160000000000000000e+02 8.663020133972167969e-01
9.180000000000000000e+02 1.549295783042907715e+00
9.200000000000000000e+02 9.776276350021362305e-01
9.220000000000000000e+02 1.133767485618591309e+00
9.240000000000000000e+02 7.778793573379516602e-01
9.260000000000000000e+02 4.379292428493499756e-01
9.280000000000000000e+02 9.668151736259460449e-01
9.300000000000000000e+02 3.047531127929687500e+00
9.320000000000000000e+02 -2.419937133789062500e+00
9.340000000000000000e+02 3.060469865798950195e+00
9.360000000000000000e+02 -2.577395677566528320e+00
9.380000000000000000e+02 -2.950838327407836914e+00
9.400000000000000000e+02 -2.138643026351928711e+00
9.420000000000000000e+02 -2.148697137832641602e+00
9.440000000000000000e+02 -8.673408627510070801e-01
9.460000000000000000e+02 -7.107698917388916016e-01
9.480000000000000000e+02 1.025141000747680664e+00
9.500000000000000000e+02 5.966588854789733887e-01
9.520000000000000000e+02 2.312743902206420898e+00
9.540000000000000000e+02 1.666797399520874023e+00
9.560000000000000000e+02 -2.629198074340820312e+00
9.580000000000000000e+02 -2.701751708984375000e+00
9.600000000000000000e+02 -1.159163489937782288e-01
9.620000000000000000e+02 4.249755442142486572e-01
9.640000000000000000e+02 1.437394171953201294e-01
9.660000000000000000e+02 1.231817454099655151e-01
9.680000000000000000e+02 2.040176242589950562e-01
9.700000000000000000e+02 -2.505753040313720703e+00
9.720000000000000000e+02 3.006681427359580994e-02
9.740000000000000000e+02 1.882222741842269897e-01
9.760000000000000000e+02 -2.393215417861938477e+00
9.780000000000000000e+02 1.707863092422485352e+00
9.800000000000000000e+02 1.129917502403259277e-01
9.820000000000000000e+02 -5.688475966453552246e-01
9.840000000000000000e+02 1.905177980661392212e-01
9.860000000000000000e+02 -2.083646774291992188e+00
9.880000000000000000e+02 1.134169459342956543e+00
9.900000000000000000e+02 1.904380083084106445e+00
9.920000000000000000e+02 2.546251714229583740e-01
9.940000000000000000e+02 -2.485953718423843384e-01
9.960000000000000000e+02 1.987694501876831055e+00
9.980000000000000000e+02 1.975689172744750977e+00
1.000000000000000000e+03 -2.834195375442504883e+00
1.002000000000000000e+03 2.608204841613769531e+00
1.004000000000000000e+03 -3.000688076019287109e+00
1.006000000000000000e+03 -1.780898720026016235e-01
1.008000000000000000e+03 1.489159822463989258e+00
1.010000000000000000e+03 9.998694658279418945e-01
1.012000000000000000e+03 1.127794384956359863e+00
1.014000000000000000e+03 1.241514757275581360e-01
1.016000000000000000e+03 5.783562660217285156e-01
1.018000000000000000e+03 2.694751024246215820e+00
1.020000000000000000e+03 -2.710191965103149414e+00
1.022000000000000000e+03 -2.152858257293701172e+00
1.024000000000000000e+03 -2.250706434249877930e+00
1.026000000000000000e+03 -2.260739803314208984e+00
1.028000000000000000e+03 -1.623726963996887207e+00
1.030000000000000000e+03 -6.243075132369995117e-01
1.032000000000000000e+03 -1.563754677772521973e+00
1.034000000000000000e+03 5.328473448753356934e-01
1.036000000000000000e+03 5.328410118818283081e-02
1.038000000000000000e+03 9.427086114883422852e-01
1.040000000000000000e+03 1.055243611335754395e+00
1.042000000000000000e+03 1.959272325038909912e-01
1.044000000000000000e+03 1.841742873191833496e+00
1.046000000000000000e+03 -2.749252796173095703e+00
1.048000000000000000e+03 5.500754714012145996e-01
1.050000000000000000e+03 -8.937801122665405273e-01
1.052000000000000000e+03 -2.393559932708740234e+00
1.054000000000000000e+03 -2.525972127914428711e+00
1.056000000000000000e+03 6.254855990409851074e-01
1.058000000000000000e+03 2.933206081390380859e+00
1.060000000000000000e+03 3.050294399261474609e+00
1.062000000000000000e+03 -8.234413862228393555e-01
1.064000000000000000e+03 1.148773804306983948e-01
1.066000000000000000e+03 1.342036843299865723e+00
1.068000000000000000e+03 1.442717432975769043e+00
1.070000000000000000e+03 -2.241031885147094727e+00
1.072000000000000000e+03 -2.869254350662231445e+00
1.074000000000000000e+03 2.986812114715576172e+00
1.076000000000000000e+03 -2.226491451263427734e+00
1.078000000000000000e+03 -2.752433300018310547e+00
1.080000000000000000e+03 -2.341120481491088867e+00
1.082000000000000000e+03 1.695154309272766113e+00
1.084000000000000000e+03 -2.946310997009277344e+00
1.086000000000000000e+03 -2.317960977554321289e+00
1.088000000000000000e+03 -2.111214637756347656e+00
1.090000000000000000e+03 1.205049633979797363e+00
1.092000000000000000e+03 3.805060386657714844e-01
1.094000000000000000e+03 2.530924789607524872e-02
1.096000000000000000e+03 2.436588764190673828e+00
1.098000000000000000e+03 -2.724066019058227539e+00
1.100000000000000000e+03 -3.098140716552734375e+00
1.102000000000000000e+03 3.040923595428466797e+00
1.104000000000000000e+03 -2.370411872863769531e+00
1.106000000000000000e+03 1.679069399833679199e+00
1.108000000000000000e+03 -2.195681333541870117e+00
1.110000000000000000e+03 -2.737575531005859375e+00
1.112000000000000000e+03 2.326499462127685547e+00
1.114000000000000000e+03 1.928022980690002441e+00
1.116000000000000000e+03 -1.467462420463562012e+00
1.118000000000000000e+03 2.681313276290893555e+00
1.120000000000000000e+03 3.083688020706176758e+00
1.122000000000000000e+03 -2.431285858154296875e+00
1.124000000000000000e+03 2.278573274612426758e+00
1.126000000000000000e+03 1.953871488571166992e+00
1.128000000000000000e+03 -2.803924798965454102e+00
1.130000000000000000e+03 -8.944522738456726074e-01
1.132000000000000000e+03 -6.510769128799438477e-01
1.134000000000000000e+03 -6.986599564552307129e-01
1.136000000000000000e+03 -2.448950767517089844e+00
1.138000000000000000e+03 -2.075465440750122070e+00
1.140000000000000000e+03 -2.699680805206298828e+00
1.142000000000000000e+03 -2.557321548461914062e+00
1.144000000000000000e+03 2.416123151779174805e+00
1.146000000000000000e+03 -2.829264640808105469e+00
1.148000000000000000e+03 -3.096169471740722656e+00
1.150000000000000000e+03 9.332454204559326172e-01
1.152000000000000000e+03 -2.570252418518066406e+00
1.154000000000000000e+03 -2.563186645507812500e+00
1.156000000000000000e+03 3.780592679977416992e-01
1.158000000000000000e+03 -2.058494806289672852e+00
1.160000000000000000e+03 -2.259064912796020508e+00
1.162000000000000000e+03 -2.142133235931396484e+00
1.164000000000000000e+03 -1.605869531631469727e+00
1.166000000000000000e+03 -2.714967012405395508e+00
1.168000000000000000e+03 2.245537281036376953e+00
1.170000000000000000e+03 1.867148637771606445e+00
1.172000000000000000e+03 1.751030445098876953e+00
1.174000000000000000e+03 -7.816318869590759277e-01
1.176000000000000000e+03 1.055911660194396973e+00
1.178000000000000000e+03 -4.484977424144744873e-01
1.180000000000000000e+03 -1.062306761741638184e+00
1.182000000000000000e+03 -8.749015331268310547e-01
1.184000000000000000e+03 -2.617817640304565430e+00
1.186000000000000000e+03 1.811492681503295898e+00
1.188000000000000000e+03 2.120042800903320312e+00
1.190000000000000000e+03 2.674645185470581055e+00
1.192000000000000000e+03 1.120135307312011719e+00
1.194000000000000000e+03 4.303264617919921875e-01
1.196000000000000000e+03 1.083200693130493164e+00
1.198000000000000000e+03 7.244412899017333984e-01
1.200000000000000000e+03 2.842279076576232910e-01
1.202000000000000000e+03 -3.047908306121826172e+00
1.204000000000000000e+03 -2.096254587173461914e+00
1.206000000000000000e+03 -2.242401599884033203e+00
1.208000000000000000e+03 -2.247617721557617188e+00
1.210000000000000000e+03 1.398041367530822754e+00
1.212000000000000000e+03 1.684397816658020020e+00
1.214000000000000000e+03 1.308047890663146973e+00
1.216000000000000000e+03 1.410884261131286621e+00
1.218000000000000000e+03 -1.091763734817504883e+00
1.220000000000000000e+03 -3.109959959983825684e-01
1.222000000000000000e+03 -2.171103954315185547e-01
1.224000000000000000e+03 -6.674655675888061523e-01
1.226000000000000000e+03 7.853972911834716797e-01
1.228000000000000000e+03 2.814191341400146484e+00
1.230000000000000000e+03 1.807645201683044434e+00
1.232000000000000000e+03 1.794909000396728516e+00
1.234000000000000000e+03 1.455661535263061523e+00
1.236000000000000000e+03 3.103149175643920898e+00
1.238000000000000000e+03 -2.711065053939819336e+00
1.240000000000000000e+03 2.025516033172607422e+00
1.242000000000000000e+03 -1.107149839401245117e+00
1.244000000000000000e+03 2.869441032409667969e+00
1.246000000000000000e+03 -1.738229513168334961e+00
1.248000000000000000e+03 -1.303746938705444336e+00
1.250000000000000000e+03 -4.160640537738800049e-01
1.252000000000000000e+03 -1.607545375823974609e+00
1.254000000000000000e+03 -1.229608654975891113e+00
1.256000000000000000e+03 -4.362151324748992920e-01
1.258000000000000000e+03 1.547544121742248535e+00
1.260000000000000000e+03 -2.917818069458007812e+00
1.262000000000000000e+03 -2.866682529449462891e+00
1.264000000000000000e+03 -2.860505104064941406e+00
1.266000000000000000e+03 2.596554994583129883e+00
1.268000000000000000e+03 3.004166364669799805e+00
1.270000000000000000e+03 9.118943214416503906e-01
1.272000000000000000e+03 1.262743234634399414e+00
1.274000000000000000e+03 -2.449804544448852539e-01
1.276000000000000000e+03 5.255851745605468750e-01
1.278000000000000000e+03 6.219217777252197266e-01
1.280000000000000000e+03 1.275108307600021362e-01
1.282000000000000000e+03 2.887951433658599854e-01
1.284000000000000000e+03 -6.726716756820678711e-01
1.286000000000000000e+03 2.985342741012573242e+00
1.288000000000000000e+03 3.109602928161621094e+00
1.290000000000000000e+03 1.421905398368835449e+00
1.292000000000000000e+03 1.689120769500732422e+00
1.294000000000000000e+03 4.518130123615264893e-01
1.296000000000000000e+03 1.316172003746032715e+00
1.298000000000000000e+03 -7.520205527544021606e-02
1.300000000000000000e+03 -2.116451263427734375e+00
1.302000000000000000e+03 2.608949899673461914e+00
1.304000000000000000e+03 2.529054641723632812e+00
1.306000000000000000e+03 -2.636426687240600586e+00
1.308000000000000000e+03 -1.604116797447204590e+00
1.310000000000000000e+03 1.874927997589111328e+00
1.312000000000000000e+03 7.568349242210388184e-01
1.314000000000000000e+03 8.889226913452148438e-01
1.316000000000000000e+03 -1.154217123985290527e+00
1.318000000000000000e+03 -9.192084670066833496e-01
1.320000000000000000e+03 -1.552281260490417480e+00
1.322000000000000000e+03 1.870571970939636230e+00
1.324000000000000000e+03 1.330902457237243652e+00
1.326000000000000000e+03 7.458686828613281250e-01
1.328000000000000000e+03 -5.214327573776245117e-01
1.330000000000000000e+03 -2.914788961410522461e+00
1.332000000000000000e+03 -9.272956848144531250e-01
1.334000000000000000e+03 -1.203630328178405762e+00
1.336000000000000000e+03 -2.370826959609985352e+00
1.338000000000000000e+03 -1.196938991546630859e+00
1.340000000000000000e+03 1.815773367881774902e+00
1.342000000000000000e+03 1.107148766517639160e+00
1.344000000000000000e+03 -2.955105066299438477e+00
1.346000000000000000e+03 9.426252841949462891e-01
1.348000000000000000e+03 2.052734375000000000e+00
1.350000000000000000e+03 -1.777670025825500488e+00
1.352000000000000000e+03 -2.851745367050170898e+00
1.354000000000000000e+03 3.041925191879272461e+00
1.356000000000000000e+03 1.295369982719421387e+00
1.358000000000000000e+03 -1.295693755149841309e+00
1.360000000000000000e+03 1.294991493225097656e+00
1.362000000000000000e+03 2.275288820266723633e+00
1.364000000000000000e+03 2.234840154647827148e+00
1.366000000000000000e+03 -1.646599531173706055e+00
1.368000000000000000e+03 1.057544231414794922e+00
1.370000000000000000e+03 1.334682226181030273e+00
1.372000000000000000e+03 2.166206359863281250e+00
1.374000000000000000e+03 1.213133096694946289e+00
1.376000000000000000e+03 2.439336061477661133e+00
1.378000000000000000e+03 1.770788550376892090e+00
1.380000000000000000e+03 1.197205662727355957e+00
1.382000000000000000e+03 1.653315782546997070e+00
1.384000000000000000e+03 6.251673698425292969e-01
1.386000000000000000e+03 4.813976287841796875e-01
1.388000000000000000e+03 8.607274293899536133e-01
1.390000000000000000e+03 1.424311995506286621e+00
1.392000000000000000e+03 2.058038949966430664e+00
1.394000000000000000e+03 -2.687146902084350586e+00
1.396000000000000000e+03 2.636425971984863281e+00
1.398000000000000000e+03 2.487022399902343750e+00
1.400000000000000000e+03 3.121728420257568359e+00
1.402000000000000000e+03 2.846975088119506836e+00
1.404000000000000000e+03 -2.709806680679321289e+00
1.406000000000000000e+03 -1.404559493064880371e+00
1.408000000000000000e+03 -9.786087870597839355e-01
1.410000000000000000e+03 -1.268314957618713379e+00
1.412000000000000000e+03 6.269739270210266113e-01
1.414000000000000000e+03 -1.612151622772216797e+00
1.416000000000000000e+03 -1.640452623367309570e+00
1.418000000000000000e+03 1.222025990486145020e+00
1.420000000000000000e+03 3.020969152450561523e+00
1.422000000000000000e+03 -2.199083805084228516e+00
1.424000000000000000e+03 -2.261242866516113281e+00
1.426000000000000000e+03 2.013796329498291016e+00
1.428000000000000000e+03 -2.037403583526611328e+00
1.430000000000000000e+03 -1.915797710418701172e+00
1.432000000000000000e+03 2.925506830215454102e+00
1.434000000000000000e+03 3.079815387725830078e+00
1.436000000000000000e+03 9.700834751129150391e-01
1.438000000000000000e+03 1.351412177085876465e+00
1.440000000000000000e+03 1.070636153221130371e+00
1.442000000000000000e+03 5.243193507194519043e-01
1.444000000000000000e+03 2.449786663055419922e-01
1.446000000000000000e+03 6.760793924331665039e-01
1.448000000000000000e+03 1.082073807716369629e+00
1.450000000000000000e+03 -4.014703035354614258e-01
1.452000000000000000e+03 2.928055822849273682e-01
1.454000000000000000e+03 1.651475727558135986e-01
1.456000000000000000e+03 -1.034551262855529785e+00
1.458000000000000000e+03 -2.720928192138671875e+00
1.460000000000000000e+03 -2.379887342453002930e+00
1.462000000000000000e+03 1.896856904029846191e+00
1.464000000000000000e+03 1.670464754104614258e+00
1.466000000000000000e+03 -5.166960358619689941e-01
1.468000000000000000e+03 5.667279958724975586e-01
1.470000000000000000e+03 -1.209067583084106445e+00
1.472000000000000000e+03 -2.565674304962158203e+00
1.474000000000000000e+03 1.530548691749572754e+00
1.476000000000000000e+03 2.851411581039428711e+00
1.478000000000000000e+03 2.030833005905151367e+00
1.480000000000000000e+03 2.025239706039428711e+00
1.482000000000000000e+03 1.355030179023742676e+00
1.484000000000000000e+03 -2.059914350509643555e+00
1.486000000000000000e+03 -8.620674721896648407e-03
1.488000000000000000e+03 3.041922807693481445e+00
1.490000000000000000e+03 -2.985726356506347656e+00
1.492000000000000000e+03 2.931410312652587891e+00
1.494000000000000000e+03 1.557191371917724609e+00
1.496000000000000000e+03 8.238416910171508789e-01
1.498000000000000000e+03 1.677768826484680176e+00
1.500000000000000000e+03 -5.431901812553405762e-01
1.502000000000000000e+03 3.595481216907501221e-01
1.504000000000000000e+03 1.177585124969482422e+00
1.506000000000000000e+03 2.712416172027587891e+00
1.508000000000000000e+03 2.772897720336914062e+00
1.510000000000000000e+03 3.126667976379394531e+00
1.512000000000000000e+03 -2.571962118148803711e+00
1.514000000000000000e+03 2.502957820892333984e+00
1.516000000000000000e+03 2.282436132431030273e+00
1.518000000000000000e+03 7.030161023139953613e-01
1.520000000000000000e+03 5.991750359535217285e-01
1.522000000000000000e+03 -6.145929172635078430e-02
1.524000000000000000e+03 -2.254505395889282227e+00
1.526000000000000000e+03 2.012586832046508789e+00
1.528000000000000000e+03 1.669810056686401367e+00
1.530000000000000000e+03 1.577989220619201660e+00
1.532000000000000000e+03 -2.422135353088378906e+00
1.534000000000000000e+03 1.214842200279235840e+00
1.536000000000000000e+03 2.701748847961425781e+00
1.538000000000000000e+03 2.271650552749633789e+00
1.540000000000000000e+03 -1.536720037460327148e+00
1.542000000000000000e+03 6.686877012252807617e-01
1.544000000000000000e+03 9.449550509452819824e-01
1.546000000000000000e+03 9.964917302131652832e-01
1.548000000000000000e+03 -1.901476025581359863e+00
1.550000000000000000e+03 -1.687504887580871582e+00
1.552000000000000000e+03 -1.933619976043701172e+00
1.554000000000000000e+03 -8.069004416465759277e-01
1.556000000000000000e+03 -1.343499898910522461e+00
1.558000000000000000e+03 -1.625535964965820312e+00
1.560000000000000000e+03 -3.325012326240539551e-01
1.562000000000000000e+03 -1.768192052841186523e+00
1.564000000000000000e+03 -1.896823763847351074e+00
1.566000000000000000e+03 -3.052785158157348633e+00
1.568000000000000000e+03 -2.722358703613281250e+00
1.570000000000000000e+03 -1.811643123626708984e+00
1.572000000000000000e+03 -2.285887241363525391e+00
1.574000000000000000e+03 -2.566624879837036133e+00
1.576000000000000000e+03 -2.962800025939941406e+00
1.578000000000000000e+03 3.124645471572875977e+00
1.580000000000000000e+03 1.309767484664916992e+00
1.582000000000000000e+03 1.756598949432373047e+00
1.584000000000000000e+03 2.772259473800659180e+00
1.586000000000000000e+03 -6.414728760719299316e-01
1.588000000000000000e+03 1.685953736305236816e-01
1.590000000000000000e+03 -2.422074675559997559e-01
1.592000000000000000e+03 -2.719383835792541504e-01
1.594000000000000000e+03 1.977900624275207520e+00
1.596000000000000000e+03 6.859464943408966064e-02
1.598000000000000000e+03 8.372033834457397461e-01
1.600000000000000000e+03 7.547957897186279297e-01
1.602000000000000000e+03 -5.251087546348571777e-01
1.604000000000000000e+03 -8.064514957368373871e-03
1.606000000000000000e+03 1.203622341156005859e+00
1.608000000000000000e+03 1.410421371459960938e+00
1.610000000000000000e+03 0.000000000000000000e+00
1.612000000000000000e+03 8.572736382484436035e-02
1.614000000000000000e+03 1.520437151193618774e-01
1.616000000000000000e+03 -1.460896253585815430e+00
1.618000000000000000e+03 -1.628204584121704102e+00
1.620000000000000000e+03 5.337081551551818848e-01
1.622000000000000000e+03 -2.614782452583312988e-01
1.624000000000000000e+03 8.836721181869506836e-01
1.626000000000000000e+03 1.577837944030761719e+00
1.628000000000000000e+03 -2.393561124801635742e+00
1.630000000000000000e+03 2.487222671508789062e+00
1.632000000000000000e+03 -4.726301729679107666e-01
1.634000000000000000e+03 -6.260463595390319824e-01
1.636000000000000000e+03 -2.855540275573730469e+00
1.638000000000000000e+03 -2.587911367416381836e+00
1.640000000000000000e+03 -7.965085506439208984e-01
1.642000000000000000e+03 -1.295606374740600586e+00
1.644000000000000000e+03 -2.576443910598754883e+00
1.646000000000000000e+03 -1.924499750137329102e+00
1.648000000000000000e+03 -1.199195861816406250e+00
1.650000000000000000e+03 3.105895996093750000e+00
1.652000000000000000e+03 1.384932994842529297e+00
1.654000000000000000e+03 1.167085766792297363e-01
1.656000000000000000e+03 -2.030449360609054565e-01
1.658000000000000000e+03 1.177737712860107422e+00
1.660000000000000000e+03 2.671714544296264648e+00
1.662000000000000000e+03 -2.449783086776733398e-01
1.664000000000000000e+03 -1.823871850967407227e+00
1.666000000000000000e+03 -2.158800363540649414e+00
1.668000000000000000e+03 -2.370411872863769531e+00
1.670000000000000000e+03 -3.024937391281127930e+00
1.672000000000000000e+03 -1.729124188423156738e+00
1.674000000000000000e+03 -2.687996149063110352e+00
1.676000000000000000e+03 -4.743994474411010742e-01
1.678000000000000000e+03 1.356453657150268555e+00
1.680000000000000000e+03 -2.516902685165405273e-01
1.682000000000000000e+03 7.751932144165039062e-01
1.684000000000000000e+03 1.198092341423034668e+00
1.686000000000000000e+03 -2.746800899505615234e+00
1.688000000000000000e+03 -2.886968135833740234e+00
1.690000000000000000e+03 1.807994097471237183e-01
1.692000000000000000e+03 7.853974699974060059e-01
1.694000000000000000e+03 8.902755379676818848e-01
1.696000000000000000e+03 1.030377864837646484e+00
1.698000000000000000e+03 1.388325572013854980e+00
1.700000000000000000e+03 -1.924955606460571289e+00
1.702000000000000000e+03 -1.060578703880310059e+00
1.704000000000000000e+03 -3.423397988080978394e-02
1.706000000000000000e+03 -4.398423135280609131e-01
1.708000000000000000e+03 -1.050829529762268066e+00
1.710000000000000000e+03 8.253789544105529785e-01
1.712000000000000000e+03 5.611621141433715820e-01
1.714000000000000000e+03 -2.663592100143432617e+00
1.716000000000000000e+03 2.756987810134887695e+00
1.718000000000000000e+03 2.616134166717529297e+00
1.720000000000000000e+03 2.098870992660522461e+00
1.722000000000000000e+03 1.680589079856872559e+00
1.724000000000000000e+03 -2.539306163787841797e+00
1.726000000000000000e+03 -3.035434961318969727e+00
1.728000000000000000e+03 -2.872889041900634766e+00
1.730000000000000000e+03 2.889903068542480469e+00
1.732000000000000000e+03 -2.414193630218505859e+00
1.734000000000000000e+03 1.570796370506286621e+00
1.736000000000000000e+03 2.693249940872192383e+00
1.738000000000000000e+03 3.094009399414062500e+00
1.740000000000000000e+03 -3.127988100051879883e+00
1.742000000000000000e+03 -3.705442547798156738e-01
1.744000000000000000e+03 -1.796755194664001465e+00
1.746000000000000000e+03 -7.971620559692382812e-01
1.748000000000000000e+03 1.515734195709228516e+00
1.750000000000000000e+03 2.505404472351074219e+00
1.752000000000000000e+03 -2.520575284957885742e+00
1.754000000000000000e+03 -2.228924751281738281e+00
1.756000000000000000e+03 4.758418351411819458e-02
1.758000000000000000e+03 3.848563432693481445e-01
1.760000000000000000e+03 1.714247703552246094e+00
1.762000000000000000e+03 8.743635416030883789e-01
1.764000000000000000e+03 -6.701354682445526123e-02
1.766000000000000000e+03 1.052431687712669373e-01
1.768000000000000000e+03 4.004801511764526367e-01
1.770000000000000000e+03 -1.952607512474060059e+00
1.772000000000000000e+03 -3.079602956771850586e+00
1.774000000000000000e+03 -1.113729000091552734e+00
1.776000000000000000e+03 -1.021307229995727539e+00
1.778000000000000000e+03 -1.102947711944580078e+00
1.780000000000000000e+03 -1.757019162178039551e+00
1.782000000000000000e+03 -1.402593016624450684e+00
1.784000000000000000e+03 -1.050214052200317383e+00
1.786000000000000000e+03 7.428717017173767090e-01
1.788000000000000000e+03 4.300780892372131348e-01
1.790000000000000000e+03 2.037977457046508789e+00
1.792000000000000000e+03 3.175483942031860352e-01
1.794000000000000000e+03 -2.582992553710937500e+00
1.796000000000000000e+03 -2.425601005554199219e+00
1.798000000000000000e+03 -8.960600495338439941e-01
1.800000000000000000e+03 2.954614162445068359e+00
1.802000000000000000e+03 2.667911052703857422e+00
1.804000000000000000e+03 1.521656036376953125e+00
1.806000000000000000e+03 9.114846587181091309e-01
1.808000000000000000e+03 2.068330049514770508e+00
1.810000000000000000e+03 1.705117344856262207e+00
1.812000000000000000e+03 1.589313149452209473e+00
1.814000000000000000e+03 1.683647513389587402e+00
1.816000000000000000e+03 2.125408649444580078e+00
1.818000000000000000e+03 5.123902559280395508e-01
1.820000000000000000e+03 1.640312522649765015e-01
1.822000000000000000e+03 -5.554945468902587891e-01
1.824000000000000000e+03 -1.508378267288208008e+00
1.826000000000000000e+03 1.570796370506286621e+00
1.828000000000000000e+03 1.184147477149963379e+00
1.830000000000000000e+03 1.032660365104675293e+00
1.832000000000000000e+03 1.823691129684448242e+00
1.834000000000000000e+03 -3.015596628189086914e+00
1.836000000000000000e+03 -1.786154389381408691e+00
1.838000000000000000e+03 -1.403457045555114746e+00
1.840000000000000000e+03 -2.398823738098144531e+00
1.842000000000000000e+03 -2.965653419494628906e+00
1.844000000000000000e+03 -1.176005601882934570e+00
1.846000000000000000e+03 -1.028877258300781250e+00
1.848000000000000000e+03 -1.223188042640686035e+00
1.850000000000000000e+03 8.694105148315429688e-01
1.852000000000000000e+03 2.671902179718017578e+00
1.854000000000000000e+03 3.764894604682922363e-01
1.856000000000000000e+03 6.210644841194152832e-01
1.858000000000000000e+03 -5.749666094779968262e-01
1.860000000000000000e+03 -4.577489793300628662e-01
1.862000000000000000e+03 1.622987508773803711e+00
1.864000000000000000e+03 1.731373548507690430e+00
1.866000000000000000e+03 1.000932574272155762e+00
1.868000000000000000e+03 1.933340907096862793e+00
1.870000000000000000e+03 9.440544247627258301e-01
1.872000000000000000e+03 1.119259238243103027e+00
1.874000000000000000e+03 1.092920184135437012e+00
1.876000000000000000e+03 3.118067741394042969e+00
1.878000000000000000e+03 -1.153528809547424316e+00
1.880000000000000000e+03 -2.811109542846679688e+00
1.882000000000000000e+03 1.954079031944274902e+00
1.884000000000000000e+03 1.148545622825622559e+00
1.886000000000000000e+03 1.889791131019592285e+00
1.888000000000000000e+03 1.967504262924194336e+00
1.890000000000000000e+03 7.853978276252746582e-01
1.892000000000000000e+03 5.880030989646911621e-01
1.894000000000000000e+03 1.490326642990112305e+00
1.896000000000000000e+03 1.238518834114074707e+00
1.898000000000000000e+03 4.636481702327728271e-01
1.900000000000000000e+03 3.420646786689758301e-01
1.902000000000000000e+03 -1.669379115104675293e+00
1.904000000000000000e+03 -4.844789803028106689e-01
1.906000000000000000e+03 1.074973046779632568e-01
1.908000000000000000e+03 -1.807415366172790527e+00
1.910000000000000000e+03 -2.588629484176635742e+00
1.912000000000000000e+03 -2.979896783828735352e+00
1.914000000000000000e+03 -2.957970380783081055e+00
1.916000000000000000e+03 -3.063826084136962891e+00
1.918000000000000000e+03 -2.511789083480834961e+00
1.920000000000000000e+03 -6.934614181518554688e-01
1.922000000000000000e+03 -1.062644943594932556e-01
1.924000000000000000e+03 -1.872748494148254395e+00
1.926000000000000000e+03 -2.637843847274780273e+00
1.928000000000000000e+03 -2.922924518585205078e+00
1.930000000000000000e+03 -1.332964658737182617e+00
1.932000000000000000e+03 3.127801418304443359e+00
1.934000000000000000e+03 -2.525820016860961914e+00
1.936000000000000000e+03 2.629216194152832031e+00
1.938000000000000000e+03 -2.024308443069458008e+00
1.940000000000000000e+03 -2.652873039245605469e+00
1.942000000000000000e+03 3.084103584289550781e+00
1.944000000000000000e+03 5.943844318389892578e-01
1.946000000000000000e+03 1.849095821380615234e+00
1.948000000000000000e+03 2.847553253173828125e+00
1.950000000000000000e+03 -6.435004472732543945e-01
1.952000000000000000e+03 -2.942511320114135742e+00
1.954000000000000000e+03 1.373402237892150879e+00
1.956000000000000000e+03 -7.713142633438110352e-01
1.958000000000000000e+03 -1.906245470046997070e+00
1.960000000000000000e+03 2.411414861679077148e+00
1.962000000000000000e+03 -2.886967182159423828e+00
1.964000000000000000e+03 2.241129875183105469e-01
1.966000000000000000e+03 -8.478184342384338379e-01
1.968000000000000000e+03 -1.231503844261169434e+00
1.970000000000000000e+03 2.635640382766723633e+00
1.972000000000000000e+03 -1.584309339523315430e+00
1.974000000000000000e+03 -1.729451417922973633e+00
1.976000000000000000e+03 -1.765574574470520020e+00
1.978000000000000000e+03 -1.915797233581542969e+00
1.980000000000000000e+03 -1.597999811172485352e+00
1.982000000000000000e+03 -2.415726661682128906e+00
1.984000000000000000e+03 -2.442274570465087891e+00
1.986000000000000000e+03 -2.457884311676025391e+00
1.988000000000000000e+03 2.423842430114746094e+00
1.990000000000000000e+03 2.094974517822265625e+00
1.992000000000000000e+03 2.187985658645629883e+00
1.994000000000000000e+03 1.663131117820739746e+00
1.996000000000000000e+03 -2.940796375274658203e+00
1.998000000000000000e+03 -2.420209646224975586e+00
2.000000000000000000e+03 -1.979286193847656250e+00
2.002000000000000000e+03 1.215159654617309570e+00
2.004000000000000000e+03 9.287385344505310059e-01
2.006000000000000000e+03 3.091994822025299072e-01
2.008000000000000000e+03 1.410033345222473145e+00
2.010000000000000000e+03 -2.838707208633422852e+00
2.012000000000000000e+03 -9.691730141639709473e-02
2.014000000000000000e+03 -2.186683118343353271e-01
2.016000000000000000e+03 2.153569906949996948e-01
2.018000000000000000e+03 -6.355857849121093750e-01
2.020000000000000000e+03 -9.224632978439331055e-01
2.022000000000000000e+03 -1.194320842623710632e-01
2.024000000000000000e+03 -2.231839895248413086e+00
2.026000000000000000e+03 2.681005001068115234e+00
2.028000000000000000e+03 2.414950847625732422e+00
2.030000000000000000e+03 -7.669949531555175781e-01
2.032000000000000000e+03 -1.407701849937438965e+00
2.034000000000000000e+03 1.399757981300354004e+00
2.036000000000000000e+03 1.604121208190917969e+00
2.038000000000000000e+03 2.375994443893432617e+00
2.040000000000000000e+03 2.395279407501220703e+00
2.042000000000000000e+03 2.826523303985595703e+00
2.044000000000000000e+03 2.950091838836669922e+00
2.046000000000000000e+03 -2.921444892883300781e+00
2.048000000000000000e+03 -2.403776884078979492e+00
2.050000000000000000e+03 -1.979704499244689941e+00
2.052000000000000000e+03 -2.237142562866210938e+00
2.054000000000000000e+03 -2.805228948593139648e+00
2.056000000000000000e+03 -3.031691074371337891e+00
2.058000000000000000e+03 -3.128260374069213867e+00
2.060000000000000000e+03 1.730498433113098145e+00
2.062000000000000000e+03 6.876698136329650879e-01
2.064000000000000000e+03 -2.308610200881958008e+00
2.066000000000000000e+03 -2.105540513992309570e+00
2.068000000000000000e+03 -1.803610324859619141e+00
2.070000000000000000e+03 -2.133294820785522461e+00
2.072000000000000000e+03 -1.765573263168334961e+00
2.074000000000000000e+03 -2.884268999099731445e+00
2.076000000000000000e+03 1.621970832347869873e-01
2.078000000000000000e+03 2.468301951885223389e-01
2.080000000000000000e+03 1.201667189598083496e+00
2.082000000000000000e+03 9.366165995597839355e-01
2.084000000000000000e+03 2.356197834014892578e+00
2.086000000000000000e+03 2.081284523010253906e+00
2.088000000000000000e+03 2.385032653808593750e+00
2.090000000000000000e+03 1.739393115043640137e+00
2.092000000000000000e+03 1.442016959190368652e+00
2.094000000000000000e+03 1.676952958106994629e+00
2.096000000000000000e+03 6.528471708297729492e-01
2.098000000000000000e+03 1.306401938199996948e-01
2.100000000000000000e+03 -9.459097385406494141e-01
2.102000000000000000e+03 3.114573001861572266e+00
2.104000000000000000e+03 -2.335507631301879883e+00
2.106000000000000000e+03 -1.170171380043029785e+00
2.108000000000000000e+03 -2.237143039703369141e+00
2.110000000000000000e+03 1.412144899368286133e+00
2.112000000000000000e+03 -2.413044929504394531e+00
2.114000000000000000e+03 -2.286037921905517578e+00
2.116000000000000000e+03 -1.584040880203247070e+00
2.118000000000000000e+03 -1.825978994369506836e+00
2.120000000000000000e+03 -1.183920741081237793e+00
2.122000000000000000e+03 -7.853981852531433105e-01
2.124000000000000000e+03 -1.463823795318603516e+00
2.126000000000000000e+03 -1.825978636741638184e+00
2.128000000000000000e+03 1.794907927513122559e+00
2.130000000000000000e+03 2.666361808776855469e+00
2.132000000000000000e+03 3.114387750625610352e+00
2.134000000000000000e+03 2.223643541336059570e+00
2.136000000000000000e+03 1.122073531150817871e+00
2.138000000000000000e+03 7.901371121406555176e-01
2.140000000000000000e+03 2.321382045745849609e+00
2.142000000000000000e+03 -1.787523031234741211e+00
2.144000000000000000e+03 1.492745056748390198e-02
2.146000000000000000e+03 7.006954550743103027e-01
2.148000000000000000e+03 2.450254440307617188e+00
2.150000000000000000e+03 1.503172278404235840e+00
2.152000000000000000e+03 1.097743749618530273e+00
2.154000000000000000e+03 1.645486235618591309e+00
2.156000000000000000e+03 -2.711831092834472656e+00
2.158000000000000000e+03 -1.272298812866210938e+00
2.160000000000000000e+03 -9.479724764823913574e-01
2.162000000000000000e+03 -1.667051911354064941e+00
2.164000000000000000e+03 -1.844152212142944336e+00
2.166000000000000000e+03 8.256968110799789429e-02
2.168000000000000000e+03 1.184695482254028320e+00
2.170000000000000000e+03 4.461064934730529785e-01
2.172000000000000000e+03 6.228249669075012207e-01
2.174000000000000000e+03 -2.191814422607421875e+00
2.176000000000000000e+03 -8.042633533477783203e-01
2.178000000000000000e+03 6.368944048881530762e-01
2.180000000000000000e+03 -2.020054817199707031e+00
2.182000000000000000e+03 -9.762274622917175293e-01
2.184000000000000000e+03 -2.018944263458251953e+00
2.186000000000000000e+03 -2.083185672760009766e+00
2.188000000000000000e+03 -2.382162570953369141e+00
2.190000000000000000e+03 -2.297437191009521484e+00
2.192000000000000000e+03 2.316610813140869141e+00
2.194000000000000000e+03 2.566815614700317383e+00
2.196000000000000000e+03 -2.560027599334716797e+00
2.198000000000000000e+03 -2.146220684051513672e+00
2.200000000000000000e+03 -2.143438756465911865e-01
2.202000000000000000e+03 -2.075172901153564453e+00
2.204000000000000000e+03 2.549515962600708008e+00
2.206000000000000000e+03 2.017638444900512695e+00
2.208000000000000000e+03 1.598187327384948730e+00
2.210000000000000000e+03 2.144050359725952148e+00
2.212000000000000000e+03 3.430190384387969971e-01
2.214000000000000000e+03 -1.314987540245056152e+00
2.216000000000000000e+03 -2.076587438583374023e+00
2.218000000000000000e+03 -2.149658203125000000e+00
2.220000000000000000e+03 -1.716425299644470215e+00
2.222000000000000000e+03 2.915779590606689453e+00
2.224000000000000000e+03 -1.309318423271179199e+00
2.226000000000000000e+03 -2.545938968658447266e+00
2.228000000000000000e+03 2.991780519485473633e+00
2.230000000000000000e+03 -2.763534545898437500e+00
2.232000000000000000e+03 -9.805557131767272949e-01
2.234000000000000000e+03 2.186415195465087891e+00
2.236000000000000000e+03 1.404559731483459473e+00
2.238000000000000000e+03 1.095565199851989746e+00
2.240000000000000000e+03 2.634494304656982422e+00
2.242000000000000000e+03 3.967103660106658936e-01
2.244000000000000000e+03 1.860978484153747559e+00
2.246000000000000000e+03 2.315399885177612305e+00
2.248000000000000000e+03 -1.693367362022399902e+00
2.250000000000000000e+03 -2.782821655273437500e+00
2.252000000000000000e+03 -1.993047714233398438e+00
2.254000000000000000e+03 -1.790590405464172363e+00
2.256000000000000000e+03 1.361157298088073730e+00
2.258000000000000000e+03 2.439336299896240234e+00
2.260000000000000000e+03 3.086854219436645508e+00
2.262000000000000000e+03 -1.416623353958129883e+00
2.264000000000000000e+03 -1.302888035774230957e+00
2.266000000000000000e+03 -1.834575653076171875e+00
2.268000000000000000e+03 -1.358650565147399902e+00
2.270000000000000000e+03 -8.590891361236572266e-01
2.272000000000000000e+03 -1.063699126243591309e+00
2.274000000000000000e+03 -8.335535526275634766e-01
2.276000000000000000e+03 -5.090719461441040039e-01
2.278000000000000000e+03 -4.211903810501098633e-01
2.280000000000000000e+03 1.207972526550292969e+00
2.282000000000000000e+03 -3.854937553405761719e-01
2.284000000000000000e+03 -7.211599946022033691e-01
2.286000000000000000e+03 3.097032308578491211e-01
2.288000000000000000e+03 7.150902152061462402e-01
2.290000000000000000e+03 2.570992708206176758e+00
2.292000000000000000e+03 -3.071660041809082031e+00
2.294000000000000000e+03 -3.132762014865875244e-01
2.296000000000000000e+03 -9.146732687950134277e-01
2.298000000000000000e+03 -7.983175665140151978e-02
2.300000000000000000e+03 -1.899888366460800171e-01
2.302000000000000000e+03 -8.803506493568420410e-01
2.304000000000000000e+03 5.109506249427795410e-01
2.306000000000000000e+03 -7.911785840988159180e-01
2.308000000000000000e+03 -1.278728544712066650e-01
2.310000000000000000e+03 -1.934058189392089844e+00
2.312000000000000000e+03 9.419996142387390137e-01
2.314000000000000000e+03 1.543957114219665527e+00
2.316000000000000000e+03 2.677954673767089844e+00
2.318000000000000000e+03 9.209245443344116211e-01
2.320000000000000000e+03 -3.642772436141967773e-01
2.322000000000000000e+03 8.100830316543579102e-01
2.324000000000000000e+03 -2.751002907752990723e-01
2.326000000000000000e+03 -9.801763892173767090e-01
2.328000000000000000e+03 -6.694162487983703613e-01
2.330000000000000000e+03 -8.003227710723876953e-01
2.332000000000000000e+03 2.073098421096801758e+00
2.334000000000000000e+03 1.371101617813110352e+00
2.336000000000000000e+03 -2.046491384506225586e+00
2.338000000000000000e+03 -1.822123646736145020e+00
2.340000000000000000e+03 1.271769285202026367e+00
2.342000000000000000e+03 2.903479099273681641e+00
2.344000000000000000e+03 6.281697750091552734e-01
2.346000000000000000e+03 -1.685235977172851562e+00
2.348000000000000000e+03 1.407869338989257812e+00
2.350000000000000000e+03 3.045109212398529053e-01
2.352000000000000000e+03 6.621938664466142654e-03
2.354000000000000000e+03 -4.730510413646697998e-01
2.356000000000000000e+03 -1.013087511062622070e+00
2.358000000000000000e+03 -5.429512262344360352e-01
2.360000000000000000e+03 -2.987096309661865234e+00
2.362000000000000000e+03 -7.350804805755615234e-01
2.364000000000000000e+03 -1.042171955108642578e+00
2.366000000000000000e+03 -1.146344900131225586e+00
2.368000000000000000e+03 -1.377175331115722656e+00
2.370000000000000000e+03 -1.581434488296508789e+00
2.372000000000000000e+03 7.853997349739074707e-01
2.374000000000000000e+03 1.581909298896789551e+00
2.376000000000000000e+03 3.238918185234069824e-01
2.378000000000000000e+03 -3.746809661388397217e-01
2.380000000000000000e+03 2.699546337127685547e+00
2.382000000000000000e+03 -2.783846378326416016e+00
2.384000000000000000e+03 2.431054592132568359e+00
2.386000000000000000e+03 2.305076599121093750e+00
2.388000000000000000e+03 5.903773903846740723e-01
2.390000000000000000e+03 8.818702697753906250e-01
2.392000000000000000e+03 -3.267006576061248779e-01
2.394000000000000000e+03 1.682687044143676758e+00
2.396000000000000000e+03 1.662368476390838623e-01
2.398000000000000000e+03 1.390347957611083984e+00
2.400000000000000000e+03 1.557553052902221680e+00
2.402000000000000000e+03 2.260335922241210938e+00
2.404000000000000000e+03 1.577463030815124512e+00
2.406000000000000000e+03 -1.215346679091453552e-01
2.408000000000000000e+03 -1.265672802925109863e+00
2.410000000000000000e+03 8.101862668991088867e-01
2.412000000000000000e+03 2.601173400878906250e+00
2.414000000000000000e+03 -2.909373044967651367e+00
2.416000000000000000e+03 -3.217481672763824463e-01
2.418000000000000000e+03 8.502411842346191406e-01
2.420000000000000000e+03 -2.973137140274047852e+00
2.422000000000000000e+03 5.729650855064392090e-01
2.424000000000000000e+03 1.438244223594665527e+00
2.426000000000000000e+03 1.735945820808410645e+00
2.428000000000000000e+03 1.892545342445373535e+00
2.430000000000000000e+03 2.376058578491210938e+00
2.432000000000000000e+03 1.447821736335754395e+00
2.434000000000000000e+03 8.259155154228210449e-01
2.436000000000000000e+03 1.644192576408386230e+00
2.438000000000000000e+03 -3.094646215438842773e+00
2.440000000000000000e+03 -3.041923522949218750e+00
2.442000000000000000e+03 2.922919273376464844e+00
2.444000000000000000e+03 -2.135603278875350952e-01
2.446000000000000000e+03 -2.688814401626586914e+00
2.448000000000000000e+03 -2.972491264343261719e+00
2.450000000000000000e+03 1.490161776542663574e+00
2.452000000000000000e+03 1.703347206115722656e+00
2.454000000000000000e+03 2.591207742691040039e+00
2.456000000000000000e+03 2.277411222457885742e+00
2.458000000000000000e+03 -1.972210168838500977e+00
2.460000000000000000e+03 -2.859468936920166016e+00
2.462000000000000000e+03 7.209713459014892578e-01
2.464000000000000000e+03 8.417500257492065430e-01
2.466000000000000000e+03 1.447291374206542969e+00
2.468000000000000000e+03 1.448226809501647949e+00
2.470000000000000000e+03 9.994576573371887207e-01
2.472000000000000000e+03 9.219835400581359863e-01
2.474000000000000000e+03 1.408957362174987793e+00
2.476000000000000000e+03 3.971384838223457336e-02
2.478000000000000000e+03 -1.418648123741149902e+00
2.480000000000000000e+03 -1.181637525558471680e+00
2.482000000000000000e+03 -7.509349584579467773e-01
2.484000000000000000e+03 2.936949729919433594e+00
2.486000000000000000e+03 -2.356194496154785156e+00
2.488000000000000000e+03 2.967375993728637695e+00
2.490000000000000000e+03 -2.991648197174072266e+00
2.492000000000000000e+03 -6.747394204139709473e-01
2.494000000000000000e+03 -1.680419892072677612e-01
2.496000000000000000e+03 6.689061522483825684e-01
2.498000000000000000e+03 -4.903497993946075439e-01
2.500000000000000000e+03 -1.706935882568359375e+00
2.502000000000000000e+03 -1.756146669387817383e+00
2.504000000000000000e+03 -1.337056636810302734e+00
2.506000000000000000e+03 -1.133284687995910645e+00
2.508000000000000000e+03 -2.372951984405517578e+00
2.510000000000000000e+03 -2.263677597045898438e+00
2.512000000000000000e+03 2.275910377502441406e+00
2.514000000000000000e+03 -1.838302373886108398e+00
2.516000000000000000e+03 -2.914247989654541016e+00
2.518000000000000000e+03 -1.770734488964080811e-01
2.520000000000000000e+03 -1.146135568618774414e+00
2.522000000000000000e+03 1.078994512557983398e+00
2.524000000000000000e+03 7.150910496711730957e-01
2.526000000000000000e+03 -4.193439707159996033e-02
2.528000000000000000e+03 7.918510437011718750e-01
2.530000000000000000e+03 1.853774428367614746e+00
2.532000000000000000e+03 -1.017953991889953613e+00
2.534000000000000000e+03 8.924297094345092773e-01
2.536000000000000000e+03 2.287990897893905640e-01
2.538000000000000000e+03 2.526929140090942383e+00
2.540000000000000000e+03 -8.130139708518981934e-01
2.542000000000000000e+03 -2.933702468872070312e+00
2.544000000000000000e+03 1.803352236747741699e+00
2.546000000000000000e+03 1.495934724807739258e+00
2.548000000000000000e+03 1.013670802116394043e+00
2.550000000000000000e+03 1.190289497375488281e+00
2.552000000000000000e+03 1.881795406341552734e+00
2.554000000000000000e+03 1.118017077445983887e+00
2.556000000000000000e+03 3.027337312698364258e+00
2.558000000000000000e+03 -1.804956495761871338e-01
2.560000000000000000e+03 3.075463771820068359e+00
2.562000000000000000e+03 1.785611629486083984e+00
2.564000000000000000e+03 -1.922451138496398926e+00
2.566000000000000000e+03 -1.814056754112243652e+00
2.568000000000000000e+03 -1.510868072509765625e+00
2.570000000000000000e+03 -1.294834733009338379e+00
2.572000000000000000e+03 -1.707861781120300293e+00
2.574000000000000000e+03 -1.989021778106689453e+00
2.576000000000000000e+03 -1.258306264877319336e+00
2.578000000000000000e+03 -8.369961977005004883e-01
2.580000000000000000e+03 2.285224437713623047e+00
2.582000000000000000e+03 -1.446442842483520508e+00
2.584000000000000000e+03 -7.146488428115844727e-01
2.586000000000000000e+03 1.606496214866638184e+00
2.588000000000000000e+03 -1.807041645050048828e+00
2.590000000000000000e+03 -3.752712011337280273e-01
2.592000000000000000e+03 -5.225862264633178711e-01
2.594000000000000000e+03 -2.297420948743820190e-01
2.596000000000000000e+03 -1.796078324317932129e+00
2.598000000000000000e+03 1.292496800422668457e+00
2.600000000000000000e+03 1.712691783905029297e+00
2.602000000000000000e+03 2.762174606323242188e-01
2.604000000000000000e+03 1.328059434890747070e+00
2.606000000000000000e+03 1.630875706672668457e+00
2.608000000000000000e+03 1.171088740229606628e-01
2.610000000000000000e+03 1.354244828224182129e+00
2.612000000000000000e+03 4.964225590229034424e-01
2.614000000000000000e+03 1.617058873176574707e+00
2.616000000000000000e+03 -1.201933503150939941e+00
2.618000000000000000e+03 -1.528568267822265625e+00
2.620000000000000000e+03 -5.077837109565734863e-01
2.622000000000000000e+03 2.241461038589477539e+00
2.624000000000000000e+03 4.960443824529647827e-02
2.626000000000000000e+03 -2.774418592453002930e+00
2.628000000000000000e+03 -3.077165842056274414e+00
2.630000000000000000e+03 -1.157662644982337952e-01
2.632000000000000000e+03 -2.228924751281738281e+00
2.634000000000000000e+03 -2.341561079025268555e+00
2.636000000000000000e+03 -2.543709516525268555e+00
2.638000000000000000e+03 -1.673176646232604980e+00
2.640000000000000000e+03 2.898855924606323242e+00
2.642000000000000000e+03 1.107148766517639160e+00
2.644000000000000000e+03 2.546254098415374756e-01
2.646000000000000000e+03 6.947380900382995605e-01
2.648000000000000000e+03 -2.691672742366790771e-01
2.650000000000000000e+03 3.660557568073272705e-01
2.652000000000000000e+03 -1.067953109741210938e+00
2.654000000000000000e+03 1.149165868759155273e+00
2.656000000000000000e+03 1.084999322891235352e+00
2.658000000000000000e+03 -2.498091220855712891e+00
2.660000000000000000e+03 2.090764284133911133e+00
2.662000000000000000e+03 2.276550769805908203e+00
2.664000000000000000e+03 1.853528022766113281e-01
2.666000000000000000e+03 -2.696293354034423828e+00
2.668000000000000000e+03 -1.018695116043090820e+00
2.670000000000000000e+03 6.659697294235229492e-01
2.672000000000000000e+03 -2.592103004455566406e+00
2.674000000000000000e+03 -2.542417764663696289e+00
2.676000000000000000e+03 2.991221189498901367e+00
2.678000000000000000e+03 -1.266500234603881836e+00
2.680000000000000000e+03 -9.375861287117004395e-01
2.682000000000000000e+03 -2.428913831710815430e+00
2.684000000000000000e+03 -8.771694265305995941e-03
2.686000000000000000e+03 -2.961740255355834961e+00
2.688000000000000000e+03 -6.644470691680908203e-01
2.690000000000000000e+03 -2.813923656940460205e-01
2.692000000000000000e+03 -2.725780963897705078e+00
2.694000000000000000e+03 1.810379862785339355e+00
2.696000000000000000e+03 3.259706497192382812e-01
2.698000000000000000e+03 1.351737380027770996e+00
2.700000000000000000e+03 -4.666967391967773438e-01
2.702000000000000000e+03 -9.677076935768127441e-01
2.704000000000000000e+03 9.776254296302795410e-01
2.706000000000000000e+03 -2.759475946426391602e+00
2.708000000000000000e+03 -1.907558441162109375e-01
2.710000000000000000e+03 8.182500004768371582e-01
2.712000000000000000e+03 4.595989584922790527e-01
2.714000000000000000e+03 1.519746065139770508e+00
2.716000000000000000e+03 1.251960992813110352e+00
2.718000000000000000e+03 1.449768900871276855e+00
2.720000000000000000e+03 -1.921362280845642090e+00
2.722000000000000000e+03 -1.349483013153076172e+00
2.724000000000000000e+03 -1.246856927871704102e+00
2.726000000000000000e+03 -1.021912813186645508e+00
2.728000000000000000e+03 -1.464813470840454102e+00
2.730000000000000000e+03 -1.988322973251342773e+00
2.732000000000000000e+03 -4.861524105072021484e-01
2.734000000000000000e+03 3.767799437046051025e-01
2.736000000000000000e+03 -1.184909194707870483e-01
2.738000000000000000e+03 7.568342685699462891e-01
2.740000000000000000e+03 -7.776562869548797607e-02
2.742000000000000000e+03 1.763498425483703613e+00
2.744000000000000000e+03 2.124089956283569336e+00
2.746000000000000000e+03 -2.995781660079956055e+00
2.748000000000000000e+03 -3.025833606719970703e+00
2.750000000000000000e+03 -2.871743917465209961e+00
2.752000000000000000e+03 -2.464769601821899414e+00
2.754000000000000000e+03 -2.060267925262451172e+00
2.756000000000000000e+03 -1.590927004814147949e+00
2.758000000000000000e+03 2.278572767972946167e-01
2.760000000000000000e+03 -2.433815717697143555e+00
2.762000000000000000e+03 2.624425411224365234e+00
2.764000000000000000e+03 -2.583712816238403320e+00
2.766000000000000000e+03 2.550435304641723633e+00
2.768000000000000000e+03 1.896767139434814453e+00
2.770000000000000000e+03 -4.383375644683837891e-01
2.772000000000000000e+03 -6.747403144836425781e-01
2.774000000000000000e+03 -2.935910522937774658e-01
2.776000000000000000e+03 1.157670736312866211e+00
2.778000000000000000e+03 2.260370254516601562e+00
2.780000000000000000e+03 -2.627391815185546875e+00
2.782000000000000000e+03 -1.487654685974121094e+00
2.784000000000000000e+03 -2.130821704864501953e+00
2.786000000000000000e+03 -1.491493463516235352e+00
2.788000000000000000e+03 -2.901421546936035156e+00
2.790000000000000000e+03 -2.817653417587280273e+00
2.792000000000000000e+03 3.831759095191955566e-01
2.794000000000000000e+03 -1.782680302858352661e-01
2.796000000000000000e+03 -1.798653006553649902e+00
2.798000000000000000e+03 -9.371638298034667969e-01
2.800000000000000000e+03 -7.157459259033203125e-01
2.802000000000000000e+03 2.275291442871093750e+00
2.804000000000000000e+03 -2.754714727401733398e+00
2.806000000000000000e+03 2.723366975784301758e+00
2.808000000000000000e+03 7.130630314350128174e-02
2.810000000000000000e+03 -2.458775997161865234e+00
2.812000000000000000e+03 -2.022060394287109375e+00
2.814000000000000000e+03 3.057177782058715820e+00
2.816000000000000000e+03 2.988943815231323242e+00
2.818000000000000000e+03 1.682479143142700195e+00
2.820000000000000000e+03 2.822049140930175781e+00
2.822000000000000000e+03 -6.287961006164550781e-01
2.824000000000000000e+03 -8.850678801536560059e-01
2.826000000000000000e+03 -3.886881172657012939e-01
2.828000000000000000e+03 -1.021306514739990234e+00
2.830000000000000000e+03 -3.091996312141418457e-01
2.832000000000000000e+03 8.826603740453720093e-02
2.834000000000000000e+03 8.548038005828857422e-01
2.836000000000000000e+03 1.143637374043464661e-01
2.838000000000000000e+03 -1.624435544013977051e+00
2.840000000000000000e+03 -9.373697042465209961e-01
2.842000000000000000e+03 1.470128178596496582e+00
2.844000000000000000e+03 9.588940739631652832e-01
2.846000000000000000e+03 2.082455158233642578e+00
2.848000000000000000e+03 1.730269312858581543e+00
2.850000000000000000e+03 2.627140998840332031e+00
2.852000000000000000e+03 -2.480548143386840820e+00
2.854000000000000000e+03 5.038279294967651367e-01
2.856000000000000000e+03 1.794570803642272949e+00
2.858000000000000000e+03 1.161475658416748047e+00
2.860000000000000000e+03 -3.081664323806762695e+00
2.862000000000000000e+03 -3.114387989044189453e+00
2.864000000000000000e+03 -2.271492242813110352e+00
2.866000000000000000e+03 -1.858078002929687500e+00
2.868000000000000000e+03 2.878844976425170898e+00
2.870000000000000000e+03 -6.548155844211578369e-02
2.872000000000000000e+03 -1.751244544982910156e+00
2.874000000000000000e+03 1.029016733169555664e+00
2.876000000000000000e+03 1.787908673286437988e+00
2.878000000000000000e+03 8.818720579147338867e-01
2.880000000000000000e+03 1.125494480133056641e+00
2.882000000000000000e+03 1.119158983230590820e+00
2.884000000000000000e+03 1.623727560043334961e+00
2.886000000000000000e+03 1.182477235794067383e+00
2.888000000000000000e+03 6.913360953330993652e-01
2.890000000000000000e+03 -2.378747463226318359e+00
2.892000000000000000e+03 -2.326791048049926758e+00
2.894000000000000000e+03 -1.463824510574340820e+00
2.896000000000000000e+03 -1.213570237159729004e+00
2.898000000000000000e+03 -2.698899984359741211e+00
2.900000000000000000e+03 -3.053979635238647461e+00
2.902000000000000000e+03 2.527279376983642578e+00
2.904000000000000000e+03 -1.919567346572875977e+00
2.906000000000000000e+03 -1.126376628875732422e+00
2.908000000000000000e+03 -8.334378600120544434e-01
2.910000000000000000e+03 -7.382631301879882812e-01
2.912000000000000000e+03 -8.581033349037170410e-02
2.914000000000000000e+03 -2.016036063432693481e-01
2.916000000000000000e+03 -1.344577431678771973e+00
2.918000000000000000e+03 -7.799931764602661133e-01
2.920000000000000000e+03 -8.554602861404418945e-01
2.922000000000000000e+03 8.645969629287719727e-01
2.924000000000000000e+03 1.135894775390625000e+00
2.926000000000000000e+03 1.403457164764404297e+00
2.928000000000000000e+03 1.683788061141967773e+00
2.930000000000000000e+03 3.041156530380249023e+00
2.932000000000000000e+03 1.475844621658325195e+00
2.934000000000000000e+03 9.097530245780944824e-01
2.936000000000000000e+03 1.066630363464355469e+00
2.938000000000000000e+03 1.820921540260314941e+00
2.940000000000000000e+03 2.878597736358642578e+00
2.942000000000000000e+03 2.153573930263519287e-01
2.944000000000000000e+03 3.091990351676940918e-01
2.946000000000000000e+03 2.697809696197509766e+00
2.948000000000000000e+03 -2.953695297241210938e+00
2.950000000000000000e+03 -2.483410835266113281e+00
2.952000000000000000e+03 -2.580429315567016602e+00
2.954000000000000000e+03 -2.381830453872680664e+00
2.956000000000000000e+03 1.020722866058349609e+00
2.958000000000000000e+03 1.590928316116333008e+00
2.960000000000000000e+03 -2.088083744049072266e+00
2.962000000000000000e+03 -7.404835820198059082e-01
2.964000000000000000e+03 -4.260480999946594238e-01
2.966000000000000000e+03 -8.257033675909042358e-02
2.968000000000000000e+03 2.934097290039062500e+00
2.970000000000000000e+03 2.183793544769287109e+00
2.972000000000000000e+03 2.393560647964477539e+00
2.974000000000000000e+03 1.719125390052795410e+00
2.976000000000000000e+03 2.067219972610473633e+00
2.978000000000000000e+03 2.214297294616699219e+00
2.980000000000000000e+03 2.233011722564697266e+00
2.982000000000000000e+03 2.010638475418090820e+00
2.984000000000000000e+03 3.031799554824829102e+00
2.986000000000000000e+03 1.225494265556335449e+00
2.988000000000000000e+03 1.448127508163452148e+00
2.990000000000000000e+03 1.882514834403991699e+00
2.992000000000000000e+03 -4.430016875267028809e-01
2.994000000000000000e+03 6.756166461855173111e-03
2.996000000000000000e+03 -1.760167598724365234e+00
2.998000000000000000e+03 1.570796370506286621e+00
3.000000000000000000e+03 -1.820998787879943848e+00
3.002000000000000000e+03 7.531504631042480469e-01
3.004000000000000000e+03 4.162055850028991699e-01
3.006000000000000000e+03 -1.143216848373413086e+00
3.008000000000000000e+03 -2.598141133785247803e-01
3.010000000000000000e+03 1.240118026733398438e+00
3.012000000000000000e+03 2.241317749023437500e+00
3.014000000000000000e+03 -2.582992792129516602e+00
3.016000000000000000e+03 -2.926654815673828125e+00
3.018000000000000000e+03 -2.437099695205688477e+00
3.020000000000000000e+03 2.505084514617919922e+00
3.022000000000000000e+03 -2.312744379043579102e+00
3.024000000000000000e+03 2.368853569030761719e+00
3.026000000000000000e+03 2.728051185607910156e+00
3.028000000000000000e+03 2.815338134765625000e+00
3.030000000000000000e+03 2.998576402664184570e+00
3.032000000000000000e+03 1.501939535140991211e+00
3.034000000000000000e+03 2.754262983798980713e-01
3.036000000000000000e+03 4.939402639865875244e-01
3.038000000000000000e+03 1.885552883148193359e+00
3.040000000000000000e+03 5.861541628837585449e-01
3.042000000000000000e+03 9.619302302598953247e-02
3.044000000000000000e+03 3.023625016212463379e-01
3.046000000000000000e+03 3.064162254333496094e+00
3.048000000000000000e+03 7.504466176033020020e-01
3.050000000000000000e+03 1.268313765525817871e+00
3.052000000000000000e+03 -1.483768939971923828e+00
3.054000000000000000e+03 -3.008525133132934570e+00
3.056000000000000000e+03 8.379813432693481445e-01
3.058000000000000000e+03 -1.128505989909172058e-01
3.060000000000000000e+03 -2.242109060287475586e+00
3.062000000000000000e+03 -1.928543806076049805e+00
3.064000000000000000e+03 -2.961737394332885742e+00
3.066000000000000000e+03 -1.474320530891418457e+00
3.068000000000000000e+03 4.758108779788017273e-02
3.070000000000000000e+03 1.380279183387756348e+00
3.072000000000000000e+03 3.116598844528198242e+00
3.074000000000000000e+03 -2.425267219543457031e+00
3.076000000000000000e+03 -1.722297191619873047e+00
3.078000000000000000e+03 -1.434947133064270020e+00
3.080000000000000000e+03 1.590026974678039551e+00
3.082000000000000000e+03 2.831889867782592773e+00
3.084000000000000000e+03 2.268005907535552979e-01
3.086000000000000000e+03 1.560379862785339355e+00
3.088000000000000000e+03 1.463367819786071777e+00
3.090000000000000000e+03 -3.055385112762451172e+00
3.092000000000000000e+03 -3.114933013916015625e+00
3.094000000000000000e+03 1.267335057258605957e+00
3.096000000000000000e+03 2.388862133026123047e+00
3.098000000000000000e+03 -8.047510385513305664e-01
3.100000000000000000e+03 3.002953529357910156e+00
3.102000000000000000e+03 -2.188388824462890625e+00
3.104000000000000000e+03 -1.570796370506286621e+00
3.106000000000000000e+03 -2.402314662933349609e+00
3.108000000000000000e+03 -2.691145896911621094e+00
3.110000000000000000e+03 2.775989532470703125e+00
3.112000000000000000e+03 1.052491068840026855e+00
3.114000000000000000e+03 1.511460661888122559e+00
3.116000000000000000e+03 -1.570796370506286621e+00
3.118000000000000000e+03 -3.627645671367645264e-01
3.120000000000000000e+03 -3.217501342296600342e-01
3.122000000000000000e+03 -6.489960551261901855e-01
3.124000000000000000e+03 -1.010564804077148438e+00
3.126000000000000000e+03 -1.229816913604736328e+00
3.128000000000000000e+03 -2.519767522811889648e+00
3.130000000000000000e+03 -1.677631139755249023e-01
3.132000000000000000e+03 -1.439245343208312988e-01
3.134000000000000000e+03 -3.805057108402252197e-01
3.136000000000000000e+03 3.217509388923645020e-01
3.138000000000000000e+03 2.779694557189941406e+00
3.140000000000000000e+03 2.614446401596069336e+00
3.142000000000000000e+03 3.093438386917114258e+00
3.144000000000000000e+03 -2.273053407669067383e+00
3.146000000000000000e+03 0.000000000000000000e+00
3.148000000000000000e+03 1.068706750869750977e+00
3.150000000000000000e+03 6.228249669075012207e-01
3.152000000000000000e+03 -6.169425249099731445e-01
3.154000000000000000e+03 1.041765451431274414e+00
3.156000000000000000e+03 8.325323462486267090e-01
3.158000000000000000e+03 -3.674897924065589905e-02
3.160000000000000000e+03 -7.443257570266723633e-01
3.162000000000000000e+03 2.187445402145385742e+00
3.164000000000000000e+03 -1.275356888771057129e+00
3.166000000000000000e+03 -2.545808553695678711e+00
3.168000000000000000e+03 -1.148265123367309570e+00
3.170000000000000000e+03 -2.417532503604888916e-01
3.172000000000000000e+03 2.682349443435668945e+00
3.174000000000000000e+03 -2.713503599166870117e+00
3.176000000000000000e+03 -2.769674301147460938e+00
3.178000000000000000e+03 2.725388050079345703e+00
3.180000000000000000e+03 2.066975831985473633e+00
3.182000000000000000e+03 1.770789504051208496e+00
3.184000000000000000e+03 3.805085718631744385e-01
3.186000000000000000e+03 -2.694058418273925781e-01
3.188000000000000000e+03 -2.662471532821655273e-01
3.190000000000000000e+03 -7.086265087127685547e-01
3.192000000000000000e+03 2.578276872634887695e+00
3.194000000000000000e+03 -2.224879264831542969e+00
3.196000000000000000e+03 -2.547696352005004883e+00
3.198000000000000000e+03 -2.808853387832641602e+00
3.200000000000000000e+03 2.072060108184814453e+00
3.202000000000000000e+03 2.725323677062988281e+00
3.204000000000000000e+03 -2.651635646820068359e+00
3.206000000000000000e+03 3.081835031509399414e+00
3.208000000000000000e+03 -8.589505553245544434e-01
3.210000000000000000e+03 2.978760480880737305e+00
3.212000000000000000e+03 -2.813474178314208984e+00
3.214000000000000000e+03 -8.668507933616638184e-01
3.216000000000000000e+03 -2.247920989990234375e+00
3.218000000000000000e+03 -1.069725528359413147e-01
3.220000000000000000e+03 1.280948758125305176e+00
3.222000000000000000e+03 -1.813691616058349609e+00
3.224000000000000000e+03 -2.886409759521484375e+00
3.226000000000000000e+03 -1.836003303527832031e+00
3.228000000000000000e+03 -1.330624461174011230e+00
3.230000000000000000e+03 2.662543356418609619e-01
3.232000000000000000e+03 -2.746917605400085449e-01
3.234000000000000000e+03 -2.449758648872375488e-01
3.236000000000000000e+03 2.279422283172607422e+00
3.238000000000000000e+03 1.473280310630798340e+00
3.240000000000000000e+03 6.046988368034362793e-01
3.242000000000000000e+03 2.870258808135986328e+00
3.244000000000000000e+03 1.796397209167480469e+00
3.246000000000000000e+03 3.058450937271118164e+00
3.248000000000000000e+03 1.895198702812194824e+00
3.250000000000000000e+03 -2.740120887756347656e+00
3.252000000000000000e+03 -3.021369695663452148e+00
3.254000000000000000e+03 -2.193795204162597656e+00
3.256000000000000000e+03 2.132419109344482422e+00
3.258000000000000000e+03 -2.198538780212402344e+00
3.260000000000000000e+03 -3.128261089324951172e+00
3.262000000000000000e+03 -3.062214612960815430e+00
3.264000000000000000e+03 3.876700103282928467e-01
3.266000000000000000e+03 2.749739885330200195e+00
3.268000000000000000e+03 1.825979232788085938e+00
3.270000000000000000e+03 1.401879191398620605e+00
3.272000000000000000e+03 2.267228126525878906e+00
3.274000000000000000e+03 3.332112357020378113e-02
3.276000000000000000e+03 -4.976156651973724365e-01
3.278000000000000000e+03 -2.599812269210815430e+00
3.280000000000000000e+03 -1.225709617137908936e-01
3.282000000000000000e+03 -6.716064810752868652e-01
3.284000000000000000e+03 1.618380308151245117e+00
3.286000000000000000e+03 2.233525276184082031e+00
3.288000000000000000e+03 2.485470533370971680e+00
3.290000000000000000e+03 -2.886967897415161133e+00
3.292000000000000000e+03 3.012183904647827148e+00
3.294000000000000000e+03 2.507733583450317383e+00
3.296000000000000000e+03 1.093212962150573730e+00
3.298000000000000000e+03 7.044944763183593750e-01
3.300000000000000000e+03 1.670464754104614258e+00
3.302000000000000000e+03 2.120437622070312500e+00
3.304000000000000000e+03 -2.034443616867065430e+00
3.306000000000000000e+03 -1.401018261909484863e+00
3.308000000000000000e+03 -1.570796370506286621e+00
3.310000000000000000e+03 -1.065102100372314453e+00
3.312000000000000000e+03 5.516548156738281250e-01
3.314000000000000000e+03 5.642686486244201660e-01
3.316000000000000000e+03 -1.391880154609680176e+00
3.318000000000000000e+03 -1.982252120971679688e+00
3.320000000000000000e+03 1.904892086982727051e+00
3.322000000000000000e+03 1.410882592201232910e+00
3.324000000000000000e+03 3.649925291538238525e-01
3.326000000000000000e+03 1.648106455802917480e+00
3.328000000000000000e+03 2.108160257339477539e+00
3.330000000000000000e+03 2.158798217773437500e+00
3.332000000000000000e+03 1.400811195373535156e+00
3.334000000000000000e+03 -2.934600830078125000e+00
3.336000000000000000e+03 1.255803108215332031e+00
3.338000000000000000e+03 2.000874519348144531e+00
3.340000000000000000e+03 -2.240211725234985352e+00
3.342000000000000000e+03 -1.043210983276367188e+00
3.344000000000000000e+03 -1.460138797760009766e+00
3.346000000000000000e+03 1.503482699394226074e+00
3.348000000000000000e+03 9.085808992385864258e-01
3.350000000000000000e+03 8.937804698944091797e-01
3.352000000000000000e+03 3.131693601608276367e+00
3.354000000000000000e+03 1.353502392768859863e+00
3.356000000000000000e+03 3.025100469589233398e+00
3.358000000000000000e+03 -1.838207006454467773e+00
3.360000000000000000e+03 2.140552282333374023e+00
3.362000000000000000e+03 -2.648560047149658203e+00
3.364000000000000000e+03 -9.883084893226623535e-01
3.366000000000000000e+03 2.038830041885375977e+00
3.368000000000000000e+03 -4.775843024253845215e-01
3.370000000000000000e+03 2.771823644638061523e+00
3.372000000000000000e+03 -2.016375541687011719e+00
3.374000000000000000e+03 -4.904624521732330322e-01
3.376000000000000000e+03 -2.356193542480468750e+00
3.378000000000000000e+03 -2.305958509445190430e+00
3.380000000000000000e+03 -2.557320833206176758e+00
3.382000000000000000e+03 2.736399412155151367e+00
3.384000000000000000e+03 -4.636489450931549072e-01
3.386000000000000000e+03 8.308225274085998535e-01
3.388000000000000000e+03 2.241317987442016602e+00
3.390000000000000000e+03 1.724968194961547852e+00
3.392000000000000000e+03 2.584467887878417969e+00
3.394000000000000000e+03 -9.300121665000915527e-01
3.396000000000000000e+03 -1.597339391708374023e+00
3.398000000000000000e+03 -2.465513229370117188e+00
3.400000000000000000e+03 2.224879503250122070e+00
3.402000000000000000e+03 1.361316204071044922e+00
3.404000000000000000e+03 -2.537837028503417969e+00
3.406000000000000000e+03 2.446851968765258789e+00
3.408000000000000000e+03 3.743344247341156006e-01
3.410000000000000000e+03 1.226675733923912048e-01
3.412000000000000000e+03 1.711526513099670410e+00
3.414000000000000000e+03 1.218598484992980957e+00
3.416000000000000000e+03 1.681453585624694824e+00
3.418000000000000000e+03 1.142532944679260254e+00
3.420000000000000000e+03 -4.333531558513641357e-01
3.422000000000000000e+03 -1.928022384643554688e+00
3.424000000000000000e+03 -1.457193374633789062e+00
3.426000000000000000e+03 -1.103953719139099121e+00
3.428000000000000000e+03 -5.182559490203857422e-01
3.430000000000000000e+03 -4.605906009674072266e-01
3.432000000000000000e+03 1.793966531753540039e+00
3.434000000000000000e+03 9.857965111732482910e-01
3.436000000000000000e+03 9.513698816299438477e-01
3.438000000000000000e+03 1.185302615165710449e+00
3.440000000000000000e+03 1.879995107650756836e+00
3.442000000000000000e+03 1.644983410835266113e+00
3.444000000000000000e+03 1.855181455612182617e+00
3.446000000000000000e+03 -5.165594220161437988e-01
3.448000000000000000e+03 -1.044499397277832031e+00
3.450000000000000000e+03 -3.244036436080932617e-01
3.452000000000000000e+03 0.000000000000000000e+00
3.454000000000000000e+03 -1.656302213668823242e+00
3.456000000000000000e+03 -2.273510694503784180e+00
3.458000000000000000e+03 1.950005650520324707e+00
3.460000000000000000e+03 1.002436876296997070e+00
3.462000000000000000e+03 -2.053948044776916504e-01
3.464000000000000000e+03 2.660195112228393555e+00
3.466000000000000000e+03 1.815773963928222656e+00
3.468000000000000000e+03 1.669573426246643066e+00
3.470000000000000000e+03 1.854018092155456543e+00
3.472000000000000000e+03 7.624132037162780762e-01
3.474000000000000000e+03 7.853981852531433105e-01
3.476000000000000000e+03 -2.570254802703857422e+00
3.478000000000000000e+03 -2.274252653121948242e+00
3.480000000000000000e+03 2.195682764053344727e+00
3.482000000000000000e+03 9.736194610595703125e-01
3.484000000000000000e+03 7.389195561408996582e-01
3.486000000000000000e+03 4.238666594028472900e-01
3.488000000000000000e+03 2.064738869667053223e-01
3.490000000000000000e+03 3.875236213207244873e-01
3.492000000000000000e+03 -1.939658999443054199e+00
3.494000000000000000e+03 -2.041317224502563477e+00
3.496000000000000000e+03 -1.197807312011718750e+00
3.498000000000000000e+03 -1.789465665817260742e+00
3.500000000000000000e+03 -3.767791986465454102e-01
3.502000000000000000e+03 3.738578855991363525e-01
3.504000000000000000e+03 -8.705577254295349121e-01
3.506000000000000000e+03 -1.022771477699279785e+00
3.508000000000000000e+03 1.916352391242980957e+00
3.510000000000000000e+03 1.259797811508178711e+00
3.512000000000000000e+03 -3.028740882873535156e+00
3.514000000000000000e+03 -2.798568487167358398e+00
3.516000000000000000e+03 1.966647624969482422e+00
3.518000000000000000e+03 2.276551008224487305e+00
3.520000000000000000e+03 -1.960113763809204102e+00
3.522000000000000000e+03 1.127794027328491211e+00
3.524000000000000000e+03 -1.801015257835388184e+00
3.526000000000000000e+03 1.806082487106323242e+00
3.528000000000000000e+03 7.244412899017333984e-01
3.530000000000000000e+03 3.499424457550048828e-01
3.532000000000000000e+03 2.984175920486450195e+00
3.534000000000000000e+03 2.915991783142089844e+00
3.536000000000000000e+03 2.374374628067016602e+00
3.538000000000000000e+03 2.198776721954345703e+00
3.540000000000000000e+03 1.513716101646423340e+00
3.542000000000000000e+03 1.654569745063781738e+00
3.544000000000000000e+03 1.990447402000427246e+00
3.546000000000000000e+03 1.938927769660949707e+00
3.548000000000000000e+03 1.017835497856140137e+00
3.550000000000000000e+03 1.476587176322937012e+00
3.552000000000000000e+03 5.693138241767883301e-01
3.554000000000000000e+03 1.428895473480224609e+00
3.556000000000000000e+03 -1.280829310417175293e-01
3.558000000000000000e+03 -8.919116854667663574e-01
3.560000000000000000e+03 -5.749676823616027832e-01
3.562000000000000000e+03 -9.780997037887573242e-01
3.564000000000000000e+03 -1.610382437705993652e+00
3.566000000000000000e+03 1.615212559700012207e+00
3.568000000000000000e+03 7.947443723678588867e-01
3.570000000000000000e+03 9.641912579536437988e-01
3.572000000000000000e+03 -7.557041645050048828e-01
3.574000000000000000e+03 1.178160548210144043e+00
3.576000000000000000e+03 -2.743070363998413086e+00
3.578000000000000000e+03 2.725150585174560547e+00
3.580000000000000000e+03 -8.069773316383361816e-01
3.582000000000000000e+03 1.590793490409851074e+00
3.584000000000000000e+03 1.478749155998229980e+00
3.586000000000000000e+03 2.287975549697875977e-01
3.588000000000000000e+03 -1.344984173774719238e+00
3.590000000000000000e+03 2.857518672943115234e+00
3.592000000000000000e+03 1.885212182998657227e+00
3.594000000000000000e+03 1.047020792961120605e+00
3.596000000000000000e+03 3.306788802146911621e-01
3.598000000000000000e+03 1.212025642395019531e+00
3.600000000000000000e+03 -5.826705694198608398e-02
3.602000000000000000e+03 -7.904223799705505371e-01
3.604000000000000000e+03 1.653366208076477051e+00
3.606000000000000000e+03 2.313965082168579102e+00
3.608000000000000000e+03 -1.933340907096862793e+00
3.610000000000000000e+03 -1.955171108245849609e+00
3.612000000000000000e+03 -1.724220871925354004e+00
3.614000000000000000e+03 -2.629202365875244141e+00
3.616000000000000000e+03 3.141592741012573242e+00
3.618000000000000000e+03 2.384757995605468750e+00
3.620000000000000000e+03 -2.335144281387329102e+00
3.622000000000000000e+03 -2.046313285827636719e+00
3.624000000000000000e+03 -2.870649576187133789e+00
3.626000000000000000e+03 2.053309440612792969e+00
3.628000000000000000e+03 2.125102996826171875e+00
3.630000000000000000e+03 2.038476943969726562e+00
3.632000000000000000e+03 -1.643659830093383789e+00
3.634000000000000000e+03 -1.103953123092651367e+00
3.636000000000000000e+03 4.506602883338928223e-01
3.638000000000000000e+03 1.234533172100782394e-02
3.640000000000000000e+03 7.078844308853149414e-01
3.642000000000000000e+03 2.352274894714355469e+00
3.644000000000000000e+03 2.776601552963256836e+00
3.646000000000000000e+03 -1.835735440254211426e+00
3.648000000000000000e+03 3.075025796890258789e+00
3.650000000000000000e+03 2.859906911849975586e+00
3.652000000000000000e+03 1.288673043251037598e+00
3.654000000000000000e+03 2.874183416366577148e+00
3.656000000000000000e+03 1.418693542480468750e+00
3.658000000000000000e+03 9.685131907463073730e-01
3.660000000000000000e+03 1.774815678596496582e+00
3.662000000000000000e+03 2.333975315093994141e+00
3.664000000000000000e+03 2.215664863586425781e+00
3.666000000000000000e+03 -2.901421070098876953e+00
3.668000000000000000e+03 -1.624079108238220215e+00
3.670000000000000000e+03 -1.279155731201171875e+00
3.672000000000000000e+03 2.866681337356567383e+00
3.674000000000000000e+03 -1.165975853800773621e-01
3.676000000000000000e+03 -1.182106971740722656e+00
3.678000000000000000e+03 3.462867140769958496e-01
3.680000000000000000e+03 7.702489495277404785e-01
3.682000000000000000e+03 1.356452345848083496e+00
3.684000000000000000e+03 6.073613837361335754e-02
3.686000000000000000e+03 2.346670627593994141e+00
3.688000000000000000e+03 2.591739177703857422e+00
3.690000000000000000e+03 1.743553757667541504e+00
3.692000000000000000e+03 -2.068913221359252930e+00
3.694000000000000000e+03 -1.757774829864501953e+00
3.696000000000000000e+03 -3.567042052745819092e-01
3.698000000000000000e+03 -9.405385255813598633e-01
3.700000000000000000e+03 2.337386757135391235e-01
3.702000000000000000e+03 2.618016958236694336e+00
3.704000000000000000e+03 2.239085912704467773e+00
3.706000000000000000e+03 2.554179430007934570e+00
3.708000000000000000e+03 2.566948413848876953e+00
3.710000000000000000e+03 2.299262285232543945e+00
3.712000000000000000e+03 -1.461740612983703613e+00
3.714000000000000000e+03 -1.343500614166259766e+00
3.716000000000000000e+03 -1.457248568534851074e+00
3.718000000000000000e+03 -3.388448059558868408e-02
3.720000000000000000e+03 -8.925138711929321289e-01
3.722000000000000000e+03 -8.440488576889038086e-01
3.724000000000000000e+03 -2.290252685546875000e+00
3.726000000000000000e+03 3.042626619338989258e+00
3.728000000000000000e+03 -3.020448446273803711e+00
3.730000000000000000e+03 -2.938933134078979492e+00
3.732000000000000000e+03 -2.736699819564819336e+00
3.734000000000000000e+03 -1.786562442779541016e+00
3.736000000000000000e+03 -2.186202049255371094e+00
3.738000000000000000e+03 -2.535211086273193359e+00
3.740000000000000000e+03 3.055866718292236328e+00
3.742000000000000000e+03 3.154876530170440674e-01
3.744000000000000000e+03 -2.853302240371704102e+00
3.746000000000000000e+03 -2.796785593032836914e+00
3.748000000000000000e+03 -2.375226497650146484e+00
3.750000000000000000e+03 -2.418969154357910156e+00
3.752000000000000000e+03 3.047750949859619141e+00
3.754000000000000000e+03 2.612001895904541016e+00
3.756000000000000000e+03 -2.699218988418579102e+00
3.758000000000000000e+03 -2.961738109588623047e+00
3.760000000000000000e+03 2.465645551681518555e+00
3.762000000000000000e+03 7.759644985198974609e-01
3.764000000000000000e+03 1.968216419219970703e+00
3.766000000000000000e+03 1.892547130584716797e+00
3.768000000000000000e+03 -9.695625901222229004e-01
3.770000000000000000e+03 -4.756954908370971680e-01
3.772000000000000000e+03 1.844963073730468750e+00
3.774000000000000000e+03 2.758694648742675781e+00
3.776000000000000000e+03 -6.211761832237243652e-01
3.778000000000000000e+03 -8.897789716720581055e-01
3.780000000000000000e+03 -2.372018814086914062e+00
3.782000000000000000e+03 -2.871439218521118164e+00
3.784000000000000000e+03 2.158799648284912109e+00
3.786000000000000000e+03 -2.562028884887695312e+00
3.788000000000000000e+03 -2.628535747528076172e+00
3.790000000000000000e+03 1.497705101966857910e+00
3.792000000000000000e+03 1.431699752807617188e+00
3.794000000000000000e+03 -2.847358703613281250e+00
3.796000000000000000e+03 -1.056729793548583984e+00
3.798000000000000000e+03 -1.804539680480957031e+00
3.800000000000000000e+03 -2.987271785736083984e+00
3.802000000000000000e+03 -2.324953794479370117e+00
3.804000000000000000e+03 -2.997215032577514648e+00
3.806000000000000000e+03 -9.660975933074951172e-01
3.808000000000000000e+03 -1.593869686126708984e+00
3.810000000000000000e+03 -2.093200922012329102e+00
3.812000000000000000e+03 -2.993159532546997070e+00
3.814000000000000000e+03 -3.089009761810302734e+00
3.816000000000000000e+03 -2.489261388778686523e+00
3.818000000000000000e+03 9.865240454673767090e-01
3.820000000000000000e+03 5.071311593055725098e-01
3.822000000000000000e+03 -2.016025334596633911e-01
3.824000000000000000e+03 -1.448126584291458130e-01
3.826000000000000000e+03 -2.930500268936157227e+00
3.828000000000000000e+03 -1.686535835266113281e+00
3.830000000000000000e+03 -2.547026395797729492e+00
3.832000000000000000e+03 -1.915798187255859375e+00
3.834000000000000000e+03 -2.234353065490722656e+00
3.836000000000000000e+03 -1.629124164581298828e+00
3.838000000000000000e+03 -6.478116512298583984e-01
3.840000000000000000e+03 -1.255498826503753662e-01
3.842000000000000000e+03 -2.174152612686157227e+00
3.844000000000000000e+03 -1.826604962348937988e+00
3.846000000000000000e+03 -2.081745862960815430e+00
3.848000000000000000e+03 -6.556957364082336426e-01
3.850000000000000000e+03 1.805051684379577637e+00
3.852000000000000000e+03 -2.336966276168823242e+00
3.854000000000000000e+03 1.457250833511352539e+00
3.856000000000000000e+03 6.567019820213317871e-01
3.858000000000000000e+03 -2.102520227432250977e+00
3.860000000000000000e+03 1.698476076126098633e+00
3.862000000000000000e+03 1.212025403976440430e+00
3.864000000000000000e+03 -2.940392792224884033e-01
3.866000000000000000e+03 1.284744024276733398e+00
3.868000000000000000e+03 -1.234962463378906250e+00
3.870000000000000000e+03 -4.636476039886474609e-01
3.872000000000000000e+03 1.075328588485717773e+00
3.874000000000000000e+03 -4.636285305023193359e-01
3.876000000000000000e+03 -2.525539696216583252e-01
3.878000000000000000e+03 -9.296854138374328613e-01
3.880000000000000000e+03 6.556966900825500488e-01
3.882000000000000000e+03 -1.086938474327325821e-02
3.884000000000000000e+03 -7.772696018218994141e-01
3.886000000000000000e+03 -2.054553665220737457e-02
3.888000000000000000e+03 6.632019877433776855e-01
3.890000000000000000e+03 7.994807362556457520e-01
3.892000000000000000e+03 -2.568838834762573242e+00
3.894000000000000000e+03 2.481984198093414307e-01
3.896000000000000000e+03 -6.583938002586364746e-02
3.898000000000000000e+03 -6.162983775138854980e-01
3.900000000000000000e+03 -1.658408761024475098e+00
3.902000000000000000e+03 -2.267669439315795898e+00
3.904000000000000000e+03 1.269875526428222656e+00
3.906000000000000000e+03 5.790740847587585449e-01
3.908000000000000000e+03 4.795190393924713135e-01
3.910000000000000000e+03 -2.084402322769165039e+00
3.912000000000000000e+03 1.815775156021118164e+00
3.914000000000000000e+03 2.292061328887939453e+00
3.916000000000000000e+03 3.329865336418151855e-01
3.918000000000000000e+03 1.381317019462585449e+00
3.920000000000000000e+03 1.483768939971923828e+00
3.922000000000000000e+03 -2.944198131561279297e+00
3.924000000000000000e+03 -1.943065524101257324e+00
3.926000000000000000e+03 -6.548323631286621094e-01
3.928000000000000000e+03 1.570796370506286621e+00
3.930000000000000000e+03 -1.418343372642993927e-02
3.932000000000000000e+03 -6.551873087882995605e-01
3.934000000000000000e+03 1.827100753784179688e+00
3.936000000000000000e+03 2.776679277420043945e+00
3.938000000000000000e+03 -3.061762332916259766e+00
3.940000000000000000e+03 -2.342861652374267578e+00
3.942000000000000000e+03 -1.185931921005249023e+00
3.944000000000000000e+03 -1.764153480529785156e+00
3.946000000000000000e+03 -1.133769989013671875e+00
3.948000000000000000e+03 -1.557374000549316406e+00
3.950000000000000000e+03 -2.454468965530395508e+00
3.952000000000000000e+03 -4.636476039886474609e-01
3.954000000000000000e+03 -1.315310478210449219e+00
3.956000000000000000e+03 -1.020548462867736816e+00
3.958000000000000000e+03 -7.427698969841003418e-01
3.960000000000000000e+03 -2.582086324691772461e+00
3.962000000000000000e+03 -1.830896615982055664e+00
3.964000000000000000e+03 1.231828555464744568e-01
3.966000000000000000e+03 4.804051220417022705e-01
3.968000000000000000e+03 1.253633379936218262e+00
3.970000000000000000e+03 -2.743819653987884521e-01
3.972000000000000000e+03 1.747161865234375000e+00
3.974000000000000000e+03 -8.811502456665039062e-01
3.976000000000000000e+03 2.667192459106445312e+00
3.978000000000000000e+03 -8.472682833671569824e-01
3.980000000000000000e+03 -7.321944236755371094e-01
3.982000000000000000e+03 -9.777931571006774902e-01
3.984000000000000000e+03 1.541819691658020020e+00
3.986000000000000000e+03 -3.095646858215332031e+00
3.988000000000000000e+03 -2.829549789428710938e+00
3.990000000000000000e+03 3.242078423500061035e-01
3.992000000000000000e+03 -1.614885687828063965e+00
3.994000000000000000e+03 -1.880500674247741699e+00
3.996000000000000000e+03 -5.992889031767845154e-02
3.998000000000000000e+03 2.118080377578735352e+00
4.000000000000000000e+03 -1.550529599189758301e+00
4.002000000000000000e+03 1.418145656585693359e+00
4.004000000000000000e+03 9.213965535163879395e-01
4.006000000000000000e+03 2.961738586425781250e+00
4.008000000000000000e+03 -2.084401607513427734e+00
4.010000000000000000e+03 -1.262743830680847168e+00
4.012000000000000000e+03 -5.456542968750000000e-01
4.014000000000000000e+03 -9.865248799324035645e-01
4.016000000000000000e+03 -4.735982120037078857e-01
4.018000000000000000e+03 8.473760448396205902e-03
4.020000000000000000e+03 -1.866145730018615723e-01
4.022000000000000000e+03 -1.483638882637023926e+00
4.024000000000000000e+03 -1.334178924560546875e+00
4.026000000000000000e+03 -1.190289258956909180e+00
4.028000000000000000e+03 -2.542461752891540527e-01
4.030000000000000000e+03 -1.210274025797843933e-01
4.032000000000000000e+03 9.272948503494262695e-01
4.034000000000000000e+03 1.659002065658569336e+00
4.036000000000000000e+03 2.143435478210449219e-01
4.038000000000000000e+03 7.146502137184143066e-01
4.040000000000000000e+03 4.039179682731628418e-01
4.042000000000000000e+03 1.774289131164550781e+00
4.044000000000000000e+03 1.049177527427673340e+00
4.046000000000000000e+03 -6.868181228637695312e-01
4.048000000000000000e+03 -5.654296278953552246e-02
4.050000000000000000e+03 -5.713387131690979004e-01
4.052000000000000000e+03 -2.756634235382080078e+00
4.054000000000000000e+03 1.949841380119323730e+00
4.056000000000000000e+03 2.638398885726928711e+00
4.058000000000000000e+03 5.693127512931823730e-01
4.060000000000000000e+03 6.085222363471984863e-01
4.062000000000000000e+03 4.253386259078979492e-01
4.064000000000000000e+03 -6.735672354698181152e-01
4.066000000000000000e+03 1.418972611427307129e-01
4.068000000000000000e+03 5.494892001152038574e-01
4.070000000000000000e+03 1.192499175667762756e-01
4.072000000000000000e+03 -2.372767925262451172e+00
4.074000000000000000e+03 1.061204195022583008e+00
4.076000000000000000e+03 -2.049368619918823242e+00
4.078000000000000000e+03 -9.194200038909912109e-01
4.080000000000000000e+03 -5.974587798118591309e-01
4.082000000000000000e+03 -2.074957638978958130e-01
4.084000000000000000e+03 -2.737707793712615967e-01
4.086000000000000000e+03 -2.182292461395263672e+00
4.088000000000000000e+03 8.202682733535766602e-01
4.090000000000000000e+03 1.414772033691406250e+00
4.092000000000000000e+03 2.770875096321105957e-01
4.094000000000000000e+03 6.193111538887023926e-01
4.096000000000000000e+03 1.557283282279968262e+00
4.098000000000000000e+03 6.186445951461791992e-01
4.100000000000000000e+03 1.275946617126464844e+00
4.102000000000000000e+03 1.233542442321777344e+00
4.104000000000000000e+03 7.141196727752685547e-01
4.106000000000000000e+03 1.469693064689636230e+00
4.108000000000000000e+03 1.697769522666931152e+00
4.110000000000000000e+03 -2.420620918273925781e+00
4.112000000000000000e+03 2.046139240264892578e+00
4.114000000000000000e+03 1.500736236572265625e+00
4.116000000000000000e+03 7.853981852531433105e-01
4.118000000000000000e+03 -3.006574392318725586e+00
4.120000000000000000e+03 4.214189052581787109e-01
4.122000000000000000e+03 2.904472827911376953e+00
4.124000000000000000e+03 4.307292401790618896e-01
4.126000000000000000e+03 1.188817620277404785e+00
4.128000000000000000e+03 -1.751244544982910156e+00
4.130000000000000000e+03 2.836872100830078125e+00
4.132000000000000000e+03 -2.854762792587280273e+00
4.134000000000000000e+03 -2.121182203292846680e+00
4.136000000000000000e+03 -8.457350730895996094e-01
4.138000000000000000e+03 -1.708603143692016602e+00
4.140000000000000000e+03 -2.584829807281494141e+00
4.142000000000000000e+03 -1.786154031753540039e+00
4.144000000000000000e+03 -1.331988573074340820e+00
4.146000000000000000e+03 -3.511540293693542480e-01
4.148000000000000000e+03 -6.503036022186279297e-01
4.150000000000000000e+03 1.359702825546264648e+00
4.152000000000000000e+03 1.819181799888610840e+00
4.154000000000000000e+03 1.670464754104614258e+00
4.156000000000000000e+03 1.825554609298706055e+00
4.158000000000000000e+03 1.056074857711791992e+00
4.160000000000000000e+03 1.606242537498474121e+00
4.162000000000000000e+03 -2.927249431610107422e+00
4.164000000000000000e+03 -2.807395219802856445e+00
4.166000000000000000e+03 2.500228404998779297e+00
4.168000000000000000e+03 3.113430500030517578e+00
4.170000000000000000e+03 2.382855415344238281e+00
4.172000000000000000e+03 2.346868515014648438e+00
4.174000000000000000e+03 -2.541527271270751953e+00
4.176000000000000000e+03 -2.807628631591796875e+00
4.178000000000000000e+03 -1.777270674705505371e+00
4.180000000000000000e+03 -1.832770347595214844e+00
4.182000000000000000e+03 -1.758929848670959473e+00
4.184000000000000000e+03 -1.471276879310607910e+00
4.186000000000000000e+03 -1.516141176223754883e+00
4.188000000000000000e+03 -2.706406831741333008e+00
4.190000000000000000e+03 2.887653827667236328e+00
4.192000000000000000e+03 -2.037402629852294922e+00
4.194000000000000000e+03 -2.559239864349365234e+00
4.196000000000000000e+03 -2.515800952911376953e+00
4.198000000000000000e+03 -8.369960188865661621e-01
4.200000000000000000e+03 -3.496608138084411621e-01
4.202000000000000000e+03 -8.550520986318588257e-02
4.204000000000000000e+03 -4.127933979034423828e-01
4.206000000000000000e+03 4.755164682865142822e-01
4.208000000000000000e+03 2.850135803222656250e+00
4.210000000000000000e+03 -1.819585084915161133e+00
4.212000000000000000e+03 4.680772721767425537e-01
4.214000000000000000e+03 -2.477544069290161133e+00
4.216000000000000000e+03 2.314550638198852539e+00
4.218000000000000000e+03 3.026714801788330078e+00
4.220000000000000000e+03 2.481168508529663086e+00
4.222000000000000000e+03 -2.992269992828369141e+00
4.224000000000000000e+03 1.139101147651672363e+00
4.226000000000000000e+03 9.871597886085510254e-01
4.228000000000000000e+03 3.507286012172698975e-01
4.230000000000000000e+03 7.664988934993743896e-02
4.232000000000000000e+03 1.195248365402221680e-01
4.234000000000000000e+03 -1.397551536560058594e+00
4.236000000000000000e+03 1.868359804153442383e+00
4.238000000000000000e+03 2.819841384887695312e+00
4.240000000000000000e+03 -3.074529170989990234e+00
4.242000000000000000e+03 2.790561437606811523e+00
4.244000000000000000e+03 -1.080047488212585449e+00
4.246000000000000000e+03 -8.818720579147338867e-01
4.248000000000000000e+03 1.295524597167968750e+00
4.250000000000000000e+03 1.255728244781494141e+00
4.252000000000000000e+03 2.584691047668457031e+00
4.254000000000000000e+03 -1.256563901901245117e+00
4.256000000000000000e+03 2.325904369354248047e+00
4.258000000000000000e+03 -2.835224628448486328e+00
4.260000000000000000e+03 2.414962053298950195e+00
4.262000000000000000e+03 7.967615723609924316e-01
4.264000000000000000e+03 1.625165820121765137e+00
4.266000000000000000e+03 1.118982791900634766e+00
4.268000000000000000e+03 9.537865519523620605e-01
4.270000000000000000e+03 1.794626355171203613e+00
4.272000000000000000e+03 1.513009667396545410e+00
4.274000000000000000e+03 5.377151966094970703e-01
4.276000000000000000e+03 3.115051269531250000e+00
4.278000000000000000e+03 2.884968280792236328e+00
4.280000000000000000e+03 -2.620862960815429688e+00
4.282000000000000000e+03 1.026240944862365723e+00
4.284000000000000000e+03 -8.723579049110412598e-01
4.286000000000000000e+03 -1.445579051971435547e+00
4.288000000000000000e+03 -2.140836000442504883e+00
4.290000000000000000e+03 2.783404111862182617e+00
4.292000000000000000e+03 3.134251832962036133e+00
4.294000000000000000e+03 -2.522618770599365234e+00
4.296000000000000000e+03 2.191036462783813477e+00
4.298000000000000000e+03 -4.847527295351028442e-02
4.300000000000000000e+03 3.301171660423278809e-01
4.302000000000000000e+03 -3.501667082309722900e-01
4.304000000000000000e+03 8.820664137601852417e-02
4.306000000000000000e+03 1.566004604101181030e-01
4.308000000000000000e+03 -2.245531797409057617e+00
4.310000000000000000e+03 1.257176160812377930e+00
4.312000000000000000e+03 -1.648418068885803223e+00
4.314000000000000000e+03 2.135364770889282227e+00
4.316000000000000000e+03 2.619905471801757812e+00
4.318000000000000000e+03 -4.048846662044525146e-01
4.320000000000000000e+03 -9.644125699996948242e-01
4.322000000000000000e+03 3.076114177703857422e+00
4.324000000000000000e+03 -2.126433998346328735e-01
4.326000000000000000e+03 -2.839229822158813477e+00
4.328000000000000000e+03 3.141592741012573242e+00
4.330000000000000000e+03 3.141592741012573242e+00
4.332000000000000000e+03 -1.665747880935668945e+00
4.334000000000000000e+03 -1.759017705917358398e+00
4.336000000000000000e+03 -2.806144237518310547e+00
4.338000000000000000e+03 -2.386796951293945312e+00
4.340000000000000000e+03 -1.723445415496826172e+00
4.342000000000000000e+03 -2.009909391403198242e+00
4.344000000000000000e+03 5.324015021324157715e-01
4.346000000000000000e+03 -6.353722810745239258e-01
4.348000000000000000e+03 1.670465230941772461e+00
4.350000000000000000e+03 1.704615354537963867e-01
4.352000000000000000e+03 -2.318476676940917969e+00
4.354000000000000000e+03 2.625845432281494141e+00
4.356000000000000000e+03 3.028909921646118164e+00
4.358000000000000000e+03 -1.871956110000610352e+00
4.360000000000000000e+03 -1.520838141441345215e+00
4.362000000000000000e+03 -1.244826674461364746e+00
4.364000000000000000e+03 2.982569456100463867e+00
4.366000000000000000e+03 2.271650075912475586e+00
4.368000000000000000e+03 9.868177175521850586e-01
4.370000000000000000e+03 1.251206040382385254e+00
4.372000000000000000e+03 2.761086940765380859e+00
4.374000000000000000e+03 2.796785354614257812e+00
4.376000000000000000e+03 2.780237436294555664e+00
4.378000000000000000e+03 2.192719221115112305e+00
4.380000000000000000e+03 3.028852343559265137e-01
4.382000000000000000e+03 2.360980272293090820e+00
4.384000000000000000e+03 2.582993030548095703e+00
4.386000000000000000e+03 2.749252796173095703e+00
4.388000000000000000e+03 -2.115253210067749023e+00
4.390000000000000000e+03 -2.553590059280395508e+00
4.392000000000000000e+03 2.713327646255493164e+00
4.394000000000000000e+03 2.140579223632812500e-01
4.396000000000000000e+03 6.633654832839965820e-01
4.398000000000000000e+03 2.294639497995376587e-01
4.400000000000000000e+03 6.622578483074903488e-03
4.402000000000000000e+03 -8.850671648979187012e-01
4.404000000000000000e+03 -2.348895788192749023e+00
4.406000000000000000e+03 -2.379445552825927734e+00
4.408000000000000000e+03 -5.992817878723144531e-02
4.410000000000000000e+03 -2.064732551574707031e+00
4.412000000000000000e+03 -6.551860570907592773e-01
4.414000000000000000e+03 -2.268188238143920898e+00
4.416000000000000000e+03 3.009193539619445801e-01
4.418000000000000000e+03 -7.437546849250793457e-01
4.420000000000000000e+03 -1.892546534538269043e+00
4.422000000000000000e+03 -1.921827435493469238e+00
4.424000000000000000e+03 2.473927736282348633e+00
4.426000000000000000e+03 8.584401011466979980e-01
4.428000000000000000e+03 -2.832394361495971680e+00
4.430000000000000000e+03 -2.666075944900512695e+00
4.432000000000000000e+03 -3.000642299652099609e+00
4.434000000000000000e+03 1.865919589996337891e+00
4.436000000000000000e+03 2.508843898773193359e+00
4.438000000000000000e+03 2.624598443508148193e-01
4.440000000000000000e+03 3.590191602706909180e-01
4.442000000000000000e+03 3.150694072246551514e-01
4.444000000000000000e+03 3.587710857391357422e-01
4.446000000000000000e+03 9.703563451766967773e-01
4.448000000000000000e+03 -6.604245305061340332e-01
4.450000000000000000e+03 -6.913360953330993652e-01
4.452000000000000000e+03 -5.848775506019592285e-01
4.454000000000000000e+03 1.130400419235229492e+00
4.456000000000000000e+03 -7.954990863800048828e-01
4.458000000000000000e+03 -3.068260252475738525e-01
4.460000000000000000e+03 -7.677201926708221436e-02
4.462000000000000000e+03 1.036279797554016113e+00
4.464000000000000000e+03 9.459099173545837402e-01
4.466000000000000000e+03 6.886132359504699707e-01
4.468000000000000000e+03 -6.656013429164886475e-03
4.470000000000000000e+03 -9.274247288703918457e-01
4.472000000000000000e+03 -1.012916445732116699e+00
4.474000000000000000e+03 -1.083553791046142578e+00
4.476000000000000000e+03 -2.016641616821289062e+00
4.478000000000000000e+03 -1.750059366226196289e+00
4.480000000000000000e+03 -5.429502129554748535e-01
4.482000000000000000e+03 -1.564128279685974121e+00
4.484000000000000000e+03 -1.537913918495178223e+00
4.486000000000000000e+03 -1.913820028305053711e+00
4.488000000000000000e+03 9.759134054183959961e-02
4.490000000000000000e+03 -4.512637555599212646e-01
4.492000000000000000e+03 -7.091890573501586914e-01
4.494000000000000000e+03 1.946437358856201172e+00
4.496000000000000000e+03 1.636394143104553223e+00
4.498000000000000000e+03 2.351542711257934570e+00
4.500000000000000000e+03 2.700922966003417969e+00
4.502000000000000000e+03 6.682890653610229492e-01
4.504000000000000000e+03 3.866490721702575684e-01
4.506000000000000000e+03 1.246949434280395508e+00
4.508000000000000000e+03 2.071464300155639648e+00
4.510000000000000000e+03 2.974838733673095703e+00
4.512000000000000000e+03 1.170317888259887695e+00
4.514000000000000000e+03 1.408068895339965820e+00
4.516000000000000000e+03 1.396895051002502441e+00
4.518000000000000000e+03 1.219764947891235352e+00
4.520000000000000000e+03 2.204655885696411133e+00
4.522000000000000000e+03 1.362115144729614258e+00
4.524000000000000000e+03 1.547178864479064941e+00
4.526000000000000000e+03 1.932694792747497559e+00
4.528000000000000000e+03 1.116211652755737305e+00
4.530000000000000000e+03 1.782681792974472046e-01
4.532000000000000000e+03 -1.891987472772598267e-01
4.534000000000000000e+03 3.366748392581939697e-01
4.536000000000000000e+03 -6.612884253263473511e-02
4.538000000000000000e+03 -2.539386749267578125e-01
4.540000000000000000e+03 -2.568268060684204102e+00
4.542000000000000000e+03 -3.078518629074096680e+00
4.544000000000000000e+03 3.071531295776367188e+00
4.546000000000000000e+03 3.020057201385498047e+00
4.548000000000000000e+03 5.349553227424621582e-01
4.550000000000000000e+03 2.146555185317993164e+00
4.552000000000000000e+03 2.717397928237915039e+00
4.554000000000000000e+03 -1.775964349508285522e-01
4.556000000000000000e+03 2.134112119674682617e+00
4.558000000000000000e+03 1.405646562576293945e+00
4.560000000000000000e+03 -8.029398322105407715e-01
4.562000000000000000e+03 -5.415678024291992188e-01
4.564000000000000000e+03 2.856728732585906982e-01
4.566000000000000000e+03 -1.785610795021057129e+00
4.568000000000000000e+03 -1.678900241851806641e+00
4.570000000000000000e+03 -2.704967975616455078e+00
4.572000000000000000e+03 2.755491971969604492e+00
4.574000000000000000e+03 -1.047518014907836914e+00
4.576000000000000000e+03 -6.581277251243591309e-01
4.578000000000000000e+03 8.264857344329357147e-03
4.580000000000000000e+03 -2.356194496154785156e+00
4.582000000000000000e+03 2.422764062881469727e+00
4.584000000000000000e+03 2.270689249038696289e+00
4.586000000000000000e+03 -2.433549463748931885e-01
4.588000000000000000e+03 -6.663464307785034180e-01
4.590000000000000000e+03 -2.792228758335113525e-01
4.592000000000000000e+03 1.094727039337158203e+00
4.594000000000000000e+03 1.329230546951293945e+00
4.596000000000000000e+03 -1.294094324111938477e-01
4.598000000000000000e+03 2.401713579893112183e-01
4.600000000000000000e+03 2.297424823045730591e-01
4.602000000000000000e+03 -2.495883405208587646e-01
4.604000000000000000e+03 -1.495309591293334961e+00
4.606000000000000000e+03 -1.080046892166137695e+00
4.608000000000000000e+03 -1.204740047454833984e+00
4.610000000000000000e+03 -2.301304340362548828e+00
4.612000000000000000e+03 -1.737078547477722168e+00
4.614000000000000000e+03 -2.374884366989135742e+00
4.616000000000000000e+03 -2.351454973220825195e+00
4.618000000000000000e+03 2.362905263900756836e+00
4.620000000000000000e+03 -3.446825221180915833e-02
4.622000000000000000e+03 2.652472972869873047e+00
4.624000000000000000e+03 2.996631383895874023e+00
4.626000000000000000e+03 2.228924036026000977e+00
4.628000000000000000e+03 -2.546833753585815430e+00
4.630000000000000000e+03 -2.544415712356567383e+00
4.632000000000000000e+03 -2.565217494964599609e+00
4.634000000000000000e+03 2.609959363937377930e+00
4.636000000000000000e+03 9.580795168876647949e-01
4.638000000000000000e+03 2.440739393234252930e+00
4.640000000000000000e+03 -8.111615777015686035e-01
4.642000000000000000e+03 -2.466852426528930664e+00
4.644000000000000000e+03 3.038511753082275391e+00
4.646000000000000000e+03 -2.523049831390380859e+00
4.648000000000000000e+03 -2.588631391525268555e+00
4.650000000000000000e+03 -1.740781426429748535e+00
4.652000000000000000e+03 -2.747894287109375000e+00
4.654000000000000000e+03 -1.820571184158325195e+00
4.656000000000000000e+03 -1.005459904670715332e+00
4.658000000000000000e+03 1.166826486587524414e+00
4.660000000000000000e+03 1.790180563926696777e+00
4.662000000000000000e+03 9.827929735183715820e-01
4.664000000000000000e+03 2.690522193908691406e+00
4.666000000000000000e+03 -2.014741182327270508e+00
4.668000000000000000e+03 3.032781124114990234e+00
4.670000000000000000e+03 1.196460843086242676e+00
4.672000000000000000e+03 -5.147852301597595215e-01
4.674000000000000000e+03 6.994051933288574219e-01
4.676000000000000000e+03 1.932000398635864258e+00
4.678000000000000000e+03 2.025515317916870117e+00
4.680000000000000000e+03 -1.635454416275024414e+00
4.682000000000000000e+03 2.886404275894165039e+00
4.684000000000000000e+03 6.767327785491943359e-01
4.686000000000000000e+03 -1.531539559364318848e-01
4.688000000000000000e+03 2.736714124679565430e+00
4.690000000000000000e+03 -1.517002463340759277e+00
4.692000000000000000e+03 -1.986608982086181641e+00
4.694000000000000000e+03 2.450256824493408203e+00
4.696000000000000000e+03 2.868983983993530273e+00
4.698000000000000000e+03 2.134662628173828125e+00
4.700000000000000000e+03 -9.600712060928344727e-01
4.702000000000000000e+03 1.807040572166442871e+00
4.704000000000000000e+03 -2.053309440612792969e+00
4.706000000000000000e+03 -2.615893125534057617e+00
4.708000000000000000e+03 2.899839639663696289e+00
4.710000000000000000e+03 -2.081747055053710938e+00
4.712000000000000000e+03 3.024483442306518555e+00
4.714000000000000000e+03 8.829146027565002441e-01
4.716000000000000000e+03 -4.337421655654907227e-01
4.718000000000000000e+03 4.501476138830184937e-02
4.720000000000000000e+03 7.853968143463134766e-01
4.722000000000000000e+03 -2.624559640884399414e+00
4.724000000000000000e+03 -1.239912986755371094e+00
4.726000000000000000e+03 -1.148545622825622559e+00
4.728000000000000000e+03 -4.182233512401580811e-01
4.730000000000000000e+03 -2.615113735198974609e+00
4.732000000000000000e+03 -2.022251367568969727e+00
4.734000000000000000e+03 2.986387968063354492e+00
4.736000000000000000e+03 -2.832187414169311523e+00
4.738000000000000000e+03 -3.112754821777343750e+00
4.740000000000000000e+03 -9.883084893226623535e-01
4.742000000000000000e+03 -1.455918550491333008e+00
4.744000000000000000e+03 -1.782837510108947754e+00
4.746000000000000000e+03 2.126290798187255859e+00
4.748000000000000000e+03 1.652246356010437012e+00
4.750000000000000000e+03 3.141592741012573242e+00
4.752000000000000000e+03 1.769625544548034668e+00
4.754000000000000000e+03 -1.443285465240478516e+00
4.756000000000000000e+03 -1.866235971450805664e+00
4.758000000000000000e+03 -2.936811923980712891e+00
4.760000000000000000e+03 3.094383955001831055e+00
4.762000000000000000e+03 2.328165054321289062e+00
4.764000000000000000e+03 1.147566318511962891e+00
4.766000000000000000e+03 3.468358516693115234e-01
4.768000000000000000e+03 2.005205601453781128e-01
4.770000000000000000e+03 1.130555987358093262e+00
4.772000000000000000e+03 3.344626426696777344e-01
4.774000000000000000e+03 2.081619501113891602e+00
4.776000000000000000e+03 1.923789858818054199e+00
4.778000000000000000e+03 -2.817744970321655273e+00
4.780000000000000000e+03 1.502409696578979492e+00
4.782000000000000000e+03 -7.144276499748229980e-01
4.784000000000000000e+03 1.492304444313049316e+00
4.786000000000000000e+03 1.819507598876953125e+00
4.788000000000000000e+03 2.235096931457519531e+00
4.790000000000000000e+03 -1.919571161270141602e+00
4.792000000000000000e+03 -2.417342901229858398e+00
4.794000000000000000e+03 -2.181522846221923828e+00
4.796000000000000000e+03 -2.381398677825927734e+00
4.798000000000000000e+03 -2.482503175735473633e+00
4.800000000000000000e+03 -4.750109910964965820e-01
4.802000000000000000e+03 -2.886752843856811523e+00
4.804000000000000000e+03 -2.422136545181274414e+00
4.806000000000000000e+03 -2.320064783096313477e+00
4.808000000000000000e+03 1.911182284355163574e+00
4.810000000000000000e+03 -8.685384392738342285e-01
4.812000000000000000e+03 1.425485253334045410e+00
4.814000000000000000e+03 2.969401597976684570e+00
4.816000000000000000e+03 2.209690213203430176e-01
4.818000000000000000e+03 -1.400172263383865356e-01
4.820000000000000000e+03 -9.847351312637329102e-01
4.822000000000000000e+03 1.462355703115463257e-01
4.824000000000000000e+03 -3.981668055057525635e-01
4.826000000000000000e+03 6.251676082611083984e-01
4.828000000000000000e+03 -2.208942413330078125e+00
4.830000000000000000e+03 1.387052536010742188e+00
4.832000000000000000e+03 -2.120285272598266602e+00
4.834000000000000000e+03 -1.997424602508544922e+00
4.836000000000000000e+03 -1.719687938690185547e+00
4.838000000000000000e+03 -1.712693452835083008e+00
4.840000000000000000e+03 -3.612024188041687012e-01
4.842000000000000000e+03 -1.940699815750122070e+00
4.844000000000000000e+03 -3.121047735214233398e+00
4.846000000000000000e+03 2.093585491180419922e+00
4.848000000000000000e+03 -7.686393260955810547e-01
4.850000000000000000e+03 1.783363819122314453e+00
4.852000000000000000e+03 -5.417196750640869141e-01
4.854000000000000000e+03 -1.544253230094909668e+00
4.856000000000000000e+03 1.128053784370422363e+00
4.858000000000000000e+03 8.093166947364807129e-01
4.860000000000000000e+03 1.417641878128051758e+00
4.862000000000000000e+03 1.705686926841735840e+00
4.864000000000000000e+03 1.126377582550048828e+00
4.866000000000000000e+03 -2.396713018417358398e+00
4.868000000000000000e+03 -1.602530956268310547e+00
4.870000000000000000e+03 2.608949899673461914e+00
4.872000000000000000e+03 2.575739145278930664e+00
4.874000000000000000e+03 -1.864475756883621216e-01
4.876000000000000000e+03 -4.288447797298431396e-01
4.878000000000000000e+03 7.007330656051635742e-02
4.880000000000000000e+03 1.121110692620277405e-01
4.882000000000000000e+03 1.607625931501388550e-01
4.884000000000000000e+03 1.676461815834045410e+00
4.886000000000000000e+03 2.304515600204467773e+00
4.888000000000000000e+03 2.954819202423095703e+00
4.890000000000000000e+03 2.859819412231445312e+00
4.892000000000000000e+03 -1.675309658050537109e+00
4.894000000000000000e+03 -9.218006134033203125e-01
4.896000000000000000e+03 1.219139814376831055e+00
4.898000000000000000e+03 1.002952933311462402e+00
4.900000000000000000e+03 8.296172022819519043e-01
4.902000000000000000e+03 7.415238022804260254e-01
4.904000000000000000e+03 2.648541688919067383e+00
4.906000000000000000e+03 2.732271909713745117e+00
4.908000000000000000e+03 5.585988163948059082e-01
4.910000000000000000e+03 1.590661764144897461e+00
4.912000000000000000e+03 8.597292304039001465e-01
4.914000000000000000e+03 4.398428797721862793e-01
4.916000000000000000e+03 -1.959584236145019531e+00
4.918000000000000000e+03 2.058392047882080078e+00
4.920000000000000000e+03 -2.819842100143432617e+00
4.922000000000000000e+03 1.453686714172363281e+00
4.924000000000000000e+03 1.629550695419311523e+00
4.926000000000000000e+03 2.224433660507202148e+00
4.928000000000000000e+03 1.019814133644104004e+00
4.930000000000000000e+03 1.829898357391357422e+00
4.932000000000000000e+03 1.141033172607421875e+00
4.934000000000000000e+03 5.645681023597717285e-01
4.936000000000000000e+03 -1.900914669036865234e+00
4.938000000000000000e+03 -1.703347682952880859e+00
4.940000000000000000e+03 8.870874643325805664e-01
4.942000000000000000e+03 1.092225193977355957e+00
4.944000000000000000e+03 -3.129689216613769531e+00
4.946000000000000000e+03 -2.632521629333496094e+00
4.948000000000000000e+03 1.814151287078857422e+00
4.950000000000000000e+03 -2.832393169403076172e+00
4.952000000000000000e+03 2.782822608947753906e+00
4.954000000000000000e+03 1.338054299354553223e+00
4.956000000000000000e+03 1.877994298934936523e+00
4.958000000000000000e+03 -4.455771744251251221e-01
4.960000000000000000e+03 -9.459099173545837402e-01
4.962000000000000000e+03 -3.469169139862060547e-01
4.964000000000000000e+03 4.724969863891601562e-01
4.966000000000000000e+03 2.706921815872192383e+00
4.968000000000000000e+03 5.984187126159667969e-01
4.970000000000000000e+03 1.443824648857116699e+00
4.972000000000000000e+03 -3.285526931285858154e-01
4.974000000000000000e+03 1.503331065177917480e+00
4.976000000000000000e+03 -3.954088985919952393e-01
4.978000000000000000e+03 -1.478496342897415161e-01
4.980000000000000000e+03 -1.190288901329040527e+00
4.982000000000000000e+03 1.894643545150756836e+00
4.984000000000000000e+03 -1.656676769256591797e+00
4.986000000000000000e+03 -1.144748449325561523e+00
4.988000000000000000e+03 -1.418968737125396729e-01
4.990000000000000000e+03 -2.773820459842681885e-01
4.992000000000000000e+03 9.994587302207946777e-01
4.994000000000000000e+03 -1.972376465797424316e+00
4.996000000000000000e+03 -1.405648469924926758e+00
4.998000000000000000e+03 -1.929570674896240234e+00
5.000000000000000000e+03 -2.853301048278808594e+00
5.002000000000000000e+03 -2.589009761810302734e+00
5.004000000000000000e+03 2.174318790435791016e+00
5.006000000000000000e+03 -2.604904413223266602e+00
5.008000000000000000e+03 -3.086092710494995117e+00
5.010000000000000000e+03 -2.699218750000000000e+00
5.012000000000000000e+03 -2.282260417938232422e+00
5.014000000000000000e+03 8.320924639701843262e-01
5.016000000000000000e+03 2.572743654251098633e+00
5.018000000000000000e+03 1.892543435096740723e+00
5.020000000000000000e+03 7.600242495536804199e-01
5.022000000000000000e+03 -5.417811274528503418e-01
5.024000000000000000e+03 -9.497786760330200195e-01
5.026000000000000000e+03 0.000000000000000000e+00
5.028000000000000000e+03 -2.301523208618164062e+00
5.030000000000000000e+03 -3.080025434494018555e+00
5.032000000000000000e+03 -4.284058809280395508e-01
5.034000000000000000e+03 3.141592741012573242e+00
5.036000000000000000e+03 1.184147596359252930e+00
5.038000000000000000e+03 2.083938837051391602e+00
5.040000000000000000e+03 2.401715070009231567e-01
5.042000000000000000e+03 5.727528929710388184e-01
5.044000000000000000e+03 -5.953234806656837463e-02
5.046000000000000000e+03 2.174998670816421509e-01
5.048000000000000000e+03 1.329043030738830566e+00
5.050000000000000000e+03 -1.853476762771606445e-01
5.052000000000000000e+03 4.444196522235870361e-01
5.054000000000000000e+03 6.248863339424133301e-01
5.056000000000000000e+03 7.952015399932861328e-01
5.058000000000000000e+03 -7.949212193489074707e-01
5.060000000000000000e+03 2.399230003356933594e+00
5.062000000000000000e+03 -1.368771076202392578e+00
5.064000000000000000e+03 3.105893373489379883e+00
5.066000000000000000e+03 2.139155387878417969e+00
5.068000000000000000e+03 2.446854114532470703e+00
5.070000000000000000e+03 2.964168071746826172e+00
5.072000000000000000e+03 -2.970857620239257812e+00
5.074000000000000000e+03 -6.819949746131896973e-01
5.076000000000000000e+03 -1.815776228904724121e+00
5.078000000000000000e+03 -2.815793514251708984e+00
5.080000000000000000e+03 -2.175395011901855469e+00
5.082000000000000000e+03 -1.712693452835083008e+00
5.084000000000000000e+03 -2.846541404724121094e+00
5.086000000000000000e+03 -2.976443767547607422e+00
5.088000000000000000e+03 -1.666251182556152344e+00
5.090000000000000000e+03 -3.063014745712280273e+00
5.092000000000000000e+03 8.212800025939941406e-01
5.094000000000000000e+03 -2.395389080047607422e+00
5.096000000000000000e+03 1.796607613563537598e+00
5.098000000000000000e+03 1.830528259277343750e+00
5.100000000000000000e+03 5.651491284370422363e-01
5.102000000000000000e+03 1.164143800735473633e+00
5.104000000000000000e+03 8.134279847145080566e-01
5.106000000000000000e+03 9.360802173614501953e-01
5.108000000000000000e+03 1.073827624320983887e+00
5.110000000000000000e+03 2.476488590240478516e+00
5.112000000000000000e+03 3.101613759994506836e+00
5.114000000000000000e+03 -2.581568002700805664e+00
5.116000000000000000e+03 -2.878195047378540039e+00
5.118000000000000000e+03 -2.082794189453125000e+00
5.120000000000000000e+03 2.494069337844848633e+00
5.122000000000000000e+03 -2.457883596420288086e+00
5.124000000000000000e+03 -2.012842178344726562e+00
5.126000000000000000e+03 -2.330559968948364258e+00
5.128000000000000000e+03 2.640923976898193359e+00
5.130000000000000000e+03 -4.209901690483093262e-01
5.132000000000000000e+03 5.262975692749023438e-01
5.134000000000000000e+03 1.438702583312988281e+00
5.136000000000000000e+03 2.590394973754882812e+00
5.138000000000000000e+03 2.390664339065551758e+00
5.140000000000000000e+03 -1.023802459239959717e-01
5.142000000000000000e+03 -1.869296550750732422e+00
5.144000000000000000e+03 -9.197201728820800781e-01
5.146000000000000000e+03 -2.394427061080932617e+00
5.148000000000000000e+03 2.842565536499023438e+00
5.150000000000000000e+03 2.788273334503173828e+00
5.152000000000000000e+03 -2.952393293380737305e+00
5.154000000000000000e+03 6.578890085220336914e-01
5.156000000000000000e+03 2.546182632446289062e+00
5.158000000000000000e+03 -3.082061052322387695e+00
5.160000000000000000e+03 -2.712093114852905273e+00
5.162000000000000000e+03 -2.316193103790283203e+00
5.164000000000000000e+03 -1.825979113578796387e+00
5.166000000000000000e+03 -2.037402629852294922e+00
5.168000000000000000e+03 1.322308659553527832e+00
5.170000000000000000e+03 1.212023019790649414e+00
5.172000000000000000e+03 2.244418859481811523e+00
5.174000000000000000e+03 2.303611040115356445e+00
5.176000000000000000e+03 2.164404630661010742e+00
5.178000000000000000e+03 2.503631353378295898e+00
5.180000000000000000e+03 1.865412712097167969e+00
5.182000000000000000e+03 2.808853387832641602e+00
5.184000000000000000e+03 2.949544668197631836e+00
5.186000000000000000e+03 -1.827100753784179688e+00
5.188000000000000000e+03 -2.005880117416381836e+00
5.190000000000000000e+03 -2.750983238220214844e+00
5.192000000000000000e+03 -7.216613888740539551e-01
5.194000000000000000e+03 -6.046980023384094238e-01
5.196000000000000000e+03 -1.219356536865234375e+00
5.198000000000000000e+03 -2.016097784042358398e+00
5.200000000000000000e+03 2.863292932510375977e+00
5.202000000000000000e+03 -4.847929775714874268e-01
5.204000000000000000e+03 -2.042573928833007812e+00
5.206000000000000000e+03 -2.849390029907226562e+00
5.208000000000000000e+03 2.210318803787231445e+00
5.210000000000000000e+03 1.673877954483032227e+00
5.212000000000000000e+03 -1.157465696334838867e+00
5.214000000000000000e+03 -1.923788428306579590e+00
5.216000000000000000e+03 -1.593262791633605957e+00
5.218000000000000000e+03 2.819899320602416992e+00
5.220000000000000000e+03 1.220940113067626953e+00
5.222000000000000000e+03 2.539392113685607910e-01
5.224000000000000000e+03 1.362838268280029297e+00
5.226000000000000000e+03 8.242135643959045410e-01
5.228000000000000000e+03 7.327098250389099121e-01
5.230000000000000000e+03 -1.357862472534179688e+00
5.232000000000000000e+03 2.661752462387084961e+00
5.234000000000000000e+03 -9.456875920295715332e-01
5.236000000000000000e+03 -3.120414316654205322e-01
5.238000000000000000e+03 -1.614724636077880859e+00
5.240000000000000000e+03 -2.193466901779174805e+00
5.242000000000000000e+03 -6.747411489486694336e-01
5.244000000000000000e+03 -1.619034886360168457e+00
5.246000000000000000e+03 2.456630229949951172e+00
5.248000000000000000e+03 5.880041718482971191e-01
5.250000000000000000e+03 2.135365724563598633e+00
5.252000000000000000e+03 -1.952560067176818848e+00
5.254000000000000000e+03 -2.385889053344726562e+00
5.256000000000000000e+03 -1.524675250053405762e+00
5.258000000000000000e+03 -1.461854696273803711e+00
5.260000000000000000e+03 2.016641378402709961e+00
5.262000000000000000e+03 2.410866022109985352e+00
5.264000000000000000e+03 -1.671129703521728516e+00
5.266000000000000000e+03 -5.509827136993408203e-01
5.268000000000000000e+03 2.486487388610839844e+00
5.270000000000000000e+03 -1.538021206855773926e+00
5.272000000000000000e+03 -1.562922716140747070e+00
5.274000000000000000e+03 -2.823143005371093750e+00
5.276000000000000000e+03 -2.397493362426757812e+00
5.278000000000000000e+03 -3.021369695663452148e+00
5.280000000000000000e+03 -2.194165945053100586e+00
5.282000000000000000e+03 -3.056086301803588867e+00
5.284000000000000000e+03 -2.880563259124755859e+00
5.286000000000000000e+03 1.957445144653320312e+00
5.288000000000000000e+03 2.267550706863403320e+00
5.290000000000000000e+03 2.189224720001220703e+00
5.292000000000000000e+03 1.895428895950317383e+00
5.294000000000000000e+03 8.876050114631652832e-01
5.296000000000000000e+03 1.185302734375000000e+00
5.298000000000000000e+03 -2.768946647644042969e+00
5.300000000000000000e+03 2.733961820602416992e+00
5.302000000000000000e+03 2.226044654846191406e+00
5.304000000000000000e+03 2.092630386352539062e+00
5.306000000000000000e+03 2.346570491790771484e+00
5.308000000000000000e+03 1.242676138877868652e+00
5.310000000000000000e+03 1.370614767074584961e+00
5.312000000000000000e+03 3.727038800716400146e-01
5.314000000000000000e+03 4.124111533164978027e-01
5.316000000000000000e+03 1.053308486938476562e+00
5.318000000000000000e+03 2.174152612686157227e+00
5.320000000000000000e+03 1.473878741264343262e+00
5.322000000000000000e+03 -2.982241630554199219e+00
5.324000000000000000e+03 -3.033905506134033203e+00
5.326000000000000000e+03 1.746387958526611328e+00
5.328000000000000000e+03 1.646919488906860352e+00
5.330000000000000000e+03 -7.547962069511413574e-01
5.332000000000000000e+03 -5.077824592590332031e-01
5.334000000000000000e+03 -3.094010829925537109e+00
5.336000000000000000e+03 1.718364000320434570e+00
5.338000000000000000e+03 -2.437098264694213867e+00
5.340000000000000000e+03 -1.718645691871643066e+00
5.342000000000000000e+03 6.295292973518371582e-01
5.344000000000000000e+03 -1.153378844261169434e+00
5.346000000000000000e+03 6.943827029317617416e-03
5.348000000000000000e+03 4.854506254196166992e-01
5.350000000000000000e+03 -1.056596875190734863e+00
5.352000000000000000e+03 1.488788366317749023e+00
5.354000000000000000e+03 9.907933473587036133e-01
5.356000000000000000e+03 1.696791768074035645e+00
5.358000000000000000e+03 1.007179141044616699e+00
5.360000000000000000e+03 -8.721362352371215820e-01
5.362000000000000000e+03 2.248182535171508789e+00
5.364000000000000000e+03 1.453284621238708496e+00
5.366000000000000000e+03 2.853302955627441406e+00
5.368000000000000000e+03 -2.402889251708984375e+00
5.370000000000000000e+03 -2.794351816177368164e+00
5.372000000000000000e+03 -2.674985885620117188e+00
5.374000000000000000e+03 -2.866027116775512695e+00
5.376000000000000000e+03 2.972995758056640625e+00
5.378000000000000000e+03 -6.365120410919189453e-01
5.380000000000000000e+03 -4.222511947154998779e-01
5.382000000000000000e+03 -2.277704238891601562e+00
5.384000000000000000e+03 1.812867999076843262e+00
5.386000000000000000e+03 1.487654924392700195e+00
5.388000000000000000e+03 -2.761084079742431641e+00
5.390000000000000000e+03 1.041206121444702148e+00
5.392000000000000000e+03 1.746735811233520508e+00
5.394000000000000000e+03 2.200238704681396484e+00
5.396000000000000000e+03 1.752963781356811523e+00
5.398000000000000000e+03 -1.879994750022888184e+00
5.400000000000000000e+03 -2.456527948379516602e+00
5.402000000000000000e+03 -1.067301869392395020e+00
5.404000000000000000e+03 1.929566740989685059e+00
5.406000000000000000e+03 -1.892547726631164551e+00
5.408000000000000000e+03 1.610510826110839844e+00
5.410000000000000000e+03 -1.281290292739868164e+00
5.412000000000000000e+03 3.645269572734832764e-01
5.414000000000000000e+03 -6.248860359191894531e-01
5.416000000000000000e+03 -2.569815874099731445e+00
5.418000000000000000e+03 -1.101196646690368652e+00
5.420000000000000000e+03 -2.070790052413940430e+00
5.422000000000000000e+03 -1.756549835205078125e+00
5.424000000000000000e+03 -8.950061202049255371e-01
5.426000000000000000e+03 -1.562175631523132324e+00
5.428000000000000000e+03 2.500809431076049805e+00
5.430000000000000000e+03 -2.910924673080444336e+00
5.432000000000000000e+03 -2.615528345108032227e+00
5.434000000000000000e+03 2.651635885238647461e+00
5.436000000000000000e+03 -1.541819691658020020e+00
5.438000000000000000e+03 -2.476304054260253906e+00
5.440000000000000000e+03 -2.698899984359741211e+00
5.442000000000000000e+03 -2.984282732009887695e+00
5.444000000000000000e+03 2.725386857986450195e+00
5.446000000000000000e+03 2.773243188858032227e+00
5.448000000000000000e+03 -1.338055133819580078e+00
5.450000000000000000e+03 -3.130482912063598633e+00
5.452000000000000000e+03 3.026989221572875977e+00
5.454000000000000000e+03 9.560111165046691895e-01
5.456000000000000000e+03 9.480233788490295410e-01
5.458000000000000000e+03 1.355226784944534302e-01
5.460000000000000000e+03 -2.972004413604736328e+00
5.462000000000000000e+03 -2.690522193908691406e+00
5.464000000000000000e+03 2.698148488998413086e+00
5.466000000000000000e+03 3.055782556533813477e+00
5.468000000000000000e+03 -1.583956241607666016e+00
5.470000000000000000e+03 -1.277360558509826660e+00
5.472000000000000000e+03 -1.116952180862426758e+00
5.474000000000000000e+03 -1.862253189086914062e+00
5.476000000000000000e+03 -2.138542652130126953e+00
5.478000000000000000e+03 -1.234120011329650879e+00
5.480000000000000000e+03 -2.022247791290283203e+00
5.482000000000000000e+03 -1.027844786643981934e+00
5.484000000000000000e+03 -2.572279453277587891e+00
5.486000000000000000e+03 -1.124951243400573730e+00
5.488000000000000000e+03 2.822323083877563477e+00
5.490000000000000000e+03 -1.678483605384826660e+00
5.492000000000000000e+03 -1.342399597167968750e+00
5.494000000000000000e+03 1.716425299644470215e+00
5.496000000000000000e+03 2.244467020034790039e+00
5.498000000000000000e+03 -4.366277158260345459e-01
5.500000000000000000e+03 1.626130491495132446e-01
5.502000000000000000e+03 2.067966938018798828e+00
5.504000000000000000e+03 2.195680856704711914e+00
5.506000000000000000e+03 1.738227725028991699e+00
5.508000000000000000e+03 1.012965917587280273e+00
5.510000000000000000e+03 2.286787986755371094e+00
5.512000000000000000e+03 -3.535433411598205566e-01
5.514000000000000000e+03 1.810539007186889648e+00
5.516000000000000000e+03 -6.251686811447143555e-01
5.518000000000000000e+03 1.142532944679260254e+00
5.520000000000000000e+03 8.463550209999084473e-01
5.522000000000000000e+03 2.966920375823974609e+00
5.524000000000000000e+03 -1.867340803146362305e+00
5.526000000000000000e+03 -1.262143731117248535e+00
5.528000000000000000e+03 -1.222673296928405762e+00
5.530000000000000000e+03 2.844666481018066406e+00
5.532000000000000000e+03 2.257174998521804810e-01
5.534000000000000000e+03 -2.223294734954833984e+00
5.536000000000000000e+03 -2.037400960922241211e+00
5.538000000000000000e+03 -2.230425357818603516e+00
5.540000000000000000e+03 1.067383214831352234e-01
5.542000000000000000e+03 2.481987327337265015e-01
5.544000000000000000e+03 2.520947754383087158e-01
5.546000000000000000e+03 2.434819459915161133e+00
5.548000000000000000e+03 -2.889722883701324463e-01
5.550000000000000000e+03 -3.073514699935913086e+00
5.552000000000000000e+03 -5.360395908355712891e-01
5.554000000000000000e+03 -7.736343145370483398e-02
5.556000000000000000e+03 1.430973649024963379e+00
5.558000000000000000e+03 -2.158802509307861328e+00
5.560000000000000000e+03 1.082461833953857422e+00
5.562000000000000000e+03 2.971607685089111328e+00
5.564000000000000000e+03 -2.652060985565185547e+00
5.566000000000000000e+03 -2.052193403244018555e+00
5.568000000000000000e+03 -2.761085987091064453e+00
5.570000000000000000e+03 1.597816228866577148e+00
5.572000000000000000e+03 1.954323530197143555e+00
5.574000000000000000e+03 2.872150391340255737e-02
5.576000000000000000e+03 1.594633758068084717e-01
5.578000000000000000e+03 -5.059124231338500977e-01
5.580000000000000000e+03 -2.478655576705932617e+00
5.582000000000000000e+03 -2.128275156021118164e+00
5.584000000000000000e+03 -1.874742746353149414e+00
5.586000000000000000e+03 -2.134545326232910156e+00
5.588000000000000000e+03 3.133047342300415039e+00
5.590000000000000000e+03 1.078317284584045410e+00
5.592000000000000000e+03 -2.164706289768218994e-01
5.594000000000000000e+03 1.196115493774414062e+00
5.596000000000000000e+03 3.004527330398559570e+00
5.598000000000000000e+03 -2.296858549118041992e+00
5.600000000000000000e+03 -2.147728681564331055e+00
5.602000000000000000e+03 -2.977933406829833984e+00
5.604000000000000000e+03 3.487640321254730225e-01
5.606000000000000000e+03 -2.856430038809776306e-02
5.608000000000000000e+03 2.210183143615722656e+00
5.610000000000000000e+03 -3.020242452621459961e+00
5.612000000000000000e+03 9.617642760276794434e-01
5.614000000000000000e+03 7.301784157752990723e-01
5.616000000000000000e+03 1.333948254585266113e+00
5.618000000000000000e+03 1.786677718162536621e+00
5.620000000000000000e+03 1.580055117607116699e+00
5.622000000000000000e+03 9.354249835014343262e-01
5.624000000000000000e+03 1.901093363761901855e+00
5.626000000000000000e+03 3.648099675774574280e-02
5.628000000000000000e+03 1.118322253227233887e+00
5.630000000000000000e+03 -2.027400970458984375e+00
5.632000000000000000e+03 -7.188312411308288574e-01
5.634000000000000000e+03 2.397266864776611328e+00
5.636000000000000000e+03 1.059137940406799316e+00
5.638000000000000000e+03 1.107148766517639160e+00
5.640000000000000000e+03 2.432965517044067383e+00
5.642000000000000000e+03 -1.355307549238204956e-01
5.644000000000000000e+03 1.557552456855773926e+00
5.646000000000000000e+03 8.621696233749389648e-01
5.648000000000000000e+03 5.786381363868713379e-01
5.650000000000000000e+03 -2.386097759008407593e-01
5.652000000000000000e+03 -2.654309272766113281e-01
5.654000000000000000e+03 -2.245537757873535156e+00
5.656000000000000000e+03 -1.938466548919677734e+00
5.658000000000000000e+03 1.746733784675598145e-01
5.660000000000000000e+03 1.643396377563476562e+00
5.662000000000000000e+03 -6.078030467033386230e-01
5.664000000000000000e+03 -8.358801603317260742e-01
5.666000000000000000e+03 -9.537891745567321777e-01
5.668000000000000000e+03 -1.161475419998168945e+00
5.670000000000000000e+03 -1.398038983345031738e+00
5.672000000000000000e+03 -1.218487262725830078e+00
5.674000000000000000e+03 -2.801988422870635986e-01
5.676000000000000000e+03 2.918943762779235840e-02
5.678000000000000000e+03 3.476391732692718506e-01
5.680000000000000000e+03 2.534603118896484375e+00
5.682000000000000000e+03 -2.466850996017456055e+00
5.684000000000000000e+03 -2.748833179473876953e+00
5.686000000000000000e+03 2.654350042343139648e+00
5.688000000000000000e+03 2.476819753646850586e+00
5.690000000000000000e+03 8.519660830497741699e-01
5.692000000000000000e+03 -2.022610425949096680e+00
5.694000000000000000e+03 6.758097093552350998e-03
5.696000000000000000e+03 4.091494083404541016e-01
5.698000000000000000e+03 1.434887409210205078e+00
5.700000000000000000e+03 2.971814393997192383e+00
5.702000000000000000e+03 -2.986387252807617188e+00
5.704000000000000000e+03 -9.229864478111267090e-01
5.706000000000000000e+03 -2.200112342834472656e+00
5.708000000000000000e+03 -3.045336961746215820e+00
5.710000000000000000e+03 2.531674146652221680e+00
5.712000000000000000e+03 2.750984907150268555e+00
5.714000000000000000e+03 1.732172250747680664e+00
5.716000000000000000e+03 1.277428150177001953e+00
5.718000000000000000e+03 -4.162055850028991699e-01
5.720000000000000000e+03 6.338595747947692871e-01
5.722000000000000000e+03 -3.065678179264068604e-01
5.724000000000000000e+03 1.671176791191101074e+00
5.726000000000000000e+03 7.853981852531433105e-01
5.728000000000000000e+03 -2.440737009048461914e+00
5.730000000000000000e+03 6.881427168846130371e-01
5.732000000000000000e+03 2.327075958251953125e+00
5.734000000000000000e+03 -2.931946992874145508e+00
5.736000000000000000e+03 -1.612807996571063995e-02
5.738000000000000000e+03 -1.846361041069030762e+00
5.740000000000000000e+03 -1.091524600982666016e+00
5.742000000000000000e+03 -1.521443128585815430e+00
5.744000000000000000e+03 2.399230957031250000e+00
5.746000000000000000e+03 2.991221427917480469e+00
5.748000000000000000e+03 -2.771419048309326172e+00
5.750000000000000000e+03 -1.514855027198791504e+00
5.752000000000000000e+03 -1.227315545082092285e+00
5.754000000000000000e+03 9.944217205047607422e-01
5.756000000000000000e+03 -2.025516033172607422e+00
5.758000000000000000e+03 -1.785614252090454102e+00
5.760000000000000000e+03 -2.132715702056884766e+00
5.762000000000000000e+03 -1.599146723747253418e-01
5.764000000000000000e+03 -3.030057907104492188e+00
5.766000000000000000e+03 2.705715179443359375e+00
5.768000000000000000e+03 2.167972087860107422e+00
5.770000000000000000e+03 3.121460676193237305e+00
5.772000000000000000e+03 -2.133162021636962891e+00
5.774000000000000000e+03 -1.604117393493652344e+00
5.776000000000000000e+03 -3.752712011337280273e-01
5.778000000000000000e+03 1.809040904045104980e+00
5.780000000000000000e+03 1.267911911010742188e+00
5.782000000000000000e+03 -2.976445436477661133e+00
5.784000000000000000e+03 -1.259249806404113770e+00
5.786000000000000000e+03 -8.855400681495666504e-01
5.788000000000000000e+03 -2.449257850646972656e+00
5.790000000000000000e+03 -1.969688057899475098e+00
5.792000000000000000e+03 1.353064775466918945e+00
5.794000000000000000e+03 -2.153580933809280396e-01
5.796000000000000000e+03 1.446442604064941406e+00
5.798000000000000000e+03 1.358229994773864746e+00
5.800000000000000000e+03 -1.025933146476745605e+00
5.802000000000000000e+03 -2.207303285598754883e+00
5.804000000000000000e+03 1.809406757354736328e+00
5.806000000000000000e+03 -1.820996522903442383e+00
5.808000000000000000e+03 -1.264228463172912598e+00
5.810000000000000000e+03 -1.006837368011474609e+00
5.812000000000000000e+03 -1.751889109611511230e+00
5.814000000000000000e+03 -2.199591159820556641e+00
5.816000000000000000e+03 -1.556408524513244629e+00
5.818000000000000000e+03 1.831096559762954712e-01
5.820000000000000000e+03 -9.790094196796417236e-02
5.822000000000000000e+03 -1.887853264808654785e+00
5.824000000000000000e+03 -8.062279820442199707e-01
5.826000000000000000e+03 -8.611804991960525513e-02
5.828000000000000000e+03 -6.857318878173828125e-01
5.830000000000000000e+03 -2.393911600112915039e+00
5.832000000000000000e+03 6.269742250442504883e-01
5.834000000000000000e+03 6.756628304719924927e-02
5.836000000000000000e+03 1.381597042083740234e+00
5.838000000000000000e+03 2.134993314743041992e+00
5.840000000000000000e+03 1.239912986755371094e+00
5.842000000000000000e+03 2.492596387863159180e+00
5.844000000000000000e+03 -7.692694067955017090e-01
5.846000000000000000e+03 -7.278707027435302734e-01
5.848000000000000000e+03 -1.630329847335815430e+00
5.850000000000000000e+03 -1.317431569099426270e+00
5.852000000000000000e+03 2.978018522262573242e+00
5.854000000000000000e+03 -2.462181329727172852e+00
5.856000000000000000e+03 -1.837051272392272949e+00
5.858000000000000000e+03 -2.037637948989868164e+00
5.860000000000000000e+03 -2.041199445724487305e+00
5.862000000000000000e+03 -4.726969003677368164e-01
5.864000000000000000e+03 9.219841957092285156e-01
5.866000000000000000e+03 1.279341220855712891e+00
5.868000000000000000e+03 2.337505340576171875e+00
5.870000000000000000e+03 2.757423400878906250e+00
5.872000000000000000e+03 -3.052176475524902344e+00
5.874000000000000000e+03 1.225573301315307617e+00
5.876000000000000000e+03 1.180969119071960449e+00
5.878000000000000000e+03 6.151851415634155273e-01
5.880000000000000000e+03 -1.046848893165588379e+00
5.882000000000000000e+03 -2.307213306427001953e+00
5.884000000000000000e+03 -2.665652036666870117e+00
5.886000000000000000e+03 -1.498459339141845703e+00
5.888000000000000000e+03 -2.102069616317749023e+00
5.890000000000000000e+03 9.163522720336914062e-01
5.892000000000000000e+03 7.559950947761535645e-01
5.894000000000000000e+03 -5.992825701832771301e-02
5.896000000000000000e+03 9.827937483787536621e-01
5.898000000000000000e+03 1.448953747749328613e+00
5.900000000000000000e+03 2.187093019485473633e+00
5.902000000000000000e+03 -2.917762517929077148e+00
5.904000000000000000e+03 -2.995002508163452148e+00
5.906000000000000000e+03 2.077894926071166992e+00
5.908000000000000000e+03 2.005231380462646484e+00
5.910000000000000000e+03 2.519912958145141602e+00
5.912000000000000000e+03 1.047299981117248535e+00
5.914000000000000000e+03 9.053904414176940918e-01
5.916000000000000000e+03 8.242138028144836426e-01
5.918000000000000000e+03 9.419984817504882812e-01
5.920000000000000000e+03 1.517410874366760254e+00
5.922000000000000000e+03 -2.553590059280395508e+00
5.924000000000000000e+03 2.685142755508422852e+00
5.926000000000000000e+03 2.574341297149658203e+00
5.928000000000000000e+03 2.345601558685302734e+00
5.930000000000000000e+03 1.945127010345458984e+00
5.932000000000000000e+03 1.779395341873168945e+00
5.934000000000000000e+03 -2.087026357650756836e+00
5.936000000000000000e+03 -1.612439751625061035e+00
5.938000000000000000e+03 -1.683361291885375977e+00
5.940000000000000000e+03 2.585262775421142578e+00
5.942000000000000000e+03 -1.271020174026489258e+00
5.944000000000000000e+03 2.125589132308959961e+00
5.946000000000000000e+03 9.412659406661987305e-01
5.948000000000000000e+03 8.665597438812255859e-01
5.950000000000000000e+03 2.848907411098480225e-01
5.952000000000000000e+03 8.794593214988708496e-01
5.954000000000000000e+03 2.386094927787780762e-01
5.956000000000000000e+03 1.665748834609985352e+00
5.958000000000000000e+03 1.165903329849243164e+00
5.960000000000000000e+03 -2.768621206283569336e+00
5.962000000000000000e+03 2.699231863021850586e+00
5.964000000000000000e+03 2.822050094604492188e+00
5.966000000000000000e+03 3.014285087585449219e+00
5.968000000000000000e+03 -2.809133052825927734e+00
5.970000000000000000e+03 2.516103267669677734e+00
5.972000000000000000e+03 -2.866492271423339844e+00
5.974000000000000000e+03 6.463020443916320801e-01
5.976000000000000000e+03 1.119343519210815430e+00
5.978000000000000000e+03 1.987001895904541016e+00
5.980000000000000000e+03 -1.757775783538818359e+00
5.982000000000000000e+03 -1.789465546607971191e+00
5.984000000000000000e+03 -2.097424030303955078e+00
5.986000000000000000e+03 -1.586299300193786621e+00
5.988000000000000000e+03 -8.336350917816162109e-01
5.990000000000000000e+03 2.124330699443817139e-01
5.992000000000000000e+03 -7.393930107355117798e-02
5.994000000000000000e+03 1.199882775545120239e-01
5.996000000000000000e+03 1.549960076808929443e-01
5.998000000000000000e+03 2.835715770721435547e+00
6.000000000000000000e+03 -4.669483304023742676e-01
6.002000000000000000e+03 -8.818709850311279297e-01
6.004000000000000000e+03 2.325901031494140625e+00
6.006000000000000000e+03 -2.757925271987915039e+00
6.008000000000000000e+03 2.458538532257080078e+00
6.010000000000000000e+03 -3.081665754318237305e+00
6.012000000000000000e+03 2.708651781082153320e+00
6.014000000000000000e+03 1.915798306465148926e+00
6.016000000000000000e+03 2.783658742904663086e+00
6.018000000000000000e+03 4.366265535354614258e-01
6.020000000000000000e+03 3.062870204448699951e-01
6.022000000000000000e+03 1.904995799064636230e+00
6.024000000000000000e+03 -2.725386857986450195e+00
6.026000000000000000e+03 -2.977611303329467773e+00
6.028000000000000000e+03 3.068876862525939941e-01
6.030000000000000000e+03 -1.342231314629316330e-02
6.032000000000000000e+03 2.326793193817138672e+00
6.034000000000000000e+03 -9.644125103950500488e-01
6.036000000000000000e+03 2.765439748764038086e+00
6.038000000000000000e+03 -2.551476240158081055e+00
6.040000000000000000e+03 -2.210318088531494141e+00
6.042000000000000000e+03 -2.529204845428466797e+00
6.044000000000000000e+03 -2.258064270019531250e+00
6.046000000000000000e+03 -2.171169281005859375e+00
6.048000000000000000e+03 2.708013296127319336e+00
6.050000000000000000e+03 -4.482632875442504883e-01
6.052000000000000000e+03 1.104055047035217285e+00
6.054000000000000000e+03 1.936544179916381836e+00
6.056000000000000000e+03 2.042411327362060547e+00
6.058000000000000000e+03 2.923792839050292969e+00
6.060000000000000000e+03 -1.564085483551025391e+00
6.062000000000000000e+03 -2.776393413543701172e+00
6.064000000000000000e+03 -2.674348592758178711e+00
6.066000000000000000e+03 3.015284776687622070e+00
6.068000000000000000e+03 1.509650588035583496e+00
6.070000000000000000e+03 2.166581392288208008e+00
6.072000000000000000e+03 -1.295696020126342773e+00
6.074000000000000000e+03 -2.248630046844482422e+00
6.076000000000000000e+03 1.975686907768249512e+00
6.078000000000000000e+03 3.018256664276123047e+00
6.080000000000000000e+03 2.617673635482788086e+00
6.082000000000000000e+03 -2.368242263793945312e+00
6.084000000000000000e+03 -2.935118436813354492e+00
6.086000000000000000e+03 1.489342331886291504e+00
6.088000000000000000e+03 4.915287792682647705e-01
6.090000000000000000e+03 5.919724106788635254e-01
6.092000000000000000e+03 1.015918493270874023e+00
6.094000000000000000e+03 -2.912598848342895508e+00
6.096000000000000000e+03 -3.122177124023437500e+00
6.098000000000000000e+03 -1.290846824645996094e+00
6.100000000000000000e+03 -2.647648334503173828e+00
6.102000000000000000e+03 2.162572622299194336e+00
6.104000000000000000e+03 2.201874256134033203e+00
6.106000000000000000e+03 -1.928362131118774414e+00
6.108000000000000000e+03 -1.754276394844055176e+00
6.110000000000000000e+03 -2.928224802017211914e+00
6.112000000000000000e+03 -4.748005270957946777e-01
6.114000000000000000e+03 9.692291021347045898e-01
6.116000000000000000e+03 9.242833852767944336e-01
6.118000000000000000e+03 0.000000000000000000e+00
6.120000000000000000e+03 1.785733342170715332e+00
6.122000000000000000e+03 1.550664305686950684e+00
6.124000000000000000e+03 2.773460149765014648e+00
6.126000000000000000e+03 1.352125406265258789e+00
6.128000000000000000e+03 -1.727398037910461426e+00
6.130000000000000000e+03 -1.403457045555114746e+00
6.132000000000000000e+03 -2.995322942733764648e-01
6.134000000000000000e+03 -7.864667773246765137e-01
6.136000000000000000e+03 -1.610451340675354004e+00
6.138000000000000000e+03 2.046490907669067383e+00
6.140000000000000000e+03 2.286997795104980469e+00
6.142000000000000000e+03 2.708011150360107422e+00
6.144000000000000000e+03 2.162235975265502930e+00
6.146000000000000000e+03 1.385043382644653320e+00
6.148000000000000000e+03 2.374826431274414062e+00
6.150000000000000000e+03 2.984924018383026123e-01
6.152000000000000000e+03 2.113546371459960938e+00
6.154000000000000000e+03 -2.677943229675292969e+00
6.156000000000000000e+03 1.776191115379333496e+00
6.158000000000000000e+03 -3.006368160247802734e+00
6.160000000000000000e+03 1.398605108261108398e+00
6.162000000000000000e+03 1.701362609863281250e+00
6.164000000000000000e+03 8.459287285804748535e-01
6.166000000000000000e+03 -1.611867427825927734e+00
6.168000000000000000e+03 -2.612561702728271484e+00
6.170000000000000000e+03 -2.896608352661132812e+00
6.172000000000000000e+03 -2.765632629394531250e+00
6.174000000000000000e+03 1.236059188842773438e+00
6.176000000000000000e+03 -2.699546337127685547e+00
6.178000000000000000e+03 -2.796076238155364990e-01
6.180000000000000000e+03 -2.887653589248657227e+00
6.182000000000000000e+03 -2.379885911941528320e+00
6.184000000000000000e+03 3.071707010269165039e+00
6.186000000000000000e+03 -1.784355521202087402e+00
6.188000000000000000e+03 -2.276365280151367188e+00
6.190000000000000000e+03 -4.914032667875289917e-02
6.192000000000000000e+03 -6.573907732963562012e-01
6.194000000000000000e+03 -8.100242614746093750e-01
6.196000000000000000e+03 -1.086003899574279785e+00
6.198000000000000000e+03 1.783999681472778320e+00
6.200000000000000000e+03 -2.826377391815185547e+00
6.202000000000000000e+03 3.779676556587219238e-01
6.204000000000000000e+03 -2.611577272415161133e+00
6.206000000000000000e+03 3.019975185394287109e+00
6.208000000000000000e+03 -1.274976730346679688e+00
6.210000000000000000e+03 -8.005502820014953613e-01
6.212000000000000000e+03 -5.623672008514404297e-01
6.214000000000000000e+03 -7.323076725006103516e-01
6.216000000000000000e+03 -1.175494074821472168e+00
6.218000000000000000e+03 -1.025696277618408203e+00
6.220000000000000000e+03 -1.996790289878845215e+00
6.222000000000000000e+03 1.655210256576538086e+00
6.224000000000000000e+03 1.998744368553161621e+00
6.226000000000000000e+03 -2.523448467254638672e+00
6.228000000000000000e+03 -1.747786045074462891e+00
6.230000000000000000e+03 -6.263749599456787109e-01
6.232000000000000000e+03 -1.584218025207519531e+00
6.234000000000000000e+03 9.420003890991210938e-01
6.236000000000000000e+03 -4.086864590644836426e-01
6.238000000000000000e+03 -6.635553836822509766e-01
6.240000000000000000e+03 -3.450029194355010986e-01
6.242000000000000000e+03 -8.845975995063781738e-01
6.244000000000000000e+03 2.254937410354614258e+00
6.246000000000000000e+03 2.290252685546875000e+00
6.248000000000000000e+03 2.352330982685089111e-01
6.250000000000000000e+03 -1.471883535385131836e+00
6.252000000000000000e+03 -1.837048172950744629e+00
6.254000000000000000e+03 -2.230644941329956055e+00
6.256000000000000000e+03 -2.133663415908813477e+00
6.258000000000000000e+03 -7.638168931007385254e-01
6.260000000000000000e+03 -1.734605312347412109e+00
6.262000000000000000e+03 -1.648761749267578125e+00
6.264000000000000000e+03 -1.132460355758666992e+00
6.266000000000000000e+03 -1.370804071426391602e+00
6.268000000000000000e+03 2.656142234802246094e+00
6.270000000000000000e+03 2.413825035095214844e+00
6.272000000000000000e+03 3.075024366378784180e+00
6.274000000000000000e+03 2.670426845550537109e+00
6.276000000000000000e+03 3.009040355682373047e+00
6.278000000000000000e+03 -2.070142984390258789e+00
6.280000000000000000e+03 -1.484472870826721191e+00
6.282000000000000000e+03 -5.713363885879516602e-01
6.284000000000000000e+03 1.518212199211120605e+00
6.286000000000000000e+03 -1.821238994598388672e+00
6.288000000000000000e+03 2.743487358093261719e+00
6.290000000000000000e+03 2.136976957321166992e+00
6.292000000000000000e+03 1.825164556503295898e+00
6.294000000000000000e+03 2.255090475082397461e+00
6.296000000000000000e+03 2.114124059677124023e+00
6.298000000000000000e+03 1.278697609901428223e+00
6.300000000000000000e+03 5.031416416168212891e-01
6.302000000000000000e+03 5.600252747535705566e-01
6.304000000000000000e+03 -1.531543880701065063e-01
6.306000000000000000e+03 2.701975218951702118e-02
6.308000000000000000e+03 9.994592070579528809e-01
6.310000000000000000e+03 1.430777072906494141e+00
6.312000000000000000e+03 1.689441800117492676e+00
6.314000000000000000e+03 2.262131214141845703e+00
6.316000000000000000e+03 -1.645923018455505371e+00
6.318000000000000000e+03 -1.803015589714050293e+00
6.320000000000000000e+03 -1.938466668128967285e+00
6.322000000000000000e+03 -2.010638475418090820e+00
6.324000000000000000e+03 -2.164769172668457031e+00
6.326000000000000000e+03 -1.358754158020019531e+00
6.328000000000000000e+03 -2.528384685516357422e+00
6.330000000000000000e+03 -1.289957761764526367e+00
6.332000000000000000e+03 1.619369029998779297e+00
6.334000000000000000e+03 -1.436199188232421875e+00
6.336000000000000000e+03 1.720919013023376465e+00
6.338000000000000000e+03 1.386013746261596680e+00
6.340000000000000000e+03 -2.164547204971313477e+00
6.342000000000000000e+03 -2.807650804519653320e+00
6.344000000000000000e+03 -2.577029943466186523e+00
6.346000000000000000e+03 1.308337211608886719e+00
6.348000000000000000e+03 -5.013653635978698730e-01
6.350000000000000000e+03 1.026515722274780273e+00
6.352000000000000000e+03 9.306326508522033691e-02
6.354000000000000000e+03 -2.393215656280517578e+00
6.356000000000000000e+03 -1.133720517158508301e+00
6.358000000000000000e+03 5.428467392921447754e-01
6.360000000000000000e+03 1.359703183174133301e+00
6.362000000000000000e+03 1.800258636474609375e+00
6.364000000000000000e+03 2.167706251144409180e+00
6.366000000000000000e+03 1.268986105918884277e+00
6.368000000000000000e+03 1.023511767387390137e+00
6.370000000000000000e+03 6.219224929809570312e-01
6.372000000000000000e+03 5.142006278038024902e-01
6.374000000000000000e+03 5.114210844039916992e-01
6.376000000000000000e+03 3.805063664913177490e-01
6.378000000000000000e+03 5.844417810440063477e-01
6.380000000000000000e+03 6.993051618337631226e-03
6.382000000000000000e+03 -1.303536772727966309e+00
6.384000000000000000e+03 -8.567102551460266113e-01
6.386000000000000000e+03 -8.607265353202819824e-01
6.388000000000000000e+03 -1.802764296531677246e+00
6.390000000000000000e+03 8.636692166328430176e-01
6.392000000000000000e+03 -1.435269951820373535e+00
6.394000000000000000e+03 -8.976030349731445312e-02
6.396000000000000000e+03 -1.324329711496829987e-02
6.398000000000000000e+03 -2.979393243789672852e+00
6.400000000000000000e+03 -2.875339508056640625e+00
6.402000000000000000e+03 1.094726085662841797e+00
6.404000000000000000e+03 2.301036119461059570e+00
6.406000000000000000e+03 1.588975667953491211e+00
6.408000000000000000e+03 -1.282065272331237793e+00
6.410000000000000000e+03 1.670465469360351562e+00
6.412000000000000000e+03 -3.217488825321197510e-01
6.414000000000000000e+03 -2.246635198593139648e+00
6.416000000000000000e+03 -1.331383585929870605e+00
6.418000000000000000e+03 -1.466653794050216675e-01
6.420000000000000000e+03 2.295237779617309570e+00
6.422000000000000000e+03 2.037639379501342773e+00
6.424000000000000000e+03 2.741688489913940430e+00
6.426000000000000000e+03 -6.701318174600601196e-02
6.428000000000000000e+03 2.151063978672027588e-01
6.430000000000000000e+03 9.122307896614074707e-01
6.432000000000000000e+03 -1.299316525459289551e+00
6.434000000000000000e+03 -5.109495520591735840e-01
6.436000000000000000e+03 2.368485480546951294e-01
6.438000000000000000e+03 -1.041765213012695312e+00
6.440000000000000000e+03 -1.590792894363403320e+00
6.442000000000000000e+03 -9.629957675933837891e-01
6.444000000000000000e+03 2.618315219879150391e+00
6.446000000000000000e+03 -2.426500797271728516e+00
6.448000000000000000e+03 -2.830313444137573242e+00
6.450000000000000000e+03 -1.208897948265075684e+00
6.452000000000000000e+03 1.097281336784362793e+00
6.454000000000000000e+03 -1.475682854652404785e-01
6.456000000000000000e+03 -1.271309703588485718e-01
6.458000000000000000e+03 -2.606021463871002197e-01
6.460000000000000000e+03 1.996418952941894531e+00
6.462000000000000000e+03 -1.393569707870483398e+00
6.464000000000000000e+03 2.237143516540527344e+00
6.466000000000000000e+03 2.627986192703247070e+00
6.468000000000000000e+03 7.536628246307373047e-01
6.470000000000000000e+03 8.621711730957031250e-01
6.472000000000000000e+03 2.451146125793457031e+00
6.474000000000000000e+03 2.287337541580200195e+00
6.476000000000000000e+03 5.790751576423645020e-01
6.478000000000000000e+03 1.651503443717956543e+00
6.480000000000000000e+03 -4.349017739295959473e-01
6.482000000000000000e+03 -7.951058745384216309e-01
6.484000000000000000e+03 2.974732816219329834e-01
6.486000000000000000e+03 -2.450255632400512695e+00
6.488000000000000000e+03 9.547439217567443848e-01
6.490000000000000000e+03 -1.544487714767456055e+00
6.492000000000000000e+03 -2.233011960983276367e+00
6.494000000000000000e+03 3.056890487670898438e+00
6.496000000000000000e+03 2.526568889617919922e+00
6.498000000000000000e+03 -1.823984265327453613e+00
6.500000000000000000e+03 -2.582993745803833008e+00
6.502000000000000000e+03 -1.948450684547424316e+00
6.504000000000000000e+03 -1.373400807380676270e+00
6.506000000000000000e+03 -2.001815319061279297e+00
6.508000000000000000e+03 -1.631590604782104492e+00
6.510000000000000000e+03 -1.130490899085998535e+00
6.512000000000000000e+03 -2.365203142166137695e+00
6.514000000000000000e+03 -3.112615346908569336e+00
6.516000000000000000e+03 -3.133656501770019531e+00
6.518000000000000000e+03 3.141592741012573242e+00
6.520000000000000000e+03 1.959955096244812012e+00
6.522000000000000000e+03 2.639769315719604492e+00
6.524000000000000000e+03 2.521343708038330078e+00
6.526000000000000000e+03 2.592567682266235352e+00
6.528000000000000000e+03 2.327631235122680664e+00
6.530000000000000000e+03 -6.656824797391891479e-02
6.532000000000000000e+03 1.524674177169799805e+00
6.534000000000000000e+03 -9.060226678848266602e-01
6.536000000000000000e+03 -1.510466814041137695e+00
6.538000000000000000e+03 6.814805865287780762e-01
6.540000000000000000e+03 9.167134761810302734e-01
6.542000000000000000e+03 9.067506194114685059e-01
6.544000000000000000e+03 -2.075465202331542969e+00
6.546000000000000000e+03 2.639686346054077148e+00
6.548000000000000000e+03 3.034565925598144531e+00
6.550000000000000000e+03 -1.543279767036437988e+00
6.552000000000000000e+03 1.065505981445312500e+00
6.554000000000000000e+03 8.169668316841125488e-01
6.556000000000000000e+03 -2.010637283325195312e+00
6.558000000000000000e+03 -4.209902286529541016e-01
6.560000000000000000e+03 -4.237911403179168701e-01
6.562000000000000000e+03 1.203823536634445190e-01
6.564000000000000000e+03 -2.600024938583374023e+00
6.566000000000000000e+03 -2.915320158004760742e+00
6.568000000000000000e+03 1.923787832260131836e+00
6.570000000000000000e+03 1.038394570350646973e+00
6.572000000000000000e+03 1.488911062479019165e-01
6.574000000000000000e+03 -1.420980691909790039e+00
6.576000000000000000e+03 1.359703302383422852e+00
6.578000000000000000e+03 -2.216493487358093262e-01
6.580000000000000000e+03 1.570796370506286621e+00
6.582000000000000000e+03 3.805083036422729492e-01
6.584000000000000000e+03 -2.119344711303710938e+00
6.586000000000000000e+03 -1.372065067291259766e+00
6.588000000000000000e+03 -2.634494066238403320e+00
6.590000000000000000e+03 -2.877103567123413086e+00
6.592000000000000000e+03 -1.076389670372009277e+00
6.594000000000000000e+03 2.961741447448730469e+00
6.596000000000000000e+03 -1.762298703193664551e+00
6.598000000000000000e+03 -2.332942247390747070e+00
6.600000000000000000e+03 -8.063732385635375977e-01
6.602000000000000000e+03 1.404464364051818848e+00
6.604000000000000000e+03 7.631780505180358887e-01
6.606000000000000000e+03 -1.973949223756790161e-01
6.608000000000000000e+03 5.235748291015625000e-01
6.610000000000000000e+03 8.905985355377197266e-01
6.612000000000000000e+03 1.597280859947204590e+00
6.614000000000000000e+03 3.065466880798339844e+00
6.616000000000000000e+03 -2.247113138437271118e-01
6.618000000000000000e+03 -1.859382987022399902e+00
6.620000000000000000e+03 -2.683932065963745117e+00
6.622000000000000000e+03 -2.939271211624145508e+00
6.624000000000000000e+03 -2.651246309280395508e+00
6.626000000000000000e+03 4.101244509220123291e-01
6.628000000000000000e+03 1.187619686126708984e+00
6.630000000000000000e+03 -2.541721239686012268e-02
6.632000000000000000e+03 -5.769298672676086426e-01
6.634000000000000000e+03 1.115692496299743652e+00
6.636000000000000000e+03 3.881438821554183960e-02
6.638000000000000000e+03 -1.051647305488586426e+00
6.640000000000000000e+03 -1.209354639053344727e+00
6.642000000000000000e+03 -2.904013097286224365e-01
6.644000000000000000e+03 9.179490804672241211e-01
6.646000000000000000e+03 6.945713162422180176e-01
6.648000000000000000e+03 -2.971814632415771484e+00
6.650000000000000000e+03 -1.554527431726455688e-01
6.652000000000000000e+03 7.419462800025939941e-01
6.654000000000000000e+03 9.090874195098876953e-01
6.656000000000000000e+03 -3.002852201461791992e+00
6.658000000000000000e+03 2.935848474502563477e+00
6.660000000000000000e+03 3.002497196197509766e+00
6.662000000000000000e+03 -2.750187873840332031e+00
6.664000000000000000e+03 -3.058449506759643555e+00
6.666000000000000000e+03 1.093451976776123047e+00
6.668000000000000000e+03 1.969860434532165527e+00
6.670000000000000000e+03 1.140103578567504883e+00
6.672000000000000000e+03 -1.845951795578002930e+00
6.674000000000000000e+03 -2.182303667068481445e+00
6.676000000000000000e+03 -2.228002786636352539e+00
6.678000000000000000e+03 -2.845586776733398438e+00
6.680000000000000000e+03 -2.559104919433593750e+00
6.682000000000000000e+03 -2.657816648483276367e+00
6.684000000000000000e+03 -1.154622077941894531e+00
6.686000000000000000e+03 -3.906066715717315674e-01
6.688000000000000000e+03 -2.251255661249160767e-01
6.690000000000000000e+03 -1.163303017616271973e+00
6.692000000000000000e+03 -3.053386688232421875e+00
6.694000000000000000e+03 2.639042615890502930e+00
6.696000000000000000e+03 1.266794919967651367e+00
6.698000000000000000e+03 1.761719465255737305e+00
6.700000000000000000e+03 2.570255279541015625e+00
6.702000000000000000e+03 2.575890541076660156e+00
6.704000000000000000e+03 2.233108043670654297e+00
6.706000000000000000e+03 -8.645974993705749512e-01
6.708000000000000000e+03 2.671616554260253906e+00
6.710000000000000000e+03 1.489673614501953125e+00
6.712000000000000000e+03 -2.968732595443725586e+00
6.714000000000000000e+03 2.602547883987426758e+00
6.716000000000000000e+03 -2.632290840148925781e+00
6.718000000000000000e+03 2.872677087783813477e+00
6.720000000000000000e+03 -1.264918327331542969e+00
6.722000000000000000e+03 -1.297786951065063477e+00
6.724000000000000000e+03 -9.440525770187377930e-01
6.726000000000000000e+03 -1.718158245086669922e+00
6.728000000000000000e+03 -1.234433531761169434e+00
6.730000000000000000e+03 -1.335250496864318848e+00
6.732000000000000000e+03 3.191394209861755371e-01
6.734000000000000000e+03 -7.904745936393737793e-01
6.736000000000000000e+03 -1.117636799812316895e+00
6.738000000000000000e+03 -2.502352476119995117e+00
6.740000000000000000e+03 8.253751993179321289e-01
6.742000000000000000e+03 1.592376232147216797e+00
6.744000000000000000e+03 1.669763565063476562e+00
6.746000000000000000e+03 1.009302377700805664e+00
6.748000000000000000e+03 -2.254111766815185547e+00
6.750000000000000000e+03 -1.258164525032043457e+00
6.752000000000000000e+03 -1.145819544792175293e+00
6.754000000000000000e+03 -2.284972965717315674e-01
6.756000000000000000e+03 2.226492404937744141e+00
6.758000000000000000e+03 1.750060081481933594e+00
6.760000000000000000e+03 3.075464010238647461e+00
6.762000000000000000e+03 2.057694911956787109e+00
6.764000000000000000e+03 8.102689981460571289e-01
6.766000000000000000e+03 4.971715211868286133e-01
6.768000000000000000e+03 8.358600139617919922e-01
6.770000000000000000e+03 8.169668316841125488e-01
6.772000000000000000e+03 1.029228329658508301e+00
6.774000000000000000e+03 8.124186992645263672e-01
6.776000000000000000e+03 1.492011427879333496e+00
6.778000000000000000e+03 -2.515147447586059570e+00
6.780000000000000000e+03 6.265274882316589355e-01
6.782000000000000000e+03 5.880033969879150391e-01
6.784000000000000000e+03 -1.183920860290527344e+00
6.786000000000000000e+03 2.559103488922119141e+00
6.788000000000000000e+03 -2.961744546890258789e+00
6.790000000000000000e+03 -3.004771471023559570e+00
6.792000000000000000e+03 -2.734098911285400391e+00
6.794000000000000000e+03 2.365539789199829102e+00
6.796000000000000000e+03 6.340222358703613281e-01
6.798000000000000000e+03 4.457926154136657715e-01
6.800000000000000000e+03 -1.062653213739395142e-01
6.802000000000000000e+03 1.746724098920822144e-01
6.804000000000000000e+03 -6.510769128799438477e-01
6.806000000000000000e+03 -8.441534638404846191e-01
6.808000000000000000e+03 -7.667092084884643555e-01
6.810000000000000000e+03 -6.022876501083374023e-01
6.812000000000000000e+03 -8.858351707458496094e-01
6.814000000000000000e+03 7.418829947710037231e-02
6.816000000000000000e+03 9.600710868835449219e-01
6.818000000000000000e+03 -2.267987579107284546e-01
6.820000000000000000e+03 -6.685613989830017090e-01
6.822000000000000000e+03 -1.145819067955017090e+00
6.824000000000000000e+03 -2.578653395175933838e-01
6.826000000000000000e+03 -1.570796370506286621e+00
6.828000000000000000e+03 -7.074312567710876465e-01
6.830000000000000000e+03 -1.971036791801452637e+00
6.832000000000000000e+03 -1.818250060081481934e+00
6.834000000000000000e+03 2.817700624465942383e+00
6.836000000000000000e+03 2.442593097686767578e+00
6.838000000000000000e+03 2.059801101684570312e+00
6.840000000000000000e+03 2.191045522689819336e+00
6.842000000000000000e+03 1.853124380111694336e+00
6.844000000000000000e+03 1.960112452507019043e+00
6.846000000000000000e+03 2.525972604751586914e+00
6.848000000000000000e+03 7.561339437961578369e-02
6.850000000000000000e+03 -5.123886466026306152e-01
6.852000000000000000e+03 -2.602616310119628906e+00
6.854000000000000000e+03 2.553591012954711914e+00
6.856000000000000000e+03 -2.995108366012573242e+00
6.858000000000000000e+03 -1.276900291442871094e+00
6.860000000000000000e+03 -2.357374668121337891e+00
6.862000000000000000e+03 2.372409105300903320e+00
6.864000000000000000e+03 2.662795066833496094e+00
6.866000000000000000e+03 1.297506809234619141e+00
6.868000000000000000e+03 1.732170581817626953e+00
6.870000000000000000e+03 1.439034581184387207e+00
6.872000000000000000e+03 3.507242351770401001e-02
6.874000000000000000e+03 8.519660234451293945e-01
6.876000000000000000e+03 1.799595832824707031e+00
6.878000000000000000e+03 2.823143005371093750e+00
6.880000000000000000e+03 2.633810281753540039e+00
6.882000000000000000e+03 -2.722589015960693359e+00
6.884000000000000000e+03 -2.243164777755737305e+00
6.886000000000000000e+03 1.627282500267028809e-01
6.888000000000000000e+03 -8.468590974807739258e-01
6.890000000000000000e+03 -4.636501669883728027e-01
6.892000000000000000e+03 1.273430824279785156e+00
6.894000000000000000e+03 -2.677945137023925781e+00
6.896000000000000000e+03 -9.259734153747558594e-01
6.898000000000000000e+03 3.049263000488281250e+00
6.900000000000000000e+03 2.626808881759643555e+00
6.902000000000000000e+03 1.961786866188049316e+00
6.904000000000000000e+03 1.564173698425292969e+00
6.906000000000000000e+03 -3.691296875476837158e-01
6.908000000000000000e+03 -1.371850728988647461e+00
6.910000000000000000e+03 -1.577789664268493652e+00
6.912000000000000000e+03 -1.299112558364868164e+00
6.914000000000000000e+03 -6.867102980613708496e-01
6.916000000000000000e+03 -1.011466383934020996e+00
6.918000000000000000e+03 1.370803356170654297e+00
6.920000000000000000e+03 2.870645999908447266e+00
6.922000000000000000e+03 -3.134500980377197266e+00
6.924000000000000000e+03 1.249046325683593750e+00
6.926000000000000000e+03 4.124104976654052734e-01
6.928000000000000000e+03 -6.991910934448242188e-01
6.930000000000000000e+03 -4.550997912883758545e-01
6.932000000000000000e+03 -3.741037845611572266e-01
6.934000000000000000e+03 -1.327440500259399414e+00
6.936000000000000000e+03 -1.230268836021423340e+00
6.938000000000000000e+03 2.042741775512695312e+00
6.940000000000000000e+03 2.144121170043945312e+00
6.942000000000000000e+03 2.561070442199707031e+00
6.944000000000000000e+03 1.587745904922485352e+00
6.946000000000000000e+03 4.330073595046997070e-01
6.948000000000000000e+03 2.512796878814697266e+00
6.950000000000000000e+03 -1.787057280540466309e+00
6.952000000000000000e+03 -3.101346254348754883e+00
6.954000000000000000e+03 -2.709680318832397461e+00
6.956000000000000000e+03 -2.009181976318359375e+00
6.958000000000000000e+03 -9.571557044982910156e-01
6.960000000000000000e+03 -2.366889238357543945e+00
6.962000000000000000e+03 -2.628449440002441406e+00
6.964000000000000000e+03 -7.410911917686462402e-01
6.966000000000000000e+03 2.366193532943725586e+00
6.968000000000000000e+03 2.663503885269165039e+00
6.970000000000000000e+03 -2.715544939041137695e+00
6.972000000000000000e+03 5.031411647796630859e-01
6.974000000000000000e+03 -1.272914648056030273e+00
6.976000000000000000e+03 -2.772896766662597656e+00
6.978000000000000000e+03 1.430778980255126953e+00
6.980000000000000000e+03 1.725576639175415039e+00
6.982000000000000000e+03 6.736700534820556641e-01
6.984000000000000000e+03 -2.129397690296173096e-01
6.986000000000000000e+03 3.135013580322265625e+00
6.988000000000000000e+03 2.030553579330444336e+00
6.990000000000000000e+03 -2.649498462677001953e+00
6.992000000000000000e+03 5.208138823509216309e-01
6.994000000000000000e+03 1.239699602127075195e+00
6.996000000000000000e+03 1.806999444961547852e-01
6.998000000000000000e+03 6.696378588676452637e-01
7.000000000000000000e+03 1.142706513404846191e+00
7.002000000000000000e+03 1.733723044395446777e+00
7.004000000000000000e+03 1.352847933769226074e+00
7.006000000000000000e+03 1.848020792007446289e+00
7.008000000000000000e+03 -2.158802509307861328e+00
7.010000000000000000e+03 1.161888360977172852e+00
7.012000000000000000e+03 2.184956312179565430e+00
7.014000000000000000e+03 2.973382949829101562e+00
7.016000000000000000e+03 3.030935287475585938e+00
7.018000000000000000e+03 -1.283220410346984863e+00
7.020000000000000000e+03 1.428897976875305176e+00
7.022000000000000000e+03 2.592103242874145508e+00
7.024000000000000000e+03 2.197940200567245483e-01
7.026000000000000000e+03 8.117097616195678711e-01
7.028000000000000000e+03 1.098675727844238281e+00
7.030000000000000000e+03 4.671185612678527832e-01
7.032000000000000000e+03 1.144168376922607422e+00
7.034000000000000000e+03 -1.448225498199462891e+00
7.036000000000000000e+03 -2.034445762634277344e+00
7.038000000000000000e+03 -2.506875753402709961e+00
7.040000000000000000e+03 -2.124811649322509766e+00
7.042000000000000000e+03 8.519688844680786133e-01
7.044000000000000000e+03 -1.289525985717773438e+00
7.046000000000000000e+03 -1.688361525535583496e+00
7.048000000000000000e+03 -1.298860192298889160e+00
7.050000000000000000e+03 -1.070253372192382812e+00
7.052000000000000000e+03 -1.417594552040100098e+00
7.054000000000000000e+03 -6.288899183273315430e-01
7.056000000000000000e+03 2.096494674682617188e+00
7.058000000000000000e+03 1.294368743896484375e+00
7.060000000000000000e+03 3.017234802246093750e+00
7.062000000000000000e+03 1.071451067924499512e+00
7.064000000000000000e+03 -7.807023525238037109e-01
7.066000000000000000e+03 -2.957971572875976562e+00
7.068000000000000000e+03 -2.700965881347656250e+00
7.070000000000000000e+03 1.647037506103515625e+00
7.072000000000000000e+03 -1.756143450736999512e+00
7.074000000000000000e+03 -1.076389074325561523e+00
7.076000000000000000e+03 -9.467737078666687012e-01
7.078000000000000000e+03 -7.638183236122131348e-01
7.080000000000000000e+03 -2.326787710189819336e+00
7.082000000000000000e+03 2.278430700302124023e+00
7.084000000000000000e+03 -1.512192934751510620e-01
7.086000000000000000e+03 -1.184147357940673828e+00
7.088000000000000000e+03 -1.091998934745788574e+00
7.090000000000000000e+03 -1.435905575752258301e+00
7.092000000000000000e+03 -2.439744472503662109e+00
7.094000000000000000e+03 -2.224878787994384766e+00
7.096000000000000000e+03 2.659928560256958008e+00
7.098000000000000000e+03 1.504668712615966797e+00
7.100000000000000000e+03 5.848793387413024902e-01
7.102000000000000000e+03 -5.677473545074462891e-01
7.104000000000000000e+03 -2.679667711257934570e+00
7.106000000000000000e+03 -1.807289361953735352e+00
7.108000000000000000e+03 -2.501006126403808594e+00
7.110000000000000000e+03 -2.742532014846801758e+00
7.112000000000000000e+03 2.918791532516479492e+00
7.114000000000000000e+03 -2.073639392852783203e+00
7.116000000000000000e+03 -2.309498786926269531e+00
7.118000000000000000e+03 2.737317323684692383e+00
7.120000000000000000e+03 2.891630828380584717e-01
7.122000000000000000e+03 5.150076001882553101e-02
7.124000000000000000e+03 -7.551890611648559570e-01
7.126000000000000000e+03 5.661155581474304199e-01
7.128000000000000000e+03 2.698487937450408936e-01
7.130000000000000000e+03 -3.446725383400917053e-02
7.132000000000000000e+03 5.460581183433532715e-01
7.134000000000000000e+03 -2.601170063018798828e+00
7.136000000000000000e+03 2.194819211959838867e+00
7.138000000000000000e+03 1.555412530899047852e+00
7.140000000000000000e+03 -4.274746179580688477e-01
7.142000000000000000e+03 1.501229107379913330e-01
7.144000000000000000e+03 -3.974973261356353760e-01
7.146000000000000000e+03 1.624687433242797852e+00
7.148000000000000000e+03 1.057658553123474121e+00
7.150000000000000000e+03 1.435268521308898926e+00
7.152000000000000000e+03 9.126685857772827148e-01
7.154000000000000000e+03 2.610284090042114258e-01
7.156000000000000000e+03 2.872820496559143066e-01
7.158000000000000000e+03 -2.782960534095764160e-01
7.160000000000000000e+03 -2.807365417480468750e+00
7.162000000000000000e+03 6.003615260124206543e-01
7.164000000000000000e+03 1.403837278485298157e-02
7.166000000000000000e+03 3.341258168220520020e-01
7.168000000000000000e+03 2.782993316650390625e-01
7.170000000000000000e+03 9.804761968553066254e-03
7.172000000000000000e+03 -4.599710702896118164e-01
7.174000000000000000e+03 -5.349545478820800781e-01
7.176000000000000000e+03 -8.925133943557739258e-01
7.178000000000000000e+03 5.606874227523803711e-01
7.180000000000000000e+03 1.497754096984863281e+00
7.182000000000000000e+03 -7.933996915817260742e-01
7.184000000000000000e+03 2.049906492233276367e+00
7.186000000000000000e+03 2.946572542190551758e+00
7.188000000000000000e+03 2.644923925399780273e+00
7.190000000000000000e+03 8.322414159774780273e-01
7.192000000000000000e+03 9.183020591735839844e-01
7.194000000000000000e+03 9.113111495971679688e-01
7.196000000000000000e+03 1.773455619812011719e+00
7.198000000000000000e+03 -2.914794445037841797e+00
7.200000000000000000e+03 1.177736997604370117e+00
7.202000000000000000e+03 1.469107747077941895e+00
7.204000000000000000e+03 -2.591518402099609375e+00
7.206000000000000000e+03 -2.659078836441040039e+00
7.208000000000000000e+03 -6.421554684638977051e-01
7.210000000000000000e+03 6.876717805862426758e-01
7.212000000000000000e+03 -1.192828536033630371e+00
7.214000000000000000e+03 9.910072684288024902e-01
7.216000000000000000e+03 1.036280035972595215e+00
7.218000000000000000e+03 1.175493478775024414e+00
7.220000000000000000e+03 3.310056775808334351e-02
7.222000000000000000e+03 3.657473027706146240e-01
7.224000000000000000e+03 -2.614779174327850342e-01
7.226000000000000000e+03 8.621704578399658203e-01
7.228000000000000000e+03 3.217501640319824219e-01
7.230000000000000000e+03 1.121036291122436523e+00
7.232000000000000000e+03 2.346761465072631836e+00
7.234000000000000000e+03 -2.286539316177368164e+00
7.236000000000000000e+03 3.134925842285156250e+00
7.238000000000000000e+03 2.668466329574584961e+00
7.240000000000000000e+03 -1.562794804573059082e+00
7.242000000000000000e+03 -2.346671104431152344e+00
7.244000000000000000e+03 -3.510311543941497803e-01
7.246000000000000000e+03 -1.522223711013793945e+00
7.248000000000000000e+03 6.622570101171731949e-03
7.250000000000000000e+03 -8.357151746749877930e-01
7.252000000000000000e+03 -1.940967202186584473e+00
7.254000000000000000e+03 -2.883585453033447266e+00
7.256000000000000000e+03 -2.423509359359741211e+00
7.258000000000000000e+03 -2.895013332366943359e+00
7.260000000000000000e+03 2.672895908355712891e+00
7.262000000000000000e+03 2.573748588562011719e+00
7.264000000000000000e+03 2.114767074584960938e+00
7.266000000000000000e+03 -2.701750516891479492e+00
7.268000000000000000e+03 -2.477544784545898438e+00
7.270000000000000000e+03 -3.767794966697692871e-01
7.272000000000000000e+03 3.556361198425292969e-01
7.274000000000000000e+03 1.359703540802001953e+00
7.276000000000000000e+03 5.713371038436889648e-01
7.278000000000000000e+03 6.393850445747375488e-01
7.280000000000000000e+03 1.343452811241149902e+00
7.282000000000000000e+03 1.208495736122131348e+00
7.284000000000000000e+03 -1.263752341270446777e+00
7.286000000000000000e+03 1.862253427505493164e+00
7.288000000000000000e+03 1.755653023719787598e+00
7.290000000000000000e+03 2.233658313751220703e+00
7.292000000000000000e+03 1.972209811210632324e+00
7.294000000000000000e+03 2.385311365127563477e+00
7.296000000000000000e+03 1.951301932334899902e+00
7.298000000000000000e+03 -1.251959443092346191e+00
7.300000000000000000e+03 -1.856124758720397949e+00
7.302000000000000000e+03 -1.666393995285034180e+00
7.304000000000000000e+03 -9.660974740982055664e-01
7.306000000000000000e+03 -2.056665420532226562e+00
7.308000000000000000e+03 -2.524584770202636719e+00
7.310000000000000000e+03 2.377929687500000000e+00
7.312000000000000000e+03 -9.685089588165283203e-01
7.314000000000000000e+03 -1.657824993133544922e+00
7.316000000000000000e+03 3.134551048278808594e+00
7.318000000000000000e+03 -1.351171545684337616e-02
7.320000000000000000e+03 1.050781607627868652e+00
7.322000000000000000e+03 2.323527574539184570e+00
7.324000000000000000e+03 1.450808048248291016e+00
7.326000000000000000e+03 2.327899456024169922e+00
7.328000000000000000e+03 -1.492576748132705688e-01
7.330000000000000000e+03 -1.076390266418457031e+00
7.332000000000000000e+03 -8.372982740402221680e-01
7.334000000000000000e+03 6.794150471687316895e-01
7.336000000000000000e+03 -2.669744491577148438e-01
7.338000000000000000e+03 -1.238057732582092285e+00
7.340000000000000000e+03 1.631532430648803711e+00
7.342000000000000000e+03 1.527964472770690918e+00
7.344000000000000000e+03 -6.407842040061950684e-01
7.346000000000000000e+03 -2.319941043853759766e+00
7.348000000000000000e+03 3.058453321456909180e+00
7.350000000000000000e+03 -6.792212277650833130e-02
7.352000000000000000e+03 8.044441342353820801e-01
7.354000000000000000e+03 1.393371343612670898e+00
7.356000000000000000e+03 1.152572512626647949e+00
7.358000000000000000e+03 1.029181241989135742e+00
7.360000000000000000e+03 1.889543771743774414e+00
7.362000000000000000e+03 4.875956773757934570e-01
7.364000000000000000e+03 1.091534271836280823e-01
7.366000000000000000e+03 -1.745468258857727051e+00
7.368000000000000000e+03 -2.191815137863159180e+00
7.370000000000000000e+03 -2.836369991302490234e+00
7.372000000000000000e+03 -4.755167663097381592e-01
7.374000000000000000e+03 6.302560567855834961e-01
7.376000000000000000e+03 -4.339507520198822021e-01
7.378000000000000000e+03 -2.677943468093872070e+00
7.380000000000000000e+03 -2.346760511398315430e+00
7.382000000000000000e+03 -1.906632781028747559e+00
7.384000000000000000e+03 -4.695994853973388672e-01
7.386000000000000000e+03 -1.173918724060058594e+00
7.388000000000000000e+03 1.715237736701965332e+00
7.390000000000000000e+03 2.402800559997558594e+00
7.392000000000000000e+03 -2.659512519836425781e+00
7.394000000000000000e+03 -1.706046462059020996e+00
7.396000000000000000e+03 -2.289900779724121094e+00
7.398000000000000000e+03 3.047908306121826172e+00
7.400000000000000000e+03 2.406155109405517578e+00
7.402000000000000000e+03 1.039455413818359375e+00
7.404000000000000000e+03 9.522541761398315430e-01
7.406000000000000000e+03 6.561239957809448242e-01
7.408000000000000000e+03 -1.351313948631286621e+00
7.410000000000000000e+03 -1.174713611602783203e+00
7.412000000000000000e+03 4.468429088592529297e-01
7.414000000000000000e+03 -5.622848868370056152e-01
7.416000000000000000e+03 8.426617383956909180e-01
7.418000000000000000e+03 7.853981852531433105e-01
7.420000000000000000e+03 2.606904506683349609e+00
7.422000000000000000e+03 2.897811494767665863e-02
7.424000000000000000e+03 -2.614306926727294922e+00
7.426000000000000000e+03 -1.258305907249450684e+00
7.428000000000000000e+03 -2.616135597229003906e+00
7.430000000000000000e+03 2.915780782699584961e+00
7.432000000000000000e+03 1.619143843650817871e+00
7.434000000000000000e+03 -1.823761343955993652e+00
7.436000000000000000e+03 -2.075963020324707031e+00
7.438000000000000000e+03 2.999678373336791992e+00
7.440000000000000000e+03 4.350865781307220459e-01
7.442000000000000000e+03 -4.776656925678253174e-01
7.444000000000000000e+03 5.600246191024780273e-01
7.446000000000000000e+03 4.939420521259307861e-01
7.448000000000000000e+03 7.853998541831970215e-01
7.450000000000000000e+03 1.990136981010437012e+00
7.452000000000000000e+03 -1.400064229965209961e+00
7.454000000000000000e+03 -2.866166353225708008e+00
7.456000000000000000e+03 -4.027903079986572266e-01
7.458000000000000000e+03 -1.095100879669189453e+00
7.460000000000000000e+03 -1.047517299652099609e+00
7.462000000000000000e+03 2.239040136337280273e-01
7.464000000000000000e+03 -2.472335577011108398e+00
7.466000000000000000e+03 -1.704227447509765625e+00
7.468000000000000000e+03 -1.943784832954406738e+00
7.470000000000000000e+03 -2.412472963333129883e+00
7.472000000000000000e+03 8.023477196693420410e-01
7.474000000000000000e+03 2.197955131530761719e+00
7.476000000000000000e+03 3.022164583206176758e+00
7.478000000000000000e+03 2.873976469039916992e+00
7.480000000000000000e+03 -2.331815719604492188e+00
7.482000000000000000e+03 -1.958180069923400879e+00
7.484000000000000000e+03 -2.683844804763793945e+00
7.486000000000000000e+03 -1.677059888839721680e+00
7.488000000000000000e+03 -1.223962545394897461e+00
7.490000000000000000e+03 -1.570796370506286621e+00
7.492000000000000000e+03 2.259342908859252930e+00
7.494000000000000000e+03 1.120136499404907227e+00
7.496000000000000000e+03 3.930920660495758057e-01
7.498000000000000000e+03 1.261390209197998047e+00
7.500000000000000000e+03 0.000000000000000000e+00
7.502000000000000000e+03 -5.078362226486206055e-01
7.504000000000000000e+03 -2.456448793411254883e+00
7.506000000000000000e+03 -1.039407253265380859e+00
7.508000000000000000e+03 -2.911371946334838867e+00
7.510000000000000000e+03 -3.729853630065917969e-01
7.512000000000000000e+03 1.563495635986328125e+00
7.514000000000000000e+03 1.837048649787902832e+00
7.516000000000000000e+03 2.127126455307006836e+00
7.518000000000000000e+03 1.557191371917724609e+00
7.520000000000000000e+03 1.637861251831054688e+00
7.522000000000000000e+03 -3.022751331329345703e+00
7.524000000000000000e+03 1.017954945564270020e+00
7.526000000000000000e+03 1.685160040855407715e+00
7.528000000000000000e+03 1.010673999786376953e+00
7.530000000000000000e+03 2.112987995147705078e+00
7.532000000000000000e+03 2.568022727966308594e+00
7.534000000000000000e+03 2.725011348724365234e+00
7.536000000000000000e+03 -1.550996541976928711e+00
7.538000000000000000e+03 -2.369179725646972656e+00
7.540000000000000000e+03 -2.312197446823120117e+00
7.542000000000000000e+03 -1.706322669982910156e+00
7.544000000000000000e+03 -1.778636097908020020e+00
7.546000000000000000e+03 -1.014031887054443359e+00
7.548000000000000000e+03 1.737033128738403320e+00
7.550000000000000000e+03 -2.917818069458007812e+00
7.552000000000000000e+03 -1.293996214866638184e+00
7.554000000000000000e+03 1.740574479103088379e+00
7.556000000000000000e+03 1.730498313903808594e+00
7.558000000000000000e+03 4.048917293548583984e-01
7.560000000000000000e+03 1.687151670455932617e+00
7.562000000000000000e+03 7.229794263839721680e-01
7.564000000000000000e+03 1.051649451255798340e+00
7.566000000000000000e+03 -1.989938259124755859e+00
7.568000000000000000e+03 1.130045294761657715e+00
7.570000000000000000e+03 3.179480135440826416e-01
7.572000000000000000e+03 1.411571741104125977e+00
7.574000000000000000e+03 1.117032408714294434e+00
7.576000000000000000e+03 3.068901300430297852e-01
7.578000000000000000e+03 6.114700064063072205e-02
7.580000000000000000e+03 -5.494886636734008789e-01
7.582000000000000000e+03 -2.175496101379394531e+00
7.584000000000000000e+03 -1.083201169967651367e+00
7.586000000000000000e+03 -1.423228263854980469e+00
7.588000000000000000e+03 3.002497196197509766e+00
7.590000000000000000e+03 2.514284372329711914e+00
7.592000000000000000e+03 -2.801208734512329102e+00
7.594000000000000000e+03 2.228685617446899414e+00
7.596000000000000000e+03 2.445950984954833984e+00
7.598000000000000000e+03 -2.750985860824584961e+00
7.600000000000000000e+03 -2.832392930984497070e+00
7.602000000000000000e+03 -1.137340307235717773e+00
7.604000000000000000e+03 -2.403033256530761719e+00
7.606000000000000000e+03 -2.957493782043457031e+00
7.608000000000000000e+03 2.080768108367919922e+00
7.610000000000000000e+03 4.402405917644500732e-01
7.612000000000000000e+03 -1.265932470560073853e-01
7.614000000000000000e+03 -9.960982799530029297e-01
7.616000000000000000e+03 -2.077892303466796875e+00
7.618000000000000000e+03 -2.757143974304199219e+00
7.620000000000000000e+03 -2.601175069808959961e+00
7.622000000000000000e+03 -2.808348178863525391e+00
7.624000000000000000e+03 -2.444851398468017578e+00
7.626000000000000000e+03 -2.283696413040161133e+00
7.628000000000000000e+03 2.463473796844482422e+00
7.630000000000000000e+03 2.901421070098876953e+00
7.632000000000000000e+03 1.996246933937072754e+00
7.634000000000000000e+03 1.771592617034912109e+00
7.636000000000000000e+03 -2.752967119216918945e+00
7.638000000000000000e+03 -2.950165987014770508e+00
7.640000000000000000e+03 2.988438367843627930e+00
7.642000000000000000e+03 2.577394962310791016e+00
7.644000000000000000e+03 7.355105876922607422e-02
7.646000000000000000e+03 -3.335152268409729004e-01
7.648000000000000000e+03 2.250817298889160156e+00
7.650000000000000000e+03 2.721108198165893555e+00
7.652000000000000000e+03 2.412135839462280273e+00
7.654000000000000000e+03 1.815774559974670410e+00
7.656000000000000000e+03 2.394849538803100586e+00
7.658000000000000000e+03 2.256995677947998047e+00
7.660000000000000000e+03 1.962495446205139160e+00
7.662000000000000000e+03 5.549987405538558960e-02
7.664000000000000000e+03 -5.549825355410575867e-02
7.666000000000000000e+03 1.153898239135742188e+00
7.668000000000000000e+03 -2.205351829528808594e+00
7.670000000000000000e+03 -2.809259653091430664e+00
7.672000000000000000e+03 -2.911687135696411133e+00
7.674000000000000000e+03 2.088688850402832031e+00
7.676000000000000000e+03 1.061729550361633301e+00
7.678000000000000000e+03 1.507387876510620117e+00
7.680000000000000000e+03 6.986598968505859375e-01
7.682000000000000000e+03 6.674646139144897461e-01
7.684000000000000000e+03 -4.783513545989990234e-01
7.686000000000000000e+03 -1.148763820528984070e-01
7.688000000000000000e+03 6.582679152488708496e-01
7.690000000000000000e+03 -1.973450303077697754e+00
7.692000000000000000e+03 2.880114078521728516e+00
7.694000000000000000e+03 1.049110054969787598e+00
7.696000000000000000e+03 -2.030431628227233887e-01
7.698000000000000000e+03 -1.836227774620056152e-01
7.700000000000000000e+03 1.533079266548156738e+00
7.702000000000000000e+03 2.555437564849853516e+00
7.704000000000000000e+03 1.507500648498535156e+00
7.706000000000000000e+03 2.356195688247680664e+00
7.708000000000000000e+03 2.523836612701416016e+00
7.710000000000000000e+03 -1.620754480361938477e+00
7.712000000000000000e+03 2.531931638717651367e+00
7.714000000000000000e+03 1.313474416732788086e+00
7.716000000000000000e+03 3.117206573486328125e+00
7.718000000000000000e+03 -2.826105117797851562e+00
7.720000000000000000e+03 2.538965940475463867e+00
7.722000000000000000e+03 2.383964538574218750e+00
7.724000000000000000e+03 1.738692879676818848e+00
7.726000000000000000e+03 1.173025608062744141e+00
7.728000000000000000e+03 7.672162055969238281e-01
7.730000000000000000e+03 1.144945502281188965e+00
7.732000000000000000e+03 -2.017203807830810547e+00
7.734000000000000000e+03 -1.212024092674255371e+00
7.736000000000000000e+03 -1.629551887512207031e+00
7.738000000000000000e+03 1.044730782508850098e+00
7.740000000000000000e+03 6.588048934936523438e-01
7.742000000000000000e+03 -1.199905037879943848e+00
7.744000000000000000e+03 -1.308336734771728516e+00
7.746000000000000000e+03 -1.038396239280700684e+00
7.748000000000000000e+03 -8.419415354728698730e-01
7.750000000000000000e+03 -1.612730741500854492e+00
7.752000000000000000e+03 -7.951063513755798340e-01
7.754000000000000000e+03 -2.023214250802993774e-01
7.756000000000000000e+03 -1.812362313270568848e+00
7.758000000000000000e+03 8.424788713455200195e-01
7.760000000000000000e+03 8.253738284111022949e-01
7.762000000000000000e+03 -1.490432262420654297e+00
7.764000000000000000e+03 -1.170317649841308594e+00
7.766000000000000000e+03 -2.750063180923461914e+00
7.768000000000000000e+03 -1.791044473648071289e+00
7.770000000000000000e+03 -4.305275678634643555e-01
7.772000000000000000e+03 -1.221451759338378906e+00
7.774000000000000000e+03 8.441500663757324219e-01
7.776000000000000000e+03 -2.044646978378295898e+00
7.778000000000000000e+03 -1.202230080962181091e-01
7.780000000000000000e+03 -7.610129117965698242e-01
7.782000000000000000e+03 -7.179325819015502930e-01
7.784000000000000000e+03 8.519653081893920898e-01
7.786000000000000000e+03 8.971747756004333496e-01
7.788000000000000000e+03 8.117081522941589355e-01
7.790000000000000000e+03 3.115282297134399414e+00
7.792000000000000000e+03 8.663021326065063477e-01
7.794000000000000000e+03 2.008426666259765625e+00
7.796000000000000000e+03 -1.852317810058593750e+00
7.798000000000000000e+03 -1.126456737518310547e+00
7.800000000000000000e+03 -3.292314112186431885e-01
7.802000000000000000e+03 -1.123276114463806152e+00
7.804000000000000000e+03 -8.415191173553466797e-01
7.806000000000000000e+03 -5.861541628837585449e-01
7.808000000000000000e+03 -1.320931315422058105e-01
7.810000000000000000e+03 -1.115881443023681641e+00
7.812000000000000000e+03 3.832847476005554199e-01
7.814000000000000000e+03 -7.631797790527343750e-01
7.816000000000000000e+03 -3.245522677898406982e-01
7.818000000000000000e+03 4.995812475681304932e-02
7.820000000000000000e+03 5.825529098510742188e-01
7.822000000000000000e+03 -1.096396207809448242e+00
7.824000000000000000e+03 -3.288771510124206543e-01
7.826000000000000000e+03 -4.492598176002502441e-01
7.828000000000000000e+03 -2.899763882160186768e-01
7.830000000000000000e+03 -2.022610425949096680e+00
7.832000000000000000e+03 -6.716063022613525391e-01
7.834000000000000000e+03 -1.008666038513183594e+00
7.836000000000000000e+03 -8.650419712066650391e-01
7.838000000000000000e+03 6.701245903968811035e-01
7.840000000000000000e+03 -2.102519750595092773e+00
7.842000000000000000e+03 -5.743066072463989258e-01
7.844000000000000000e+03 1.478856921195983887e+00
7.846000000000000000e+03 2.656289339065551758e-01
7.848000000000000000e+03 3.332445621490478516e-01
7.850000000000000000e+03 -6.581283211708068848e-01
7.852000000000000000e+03 -1.152572393417358398e+00
7.854000000000000000e+03 -1.245988249778747559e+00
7.856000000000000000e+03 -1.232240676879882812e+00
7.858000000000000000e+03 -6.726707220077514648e-01
7.860000000000000000e+03 -1.590661764144897461e+00
7.862000000000000000e+03 -1.129367828369140625e+00
7.864000000000000000e+03 -1.262437343597412109e+00
7.866000000000000000e+03 2.762433528900146484e+00
7.868000000000000000e+03 2.088189601898193359e+00
7.870000000000000000e+03 -2.393214464187622070e+00
7.872000000000000000e+03 -2.652060985565185547e+00
7.874000000000000000e+03 -2.137525081634521484e+00
7.876000000000000000e+03 -1.168608665466308594e+00
7.878000000000000000e+03 -1.182895541191101074e+00
7.880000000000000000e+03 -1.850994825363159180e+00
7.882000000000000000e+03 -6.170082688331604004e-01
7.884000000000000000e+03 -4.430022537708282471e-01
7.886000000000000000e+03 -3.037799358367919922e+00
7.888000000000000000e+03 8.572743088006973267e-02
7.890000000000000000e+03 2.217098236083984375e+00
7.892000000000000000e+03 2.807131528854370117e+00
7.894000000000000000e+03 -2.847721576690673828e+00
7.896000000000000000e+03 2.241755962371826172e+00
7.898000000000000000e+03 -3.107822179794311523e+00
7.900000000000000000e+03 2.707225322723388672e+00
7.902000000000000000e+03 2.616428613662719727e+00
7.904000000000000000e+03 -5.355590581893920898e-01
7.906000000000000000e+03 -9.974712133407592773e-01
7.908000000000000000e+03 -2.280866622924804688e+00
7.910000000000000000e+03 -2.532904386520385742e+00
7.912000000000000000e+03 3.072735786437988281e+00
7.914000000000000000e+03 3.057286024093627930e+00
7.916000000000000000e+03 4.038590788841247559e-01
7.918000000000000000e+03 -2.663761377334594727e+00
7.920000000000000000e+03 -2.219792842864990234e+00
7.922000000000000000e+03 -2.175495386123657227e+00
7.924000000000000000e+03 -2.321726560592651367e+00
7.926000000000000000e+03 -3.104296445846557617e+00
7.928000000000000000e+03 -1.935322165489196777e+00
7.930000000000000000e+03 -9.652510881423950195e-01
7.932000000000000000e+03 -1.691017001867294312e-01
7.934000000000000000e+03 -9.479719400405883789e-01
7.936000000000000000e+03 -6.029809117317199707e-01
7.938000000000000000e+03 2.895138502120971680e+00
7.940000000000000000e+03 -1.342104189097881317e-02
7.942000000000000000e+03 -1.235472202301025391e+00
7.944000000000000000e+03 -3.013249158859252930e+00
7.946000000000000000e+03 -2.775991916656494141e+00
7.948000000000000000e+03 -2.543515205383300781e+00
7.950000000000000000e+03 -2.704965591430664062e+00
7.952000000000000000e+03 -3.051834106445312500e+00
7.954000000000000000e+03 -3.126887559890747070e+00
7.956000000000000000e+03 -2.581568479537963867e+00
7.958000000000000000e+03 2.576442718505859375e+00
7.960000000000000000e+03 -1.776188850402832031e+00
7.962000000000000000e+03 -1.637363433837890625e+00
7.964000000000000000e+03 -4.206613004207611084e-01
7.966000000000000000e+03 -2.822453737258911133e+00
7.968000000000000000e+03 -1.740574479103088379e+00
7.970000000000000000e+03 -2.485342264175415039e+00
7.972000000000000000e+03 -5.191480517387390137e-01
7.974000000000000000e+03 4.376327395439147949e-01
7.976000000000000000e+03 1.449618488550186157e-01
7.978000000000000000e+03 2.920992374420166016e-01
7.980000000000000000e+03 3.927618861198425293e-01
7.982000000000000000e+03 1.022246956825256348e+00
7.984000000000000000e+03 5.930031538009643555e-01
7.986000000000000000e+03 -9.888924956321716309e-01
7.988000000000000000e+03 2.489894866943359375e+00
7.990000000000000000e+03 -1.826342821121215820e+00
7.992000000000000000e+03 -4.982252120971679688e-01
7.994000000000000000e+03 1.563702702522277832e+00
7.996000000000000000e+03 3.195421695709228516e-01
7.998000000000000000e+03 -3.243348300457000732e-01
8.000000000000000000e+03 -4.976900517940521240e-01
8.002000000000000000e+03 -5.050253272056579590e-01
8.004000000000000000e+03 -4.514528214931488037e-01
8.006000000000000000e+03 -8.673787117004394531e-02
8.008000000000000000e+03 -4.820791482925415039e-01
8.010000000000000000e+03 3.363630473613739014e-01
8.012000000000000000e+03 6.170071363449096680e-01
8.014000000000000000e+03 1.019599199295043945e+00
8.016000000000000000e+03 3.107020556926727295e-01
8.018000000000000000e+03 -5.392604470252990723e-01
8.020000000000000000e+03 -1.061454415321350098e+00
8.022000000000000000e+03 -7.804722189903259277e-01
8.024000000000000000e+03 -9.453110694885253906e-01
8.026000000000000000e+03 2.026124238967895508e+00
8.028000000000000000e+03 1.889507770538330078e+00
8.030000000000000000e+03 2.088284254074096680e+00
8.032000000000000000e+03 1.837047934532165527e+00
8.034000000000000000e+03 2.817444086074829102e+00
8.036000000000000000e+03 8.429256081581115723e-01
8.038000000000000000e+03 -2.504274368286132812e+00
8.040000000000000000e+03 1.989021062850952148e+00
8.042000000000000000e+03 7.559949159622192383e-01
8.044000000000000000e+03 -7.059202194213867188e-01
8.046000000000000000e+03 1.174715042114257812e+00
8.048000000000000000e+03 1.996837109327316284e-01
8.050000000000000000e+03 -1.939493894577026367e+00
8.052000000000000000e+03 -2.125102043151855469e+00
8.054000000000000000e+03 5.528432726860046387e-01
8.056000000000000000e+03 -9.883092045783996582e-01
8.058000000000000000e+03 -1.079632997512817383e+00
8.060000000000000000e+03 2.950167417526245117e+00
8.062000000000000000e+03 -2.529440164566040039e+00
8.064000000000000000e+03 2.737711966037750244e-01
8.066000000000000000e+03 9.713433980941772461e-01
8.068000000000000000e+03 4.441050291061401367e-01
8.070000000000000000e+03 8.253797292709350586e-01
8.072000000000000000e+03 6.544443368911743164e-01
8.074000000000000000e+03 7.636625170707702637e-01
8.076000000000000000e+03 2.085680246353149414e+00
8.078000000000000000e+03 3.007071495056152344e+00
8.080000000000000000e+03 -2.878597497940063477e+00
8.082000000000000000e+03 6.671402454376220703e-01
8.084000000000000000e+03 -1.067354306578636169e-01
8.086000000000000000e+03 1.739011704921722412e-01
8.088000000000000000e+03 3.028852343559265137e-01
8.090000000000000000e+03 1.414194345474243164e+00
8.092000000000000000e+03 7.218994498252868652e-01
8.094000000000000000e+03 -1.496105790138244629e+00
8.096000000000000000e+03 -1.229609966278076172e+00
8.098000000000000000e+03 -6.633651852607727051e-01
8.100000000000000000e+03 4.314005970954895020e-01
8.102000000000000000e+03 -1.418966799974441528e-01
8.104000000000000000e+03 1.155497908592224121e+00
8.106000000000000000e+03 9.389421939849853516e-01
8.108000000000000000e+03 2.398422956466674805e+00
8.110000000000000000e+03 -3.037799835205078125e+00
8.112000000000000000e+03 1.843406319618225098e+00
8.114000000000000000e+03 -1.222025156021118164e+00
8.116000000000000000e+03 2.740799188613891602e+00
8.118000000000000000e+03 2.743718385696411133e+00
8.120000000000000000e+03 3.759610652923583984e-01
8.122000000000000000e+03 -8.423317074775695801e-01
8.124000000000000000e+03 1.076070904731750488e+00
8.126000000000000000e+03 6.378309726715087891e-01
8.128000000000000000e+03 -1.145963191986083984e+00
8.130000000000000000e+03 5.841788053512573242e-01
8.132000000000000000e+03 -2.299038320779800415e-01
8.134000000000000000e+03 -3.376938104629516602e-01
8.136000000000000000e+03 1.924115180969238281e+00
8.138000000000000000e+03 1.404559850692749023e+00
8.140000000000000000e+03 1.894643545150756836e+00
8.142000000000000000e+03 5.110574960708618164e-01
8.144000000000000000e+03 -1.316171646118164062e+00
8.146000000000000000e+03 -1.026754140853881836e+00
8.148000000000000000e+03 -5.258302763104438782e-02
8.150000000000000000e+03 7.476802468299865723e-01
8.152000000000000000e+03 1.324172377586364746e+00
8.154000000000000000e+03 2.698590755462646484e+00
8.156000000000000000e+03 1.179096579551696777e+00
8.158000000000000000e+03 2.196587800979614258e+00
8.160000000000000000e+03 1.515906214714050293e+00
8.162000000000000000e+03 3.595480322837829590e-01
8.164000000000000000e+03 5.183041691780090332e-01
8.166000000000000000e+03 2.838708162307739258e+00
8.168000000000000000e+03 -7.157442569732666016e-01
8.170000000000000000e+03 -1.032959699630737305e+00
8.172000000000000000e+03 -1.739897966384887695e+00
8.174000000000000000e+03 -3.105464220046997070e+00
8.176000000000000000e+03 -6.210181117057800293e-01
8.178000000000000000e+03 2.100193023681640625e+00
8.180000000000000000e+03 1.953539967536926270e+00
8.182000000000000000e+03 1.240849018096923828e+00
8.184000000000000000e+03 -1.877162933349609375e+00
8.186000000000000000e+03 -1.448226094245910645e+00
8.188000000000000000e+03 -1.430167406797409058e-01
8.190000000000000000e+03 1.667270421981811523e+00
8.192000000000000000e+03 1.368255019187927246e+00
8.194000000000000000e+03 2.498093366622924805e+00
8.196000000000000000e+03 2.180800437927246094e+00
8.198000000000000000e+03 2.750985383987426758e+00
8.200000000000000000e+03 1.591063618659973145e+00
8.202000000000000000e+03 2.043325901031494141e+00
8.204000000000000000e+03 -2.927854061126708984e+00
8.206000000000000000e+03 -3.093019962310791016e+00
8.208000000000000000e+03 -2.505758285522460938e+00
8.210000000000000000e+03 -1.858852982521057129e+00
8.212000000000000000e+03 -8.565466403961181641e-01
8.214000000000000000e+03 -6.514522433280944824e-01
8.216000000000000000e+03 2.258121818304061890e-01
8.218000000000000000e+03 -1.586551070213317871e-01
8.220000000000000000e+03 2.294073581695556641e+00
8.222000000000000000e+03 -1.268650889396667480e+00
8.224000000000000000e+03 3.029026985168457031e+00
8.226000000000000000e+03 -2.129395484924316406e+00
8.228000000000000000e+03 -1.688764452934265137e+00
8.230000000000000000e+03 -2.016641616821289062e+00
8.232000000000000000e+03 4.317448735237121582e-01
8.234000000000000000e+03 1.668049454689025879e+00
8.236000000000000000e+03 -2.761796712875366211e+00
8.238000000000000000e+03 1.780435919761657715e+00
8.240000000000000000e+03 2.011421442031860352e+00
8.242000000000000000e+03 2.252791404724121094e+00
8.244000000000000000e+03 2.812799692153930664e+00
8.246000000000000000e+03 2.771533727645874023e+00
8.248000000000000000e+03 -3.114932298660278320e+00
8.250000000000000000e+03 2.310998678207397461e+00
8.252000000000000000e+03 1.633705139160156250e+00
8.254000000000000000e+03 9.206616878509521484e-01
8.256000000000000000e+03 1.324172854423522949e+00
8.258000000000000000e+03 8.836722970008850098e-01
8.260000000000000000e+03 -2.709477245807647705e-01
8.262000000000000000e+03 -2.327356576919555664e+00
8.264000000000000000e+03 -2.243993043899536133e+00
8.266000000000000000e+03 1.265921354293823242e+00
8.268000000000000000e+03 -1.252708315849304199e+00
8.270000000000000000e+03 2.952393531799316406e+00
8.272000000000000000e+03 -1.924115777015686035e+00
8.274000000000000000e+03 -2.041316509246826172e+00
8.276000000000000000e+03 -2.038175344467163086e+00
8.278000000000000000e+03 1.423719644546508789e+00
8.280000000000000000e+03 2.762488842010498047e+00
8.282000000000000000e+03 2.591739177703857422e+00
8.284000000000000000e+03 1.217806816101074219e+00
8.286000000000000000e+03 -2.587284803390502930e+00
8.288000000000000000e+03 1.955100297927856445e+00
8.290000000000000000e+03 2.202770471572875977e+00
8.292000000000000000e+03 1.552280426025390625e+00
8.294000000000000000e+03 1.201028466224670410e+00
8.296000000000000000e+03 1.961177110671997070e+00
8.298000000000000000e+03 2.979754209518432617e+00
8.300000000000000000e+03 2.545393466949462891e+00
8.302000000000000000e+03 1.740384459495544434e+00
8.304000000000000000e+03 1.530878305435180664e+00
8.306000000000000000e+03 4.329401850700378418e-01
8.308000000000000000e+03 -1.195334076881408691e+00
8.310000000000000000e+03 -1.585370063781738281e+00
8.312000000000000000e+03 -1.405647635459899902e+00
8.314000000000000000e+03 -5.745835304260253906e-01
8.316000000000000000e+03 -1.425167798995971680e+00
8.318000000000000000e+03 -1.802285075187683105e+00
8.320000000000000000e+03 -1.562666296958923340e+00
8.322000000000000000e+03 1.591201663017272949e+00
8.324000000000000000e+03 2.341120243072509766e+00
8.326000000000000000e+03 -9.910807609558105469e-01
8.328000000000000000e+03 -1.787670016288757324e+00
8.330000000000000000e+03 -1.368014574050903320e+00
8.332000000000000000e+03 -1.151654005050659180e+00
8.334000000000000000e+03 -2.530867338180541992e+00
8.336000000000000000e+03 -9.340516328811645508e-01
8.338000000000000000e+03 -2.167706966400146484e+00
8.340000000000000000e+03 2.070731163024902344e+00
8.342000000000000000e+03 1.932327508926391602e+00
8.344000000000000000e+03 8.369962573051452637e-01
8.346000000000000000e+03 1.080449342727661133e+00
8.348000000000000000e+03 -2.171236753463745117e+00
8.350000000000000000e+03 -2.181521892547607422e+00
8.352000000000000000e+03 -1.672143459320068359e+00
8.354000000000000000e+03 -2.172450304031372070e+00
8.356000000000000000e+03 -3.055782556533813477e+00
8.358000000000000000e+03 -2.233222723007202148e+00
8.360000000000000000e+03 -2.178598165512084961e+00
8.362000000000000000e+03 -2.740364074707031250e+00
8.364000000000000000e+03 -4.461058080196380615e-01
8.366000000000000000e+03 2.376881122589111328e+00
8.368000000000000000e+03 1.838206887245178223e+00
8.370000000000000000e+03 9.021057486534118652e-01
8.372000000000000000e+03 -1.597817420959472656e+00
8.374000000000000000e+03 -8.003234863281250000e-01
8.376000000000000000e+03 -7.478213906288146973e-01
8.378000000000000000e+03 9.589872956275939941e-01
8.380000000000000000e+03 -1.369776856154203415e-02
8.382000000000000000e+03 -6.156200170516967773e-01
8.384000000000000000e+03 0.000000000000000000e+00
8.386000000000000000e+03 1.738151550292968750e+00
8.388000000000000000e+03 1.570796370506286621e+00
8.390000000000000000e+03 -6.726707220077514648e-01
8.392000000000000000e+03 -5.054478049278259277e-01
8.394000000000000000e+03 7.446040511131286621e-01
8.396000000000000000e+03 1.951302289962768555e+00
8.398000000000000000e+03 -2.750985860824584961e+00
8.400000000000000000e+03 -1.235772609710693359e+00
8.402000000000000000e+03 -4.904609620571136475e-01
8.404000000000000000e+03 -8.145163655281066895e-01
8.406000000000000000e+03 -5.453624725341796875e-01
8.408000000000000000e+03 8.998242020606994629e-02
8.410000000000000000e+03 7.562804222106933594e-01
8.412000000000000000e+03 1.094049572944641113e+00
8.414000000000000000e+03 2.355451285839080811e-01
8.416000000000000000e+03 -1.428899526596069336e+00
8.418000000000000000e+03 -8.884801864624023438e-01
8.420000000000000000e+03 -1.015616178512573242e+00
8.422000000000000000e+03 3.017237424850463867e+00
8.424000000000000000e+03 -2.421522140502929688e+00
8.426000000000000000e+03 -1.687904953956604004e+00
8.428000000000000000e+03 -1.426968216896057129e+00
8.430000000000000000e+03 2.273905992507934570e+00
8.432000000000000000e+03 2.868583679199218750e+00
8.434000000000000000e+03 8.704637885093688965e-01
8.436000000000000000e+03 2.038320064544677734e+00
8.438000000000000000e+03 1.194291263818740845e-01
8.440000000000000000e+03 3.470617830753326416e-01
8.442000000000000000e+03 -3.060688495635986328e+00
8.444000000000000000e+03 -1.432444572448730469e+00
8.446000000000000000e+03 -1.175668016076087952e-01
8.448000000000000000e+03 2.431054830551147461e+00
8.450000000000000000e+03 1.347625970840454102e+00
8.452000000000000000e+03 8.770325183868408203e-01
8.454000000000000000e+03 -7.541580796241760254e-01
8.456000000000000000e+03 -8.428059220314025879e-01
8.458000000000000000e+03 -2.087491035461425781e+00
8.460000000000000000e+03 -1.849095940589904785e+00
8.462000000000000000e+03 -1.016114234924316406e+00
8.464000000000000000e+03 -5.227891802787780762e-01
8.466000000000000000e+03 -5.191467404365539551e-01
8.468000000000000000e+03 -3.003646135330200195e-01
8.470000000000000000e+03 2.208281010389328003e-01
8.472000000000000000e+03 -9.698789119720458984e-01
8.474000000000000000e+03 1.464531540870666504e+00
8.476000000000000000e+03 -4.875945448875427246e-01
8.478000000000000000e+03 -2.362042903900146484e+00
8.480000000000000000e+03 9.718868732452392578e-01
8.482000000000000000e+03 -2.239444255828857422e+00
8.484000000000000000e+03 2.475622892379760742e+00
8.486000000000000000e+03 -2.715611219406127930e+00
8.488000000000000000e+03 9.561377763748168945e-01
8.490000000000000000e+03 2.284494161605834961e+00
8.492000000000000000e+03 2.553590774536132812e+00
8.494000000000000000e+03 1.503720283508300781e-01
8.496000000000000000e+03 3.046641111373901367e+00
8.498000000000000000e+03 2.860755681991577148e+00
8.500000000000000000e+03 -2.337504863739013672e+00
8.502000000000000000e+03 -1.614246606826782227e+00
8.504000000000000000e+03 -1.269726604223251343e-01
8.506000000000000000e+03 1.973959505558013916e-01
8.508000000000000000e+03 -7.102724313735961914e-01
8.510000000000000000e+03 1.217808246612548828e+00
8.512000000000000000e+03 -2.546249032020568848e-01
8.514000000000000000e+03 1.492389291524887085e-02
8.516000000000000000e+03 -2.511788368225097656e+00
8.518000000000000000e+03 2.461681604385375977e+00
8.520000000000000000e+03 -2.071463823318481445e+00
8.522000000000000000e+03 2.369893312454223633e+00
8.524000000000000000e+03 -1.651491075754165649e-01
8.526000000000000000e+03 2.488077163696289062e+00
8.528000000000000000e+03 -8.829138875007629395e-01
8.530000000000000000e+03 2.800614118576049805e+00
8.532000000000000000e+03 -1.221403717994689941e+00
8.534000000000000000e+03 -1.560241132974624634e-01
8.536000000000000000e+03 1.570796370506286621e+00
8.538000000000000000e+03 -2.744266986846923828e+00
8.540000000000000000e+03 2.813605070114135742e+00
8.542000000000000000e+03 2.748142957687377930e+00
8.544000000000000000e+03 6.226710677146911621e-01
8.546000000000000000e+03 0.000000000000000000e+00
8.548000000000000000e+03 -4.419122338294982910e-01
8.550000000000000000e+03 1.260095834732055664e+00
8.552000000000000000e+03 1.354534387588500977e+00
8.554000000000000000e+03 1.428507361561059952e-02
8.556000000000000000e+03 -2.278566658496856689e-01
8.558000000000000000e+03 9.585860371589660645e-02
8.560000000000000000e+03 -1.158003330230712891e+00
8.562000000000000000e+03 -1.089399576187133789e+00
8.564000000000000000e+03 -1.544312477111816406e+00
8.566000000000000000e+03 -2.038645744323730469e+00
8.568000000000000000e+03 -2.089942216873168945e+00
8.570000000000000000e+03 -2.637151479721069336e+00
8.572000000000000000e+03 -1.683648228645324707e+00
8.574000000000000000e+03 -1.088857650756835938e+00
8.576000000000000000e+03 -1.212814450263977051e+00
8.578000000000000000e+03 -1.982252359390258789e+00
8.580000000000000000e+03 -2.286862134933471680e+00
8.582000000000000000e+03 3.134791135787963867e+00
8.584000000000000000e+03 2.647185325622558594e+00
8.586000000000000000e+03 1.117460846900939941e+00
8.588000000000000000e+03 -2.198633193969726562e+00
8.590000000000000000e+03 -2.855920791625976562e+00
8.592000000000000000e+03 2.082454681396484375e+00
8.594000000000000000e+03 2.954613208770751953e+00
8.596000000000000000e+03 -2.686142444610595703e+00
8.598000000000000000e+03 -3.060689210891723633e+00
8.600000000000000000e+03 2.682448863983154297e+00
8.602000000000000000e+03 -1.174714207649230957e+00
8.604000000000000000e+03 2.384489059448242188e+00
8.606000000000000000e+03 3.302950561046600342e-01
8.608000000000000000e+03 -6.451485753059387207e-01
8.610000000000000000e+03 -1.275108307600021362e-01
8.612000000000000000e+03 -1.453284621238708496e+00
8.614000000000000000e+03 -1.677529931068420410e+00
8.616000000000000000e+03 -2.015812158584594727e+00
8.618000000000000000e+03 -2.487510204315185547e+00
8.620000000000000000e+03 -2.327076673507690430e+00
8.622000000000000000e+03 -3.106208324432373047e+00
8.624000000000000000e+03 3.025237321853637695e+00
8.626000000000000000e+03 -1.723949670791625977e+00
8.628000000000000000e+03 -1.555759549140930176e+00
8.630000000000000000e+03 -1.312790036201477051e+00
8.632000000000000000e+03 2.281864881515502930e+00
8.634000000000000000e+03 1.091020107269287109e+00
8.636000000000000000e+03 -9.257128834724426270e-01
8.638000000000000000e+03 8.320924639701843262e-01
8.640000000000000000e+03 2.743962287902832031e+00
8.642000000000000000e+03 1.868270277976989746e+00
8.644000000000000000e+03 2.025897741317749023e+00
8.646000000000000000e+03 2.040978670120239258e+00
8.648000000000000000e+03 2.170541524887084961e+00
8.650000000000000000e+03 2.428234100341796875e+00
8.652000000000000000e+03 2.898698091506958008e+00
8.654000000000000000e+03 2.715545177459716797e+00
8.656000000000000000e+03 2.827758789062500000e+00
8.658000000000000000e+03 3.141592741012573242e+00
8.660000000000000000e+03 -2.720929145812988281e+00
8.662000000000000000e+03 2.169707536697387695e+00
8.664000000000000000e+03 -1.676283836364746094e+00
8.666000000000000000e+03 -1.564129590988159180e+00
8.668000000000000000e+03 -1.418976932764053345e-01
8.670000000000000000e+03 1.898719191551208496e+00
8.672000000000000000e+03 2.674801588058471680e+00
8.674000000000000000e+03 1.076898053288459778e-01
8.676000000000000000e+03 1.043853998184204102e+00
8.678000000000000000e+03 2.860501408576965332e-01
8.680000000000000000e+03 4.366265535354614258e-01
8.682000000000000000e+03 9.912329316139221191e-01
8.684000000000000000e+03 2.879472017288208008e+00
8.686000000000000000e+03 2.164146184921264648e+00
8.688000000000000000e+03 1.037086963653564453e+00
8.690000000000000000e+03 -1.665249347686767578e+00
8.692000000000000000e+03 7.531518340110778809e-01
8.694000000000000000e+03 2.107232093811035156e+00
8.696000000000000000e+03 2.471748292446136475e-01
8.698000000000000000e+03 -5.748901963233947754e-01
8.700000000000000000e+03 -3.708901405334472656e-01
8.702000000000000000e+03 9.716218709945678711e-01
8.704000000000000000e+03 1.107148766517639160e+00
8.706000000000000000e+03 -6.762436032295227051e-01
8.708000000000000000e+03 5.109484195709228516e-01
8.710000000000000000e+03 -9.397163391113281250e-01
8.712000000000000000e+03 -1.841743707656860352e+00
8.714000000000000000e+03 -2.502004384994506836e+00
8.716000000000000000e+03 2.370685577392578125e+00
8.718000000000000000e+03 2.951264858245849609e+00
8.720000000000000000e+03 -1.917630434036254883e+00
8.722000000000000000e+03 5.172873139381408691e-01
8.724000000000000000e+03 5.377172827720642090e-01
8.726000000000000000e+03 -1.309767961502075195e+00
8.728000000000000000e+03 -2.121571779251098633e+00
8.730000000000000000e+03 -2.160043954849243164e+00
8.732000000000000000e+03 -1.928022384643554688e+00
8.734000000000000000e+03 -1.944387078285217285e+00
8.736000000000000000e+03 -2.254188537597656250e+00
8.738000000000000000e+03 -2.766130447387695312e+00
8.740000000000000000e+03 1.158387184143066406e+00
8.742000000000000000e+03 5.923045873641967773e-01
8.744000000000000000e+03 4.671203792095184326e-01
8.746000000000000000e+03 -1.920471340417861938e-01
8.748000000000000000e+03 -2.978978872299194336e+00
8.750000000000000000e+03 2.061143636703491211e+00
8.752000000000000000e+03 9.063006639480590820e-01
8.754000000000000000e+03 -1.744041442871093750e+00
8.756000000000000000e+03 2.560419321060180664e+00
8.758000000000000000e+03 -2.736701726913452148e+00
8.760000000000000000e+03 -2.204005956649780273e+00
8.762000000000000000e+03 -2.275907278060913086e+00
8.764000000000000000e+03 2.903347730636596680e+00
8.766000000000000000e+03 -3.049141883850097656e+00
8.768000000000000000e+03 -2.502070665359497070e+00
8.770000000000000000e+03 -9.644132852554321289e-01
8.772000000000000000e+03 -1.841742992401123047e+00
8.774000000000000000e+03 2.999699354171752930e+00
8.776000000000000000e+03 -5.944751501083374023e-01
8.778000000000000000e+03 -1.553253889083862305e+00
8.780000000000000000e+03 -2.800268530845642090e-01
8.782000000000000000e+03 4.248324334621429443e-01
8.784000000000000000e+03 5.123889446258544922e-01
8.786000000000000000e+03 -4.450162351131439209e-01
8.788000000000000000e+03 -1.114711761474609375e+00
8.790000000000000000e+03 2.364325284957885742e+00
8.792000000000000000e+03 7.667092084884643555e-01
8.794000000000000000e+03 3.313198685646057129e-01
8.796000000000000000e+03 1.665748476982116699e+00
8.798000000000000000e+03 2.158776998519897461e+00
8.800000000000000000e+03 -1.691419005393981934e+00
8.802000000000000000e+03 3.569911420345306396e-02
8.804000000000000000e+03 -1.496650576591491699e-01
8.806000000000000000e+03 -5.199679732322692871e-01
8.808000000000000000e+03 1.501343131065368652e+00
8.810000000000000000e+03 -2.810038328170776367e+00
8.812000000000000000e+03 -2.490004539489746094e+00
8.814000000000000000e+03 -5.159245133399963379e-01
8.816000000000000000e+03 -1.620754837989807129e+00
8.818000000000000000e+03 2.162482023239135742e+00
8.820000000000000000e+03 3.073321342468261719e+00
8.822000000000000000e+03 -1.557551741600036621e+00
8.824000000000000000e+03 -3.017238378524780273e+00
8.826000000000000000e+03 9.999912381172180176e-01
8.828000000000000000e+03 1.035761952400207520e+00
8.830000000000000000e+03 7.486156374216079712e-02
8.832000000000000000e+03 3.324309885501861572e-01
8.834000000000000000e+03 7.006960511207580566e-01
8.836000000000000000e+03 -2.570992708206176758e+00
8.838000000000000000e+03 3.122177124023437500e+00
8.840000000000000000e+03 -3.108048677444458008e+00
8.842000000000000000e+03 2.919063329696655273e+00
8.844000000000000000e+03 1.669808983802795410e+00
8.846000000000000000e+03 1.731373906135559082e+00
8.848000000000000000e+03 2.346580028533935547e+00
8.850000000000000000e+03 2.995963573455810547e+00
8.852000000000000000e+03 2.519559144973754883e+00
8.854000000000000000e+03 -1.261865615844726562e+00
8.856000000000000000e+03 3.224455192685127258e-02
8.858000000000000000e+03 -1.112356185913085938e+00
8.860000000000000000e+03 2.853285670280456543e-01
8.862000000000000000e+03 1.785612702369689941e+00
8.864000000000000000e+03 -2.777614116668701172e+00
8.866000000000000000e+03 -1.242537856101989746e+00
8.868000000000000000e+03 -2.208115816116333008e+00
8.870000000000000000e+03 -2.208883285522460938e+00
8.872000000000000000e+03 -2.003684282302856445e+00
8.874000000000000000e+03 -1.455661892890930176e+00
8.876000000000000000e+03 -6.341811418533325195e-01
8.878000000000000000e+03 1.398228108882904053e-01
8.880000000000000000e+03 7.130640000104904175e-02
8.882000000000000000e+03 -2.318648248910903931e-01
8.884000000000000000e+03 8.704627752304077148e-01
8.886000000000000000e+03 -6.867083311080932617e-01
8.888000000000000000e+03 -1.577599048614501953e+00
8.890000000000000000e+03 2.231840133666992188e+00
8.892000000000000000e+03 -1.936314463615417480e+00
8.894000000000000000e+03 -2.705802440643310547e+00
8.896000000000000000e+03 2.694072484970092773e+00
8.898000000000000000e+03 -2.782821416854858398e+00
8.900000000000000000e+03 -2.855921030044555664e+00
8.902000000000000000e+03 1.438245058059692383e+00
8.904000000000000000e+03 6.353152394294738770e-01
8.906000000000000000e+03 1.965068578720092773e+00
8.908000000000000000e+03 2.833085775375366211e+00
8.910000000000000000e+03 8.575611710548400879e-01
8.912000000000000000e+03 2.727502286434173584e-01
8.914000000000000000e+03 1.246244549751281738e+00
8.916000000000000000e+03 1.465918898582458496e+00
8.918000000000000000e+03 -2.313566207885742188e+00
8.920000000000000000e+03 -1.975687384605407715e+00
8.922000000000000000e+03 -1.346083521842956543e+00
8.924000000000000000e+03 -1.195803999900817871e+00
8.926000000000000000e+03 -1.831399083137512207e+00
8.928000000000000000e+03 -4.093206524848937988e-01
8.930000000000000000e+03 -2.795777082443237305e+00
8.932000000000000000e+03 -1.804539561271667480e+00
8.934000000000000000e+03 -2.501821279525756836e+00
8.936000000000000000e+03 -3.083264827728271484e+00
8.938000000000000000e+03 -1.333030592650175095e-02
8.940000000000000000e+03 9.919351339340209961e-01
8.942000000000000000e+03 -1.408523023128509521e-01
8.944000000000000000e+03 -1.987002372741699219e+00
8.946000000000000000e+03 -1.838907122611999512e+00
8.948000000000000000e+03 -1.321694612503051758e+00
8.950000000000000000e+03 4.542426392436027527e-02
8.952000000000000000e+03 -2.156950473785400391e+00
8.954000000000000000e+03 2.762336969375610352e+00
8.956000000000000000e+03 2.784561395645141602e+00
8.958000000000000000e+03 2.828499317169189453e+00
8.960000000000000000e+03 3.020755529403686523e+00
8.962000000000000000e+03 -2.331323385238647461e+00
8.964000000000000000e+03 3.099597930908203125e+00
8.966000000000000000e+03 -2.559238672256469727e+00
8.968000000000000000e+03 -1.917857646942138672e+00
8.970000000000000000e+03 -1.190290212631225586e+00
8.972000000000000000e+03 -2.859266757965087891e+00
8.974000000000000000e+03 -2.462459325790405273e+00
8.976000000000000000e+03 2.650429248809814453e+00
8.978000000000000000e+03 2.553591012954711914e+00
8.980000000000000000e+03 2.840675354003906250e+00
8.982000000000000000e+03 1.787056922912597656e+00
8.984000000000000000e+03 2.050970077514648438e+00
8.986000000000000000e+03 -3.093354463577270508e+00
8.988000000000000000e+03 1.241174697875976562e+00
8.990000000000000000e+03 1.209959745407104492e+00
8.992000000000000000e+03 1.294993877410888672e+00
8.994000000000000000e+03 2.619973897933959961e+00
8.996000000000000000e+03 -2.208492994308471680e+00
8.998000000000000000e+03 -2.733103990554809570e+00
9.000000000000000000e+03 3.068553686141967773e+00
9.002000000000000000e+03 -2.331074476242065430e+00
9.004000000000000000e+03 -2.075237035751342773e+00
9.006000000000000000e+03 1.611915826797485352e-01
9.008000000000000000e+03 1.661459326744079590e+00
9.010000000000000000e+03 5.978831648826599121e-01
9.012000000000000000e+03 2.283153533935546875e+00
9.014000000000000000e+03 -2.711266756057739258e+00
9.016000000000000000e+03 -2.445160150527954102e+00
9.018000000000000000e+03 -1.400059700012207031e+00
9.020000000000000000e+03 -2.646034240722656250e+00
9.022000000000000000e+03 -1.296628236770629883e+00
9.024000000000000000e+03 -1.337057590484619141e+00
9.026000000000000000e+03 -1.697104454040527344e+00
9.028000000000000000e+03 -1.210941672325134277e+00
9.030000000000000000e+03 2.214296817779541016e+00
9.032000000000000000e+03 6.711434125900268555e-01
9.034000000000000000e+03 1.281292557716369629e+00
9.036000000000000000e+03 1.536910176277160645e+00
9.038000000000000000e+03 -2.292786121368408203e+00
9.040000000000000000e+03 -1.224257707595825195e+00
9.042000000000000000e+03 -1.222025156021118164e+00
9.044000000000000000e+03 -2.761091470718383789e+00
9.046000000000000000e+03 2.636496782302856445e+00
9.048000000000000000e+03 4.820791184902191162e-01
9.050000000000000000e+03 1.446442484855651855e+00
9.052000000000000000e+03 6.861992478370666504e-01
9.054000000000000000e+03 1.634993791580200195e+00
9.056000000000000000e+03 4.101274609565734863e-01
9.058000000000000000e+03 -1.052491784095764160e+00
9.060000000000000000e+03 9.022344350814819336e-01
9.062000000000000000e+03 -3.893160820007324219e-01
9.064000000000000000e+03 -5.280771851539611816e-01
9.066000000000000000e+03 2.274977922439575195e+00
9.068000000000000000e+03 2.054575920104980469e+00
9.070000000000000000e+03 2.307054281234741211e+00
9.072000000000000000e+03 1.757411837577819824e+00
9.074000000000000000e+03 1.909713149070739746e+00
9.076000000000000000e+03 2.888699054718017578e+00
9.078000000000000000e+03 3.004527330398559570e+00
9.080000000000000000e+03 -1.590661048889160156e+00
9.082000000000000000e+03 -1.170002341270446777e+00
9.084000000000000000e+03 -1.520999372005462646e-01
9.086000000000000000e+03 1.743872046470642090e+00
9.088000000000000000e+03 2.257921218872070312e+00
9.090000000000000000e+03 2.861393690109252930e+00
9.092000000000000000e+03 3.021368503570556641e+00
9.094000000000000000e+03 -1.957445621490478516e+00
9.096000000000000000e+03 -2.208288162946701050e-01
9.098000000000000000e+03 -3.767793476581573486e-01
9.100000000000000000e+03 -3.301183581352233887e-01
9.102000000000000000e+03 4.249758124351501465e-01
9.104000000000000000e+03 -6.355847716331481934e-01
9.106000000000000000e+03 -1.850996136665344238e+00
9.108000000000000000e+03 -2.545998811721801758e+00
9.110000000000000000e+03 -2.681369781494140625e+00
9.112000000000000000e+03 2.530863285064697266e+00
9.114000000000000000e+03 1.431700944900512695e+00
9.116000000000000000e+03 1.147486448287963867e+00
9.118000000000000000e+03 1.022247195243835449e+00
9.120000000000000000e+03 2.507040500640869141e+00
9.122000000000000000e+03 2.304291963577270508e+00
9.124000000000000000e+03 2.746111631393432617e+00
9.126000000000000000e+03 2.677945613861083984e+00
9.128000000000000000e+03 -3.019749879837036133e+00
9.130000000000000000e+03 -2.180712699890136719e+00
9.132000000000000000e+03 -1.631125688552856445e+00
9.134000000000000000e+03 5.343942046165466309e-01
9.136000000000000000e+03 -6.694172620773315430e-01
9.138000000000000000e+03 -1.381315588951110840e+00
9.140000000000000000e+03 -1.092709660530090332e+00
9.142000000000000000e+03 -7.751937508583068848e-01
9.144000000000000000e+03 -1.731171727180480957e+00
9.146000000000000000e+03 -4.329414665699005127e-01
9.148000000000000000e+03 -6.156194806098937988e-01
9.150000000000000000e+03 -1.340890645980834961e+00
9.152000000000000000e+03 -1.001947760581970215e+00
9.154000000000000000e+03 -1.722298026084899902e+00
9.156000000000000000e+03 -2.140553474426269531e+00
9.158000000000000000e+03 2.592650175094604492e+00
9.160000000000000000e+03 9.405398964881896973e-01
9.162000000000000000e+03 -7.195660378783941269e-03
9.164000000000000000e+03 -6.540828347206115723e-01
9.166000000000000000e+03 -1.557098269462585449e+00
9.168000000000000000e+03 -2.023165225982666016e+00
9.170000000000000000e+03 -1.788708567619323730e+00
9.172000000000000000e+03 -2.803036689758300781e+00
9.174000000000000000e+03 -2.272519826889038086e+00
9.176000000000000000e+03 -1.142533063888549805e+00
9.178000000000000000e+03 -2.157646119594573975e-01
9.180000000000000000e+03 -4.785719215869903564e-01
9.182000000000000000e+03 1.053403139114379883e+00
9.184000000000000000e+03 2.914569079875946045e-01
9.186000000000000000e+03 7.525453567504882812e-01
9.188000000000000000e+03 1.766875028610229492e+00
9.190000000000000000e+03 2.393768787384033203e+00
9.192000000000000000e+03 2.598841667175292969e+00
9.194000000000000000e+03 -2.892633676528930664e+00
9.196000000000000000e+03 -1.720053315162658691e+00
9.198000000000000000e+03 -2.988941907882690430e+00
9.200000000000000000e+03 2.055273532867431641e+00
9.202000000000000000e+03 9.340517520904541016e-01
9.204000000000000000e+03 1.694303750991821289e+00
9.206000000000000000e+03 1.107148766517639160e+00
9.208000000000000000e+03 5.314270034432411194e-02
9.210000000000000000e+03 1.553851604461669922e+00
9.212000000000000000e+03 -2.332104444503784180e+00
9.214000000000000000e+03 -1.489011645317077637e+00
9.216000000000000000e+03 -2.203544139862060547e+00
9.218000000000000000e+03 3.055599689483642578e+00
9.220000000000000000e+03 -1.442470312118530273e+00
9.222000000000000000e+03 2.386091947555541992e-01
9.224000000000000000e+03 2.782994806766510010e-01
9.226000000000000000e+03 5.667295455932617188e-01
9.228000000000000000e+03 2.172252178192138672e+00
9.230000000000000000e+03 3.002708196640014648e+00
9.232000000000000000e+03 2.249995231628417969e+00
9.234000000000000000e+03 2.456386804580688477e+00
9.236000000000000000e+03 1.885028004646301270e+00
9.238000000000000000e+03 1.337052226066589355e+00
9.240000000000000000e+03 -1.680647015571594238e+00
9.242000000000000000e+03 6.786652207374572754e-01
9.244000000000000000e+03 9.244943261146545410e-01
9.246000000000000000e+03 3.754631280899047852e-01
9.248000000000000000e+03 2.577055394649505615e-01
9.250000000000000000e+03 1.037952065467834473e+00
9.252000000000000000e+03 1.281821131706237793e+00
9.254000000000000000e+03 6.767343282699584961e-01
9.256000000000000000e+03 1.504667520523071289e+00
9.258000000000000000e+03 1.563102483749389648e+00
9.260000000000000000e+03 1.825421810150146484e+00
9.262000000000000000e+03 -1.420851111412048340e+00
9.264000000000000000e+03 -1.685668230056762695e+00
9.266000000000000000e+03 -1.083896636962890625e+00
9.268000000000000000e+03 -9.579748511314392090e-01
9.270000000000000000e+03 2.856295742094516754e-02
9.272000000000000000e+03 5.200136899948120117e-01
9.274000000000000000e+03 1.269571185111999512e+00
9.276000000000000000e+03 9.259746670722961426e-01
9.278000000000000000e+03 6.118071675300598145e-01
9.280000000000000000e+03 1.064361572265625000e+00
9.282000000000000000e+03 -1.333075314760208130e-01
9.284000000000000000e+03 -3.217492699623107910e-01
9.286000000000000000e+03 -8.511706590652465820e-01
9.288000000000000000e+03 1.133770227432250977e+00
9.290000000000000000e+03 4.647775366902351379e-02
9.292000000000000000e+03 -2.516484498977661133e+00
9.294000000000000000e+03 -9.678139686584472656e-01
9.296000000000000000e+03 -2.822844505310058594e+00
9.298000000000000000e+03 2.197539329528808594e+00
9.300000000000000000e+03 2.365629196166992188e+00
9.302000000000000000e+03 2.600718975067138672e+00
9.304000000000000000e+03 -3.064818859100341797e+00
9.306000000000000000e+03 -1.018644571304321289e+00
9.308000000000000000e+03 -2.606035232543945312e+00
9.310000000000000000e+03 -1.691018223762512207e+00
9.312000000000000000e+03 -2.647652149200439453e+00
9.314000000000000000e+03 -1.525025725364685059e+00
9.316000000000000000e+03 -1.468960523605346680e+00
9.318000000000000000e+03 -2.012842416763305664e+00
9.320000000000000000e+03 -8.645969629287719727e-01
9.322000000000000000e+03 -8.915957808494567871e-01
9.324000000000000000e+03 -9.342862367630004883e-01
9.326000000000000000e+03 -1.826604485511779785e+00
9.328000000000000000e+03 2.904742240905761719e+00
9.330000000000000000e+03 -1.329230070114135742e+00
9.332000000000000000e+03 -3.844478726387023926e-01
9.334000000000000000e+03 -2.106205821037292480e-01
9.336000000000000000e+03 -2.819841861724853516e+00
9.338000000000000000e+03 -1.556304931640625000e+00
9.340000000000000000e+03 -2.796290397644042969e+00
9.342000000000000000e+03 -2.460576295852661133e+00
9.344000000000000000e+03 -2.371738195419311523e+00
9.346000000000000000e+03 -3.029910802841186523e+00
9.348000000000000000e+03 1.753661632537841797e+00
9.350000000000000000e+03 -2.106419563293457031e+00
9.352000000000000000e+03 -4.157152473926544189e-01
9.354000000000000000e+03 7.667078971862792969e-01
9.356000000000000000e+03 1.484346151351928711e+00
9.358000000000000000e+03 2.772258281707763672e+00
9.360000000000000000e+03 -2.305143594741821289e+00
9.362000000000000000e+03 2.479166507720947266e+00
9.364000000000000000e+03 -2.188762903213500977e+00
9.366000000000000000e+03 -7.378047108650207520e-01
9.368000000000000000e+03 8.685411214828491211e-01
9.370000000000000000e+03 -1.223555207252502441e+00
9.372000000000000000e+03 2.788274288177490234e+00
9.374000000000000000e+03 2.870196104049682617e+00
9.376000000000000000e+03 1.610510826110839844e+00
9.378000000000000000e+03 1.159124016761779785e+00
9.380000000000000000e+03 4.002413451671600342e-01
9.382000000000000000e+03 -2.324757575988769531e+00
9.384000000000000000e+03 -2.855543375015258789e+00
9.386000000000000000e+03 1.455058932304382324e+00
9.388000000000000000e+03 1.924793839454650879e+00
9.390000000000000000e+03 1.653937339782714844e+00
9.392000000000000000e+03 2.895037531852722168e-01
9.394000000000000000e+03 6.524965763092041016e-01
9.396000000000000000e+03 7.168779969215393066e-01
9.398000000000000000e+03 4.307691752910614014e-02
9.400000000000000000e+03 -4.431020915508270264e-01
9.402000000000000000e+03 5.128499269485473633e-01
9.404000000000000000e+03 3.048404932022094727e+00
9.406000000000000000e+03 -2.531412124633789062e+00
9.408000000000000000e+03 -3.026716470718383789e+00
9.410000000000000000e+03 7.958146929740905762e-01
9.412000000000000000e+03 1.792577028274536133e+00
9.414000000000000000e+03 2.912792682647705078e+00
9.416000000000000000e+03 -2.893392801284790039e+00
9.418000000000000000e+03 -2.751391172409057617e+00
9.420000000000000000e+03 -1.900915145874023438e+00
9.422000000000000000e+03 -1.828502535820007324e+00
9.424000000000000000e+03 -8.693124651908874512e-01
9.426000000000000000e+03 -5.661793947219848633e-01
9.428000000000000000e+03 -2.884270906448364258e+00
9.430000000000000000e+03 -2.010638475418090820e+00
9.432000000000000000e+03 -6.004400849342346191e-01
9.434000000000000000e+03 -9.207167029380798340e-01
9.436000000000000000e+03 5.068369582295417786e-02
9.438000000000000000e+03 -5.945675969123840332e-01
9.440000000000000000e+03 -1.703348040580749512e+00
9.442000000000000000e+03 3.217488229274749756e-01
9.444000000000000000e+03 1.227772593498229980e+00
9.446000000000000000e+03 2.503446578979492188e+00
9.448000000000000000e+03 1.283089637756347656e+00
9.450000000000000000e+03 8.677811622619628906e-01
9.452000000000000000e+03 1.184696197509765625e+00
9.454000000000000000e+03 1.528717041015625000e+00
9.456000000000000000e+03 2.066179990768432617e+00
9.458000000000000000e+03 2.543174982070922852e+00
9.460000000000000000e+03 2.290557146072387695e+00
9.462000000000000000e+03 2.456337451934814453e+00
9.464000000000000000e+03 2.306234598159790039e+00
9.466000000000000000e+03 8.415186405181884766e-01
9.468000000000000000e+03 -1.986878812313079834e-01
9.470000000000000000e+03 -5.116595029830932617e-01
9.472000000000000000e+03 -1.619536757469177246e+00
9.474000000000000000e+03 -1.973953247070312500e-01
9.476000000000000000e+03 -2.644250392913818359e+00
9.478000000000000000e+03 -8.105190992355346680e-01
9.480000000000000000e+03 -1.750347852706909180e+00
9.482000000000000000e+03 2.305667400360107422e+00
9.484000000000000000e+03 1.854390859603881836e+00
9.486000000000000000e+03 2.524038076400756836e+00
9.488000000000000000e+03 2.973202228546142578e+00
9.490000000000000000e+03 2.880579829216003418e-01
9.492000000000000000e+03 1.747869372367858887e+00
9.494000000000000000e+03 2.936953544616699219e+00
9.496000000000000000e+03 2.611636161804199219e+00
9.498000000000000000e+03 2.329884052276611328e+00
9.500000000000000000e+03 -8.577315807342529297e-01
9.502000000000000000e+03 1.769937202334403992e-02
9.504000000000000000e+03 5.379396304488182068e-02
9.506000000000000000e+03 -5.474102869629859924e-02
9.508000000000000000e+03 7.272124886512756348e-01
9.510000000000000000e+03 3.566212058067321777e-01
9.512000000000000000e+03 2.055642604827880859e+00
9.514000000000000000e+03 2.938934564590454102e+00
9.516000000000000000e+03 -2.633618593215942383e+00
9.518000000000000000e+03 2.478226900100708008e+00
9.520000000000000000e+03 2.674942016601562500e+00
9.522000000000000000e+03 1.788004636764526367e+00
9.524000000000000000e+03 -2.752636194229125977e+00
9.526000000000000000e+03 2.706239223480224609e+00
9.528000000000000000e+03 -2.833251714706420898e+00
9.530000000000000000e+03 -2.553587198257446289e+00
9.532000000000000000e+03 2.701318740844726562e+00
9.534000000000000000e+03 2.329965114593505859e+00
9.536000000000000000e+03 -2.081746339797973633e+00
9.538000000000000000e+03 -1.872021675109863281e+00
9.540000000000000000e+03 -1.563947677612304688e+00
9.542000000000000000e+03 -1.630874156951904297e+00
9.544000000000000000e+03 2.668615281581878662e-01
9.546000000000000000e+03 6.308611631393432617e-01
9.548000000000000000e+03 -8.506607264280319214e-02
9.550000000000000000e+03 2.083584547042846680e+00
9.552000000000000000e+03 1.339079260826110840e+00
9.554000000000000000e+03 1.621991842985153198e-01
9.556000000000000000e+03 2.142305113375186920e-02
9.558000000000000000e+03 6.009183526039123535e-01
9.560000000000000000e+03 8.178628981113433838e-02
9.562000000000000000e+03 -7.756904363632202148e-01
9.564000000000000000e+03 -8.329808115959167480e-01
9.566000000000000000e+03 -1.456432580947875977e+00
9.568000000000000000e+03 -2.672326564788818359e+00
9.570000000000000000e+03 2.337439954280853271e-01
9.572000000000000000e+03 -1.394560575485229492e+00
9.574000000000000000e+03 1.400179415941238403e-01
9.576000000000000000e+03 -4.214195907115936279e-01
9.578000000000000000e+03 -2.498425096273422241e-01
9.580000000000000000e+03 2.037691354751586914e+00
9.582000000000000000e+03 2.490217685699462891e+00
9.584000000000000000e+03 -2.717800855636596680e+00
9.586000000000000000e+03 -2.506005764007568359e+00
9.588000000000000000e+03 -2.736699819564819336e+00
9.590000000000000000e+03 2.956243515014648438e+00
9.592000000000000000e+03 2.298009157180786133e+00
9.594000000000000000e+03 2.215617895126342773e+00
9.596000000000000000e+03 4.523696601390838623e-01
9.598000000000000000e+03 -1.019722223281860352e+00
9.600000000000000000e+03 3.688612580299377441e-01
9.602000000000000000e+03 8.231161236763000488e-01
9.604000000000000000e+03 5.763716101646423340e-01
9.606000000000000000e+03 4.685747325420379639e-01
9.608000000000000000e+03 -8.700999021530151367e-01
9.610000000000000000e+03 -7.706205248832702637e-01
9.612000000000000000e+03 -5.107518434524536133e-01
9.614000000000000000e+03 -3.977712690830230713e-01
9.616000000000000000e+03 -4.762661159038543701e-01
9.618000000000000000e+03 -1.110159158706665039e+00
9.620000000000000000e+03 -7.901819944381713867e-01
9.622000000000000000e+03 2.244303703308105469e+00
9.624000000000000000e+03 1.367537021636962891e+00
9.626000000000000000e+03 -8.741694092750549316e-01
9.628000000000000000e+03 -8.006247878074645996e-01
9.630000000000000000e+03 -4.066522121429443359e-01
9.632000000000000000e+03 -2.905755043029785156e+00
9.634000000000000000e+03 2.923678874969482422e+00
9.636000000000000000e+03 2.184711217880249023e+00
9.638000000000000000e+03 1.520334959030151367e+00
9.640000000000000000e+03 -1.349966526031494141e+00
9.642000000000000000e+03 -2.375060558319091797e+00
9.644000000000000000e+03 -2.884628295898437500e+00
9.646000000000000000e+03 2.717200756072998047e+00
9.648000000000000000e+03 -2.973387479782104492e+00
9.650000000000000000e+03 7.562795877456665039e-01
9.652000000000000000e+03 1.691013425588607788e-01
9.654000000000000000e+03 -2.147456884384155273e+00
9.656000000000000000e+03 -2.748379230499267578e+00
9.658000000000000000e+03 6.405853033065795898e-01
9.660000000000000000e+03 -7.668813467025756836e-01
9.662000000000000000e+03 1.226577162742614746e+00
9.664000000000000000e+03 2.356202363967895508e+00
9.666000000000000000e+03 -2.835711956024169922e+00
9.668000000000000000e+03 -5.092183947563171387e-01
9.670000000000000000e+03 -7.531475424766540527e-01
9.672000000000000000e+03 -1.900418639183044434e+00
9.674000000000000000e+03 1.959113717079162598e+00
9.676000000000000000e+03 1.491493463516235352e+00
9.678000000000000000e+03 1.266284227371215820e+00
9.680000000000000000e+03 1.425669670104980469e+00
9.682000000000000000e+03 -2.864308834075927734e+00
9.684000000000000000e+03 -1.051649570465087891e+00
9.686000000000000000e+03 -1.882214099168777466e-01
9.688000000000000000e+03 -1.587887406349182129e+00
9.690000000000000000e+03 -9.484935998916625977e-01
9.692000000000000000e+03 -1.746722310781478882e-01
9.694000000000000000e+03 -1.897622585296630859e+00
9.696000000000000000e+03 -3.087298393249511719e+00
9.698000000000000000e+03 2.375423431396484375e+00
9.700000000000000000e+03 2.601172924041748047e+00
9.702000000000000000e+03 1.720461010932922363e+00
9.704000000000000000e+03 -2.104238986968994141e+00
9.706000000000000000e+03 1.131684303283691406e+00
9.708000000000000000e+03 1.297254443168640137e+00
9.710000000000000000e+03 2.934356927871704102e-01
9.712000000000000000e+03 2.802998125553131104e-01
9.714000000000000000e+03 1.198400616645812988e+00
9.716000000000000000e+03 -2.191814184188842773e+00
9.718000000000000000e+03 -2.396988391876220703e+00
9.720000000000000000e+03 -1.799069762229919434e+00
9.722000000000000000e+03 2.233221530914306641e+00
9.724000000000000000e+03 2.543174266815185547e+00
9.726000000000000000e+03 2.928653240203857422e+00
9.728000000000000000e+03 3.063319683074951172e+00
9.730000000000000000e+03 3.038510322570800781e+00
9.732000000000000000e+03 2.431808710098266602e+00
9.734000000000000000e+03 -2.719341039657592773e+00
9.736000000000000000e+03 -2.574341297149658203e+00
9.738000000000000000e+03 3.065351724624633789e+00
9.740000000000000000e+03 -2.094074726104736328e+00
9.742000000000000000e+03 -4.636476039886474609e-01
9.744000000000000000e+03 -3.639788329601287842e-01
9.746000000000000000e+03 1.341055035591125488e+00
9.748000000000000000e+03 -2.344146251678466797e+00
9.750000000000000000e+03 -4.217872917652130127e-01
9.752000000000000000e+03 -3.040377140045166016e+00
9.754000000000000000e+03 -2.919942617416381836e+00
9.756000000000000000e+03 2.007822513580322266e+00
9.758000000000000000e+03 -1.006836771965026855e+00
9.760000000000000000e+03 2.034451007843017578e+00
9.762000000000000000e+03 -1.991917252540588379e+00
9.764000000000000000e+03 -2.933753728866577148e+00
9.766000000000000000e+03 -2.438932180404663086e+00
9.768000000000000000e+03 8.507253527641296387e-01
9.770000000000000000e+03 6.716059446334838867e-01
9.772000000000000000e+03 -1.985871076583862305e+00
9.774000000000000000e+03 -2.493260622024536133e+00
9.776000000000000000e+03 -9.229850769042968750e-01
9.778000000000000000e+03 -1.053308606147766113e+00
9.780000000000000000e+03 -5.503864884376525879e-01
9.782000000000000000e+03 -9.548118114471435547e-01
9.784000000000000000e+03 -8.441434502601623535e-01
9.786000000000000000e+03 -2.717140436172485352e+00
9.788000000000000000e+03 -1.978291392326354980e+00
9.790000000000000000e+03 -2.591517925262451172e+00
9.792000000000000000e+03 -2.362995624542236328e+00
9.794000000000000000e+03 2.415725469589233398e+00
9.796000000000000000e+03 2.891613960266113281e+00
9.798000000000000000e+03 3.053101539611816406e+00
9.800000000000000000e+03 1.285173654556274414e+00
9.802000000000000000e+03 2.932910680770874023e+00
9.804000000000000000e+03 -4.514528214931488037e-01
9.806000000000000000e+03 -1.837048768997192383e+00
9.808000000000000000e+03 1.949774742126464844e+00
9.810000000000000000e+03 5.006706714630126953e-01
9.812000000000000000e+03 6.867094039916992188e-01
9.814000000000000000e+03 1.264365434646606445e+00
9.816000000000000000e+03 -2.327075958251953125e+00
9.818000000000000000e+03 -2.175575494766235352e+00
9.820000000000000000e+03 -2.868303060531616211e+00
9.822000000000000000e+03 -1.921827077865600586e+00
9.824000000000000000e+03 6.570746898651123047e-01
9.826000000000000000e+03 1.040580749511718750e+00
9.828000000000000000e+03 3.743334114551544189e-01
9.830000000000000000e+03 1.231827437877655029e-01
9.832000000000000000e+03 1.049887299537658691e+00
9.834000000000000000e+03 -1.549747347831726074e+00
9.836000000000000000e+03 2.185459613800048828e+00
9.838000000000000000e+03 -2.651633977890014648e+00
9.840000000000000000e+03 6.623122692108154297e-01
9.842000000000000000e+03 -3.128079652786254883e+00
9.844000000000000000e+03 1.841745138168334961e+00
9.846000000000000000e+03 -3.062620878219604492e+00
9.848000000000000000e+03 5.645691156387329102e-01
9.850000000000000000e+03 1.678486824035644531e+00
9.852000000000000000e+03 3.108271598815917969e+00
9.854000000000000000e+03 2.966920614242553711e+00
9.856000000000000000e+03 -2.475623369216918945e+00
9.858000000000000000e+03 1.679850697517395020e+00
9.860000000000000000e+03 1.642614603042602539e+00
9.862000000000000000e+03 3.695864379405975342e-01
9.864000000000000000e+03 4.682150483131408691e-01
9.866000000000000000e+03 1.858649402856826782e-01
9.868000000000000000e+03 -6.637796163558959961e-01
9.870000000000000000e+03 -1.354380965232849121e+00
9.872000000000000000e+03 -1.327440738677978516e+00
9.874000000000000000e+03 3.430218994617462158e-01
9.876000000000000000e+03 -2.417528033256530762e-01
9.878000000000000000e+03 -3.985222578048706055e-01
9.880000000000000000e+03 -5.452265739440917969e-01
9.882000000000000000e+03 -1.258754849433898926e+00
9.884000000000000000e+03 2.405107259750366211e+00
9.886000000000000000e+03 2.191813945770263672e+00
9.888000000000000000e+03 -6.922113895416259766e-01
9.890000000000000000e+03 -3.829848468303680420e-01
9.892000000000000000e+03 -7.954985499382019043e-01
9.894000000000000000e+03 -6.726706027984619141e-01
9.896000000000000000e+03 -3.279231488704681396e-01
9.898000000000000000e+03 1.021644711494445801e+00
9.900000000000000000e+03 -1.197808623313903809e+00
9.902000000000000000e+03 -1.142964243888854980e+00
9.904000000000000000e+03 -2.880989789962768555e+00
9.906000000000000000e+03 1.725793004035949707e+00
9.908000000000000000e+03 1.076336383819580078e+00
9.910000000000000000e+03 -6.316905617713928223e-01
9.912000000000000000e+03 6.673063635826110840e-01
9.914000000000000000e+03 -3.088662147521972656e+00
9.916000000000000000e+03 3.038781166076660156e+00
9.918000000000000000e+03 -2.868583679199218750e+00
9.920000000000000000e+03 2.274741530418395996e-01
9.922000000000000000e+03 -1.818608999252319336e+00
9.924000000000000000e+03 -2.623391628265380859e+00
9.926000000000000000e+03 -2.216496318578720093e-01
9.928000000000000000e+03 2.100550174713134766e+00
9.930000000000000000e+03 2.498090744018554688e+00
9.932000000000000000e+03 7.906338572502136230e-01
9.934000000000000000e+03 1.122298836708068848e+00
9.936000000000000000e+03 2.414329767227172852e+00
9.938000000000000000e+03 2.970065593719482422e+00
9.940000000000000000e+03 2.481963396072387695e+00
9.942000000000000000e+03 2.535209894180297852e+00
9.944000000000000000e+03 2.748832225799560547e+00
9.946000000000000000e+03 2.437355518341064453e+00
9.948000000000000000e+03 1.471829771995544434e+00
9.950000000000000000e+03 1.773117780685424805e+00
9.952000000000000000e+03 7.853981852531433105e-01
9.954000000000000000e+03 4.987203776836395264e-01
9.956000000000000000e+03 9.459102749824523926e-01
9.958000000000000000e+03 -5.097540467977523804e-02
9.960000000000000000e+03 2.236765623092651367e+00
9.962000000000000000e+03 -2.926776647567749023e+00
9.964000000000000000e+03 -2.158798933029174805e+00
9.966000000000000000e+03 4.543020129203796387e-01
9.968000000000000000e+03 5.022139549255371094e-01
9.970000000000000000e+03 -5.554939508438110352e-01
9.972000000000000000e+03 -9.357694983482360840e-01
9.974000000000000000e+03 -1.470219731330871582e+00
9.976000000000000000e+03 9.629940986633300781e-01
9.978000000000000000e+03 1.223734855651855469e+00
9.980000000000000000e+03 2.802299976348876953e+00
9.982000000000000000e+03 -2.070144653320312500e+00
9.984000000000000000e+03 -8.224185109138488770e-01
9.986000000000000000e+03 -1.093450665473937988e+00
9.988000000000000000e+03 -2.165271282196044922e+00
9.990000000000000000e+03 3.075511693954467773e+00
9.992000000000000000e+03 1.709892272949218750e+00
9.994000000000000000e+03 -4.636513590812683105e-01
9.996000000000000000e+03 8.261919021606445312e-01
9.998000000000000000e+03 1.451002240180969238e+00
1.000000000000000000e+04 9.342882633209228516e-01
